rang,Commune,Province,Region_std,n_cas,suggestion_meme_province,score_meme_province,suggestion_globale,score_globale,province_suggestion_globale,cumsum_pct,DECISION_HUMAINE
1,Afourer,Azilal,Béni Mellal-Khénifra,523,Tamda Noumercid,0.455,Afourar,0.857,Béni Mellal,8.121118012422361,
2,Bab zitouna,Taza,Fès-Meknès,158,Bab Marzouka,0.696,Bab Tiouka,0.762,Sidi Kacem,10.574534161490684,
3,Ait Attab,Azilal,Béni Mellal-Khénifra,157,Aït Abbas,0.667,Ait Taleb,0.778,Rehamna,13.012422360248447,
4,Babzitouna,Taza,Fès-Meknès,148,Bab Marzouka,0.636,Bab Tiouka,0.7,Sidi Kacem,15.31055900621118,
5,Ouaouizerth,Azilal,Béni Mellal-Khénifra,134,Ouaoula,0.556,Ouaouizaght,0.727,Béni Mellal,17.391304347826086,
6,kelaa,Tinghir,Drâa-Tafilalet,108,Kalaat M'Gouna,0.421,Melaab,0.727,Errachidia,19.06832298136646,
7,Iminoulaoun,Ouarzazate,Drâa-Tafilalet,107,Siroua,0.471,Imi N'Oulaoune,0.88,Azilal,20.729813664596275,
8,Tizgui,Azilal,Béni Mellal-Khénifra,99,Tisqi,0.545,Touizgui,0.857,Assa-Zag,22.267080745341616,
9,Sam,Chichaoua,Marrakech-Safi,96,Gmassa,0.444,Sgamna,0.667,Khouribga,23.757763975155278,
10,Bab Zitouna,Taza,Fès-Meknès,92,Bab Marzouka,0.696,Bab Tiouka,0.762,Sidi Kacem,25.18633540372671,
11,A.Aicha,Taounate,Fès-Meknès,86,Aïn Aïcha,0.75,Ayacha,0.769,Larache,26.52173913043478,
12,Khmiss Dades,Tinghir,Drâa-Tafilalet,85,Souk Lakhmis Dades,0.733,Souk Lakhmis Dades,0.733,Tinghir,27.841614906832298,
13,Bab tété,Taza,Fès-Meknès,79,Bni Lent,0.375,Bab Berred,0.667,Chefchaouen,29.06832298136646,
14,Kelaa,Tinghir,Drâa-Tafilalet,74,Kalaat M'Gouna,0.421,Melaab,0.727,Errachidia,30.217391304347824,
15,Ait attab,Azilal,Béni Mellal-Khénifra,65,Aït Abbas,0.667,Ait Taleb,0.778,Rehamna,31.226708074534162,
16,"S,Fadma",Al Haouz,Marrakech-Safi,56,Sti Fadma,0.75,Sti Fadma,0.75,Al Haouz,32.09627329192546,
17,Chafarni,Taroudant,Souss-Massa,54,Lakhnafif,0.471,Ifarni,0.714,Driouch,32.93478260869565,
18,Khmiss,Tinghir,Drâa-Tafilalet,52,Souk Lakhmis Dades,0.5,Khémisset,0.8,Khemisset,33.74223602484472,
19,Ain Dorrij,Ouezzane,Tanger-Tétouan-Al Hoceïma,52,Ain Dfali,0.632,Aïn Orma,0.667,Meknès,34.54968944099379,
20,A.Mediouna,Taounate,Fès-Meknès,51,Ain Mediouna,0.818,Médiouna,0.889,Nouaceur,35.3416149068323,
21,Hanchen,Essaouira,Marrakech-Safi,49,El Hanchane,0.667,Khnichet,0.667,Sidi Kacem,36.10248447204969,
22,Tanfarda,Azilal,Béni Mellal-Khénifra,48,Tanant,0.571,Tangarfa,0.625,Sidi Ifni,36.84782608695652,
23,Iminifri,Azilal,Béni Mellal-Khénifra,43,Tifni,0.462,Sidi Ifni,0.471,Sidi Ifni,37.515527950310556,
24,khmiss dades,Tinghir,Drâa-Tafilalet,41,Souk Lakhmis Dades,0.733,Souk Lakhmis Dades,0.733,Tinghir,38.15217391304348,
25,Lakhmis,Tinghir,Drâa-Tafilalet,39,Souk Lakhmis Dades,0.56,Lakhsas,0.714,Tiznit,38.75776397515528,
26,Ait Sedrat Jbel Oulya,Ouarzazate,Drâa-Tafilalet,35,Skoura Ahl El Oust,0.462,Ait Sedrate Jbel El Oulia,0.87,Tinghir,39.30124223602485,
27,ait hamd,Tinghir,Drâa-Tafilalet,34,Aït Hani,0.75,Ait Hadi,0.875,Chichaoua,39.82919254658385,
28,Takhsayte,Fquih Ben Salah,Béni Mellal-Khénifra,33,Tachraft,0.588,Takate,0.8,Essaouira,40.3416149068323,
29,Belksiri,Sidi Kacem,Rabat-Salé-Kénitra,33,Bir Taleb,0.353,Mechra Bel Ksiri,0.667,Sidi Slimane,40.85403726708075,
30,mcissi,Tinghir,Drâa-Tafilalet,32,M'Ssici,0.615,Tissint,0.615,Tata,41.350931677018636,
31,Ain Dorrij,Sidi Kacem,Rabat-Salé-Kénitra,31,Ain Jemaa,0.526,Aïn Orma,0.667,Meknès,41.83229813664596,
32,taguella,Azilal,Béni Mellal-Khénifra,30,Ait Taguella,0.8,Ait Taguella,0.8,Azilal,42.298136645962735,
33,Sarghine,Tinghir,Drâa-Tafilalet,29,Tinghir,0.4,Serghina,0.75,Boulemane,42.74844720496895,
34,Bouzemlan,Taza,Fès-Meknès,29,Bouyablane,0.632,Boulemane,0.778,Boulemane,43.19875776397515,
35,Lakhmis,Ouarzazate,Drâa-Tafilalet,29,Ait Oumdis,0.471,Lakhsas,0.714,Tiznit,43.649068322981364,
36,Lamzem,El Kelâa des Sraghna,Marrakech-Safi,28,Oulad Amer,0.5,Talzemt,0.615,Boulemane,44.08385093167702,
37,Kelaa Centre,Tinghir,Drâa-Tafilalet,28,Kalaat M'Gouna,0.462,Laaounate,0.381,Sidi Bennour,44.51863354037267,
38,Taguella,Azilal,Béni Mellal-Khénifra,28,Ait Taguella,0.8,Ait Taguella,0.8,Azilal,44.953416149068325,
39,A.Maatouf,Taounate,Fès-Meknès,27,Ain Maatouf,0.8,Ain Maatouf,0.8,Taounate,45.37267080745342,
40,Ait hamd,Tinghir,Drâa-Tafilalet,27,Aït Hani,0.75,Ait Hadi,0.875,Chichaoua,45.79192546583851,
41,Ouzoud,Azilal,Béni Mellal-Khénifra,26,Ouaoula,0.615,Ouzioua,0.769,Al Haouz,46.19565217391305,
42,ait idir,Tinghir,Drâa-Tafilalet,25,Aït Hani,0.625,Ait Said,0.75,Essaouira,46.58385093167702,
43,Bab Tete,Taza,Fès-Meknès,25,Bni Lent,0.375,Bab Berred,0.667,Chefchaouen,46.97204968944099,
44,Babtété,Taza,Fès-Meknès,24,Bouyablane,0.471,Abteh,0.667,Tan-Tan,47.34472049689441,
45,Ain Dorij,Ouezzane,Tanger-Tétouan-Al Hoceïma,24,Ain Dfali,0.667,Aïn Orma,0.706,Meknès,47.71739130434783,
46,Bourmane,Ouarzazate,Drâa-Tafilalet,23,Toundoute,0.471,Boulemane,0.824,Boulemane,48.07453416149068,
47,S.Y.B.Z,Taounate,Fès-Meknès,23,Sidi Yahya Bni Zeroual,0.276,Isly,0.364,Oujda-Angad,48.43167701863354,
48,S.A.B.B,Azilal,Béni Mellal-Khénifra,23,Aït Abbas,0.125,Sabbah,0.615,Skhirate-Témara,48.7888198757764,
49,Ait idir,Tinghir,Drâa-Tafilalet,23,Aït Hani,0.625,Ait Said,0.75,Essaouira,49.14596273291925,
50,ait tazarine,Tinghir,Drâa-Tafilalet,22,Aït Elfarsi,0.609,Tazarine,0.8,Taza,49.48757763975155,
51,,Essaouira,Marrakech-Safi,22,Zaouiat Ben Hmida,0.0,,0.0,,49.82919254658385,
52,Lbrouj,Settat,Casablanca-Settat,22,Lahouaza,0.429,El Borouj,0.8,Khouribga,50.17080745341615,
53,Hanchène,Essaouira,Marrakech-Safi,22,El Hanchane,0.737,El Hanchane,0.737,Essaouira,50.51242236024845,
54,lakhmiss,Tinghir,Drâa-Tafilalet,22,Souk Lakhmis Dades,0.615,Lakhsas,0.8,Tiznit,50.85403726708075,
55,Ghdira Hamra,Béni Mellal,Béni Mellal-Khénifra,22,Sidi Hammadi,0.583,Al Hamra,0.7,Chefchaouen,51.19565217391305,
56,S.H.M'ed,Taounate,Fès-Meknès,20,Ras El Oued,0.421,Sidi Abed,0.471,El Jadida,51.506211180124225,
57,Tamraght,Agadir-Ida Ou Tanane,Souss-Massa,20,Tadrart,0.667,Tamaguert,0.706,Marrakech,51.816770186335404,
58,Bouachiba,Azilal,Béni Mellal-Khénifra,20,Ouaoula,0.5,Boughriba,0.778,Berkane,52.12732919254658,
59,Kelaa,Ouarzazate,Drâa-Tafilalet,20,Afella N'Dra,0.471,Melaab,0.727,Errachidia,52.43788819875776,
60,Boutaghrar,Tinghir,Drâa-Tafilalet,19,Outerbat,0.444,Boughriba,0.737,Berkane,52.732919254658384,
61,Bouzemlane,Taza,Fès-Meknès,19,Bouyablane,0.7,Boulemane,0.842,Boulemane,53.02795031055901,
62,Tassouit,Tinghir,Drâa-Tafilalet,18,Assoul,0.714,Tassousfi,0.824,Tata,53.307453416149066,
63,Skour,Boulemane,Fès-Meknès,18,Missour,0.667,Meskoura,0.769,Khouribga,53.58695652173913,
64,"S,fadma",Al Haouz,Marrakech-Safi,18,Sti Fadma,0.75,Sti Fadma,0.75,Al Haouz,53.86645962732919,
65,Zegotta,Sidi Kacem,Rabat-Salé-Kénitra,18,Zaggota,0.714,Zaggota,0.714,Sidi Kacem,54.14596273291925,
66,Ait tazarine,Tinghir,Drâa-Tafilalet,17,Aït Elfarsi,0.609,Tazarine,0.8,Taza,54.409937888198755,
67,Bab mrouj,Taza,Fès-Meknès,17,Bab Marzouka,0.762,Bab Marzouka,0.762,Taza,54.67391304347826,
68,""" """,Taounate,Fès-Meknès,17,M'tioua,0.2,N'Kob,0.25,Tinghir,54.93788819875776,
69,Tassouite,Tinghir,Drâa-Tafilalet,17,Assoul,0.667,Tassousfi,0.778,Tata,55.201863354037265,
70,Chahid Baha,Sefrou,Fès-Meknès,17,Ahl Sidi Lahcen,0.538,Ait Baha,0.737,Chtouka-Aït Baha,55.46583850931677,
71,Taguela,Azilal,Béni Mellal-Khénifra,16,Ait Taguella,0.737,Ait Taguella,0.737,Azilal,55.714285714285715,
72,Hanchene,Essaouira,Marrakech-Safi,16,El Hanchane,0.737,El Hanchane,0.737,Essaouira,55.962732919254655,
73,Bni Kolla,Sidi Kacem,Rabat-Salé-Kénitra,15,Bir Taleb,0.444,Bni Quolla,0.842,Ouezzane,56.19565217391305,
74,Tislit,Azilal,Béni Mellal-Khénifra,15,Tisqi,0.727,Tiglit,0.833,Guelmim,56.42857142857143,
75,Khenichate,Sidi Kacem,Rabat-Salé-Kénitra,15,Khnichet,0.778,Khnichet,0.778,Sidi Kacem,56.661490683229815,
76,sarghine,Tinghir,Drâa-Tafilalet,15,Tinghir,0.4,Serghina,0.75,Boulemane,56.8944099378882,
77,chafarni,Taroudant,Souss-Massa,15,Lakhnafif,0.471,Ifarni,0.714,Driouch,57.12732919254658,
78,Bani Saden,Sefrou,Fès-Meknès,15,Aït Seghrouchen,0.48,Bni Said,0.778,Tétouan,57.36024844720497,
79,Fariata,Béni Mellal,Béni Mellal-Khénifra,14,Had Bradia,0.471,Fraita,0.769,El Kelâa des Sraghna,57.577639751552795,
80,"S,A,B,B",Azilal,Béni Mellal-Khénifra,14,Aït Abbas,0.125,Sabbah,0.615,Skhirate-Témara,57.79503105590062,
81,Foum Anser,Béni Mellal,Béni Mellal-Khénifra,13,Foum El Anceur,0.75,Foum El Anceur,0.75,Béni Mellal,57.99689440993789,
82,Timolilte,Azilal,Béni Mellal-Khénifra,13,Imlil,0.714,Timoulilt,0.889,Béni Mellal,58.19875776397515,
83,Bouzamlane,Taza,Fès-Meknès,13,Bouyablane,0.8,Bouyablane,0.8,Taza,58.400621118012424,
84,My Brahim,Al Haouz,Marrakech-Safi,13,Moulay Brahim,0.818,Moulay Brahim,0.818,Al Haouz,58.60248447204969,
85,Mzem,El Kelâa des Sraghna,Marrakech-Safi,13,Zemrane,0.545,Zemrane,0.545,El Kelâa des Sraghna,58.80434782608695,
86,Beni Sadden,Sefrou,Fès-Meknès,13,Aït Seghrouchen,0.154,Bni Said,0.737,Tétouan,59.006211180124225,
87,Iaazazen,Nador,Oriental,12,Iaazzanene,0.778,Iaazzanene,0.778,Nador,59.192546583850934,
88,Aderj,Sefrou,Fès-Meknès,12,Ahermoumou,0.4,Adrej,0.8,Boulemane,59.37888198757764,
89,boutghrar,Tinghir,Drâa-Tafilalet,12,Outerbat,0.588,Boughriba,0.778,Berkane,59.56521739130435,
90,Tdili,Azilal,Béni Mellal-Khénifra,12,Tisqi,0.6,Tilmi,0.8,Tinghir,59.75155279503105,
91,kabdani,Driouch,Oriental,11,Dar El Kebdani,0.571,Tabant,0.615,Azilal,59.922360248447205,
92,Iminoulaouen,Ouarzazate,Drâa-Tafilalet,11,Toundoute,0.476,Imi N'Oulaoune,0.846,Azilal,60.09316770186335,
93,Kouacem,Fquih Ben Salah,Béni Mellal-Khénifra,11,Rouached,0.667,Kouzemt,0.714,Essaouira,60.2639751552795,
94,"A,Chefk",Al Haouz,Marrakech-Safi,11,Ahl Tifnoute,0.316,Tancherfi,0.625,Jerada,60.43478260869565,
95,My Bouchta,Taounate,Fès-Meknès,11,Bni Bouchibet,0.609,Moulay Bouchta,0.833,Moulay Yacoub,60.6055900621118,
96,Lkhmiss Dades,Tinghir,Drâa-Tafilalet,11,Souk Lakhmis Dades,0.774,Souk Lakhmis Dades,0.774,Tinghir,60.77639751552795,
97,Tirest,Azilal,Béni Mellal-Khénifra,11,Tisqi,0.545,Tiflet,0.667,Khemisset,60.9472049689441,
98,Ighilamgone,Tinghir,Drâa-Tafilalet,11,Kalaat M'Gouna,0.48,Ighil N'Oumgoun,0.692,Azilal,61.11801242236025,
99,Yasmine,Sidi Kacem,Rabat-Salé-Kénitra,11,Ain Jemaa,0.5,Lahsinate,0.625,Essaouira,61.2888198757764,
100,bab zitouna,Taza,Fès-Meknès,11,Bab Marzouka,0.696,Bab Tiouka,0.762,Sidi Kacem,61.45962732919255,
101,Boujediane,Larache,Tanger-Tétouan-Al Hoceïma,10,Souaken,0.471,Bou Jedyane,0.857,Ouezzane,61.61490683229814,
102,lekhmiss,Tinghir,Drâa-Tafilalet,10,Souk Lakhmis Dades,0.538,Khémisset,0.706,Khemisset,61.77018633540373,
103,Bani saden,Sefrou,Fès-Meknès,10,Aït Seghrouchen,0.48,Bni Said,0.778,Tétouan,61.92546583850932,
104,Khmiss dades,Tinghir,Drâa-Tafilalet,10,Souk Lakhmis Dades,0.733,Souk Lakhmis Dades,0.733,Tinghir,62.08074534161491,
105,Ourbiaa,Béni Mellal,Béni Mellal-Khénifra,10,Afourar,0.571,Ourika,0.769,Al Haouz,62.2360248447205,
106,Bab Mrouj,Taza,Fès-Meknès,10,Bab Marzouka,0.762,Bab Marzouka,0.762,Taza,62.391304347826086,
107,Tibihit,Béni Mellal,Béni Mellal-Khénifra,10,Taghzirt,0.4,Tighirt,0.714,Tiznit,62.546583850931675,
108,Neknafa,Essaouira,Marrakech-Safi,10,Meskala,0.571,Tekna,0.667,Sidi Kacem,62.701863354037265,
109,"A,Mediona",Taounate,Fès-Meknès,10,Ain Mediouna,0.762,Médiouna,0.824,Nouaceur,62.857142857142854,
110,Bouzmlne,Taza,Fès-Meknès,9,Bouyablane,0.667,Boulemane,0.706,Boulemane,62.99689440993789,
111,Kansara,Moulay Yacoub,Fès-Meknès,9,Laajajra,0.533,Mkansa,0.769,Sidi Kacem,63.13664596273292,
112,Lakhemis,Tinghir,Drâa-Tafilalet,9,Souk Lakhmis Dades,0.538,Khémisset,0.706,Khemisset,63.27639751552795,
113,Amsa,Tétouan,Tanger-Tétouan-Al Hoceïma,9,Azla,0.5,Assa,0.75,Assa-Zag,63.41614906832298,
114,hanchene,Essaouira,Marrakech-Safi,9,El Hanchane,0.737,El Hanchane,0.737,Essaouira,63.55590062111801,
115,Ain Doreij,Ouezzane,Tanger-Tétouan-Al Hoceïma,9,Ain Dfali,0.632,Aïn Orma,0.667,Meknès,63.69565217391305,
116,Tisi ousli,Taza,Fès-Meknès,9,Oued Amlil,0.4,Tizi Ouzli,0.8,Driouch,63.83540372670807,
117,Ait guirte,Azilal,Béni Mellal-Khénifra,9,Ait Taguella,0.636,Ait Ourir,0.737,Marrakech,63.975155279503106,
118,Mesker,Sidi Kacem,Rabat-Salé-Kénitra,9,Sidi Kacem,0.125,Meskoura,0.714,Khouribga,64.11490683229813,
119,afourer,Azilal,Béni Mellal-Khénifra,9,Tamda Noumercid,0.455,Afourar,0.857,Béni Mellal,64.25465838509317,
120,"B,Oulid",Taounate,Fès-Meknès,9,Bni Oulid,0.75,Bni Oulid,0.75,Taounate,64.3944099378882,
121,tassouite,Tinghir,Drâa-Tafilalet,9,Assoul,0.667,Tassousfi,0.778,Tata,64.53416149068323,
122,Daour Jdid,Fquih Ben Salah,Béni Mellal-Khénifra,8,Dar Oulad Zidouh,0.538,Oued Jdida,0.7,Meknès,64.6583850931677,
123,El Kelaa,El Kelâa des Sraghna,Marrakech-Safi,8,El Aamria,0.588,Hel Merbaa,0.667,Fquih Ben Salah,64.78260869565217,
124,"Od, Naceur",Fquih Ben Salah,Béni Mellal-Khénifra,8,Oulad Nacer,0.762,Oulad Nacer,0.762,Fquih Ben Salah,64.90683229813665,
125,Ouad Elbour,Chichaoua,Marrakech-Safi,8,Oued L'Bour,0.818,Oued L'Bour,0.818,Chichaoua,65.03105590062111,
126,S K,Sidi Kacem,Rabat-Salé-Kénitra,8,Sidi Kacem,0.462,Saka,0.571,Guercif,65.15527950310559,
127,Beni hassen,Azilal,Béni Mellal-Khénifra,8,Bni Hassane,0.818,Bni Hassane,0.818,Azilal,65.27950310559007,
128,Afouear,Azilal,Béni Mellal-Khénifra,8,Taounza,0.571,Afourar,0.857,Béni Mellal,65.40372670807453,
129,khmiss,Tinghir,Drâa-Tafilalet,8,Souk Lakhmis Dades,0.5,Khémisset,0.8,Khemisset,65.527950310559,
130,Tizqui,Azilal,Béni Mellal-Khénifra,8,Tisqi,0.727,Tisqi,0.727,Azilal,65.65217391304348,
131,Assg,Tinghir,Drâa-Tafilalet,8,Assoul,0.6,Assa,0.75,Assa-Zag,65.77639751552795,
132,Taouloklot,Chichaoua,Marrakech-Safi,8,Taouloukoult,0.818,Taouloukoult,0.818,Chichaoua,65.90062111801242,
133,Ait Idir,Tinghir,Drâa-Tafilalet,8,Aït Hani,0.625,Ait Said,0.75,Essaouira,66.0248447204969,
134,Sahraoua,Sidi Kacem,Rabat-Salé-Kénitra,8,Bab Tiouka,0.444,Maghraoua,0.824,Taza,66.14906832298136,
135,Zaouia,Sidi Kacem,Rabat-Salé-Kénitra,8,Zaggota,0.615,Mzoudia,0.769,Chichaoua,66.27329192546584,
136,,Al Haouz,Marrakech-Safi,7,Zerkten,0.0,,0.0,,66.38198757763975,
137,tabrkhachte,Tinghir,Drâa-Tafilalet,7,Souk Lakhmis Dades,0.345,Tamchachate,0.727,El Hajeb,66.49068322981367,
138,Lakhmiss Dadès,Ouarzazate,Drâa-Tafilalet,7,Ghassate,0.455,Souk Lakhmis Dades,0.812,Tinghir,66.59937888198758,
139,Chtioui,Fquih Ben Salah,Béni Mellal-Khénifra,7,Bni Oukil,0.5,Tiouli,0.769,Jerada,66.7080745341615,
140,lbrouj,Settat,Casablanca-Settat,7,Lahouaza,0.429,El Borouj,0.8,Khouribga,66.8167701863354,
141,Beni sadden,Sefrou,Fès-Meknès,7,Aït Seghrouchen,0.154,Bni Said,0.737,Tétouan,66.92546583850931,
142,ait yassine,Tinghir,Drâa-Tafilalet,7,Ait Ouassif,0.727,Ait Yadine,0.857,Khemisset,67.03416149068323,
143,"Q,militaire",Taza,Fès-Meknès,7,Msila,0.5,Mzilate,0.556,Chichaoua,67.14285714285714,
144,Sebbab,Taza,Fès-Meknès,7,Smià,0.4,Assebbab,0.857,Guercif,67.25155279503106,
145,imzilne,Tinghir,Drâa-Tafilalet,7,Imider,0.615,Idmine,0.769,Agadir-Ida Ou Tanane,67.36024844720497,
146,hanchan,Essaouira,Marrakech-Safi,7,El Hanchane,0.778,El Hanchane,0.778,Essaouira,67.46894409937889,
147,Bab Wandar,Taounate,Fès-Meknès,7,Jbabra,0.5,Bab Taza,0.667,Chefchaouen,67.5776397515528,
148,Tikiouine,Agadir-Ida Ou Tanane,Souss-Massa,7,Imsouane,0.588,Tizounine,0.778,Tata,67.6863354037267,
149,Hsseya,Tinghir,Drâa-Tafilalet,7,Toudgha Essoufla,0.364,H'Ssyia,0.769,Zagora,67.79503105590062,
150,Dar kebdani,Nador,Oriental,7,Arekmane,0.526,Dar El Kebdani,0.88,Driouch,67.90372670807453,
151,Menara,Al Haouz,Marrakech-Safi,7,Amghras,0.462,Mnasra,0.833,Kénitra,68.01242236024845,
152,Ighilnoumgoune,Tinghir,Drâa-Tafilalet,7,Ikniouen,0.455,Ighil N'Oumgoun,0.897,Azilal,68.12111801242236,
153,S Y B Z,Taounate,Fès-Meknès,7,Sidi Yahya Bni Zeroual,0.483,Sidi Yahya Bni Zeroual,0.483,Taounate,68.22981366459628,
154,Somaa,Béni Mellal,Béni Mellal-Khénifra,7,Oulad Gnaou,0.375,Smara,0.8,Es-Semara,68.33850931677019,
155,A S Jbel sofla,Tinghir,Drâa-Tafilalet,6,Ait Sedrate Jbel El Soufla,0.7,Ait Sedrate Jbel El Soufla,0.7,Tinghir,68.43167701863354,
156,amajaw,Driouch,Oriental,6,Amejjaou,0.571,Majjat,0.667,Chichaoua,68.5248447204969,
157,"A,chefk",Al Haouz,Marrakech-Safi,6,Ahl Tifnoute,0.316,Tancherfi,0.625,Jerada,68.61801242236025,
158,"s,redouane",Ouezzane,Tanger-Tétouan-Al Hoceïma,6,Sidi Redouane,0.783,Sidi Redouane,0.783,Ouezzane,68.7111801242236,
159,"Bouzemlane,c",Taza,Fès-Meknès,6,Bouyablane,0.636,Boulemane,0.762,Boulemane,68.80434782608695,
160,Tizentest,Taroudant,Souss-Massa,6,Tizi N'Test,0.8,Tizi N'Test,0.8,Taroudant,68.8975155279503,
161,Ghar Nhal,Béni Mellal,Béni Mellal-Khénifra,6,Had Bradia,0.421,Hjar Ennhal,0.8,Tanger-Assilah,68.99068322981367,
162,Ait Idir,Ouarzazate,Drâa-Tafilalet,6,Ait Oumdis,0.667,Ait Said,0.75,Essaouira,69.08385093167702,
163,Ghorm El Alem,Béni Mellal,Béni Mellal-Khénifra,6,Foum El Anceur,0.593,Laghoualem,0.609,Benslimane,69.17701863354037,
164,B.bouayach,Al Hoceïma,Tanger-Tétouan-Al Hoceïma,6,Bni Bouayach,0.818,Bni Bouayach,0.818,Al Hoceïma,69.27018633540372,
165,B.Mellal,Béni Mellal,Béni Mellal-Khénifra,6,Beni Mellal,0.737,Beni Mellal,0.737,Béni Mellal,69.36335403726709,
166,"S,Redoune",Ouezzane,Tanger-Tétouan-Al Hoceïma,6,Sidi Redouane,0.727,Sidi Redouane,0.727,Ouezzane,69.45652173913044,
167,Ajdir,Taza,Fès-Meknès,6,Bab Boudir,0.533,Ajdir 2,0.833,Al Hoceïma,69.54968944099379,
168,Al wahda,Taza,Fès-Meknès,6,Outat El Haj,0.4,Lahdar,0.714,Youssoufia,69.64285714285714,
169,Ras Alma,Moulay Yacoub,Fès-Meknès,6,Moulay Abdelkrim,0.417,Ras El Ma,0.824,Berkane,69.7360248447205,
170,B.Bouayach,Al Hoceïma,Tanger-Tétouan-Al Hoceïma,6,Bni Bouayach,0.818,Bni Bouayach,0.818,Al Hoceïma,69.82919254658385,
171,Sk,Sidi Kacem,Rabat-Salé-Kénitra,6,Sidi Kacem,0.333,Saka,0.667,Guercif,69.9223602484472,
172,O Akalay,Agadir-Ida Ou Tanane,Souss-Massa,6,Adaghas,0.4,Saadla,0.571,Safi,70.01552795031056,
173,Municipalité,Tétouan,Tanger-Tétouan-Al Hoceïma,6,Mallalienne,0.435,Mzilate,0.526,Chichaoua,70.1086956521739,
174,Bin jradi,Taza,Fès-Meknès,6,Bab Boudir,0.421,Bir Jdid,0.706,Nouaceur,70.20186335403727,
175,M.B.Mellal,Béni Mellal,Béni Mellal-Khénifra,6,Beni Mellal,0.667,Beni Mellal,0.667,Béni Mellal,70.29503105590062,
176,Boutaghrar,Fquih Ben Salah,Béni Mellal-Khénifra,6,Tachraft,0.556,Boughriba,0.737,Berkane,70.38819875776397,
177,Bouazayer,Azilal,Béni Mellal-Khénifra,6,Taounza,0.5,Ouazzane,0.706,Ouezzane,70.48136645962732,
178,slilou,Tinghir,Drâa-Tafilalet,6,Assoul,0.5,Smimou,0.667,Essaouira,70.57453416149069,
179,,Azilal,Béni Mellal-Khénifra,6,Zaouiat Ahansal,0.0,,0.0,,70.66770186335404,
180,"A,Maatouf",Taounate,Fès-Meknès,5,Ain Maatouf,0.8,Ain Maatouf,0.8,Taounate,70.74534161490683,
181,tighrmatine,Tinghir,Drâa-Tafilalet,5,Tilmi,0.5,Ighzrane,0.737,Taza,70.82298136645963,
182,Menara,Chichaoua,Marrakech-Safi,5,Majjat,0.5,Mnasra,0.833,Kénitra,70.90062111801242,
183,B.E.O,Azilal,Béni Mellal-Khénifra,5,Bin El Ouidane,0.316,Bzou,0.444,El Kelâa des Sraghna,70.97826086956522,
184,Kelaa,El Kelâa des Sraghna,Marrakech-Safi,5,El Aamria,0.571,Melaab,0.727,Errachidia,71.05590062111801,
185,Kabdani,Driouch,Oriental,5,Dar El Kebdani,0.571,Tabant,0.615,Azilal,71.13354037267081,
186,Oulad Harti,Larache,Tanger-Tétouan-Al Hoceïma,5,Oulad Ouchih,0.696,Oulad Chrif,0.818,Taza,71.2111801242236,
187,Bibane,Taounate,Fès-Meknès,5,El Bibane,0.8,El Bibane,0.8,Taounate,71.2888198757764,
188,Beni Garfat,Larache,Tanger-Tétouan-Al Hoceïma,5,Bni Garfett,0.818,Bni Garfett,0.818,Larache,71.36645962732919,
189,Ait Atab,Azilal,Béni Mellal-Khénifra,5,Aït Abbas,0.706,Ait Taleb,0.824,Rehamna,71.44409937888199,
190,Farkhana,Nador,Oriental,5,Arekmane,0.625,Argana,0.714,Taroudant,71.52173913043478,
191,Dhar,Essaouira,Marrakech-Safi,5,Had Dra,0.545,Adar,0.75,Tata,71.59937888198758,
192,ait brahim,Tinghir,Drâa-Tafilalet,5,Aït Hani,0.667,Ait Baha,0.778,Chtouka-Aït Baha,71.67701863354037,
193,kansara,Moulay Yacoub,Fès-Meknès,5,Laajajra,0.533,Mkansa,0.769,Sidi Kacem,71.75465838509317,
194,c boumalne,Tinghir,Drâa-Tafilalet,5,Boumalne Dadès,0.667,Boulemane,0.737,Boulemane,71.83229813664596,
195,sekoura,Sefrou,Fès-Meknès,5,Sefrou,0.615,Meskoura,0.8,Khouribga,71.90993788819875,
196,A.Y.Ouali,Al Hoceïma,Tanger-Tétouan-Al Hoceïma,5,Rouadi,0.533,Oualili,0.625,Meknès,71.98757763975155,
197,lakhmis,Tinghir,Drâa-Tafilalet,5,Souk Lakhmis Dades,0.56,Lakhsas,0.714,Tiznit,72.06521739130434,
198,Taghgigt,Guelmim,Guelmim-Oued Noun,5,Tiglit,0.571,Taghzirt,0.75,Béni Mellal,72.14285714285714,
199,Taouima,Nador,Oriental,5,Al Aroui,0.533,Touama,0.769,Marrakech,72.22049689440993,
200,Ait Tazarin,Tinghir,Drâa-Tafilalet,5,Aït Elfarsi,0.636,Tazarine,0.737,Taza,72.29813664596273,
201,H K,Sidi Kacem,Rabat-Salé-Kénitra,5,Sidi Kacem,0.308,N'Kob,0.5,Tinghir,72.37577639751552,
202,Al ouhda,Taza,Fès-Meknès,5,El Gouzate,0.556,Al Oued,0.8,Chefchaouen,72.45341614906832,
203,Al quods,Taza,Fès-Meknès,5,Bab Boudir,0.444,Al Oued,0.667,Chefchaouen,72.53105590062111,
204,Rhouazi,Taounate,Fès-Meknès,5,Rghioua,0.714,Ghouazi,0.857,Moulay Yacoub,72.6086956521739,
205,Bssabssa,Taounate,Fès-Meknès,5,Messassa,0.75,Messassa,0.75,Taounate,72.6863354037267,
206,Bouzmlane,Taza,Fès-Meknès,5,Bouyablane,0.737,Boulemane,0.778,Boulemane,72.7639751552795,
207,A.Medouna,Taounate,Fès-Meknès,5,Ain Mediouna,0.762,Médiouna,0.824,Nouaceur,72.8416149068323,
208,A.Taourirt,Al Hoceïma,Tanger-Tétouan-Al Hoceïma,5,Arbaa Taourirt,0.75,Taourirt,0.889,Taourirt,72.9192546583851,
209,Bkakcha,Settat,Casablanca-Settat,4,Dar Chaffai,0.444,Brikcha,0.714,Ouezzane,72.98136645962732,
210,Binlwidane,Azilal,Béni Mellal-Khénifra,4,Bin El Ouidane,0.75,Bin El Ouidane,0.75,Azilal,73.04347826086956,
211,M.I.B.D,Azilal,Béni Mellal-Khénifra,4,Moulay Aissa Ben Driss,0.276,Mibladen,0.533,Midelt,73.1055900621118,
212,Lahmadna,El Kelâa des Sraghna,Marrakech-Safi,4,Hiadna,0.714,Lahsasna,0.75,Berrechid,73.16770186335404,
213,Beni Aros,Larache,Tanger-Tétouan-Al Hoceïma,4,Bni Garfett,0.6,Bni Arouss,0.842,Tétouan,73.22981366459628,
214,15 Eme Gare,Taza,Fès-Meknès,4,El Gouzate,0.476,Oulad El Garne,0.56,El Kelâa des Sraghna,73.2919254658385,
215,"A,Mediouna",Taounate,Fès-Meknès,4,Ain Mediouna,0.818,Médiouna,0.889,Nouaceur,73.35403726708074,
216,"A,Aicha",Taounate,Fès-Meknès,4,Aïn Aïcha,0.75,Ayacha,0.769,Larache,73.41614906832298,
217,tazitount,Chichaoua,Marrakech-Safi,4,Ain Tazitounte,0.783,Ain Tazitounte,0.783,Chichaoua,73.47826086956522,
218,tabrkhcht,Tinghir,Drâa-Tafilalet,4,Outerbat,0.353,Tabaroucht,0.737,Béni Mellal,73.54037267080746,
219,tabrkhacht,Tinghir,Drâa-Tafilalet,4,Outerbat,0.333,Tabaroucht,0.7,Béni Mellal,73.6024844720497,
220,Bourached,Taza,Fès-Meknès,4,Bouchfaa,0.588,Rouached,0.824,Fquih Ben Salah,73.66459627329192,
221,Jyarine,Taza,Fès-Meknès,4,Barkine,0.714,Barkine,0.714,Taza,73.72670807453416,
222,Kolla,Larache,Tanger-Tétouan-Al Hoceïma,4,Souk Tolba,0.533,Kechoula,0.615,Chichaoua,73.7888198757764,
223,Ouled Abdellah,Fquih Ben Salah,Béni Mellal-Khénifra,4,Oulad Fares El Halla,0.588,Oulad Salah,0.72,Nouaceur,73.85093167701864,
224,Boumlne,Ouarzazate,Drâa-Tafilalet,4,Toundoute,0.5,Boulemane,0.75,Boulemane,73.91304347826087,
225,Hajra,Béni Mellal,Béni Mellal-Khénifra,4,Had Bradia,0.533,Anjra,0.8,Fahs-Anjra,73.9751552795031,
226,B.S.jbel,Nador,Oriental,4,Bni Sidel Jbel,0.545,Jbiel,0.615,El Kelâa des Sraghna,74.03726708074534,
227,Hcia,Tinghir,Drâa-Tafilalet,4,M'Ssici,0.364,Zghira,0.6,Ouezzane,74.09937888198758,
228,Iwariden,Azilal,Béni Mellal-Khénifra,4,Aït Majden,0.556,Mibladen,0.625,Midelt,74.16149068322981,
229,Ras lma,Moulay Yacoub,Fès-Meknès,4,Sidi El Abed,0.105,Ras El Ma,0.875,Berkane,74.22360248447205,
230,Passage,Chichaoua,Marrakech-Safi,4,Gmassa,0.615,Assa,0.727,Assa-Zag,74.28571428571429,
231,Ouled Mbarek,Fquih Ben Salah,Béni Mellal-Khénifra,4,Oulad Zmam,0.636,Oulad M'Barek,0.88,Béni Mellal,74.34782608695652,
232,Sarghin,Tinghir,Drâa-Tafilalet,4,Tinghir,0.429,Serghina,0.8,Boulemane,74.40993788819875,
233,Alouahda,Taza,Fès-Meknès,4,Oulad Zbair,0.526,Lounasda,0.75,El Kelâa des Sraghna,74.472049689441,
234,Alqods,Agadir-Ida Ou Tanane,Souss-Massa,4,Aqesri,0.5,Al Oued,0.615,Chefchaouen,74.53416149068323,
235,Rk,Guercif,Oriental,4,Saka,0.333,Zarkat,0.5,Taounate,74.59627329192547,
236,Ighilamgoune,Tinghir,Drâa-Tafilalet,4,Kalaat M'Gouna,0.538,Ighil N'Oumgoun,0.741,Azilal,74.6583850931677,
237,Ait Hamou Ousaid,Tinghir,Drâa-Tafilalet,4,Ait Ouassif,0.593,Ait Haddou Youssef,0.706,Taroudant,74.72049689440993,
238,ait abdoune,Tinghir,Drâa-Tafilalet,4,Ait Youl,0.632,Ait Yadine,0.762,Khemisset,74.78260869565217,
239,Tichibite,Azilal,Béni Mellal-Khénifra,4,Tisqi,0.429,Chaibate,0.706,El Jadida,74.84472049689441,
240,Tigoudar,Essaouira,Marrakech-Safi,4,Lagdadra,0.5,Tigouga,0.8,Taroudant,74.90683229813665,
241,Skoura,Taounate,Fès-Meknès,4,Ourtzagh,0.571,Meskoura,0.857,Khouribga,74.96894409937889,
242,Skhinate,Fès,Fès-Meknès,4,Sidi Hrazem,0.421,Skhirate,0.875,Skhirate-Témara,75.03105590062111,
243,Ait brahim,Tinghir,Drâa-Tafilalet,4,Aït Hani,0.667,Ait Baha,0.778,Chtouka-Aït Baha,75.09316770186335,
244,Syba,Al Haouz,Marrakech-Safi,4,Sidi Badhaj,0.4,Sbouya,0.6,Sidi Ifni,75.15527950310559,
245,Guéliz,Tinghir,Drâa-Tafilalet,4,Ouaklim,0.462,Guelmim,0.769,Guelmim,75.21739130434783,
246,Ghorm El Alam,Béni Mellal,Béni Mellal-Khénifra,4,Foum El Anceur,0.519,Sour El Aaz,0.667,El Kelâa des Sraghna,75.27950310559007,
247,Ait h said,Tinghir,Drâa-Tafilalet,4,Aït Hani,0.778,Ait Said,0.889,Essaouira,75.3416149068323,
248,Takerkoust,Al Haouz,Marrakech-Safi,4,Lalla Takarkoust,0.692,Tamegroute,0.7,Zagora,75.40372670807453,
249,"S,Redouane",Ouezzane,Tanger-Tétouan-Al Hoceïma,4,Sidi Redouane,0.783,Sidi Redouane,0.783,Ouezzane,75.46583850931677,
250,bab tété,Taza,Fès-Meknès,4,Bni Lent,0.375,Bab Berred,0.667,Chefchaouen,75.527950310559,
251,bab tete,Taza,Fès-Meknès,4,Bni Lent,0.375,Bab Berred,0.667,Chefchaouen,75.59006211180125,
252,Ait Hamd,Tinghir,Drâa-Tafilalet,4,Aït Hani,0.75,Ait Hadi,0.875,Chichaoua,75.65217391304348,
253,ighilnoumgoune,Tinghir,Drâa-Tafilalet,4,Ikniouen,0.455,Ighil N'Oumgoun,0.897,Azilal,75.71428571428571,
254,Agoudid,Azilal,Béni Mellal-Khénifra,4,Agoudi N'Lkhair,0.545,Agoudim,0.857,Midelt,75.77639751552795,
255,ait h ousaid,Tinghir,Drâa-Tafilalet,4,Aït Hani,0.7,Ait Said,0.8,Essaouira,75.83850931677019,
256,AS jberl,Tinghir,Drâa-Tafilalet,4,Assoul,0.429,Sidi Jaber,0.667,Béni Mellal,75.90062111801242,
257,Z . Cheikh,Béni Mellal,Béni Mellal-Khénifra,4,Oulad M'Barek,0.348,Zaouiat Cheikh,0.667,Khénifra,75.96273291925466,
258,boukerra,Ouezzane,Tanger-Tétouan-Al Hoceïma,4,Bou Jedyane,0.526,Boukraa,0.8,Laâyoune,76.0248447204969,
259,laamarcha,Settat,Casablanca-Settat,4,Dar Chaffai,0.5,Laamamra,0.824,Chichaoua,76.08695652173913,
260,Babmrouj,Taza,Fès-Meknès,4,Bab Marzouka,0.7,Bab Marzouka,0.7,Taza,76.14906832298136,
261,Boutghrah,Tinghir,Drâa-Tafilalet,4,Outerbat,0.588,Boughriba,0.778,Berkane,76.2111801242236,
262,,Sidi Slimane,Rabat-Salé-Kénitra,4,Souk Tlet El Gharb,0.0,,0.0,,76.27329192546584,
263,,Tanger-Assilah,Tanger-Tétouan-Al Hoceïma,4,Tanger,0.0,,0.0,,76.33540372670808,
264,,Ouezzane,Tanger-Tétouan-Al Hoceïma,4,Zoumi,0.0,,0.0,,76.3975155279503,
265,***,Al Haouz,Marrakech-Safi,4,Zerkten,0.0,Zrizer,0.0,Taounate,76.45962732919254,
266,,Chichaoua,Marrakech-Safi,4,Zaouia Annahlia,0.0,,0.0,,76.52173913043478,
267,A S S gharbia,Tinghir,Drâa-Tafilalet,4,Ait Sedrate Sahl El Gharbia,0.65,Had Al Gharbia,0.741,Tanger-Assilah,76.58385093167702,
268,,Taza,Fès-Meknès,4,Zrarda,0.0,,0.0,,76.64596273291926,
269,A h said,Tinghir,Drâa-Tafilalet,3,Ferkla Es-Soufla,0.417,Ait Said,0.75,Essaouira,76.69254658385093,
270,wardana,Driouch,Oriental,3,Ourdana,0.714,Argana,0.769,Taroudant,76.73913043478261,
271,zte sidi kacem,Tétouan,Tanger-Tétouan-Al Hoceïma,3,Zaouiat Sidi Kacem,0.812,Sidi Kacem,0.833,Sidi Kacem,76.78571428571429,
272,B.Abdellah,Al Hoceïma,Tanger-Tétouan-Al Hoceïma,3,Bni Abdellah,0.818,Bni Abdellah,0.818,Al Hoceïma,76.83229813664596,
273,Jamila,Fquih Ben Salah,Béni Mellal-Khénifra,3,Bejaad,0.5,Msila,0.727,Taza,76.87888198757764,
274,Jiyarine,Taza,Fès-Meknès,3,Barkine,0.667,Bni Yagrine,0.737,Settat,76.92546583850931,
275,"M,Bouchta",Taounate,Fès-Meknès,3,Bouhouda,0.588,Bouchfaa,0.706,Taza,76.972049689441,
276,Ihchach,Agadir-Ida Ou Tanane,Souss-Massa,3,Ait Aissi Ihahane,0.333,Tichla,0.615,Aousserd,77.01863354037268,
277,Lalla Aicha,Sidi Kacem,Rabat-Salé-Kénitra,3,Bab Tiouka,0.19,Laagagcha,0.7,Sidi Bennour,77.06521739130434,
278,ighrmloulne,Tinghir,Drâa-Tafilalet,3,Aghbalou N'Kerdous,0.483,Tighedouine,0.636,Al Haouz,77.11180124223603,
279,tansgharte,Tinghir,Drâa-Tafilalet,3,Tinghir,0.588,Tamanarte,0.737,Assa-Zag,77.1583850931677,
280,"A,chefkaoui",Al Haouz,Marrakech-Safi,3,Askaouen,0.526,Dar Chaoui,0.667,Tanger-Assilah,77.20496894409938,
281,Bit goulem,Taza,Fès-Meknès,3,Bni Lent,0.556,Sebt Gzoula,0.667,Safi,77.25155279503106,
282,Mansoura,Chefchaouen,Tanger-Tétouan-Al Hoceïma,3,Bni Mansour,0.737,Mançoura,0.875,Taounate,77.29813664596273,
283,B.chiker,Nador,Oriental,3,Beni Chiker,0.737,Beni Chiker,0.737,Nador,77.34472049689441,
284,B.ensar,Nador,Oriental,3,Beni Ansar,0.706,Beni Ansar,0.706,Nador,77.3913043478261,
285,Hay mohamadi,Agadir-Ida Ou Tanane,Souss-Massa,3,Agadir,0.444,Mohammédia,0.636,Mohammedia,77.43788819875776,
286,Hdr,Guercif,Oriental,3,Debdou,0.222,Lahdar,0.667,Youssoufia,77.48447204968944,
287,Municipalité,Nador,Oriental,3,Beni Chiker,0.435,Mzilate,0.526,Chichaoua,77.53105590062111,
288,MunicipalitéBM,Béni Mellal,Béni Mellal-Khénifra,3,Tilougguite,0.32,Bni Tadjite,0.48,Errachidia,77.5776397515528,
289,Menara,Tinghir,Drâa-Tafilalet,3,Imider,0.5,Mnasra,0.833,Kénitra,77.62422360248448,
290,Mesmoda,Ouezzane,Tanger-Tétouan-Al Hoceïma,3,Masmouda,0.8,Masmouda,0.8,Ouezzane,77.67080745341615,
291,boumalne k,Tinghir,Drâa-Tafilalet,3,Boumalne Dadès,0.75,Boumalne Dadès,0.75,Tinghir,77.71739130434783,
292,Bouargane,Agadir-Ida Ou Tanane,Souss-Massa,3,Imsouane,0.588,Ouirgane,0.824,Al Haouz,77.7639751552795,
293,Bouazier,Azilal,Béni Mellal-Khénifra,3,Bin El Ouidane,0.455,Bouarg,0.714,Nador,77.81055900621118,
294,Hay Mohamadi,Agadir-Ida Ou Tanane,Souss-Massa,3,Agadir,0.444,Mohammédia,0.636,Mohammedia,77.85714285714286,
295,Mbarek El bakay,Sefrou,Fès-Meknès,3,Dar El Hamra,0.593,Dar El Hamra,0.593,Sefrou,77.90372670807453,
296,Medina,Al Haouz,Marrakech-Safi,3,Oukaimeden,0.5,Médiouna,0.857,Nouaceur,77.95031055900621,
297,Haouafate,Sidi Kacem,Rabat-Salé-Kénitra,3,Chbanate,0.588,Al Haouafate,0.857,Sidi Slimane,77.9968944099379,
298,My Idriss,Meknès,Fès-Meknès,3,Moulay Idriss Zarhoun,0.6,Moulay Idriss Zarhoun,0.6,Meknès,78.04347826086956,
299,My brahim,Al Haouz,Marrakech-Safi,3,Moulay Brahim,0.818,Moulay Brahim,0.818,Al Haouz,78.09006211180125,
300,Ouizghet,Taounate,Fès-Meknès,3,Ourtzagh,0.625,Ouizeght,0.875,Midelt,78.13664596273291,
301,Od Youssef,Settat,Casablanca-Settat,3,Guisser,0.471,Ouled Youssef,0.87,Fquih Ben Salah,78.1832298136646,
302,"Ol,DAOUD",Taounate,Fès-Meknès,3,Oulad Daoud,0.737,Oulad Daoud,0.737,Taounate,78.22981366459628,
303,Foum er,Béni Mellal,Béni Mellal-Khénifra,3,Foum El Anceur,0.667,Foum Jemaa,0.706,El Kelâa des Sraghna,78.27639751552795,
304,Ghorm el alam,Béni Mellal,Béni Mellal-Khénifra,3,Foum El Anceur,0.519,Sour El Aaz,0.667,El Kelâa des Sraghna,78.32298136645963,
305,Gouzat,Taza,Fès-Meknès,3,El Gouzate,0.75,El Gouzate,0.75,Taza,78.3695652173913,
306,As jbel olia,Tinghir,Drâa-Tafilalet,3,Ferkla El Oulia,0.667,Ras El Ma,0.667,Berkane,78.41614906832298,
307,Oulad L'Harti,Larache,Tanger-Tétouan-Al Hoceïma,3,Oulad Ouchih,0.64,Oulad Chrif,0.75,Taza,78.46273291925466,
308,ait s jbel,Tinghir,Drâa-Tafilalet,3,Ait Sedrate Jbel El Oulia,0.571,Bni Sidel Jbel,0.667,Nador,78.50931677018633,
309,ait slimane,Tinghir,Drâa-Tafilalet,3,Aït Hani,0.632,Sidi Slimane,0.783,Sidi Slimane,78.55590062111801,
310,Oued Laabid,Azilal,Béni Mellal-Khénifra,3,Agoudi N'Lkhair,0.538,Oued Naam,0.7,Errachidia,78.6024844720497,
311,Bab M'rouj,Taza,Fès-Meknès,3,Bab Marzouka,0.727,Bab Marzouka,0.727,Taza,78.64906832298136,
312,Rquen,Tinghir,Drâa-Tafilalet,3,Ikniouen,0.462,Tafraouten,0.533,Taroudant,78.69565217391305,
313,R'Ghiwa,Taounate,Fès-Meknès,3,Rghioua,0.714,Rghioua,0.714,Taounate,78.74223602484471,
314,Sais,Fès,Fès-Meknès,3,Ain Kansra,0.429,Assais,0.8,Taroudant,78.7888198757764,
315,Ait mraou,Tinghir,Drâa-Tafilalet,3,Ait Youl,0.706,Aït Kamra,0.778,Al Hoceïma,78.83540372670808,
316,S.Kacem,Sidi Kacem,Rabat-Salé-Kénitra,3,Sidi Kacem,0.706,Sidi Kacem,0.706,Sidi Kacem,78.88198757763975,
317,S/R,Ouezzane,Tanger-Tétouan-Al Hoceïma,3,Sidi Bousber,0.4,Smara,0.5,Es-Semara,78.92857142857143,
318,Slilou,Tinghir,Drâa-Tafilalet,3,Assoul,0.5,Smimou,0.667,Essaouira,78.9751552795031,
319,Sekoura,Sefrou,Fès-Meknès,3,Sefrou,0.615,Meskoura,0.8,Khouribga,79.02173913043478,
320,Senhaja,Sefrou,Fès-Meknès,3,Dar El Hamra,0.421,Senada,0.769,Al Hoceïma,79.06832298136646,
321,Si a ben brahim,Azilal,Béni Mellal-Khénifra,3,Aït Abbas,0.5,Si Hsaien Ben Abderrahmane,0.683,El Jadida,79.11490683229813,
322,Sidi A Tadeli,Sefrou,Fès-Meknès,3,Ahl Sidi Lahcen,0.5,Sidi Al Kamel,0.769,Sidi Slimane,79.16149068322981,
323,boutaghrar,Tinghir,Drâa-Tafilalet,3,Outerbat,0.444,Boughriba,0.737,Berkane,79.2080745341615,
324,b.chiker,Nador,Oriental,3,Beni Chiker,0.737,Beni Chiker,0.737,Nador,79.25465838509317,
325,berraka,Nador,Oriental,3,Hassi Berkane,0.5,Braksa,0.769,Khouribga,79.30124223602485,
326,Ben cheikh,Al Haouz,Marrakech-Safi,3,Ouneine,0.353,Beni Chiker,0.762,Nador,79.34782608695652,
327,Beni Gorfat,Larache,Tanger-Tétouan-Al Hoceïma,3,Bni Garfett,0.727,Bni Garfett,0.727,Larache,79.3944099378882,
328,Sidi Ahmed Bouheddane,Ouezzane,Tanger-Tétouan-Al Hoceïma,3,Sidi Redouane,0.706,Sidi Ahmed Ou Amar,0.718,Taroudant,79.44099378881988,
329,Ait yassine,Tinghir,Drâa-Tafilalet,3,Ait Ouassif,0.727,Ait Yadine,0.857,Khemisset,79.48757763975155,
330,Safsaf,Sidi Kacem,Rabat-Salé-Kénitra,3,Selfat,0.333,Sefsaf,0.833,Sidi Slimane,79.53416149068323,
331,Tibihite,Béni Mellal,Béni Mellal-Khénifra,3,Tilougguite,0.526,Tighirt,0.667,Tiznit,79.5807453416149,
332,Tighboula,Béni Mellal,Béni Mellal-Khénifra,3,Timoulilt,0.556,Tigouga,0.75,Taroudant,79.62732919254658,
333,Taddert,Guercif,Oriental,3,Tissaf,0.308,Taddart,0.857,Taza,79.67391304347827,
334,Sidi ahmed tadli,Sefrou,Fès-Meknès,3,Sidi Youssef Ben Ahmed,0.526,Sidi Ahmed El Khadir,0.778,El Kelâa des Sraghna,79.72049689440993,
335,Walili,Meknès,Fès-Meknès,3,Oualili,0.769,Talilit,0.769,Driouch,79.76708074534162,
336,Ait Tazarine,Tinghir,Drâa-Tafilalet,3,Aït Elfarsi,0.609,Tazarine,0.8,Taza,79.8136645962733,
337,Tassouite,Ouarzazate,Drâa-Tafilalet,3,Tansifte,0.706,Tassousfi,0.778,Tata,79.86024844720497,
338,ait idr,Tinghir,Drâa-Tafilalet,3,Aït Hani,0.667,Ait Said,0.8,Essaouira,79.90683229813665,
339,agouidir,Chichaoua,Marrakech-Safi,3,Ighoud,0.571,Agoudim,0.8,Midelt,79.95341614906832,
340,Barraca,Nador,Oriental,3,Bouarg,0.462,Brachoua,0.667,Skhirate-Témara,80.0,
341,,Tinghir,Drâa-Tafilalet,3,Toudgha Essoufla,0.0,,0.0,,80.04658385093168,
342,15éme GARE,Taza,Fès-Meknès,3,El Gouzate,0.5,M'Garto,0.588,Khouribga,80.09316770186335,
343,Kamoune,Béni Mellal,Béni Mellal-Khénifra,3,Naour,0.5,Zaïtoune,0.667,Tétouan,80.13975155279503,
344,Kebdani,Driouch,Oriental,3,Dar El Kebdani,0.667,Dar El Kebdani,0.667,Driouch,80.1863354037267,
345,Iknioune,Ouarzazate,Drâa-Tafilalet,3,Toundoute,0.471,Ikniouen,0.875,Tinghir,80.23291925465838,
346,A. taourirt,Al Hoceïma,Tanger-Tétouan-Al Hoceïma,3,Arbaa Taourirt,0.8,Taourirt,0.842,Taourirt,80.27950310559007,
347,segangan,Nador,Oriental,3,Zeghanghane,0.737,Zeghanghane,0.737,Nador,80.32608695652173,
348,,Errachidia,Drâa-Tafilalet,3,Taouz,0.0,,0.0,,80.37267080745342,
349,Jnan ward,Fès,Fès-Meknès,3,Ain Kansra,0.421,Ain Harrouda,0.571,Médiouna,80.4192546583851,
350,Laanoucer,Sefrou,Fès-Meknès,3,Laanoussar,0.737,Laanoussar,0.737,Sefrou,80.46583850931677,
351,ouarchdik,Tinghir,Drâa-Tafilalet,2,Ouaklim,0.5,Rouached,0.706,Fquih Ben Salah,80.4968944099379,
352,"B,Ounjel",Taounate,Fès-Meknès,2,Bouadel,0.667,Bouadel,0.667,Taounate,80.527950310559,
353,senhaja,Sefrou,Fès-Meknès,2,Dar El Hamra,0.421,Senada,0.769,Al Hoceïma,80.55900621118012,
354,A H Said,Tinghir,Drâa-Tafilalet,2,Ferkla Es-Soufla,0.417,Ait Said,0.75,Essaouira,80.59006211180125,
355,A H oyahya,Tinghir,Drâa-Tafilalet,2,Aït Hani,0.444,Ait Yahya,0.737,Midelt,80.62111801242236,
356,A S Jbel,Tinghir,Drâa-Tafilalet,2,Ait Sedrate Jbel El Oulia,0.485,Bni Sidel Jbel,0.636,Nador,80.65217391304348,
357,tasouit,Tinghir,Drâa-Tafilalet,2,Assoul,0.615,Tarsouat,0.8,Chtouka-Aït Baha,80.6832298136646,
358,old taher,Taounate,Fès-Meknès,2,Oulad Daoud,0.5,Oulad Amer,0.737,El Kelâa des Sraghna,80.71428571428571,
359,saiss,Fès,Fès-Meknès,2,Ain Kansra,0.4,Assaisse,0.769,Ouarzazate,80.74534161490683,
360,"s,yahya/zeroual",Taounate,Fès-Meknès,2,Sidi Yahya Bni Zeroual,0.757,Sidi Yahya Bni Zeroual,0.757,Taounate,80.77639751552795,
361,Bnisadden,Sefrou,Fès-Meknès,2,Ahl Sidi Lahcen,0.333,Bni Said,0.706,Tétouan,80.80745341614907,
362,J Melha,Sidi Kacem,Rabat-Salé-Kénitra,2,Selfat,0.462,Jorf El Melha,0.7,Ouezzane,80.83850931677019,
363,Isskssi,Azilal,Béni Mellal-Khénifra,2,Tisqi,0.5,Isseksi,0.857,Béni Mellal,80.8695652173913,
364,Ikaouen,Al Hoceïma,Tanger-Tétouan-Al Hoceïma,2,Imzouren,0.667,Imaouen,0.857,Taroudant,80.90062111801242,
365,Khlalta,Fquih Ben Salah,Béni Mellal-Khénifra,2,Fkih Ben Salah,0.381,Khlalfa,0.857,Taounate,80.93167701863354,
366,Laaouina,Azilal,Béni Mellal-Khénifra,2,Taounza,0.667,Laaouinate,0.889,Jerada,80.96273291925466,
367,Bensergao,Ouarzazate,Drâa-Tafilalet,2,Amerzgane,0.444,El Kansera,0.632,Khemisset,80.99378881987577,
368,Bensergao,Agadir-Ida Ou Tanane,Souss-Massa,2,Idmine,0.133,El Kansera,0.632,Khemisset,81.0248447204969,
369,zaouit nogart,Tinghir,Drâa-Tafilalet,2,Ait Ouassif,0.5,Zaouiat Saiss,0.615,Sidi Bennour,81.05590062111801,
370,***,Azilal,Béni Mellal-Khénifra,2,Zaouiat Ahansal,0.0,Zrizer,0.0,Taounate,81.08695652173913,
371,,Taounate,Fès-Meknès,2,Zrizer,0.0,,0.0,,81.11801242236025,
372,,Béni Mellal,Béni Mellal-Khénifra,2,Timoulilt,0.0,,0.0,,81.14906832298136,
373,ait kassi,Tinghir,Drâa-Tafilalet,2,Ait Ouassif,0.8,Ait Ouassif,0.8,Tinghir,81.18012422360249,
374,ait harouit,Tinghir,Drâa-Tafilalet,2,Aït Hani,0.737,Ait Hammou,0.762,Rehamna,81.2111801242236,
375,ait hamou oussaid,Tinghir,Drâa-Tafilalet,2,Ait Ouassif,0.643,Ait Haddou Youssef,0.743,Taroudant,81.24223602484471,
376,ait h said,Tinghir,Drâa-Tafilalet,2,Aït Hani,0.778,Ait Said,0.889,Essaouira,81.27329192546584,
377,ait gmate,Tinghir,Drâa-Tafilalet,2,Aït Hani,0.588,Ait Mait,0.824,Driouch,81.30434782608695,
378,ait driss,Tinghir,Drâa-Tafilalet,2,Ait Ouassif,0.6,Ait Oumdis,0.737,Ouarzazate,81.33540372670808,
379,Tessa,Taounate,Fès-Meknès,2,Tissa,0.8,Tissa,0.8,Taounate,81.36645962732919,
380,Tasouit,Tinghir,Drâa-Tafilalet,2,Assoul,0.615,Tarsouat,0.8,Chtouka-Aït Baha,81.3975155279503,
381,Timskalte,Tinghir,Drâa-Tafilalet,2,Tilmi,0.429,Takate,0.667,Essaouira,81.42857142857143,
382,Ait atab,Azilal,Béni Mellal-Khénifra,2,Aït Abbas,0.706,Ait Taleb,0.824,Rehamna,81.45962732919254,
383,Bouzemalne,Taza,Fès-Meknès,2,Bouyablane,0.7,Boulemane,0.842,Boulemane,81.49068322981367,
384,Cmsu,Agadir-Ida Ou Tanane,Souss-Massa,2,Imsouane,0.5,Missour,0.545,Boulemane,81.52173913043478,
385,Chouiter,Al Haouz,Marrakech-Safi,2,Tighedouine,0.526,Aïn Chouater,0.7,Errachidia,81.5527950310559,
386,Ait Sawane,Ouarzazate,Drâa-Tafilalet,2,Ait Zineb,0.632,Ait Naamane,0.762,El Hajeb,81.58385093167702,
387,Toufist,Al Hoceïma,Tanger-Tétouan-Al Hoceïma,2,Targuist,0.667,Tounfit,0.857,Midelt,81.61490683229813,
388,Tizagui,Azilal,Béni Mellal-Khénifra,2,Tisqi,0.5,Touizgui,0.8,Assa-Zag,81.64596273291926,
389,Z'Rizar,Taounate,Fès-Meknès,2,Zrizer,0.769,Zrizer,0.769,Taounate,81.67701863354037,
390,Zerhoune,Meknès,Fès-Meknès,2,Ouislane,0.5,Mzefroune,0.824,Ouezzane,81.7080745341615,
391,Ain dorrij,Ouezzane,Tanger-Tétouan-Al Hoceïma,2,Ain Dfali,0.632,Aïn Orma,0.667,Meknès,81.73913043478261,
392,Syba,Chichaoua,Marrakech-Safi,2,Saidate,0.364,Sbouya,0.6,Sidi Ifni,81.77018633540372,
393,Souk laarbaa,Kénitra,Rabat-Salé-Kénitra,2,Oulad Slama,0.522,Souk Tolba,0.727,Larache,81.80124223602485,
394,Somâa,Béni Mellal,Béni Mellal-Khénifra,2,Oulad Gnaou,0.375,Smara,0.8,Es-Semara,81.83229813664596,
395,Taglafte,Azilal,Béni Mellal-Khénifra,2,Tanant,0.571,Tagleft,0.8,Béni Mellal,81.86335403726709,
396,Tadout,Boulemane,Fès-Meknès,2,Talzemt,0.462,Tazouta,0.769,Sefrou,81.8944099378882,
397,Ait majber,Tinghir,Drâa-Tafilalet,2,Aït Elfarsi,0.571,Aït Majden,0.8,Azilal,81.92546583850931,
398,Dg,Sidi Kacem,Rabat-Salé-Kénitra,2,Zaggota,0.222,Madagh,0.5,Berkane,81.95652173913044,
399,Darksdani,Driouch,Oriental,2,Dar El Kebdani,0.696,Dar El Kebdani,0.696,Driouch,81.98757763975155,
400,Tabrkhachet,Tinghir,Drâa-Tafilalet,2,Souk Lakhmis Dades,0.345,Tabaroucht,0.667,Béni Mellal,82.01863354037268,
401,Tarmast,Fquih Ben Salah,Béni Mellal-Khénifra,2,Tachraft,0.667,Tarmigt,0.714,Ouarzazate,82.04968944099379,
402,Taoujtat,El Hajeb,Fès-Meknès,2,Agourai,0.533,Tazouta,0.8,Sefrou,82.0807453416149,
403,Takerkouste,Al Haouz,Marrakech-Safi,2,Lalla Takarkoust,0.667,Tamegroute,0.762,Zagora,82.11180124223603,
404,Sab,Moulay Yacoub,Fès-Meknès,2,Sidi El Abed,0.4,Sabbah,0.667,Skhirate-Témara,82.14285714285714,
405,Segangan,Nador,Oriental,2,Zeghanghane,0.737,Zeghanghane,0.737,Nador,82.17391304347827,
406,Douar Oulad Mkadem,Guelmim,Guelmim-Oued Noun,2,Aouint Yghomane,0.242,Houara Oulad Raho,0.686,Guercif,82.20496894409938,
407,Douar Chems,Ouarzazate,Drâa-Tafilalet,2,Skoura Ahl El Oust,0.483,Rouached,0.632,Fquih Ben Salah,82.2360248447205,
408,Bencharrou,Béni Mellal,Béni Mellal-Khénifra,2,Naour,0.533,Ben Maachou,0.667,El Jadida,82.26708074534162,
409,bab mrouj,Taza,Fès-Meknès,2,Bab Marzouka,0.762,Bab Marzouka,0.762,Taza,82.29813664596273,
410,chahid baha,Sefrou,Fès-Meknès,2,Ahl Sidi Lahcen,0.538,Ait Baha,0.737,Chtouka-Aït Baha,82.32919254658385,
411,bouzmlane,Taza,Fès-Meknès,2,Bouyablane,0.737,Boulemane,0.778,Boulemane,82.36024844720497,
412,ait boullal,Tinghir,Drâa-Tafilalet,2,Ait Youl,0.737,Ait Ouallal,0.909,Zagora,82.3913043478261,
413,ait boamrane,Tinghir,Drâa-Tafilalet,2,Aït Hani,0.6,Ait Naamane,0.783,El Hajeb,82.4223602484472,
414,ait Attab,Azilal,Béni Mellal-Khénifra,2,Aït Abbas,0.667,Ait Taleb,0.778,Rehamna,82.45341614906832,
415,ain bziz,Meknès,Fès-Meknès,2,Aïn Orma,0.5,Ain Sbit,0.75,Khemisset,82.48447204968944,
416,Ben Yazgha,Sefrou,Fès-Meknès,2,Mtarnagha,0.526,Beni Ftah,0.632,Taza,82.51552795031056,
417,Bel,Sidi Kacem,Rabat-Salé-Kénitra,2,Selfat,0.444,Jbiel,0.75,El Kelâa des Sraghna,82.54658385093168,
418,Barraka,Nador,Oriental,2,Arekmane,0.4,Braksa,0.769,Khouribga,82.5776397515528,
419,Sidi Abdelaziz,Sidi Slimane,Rabat-Salé-Kénitra,2,Sidi Al Kamel,0.593,Sidi Abdeljalil,0.828,Safi,82.6086956521739,
420,"Sidi A,Tadli",Sefrou,Fès-Meknès,2,Ahl Sidi Lahcen,0.444,Sidi Ali,0.8,Zagora,82.63975155279503,
421,Sgangan,Nador,Oriental,2,Zeghanghane,0.667,Sgamna,0.769,Khouribga,82.67080745341615,
422,Skhinat,Fès,Fès-Meknès,2,Ain Bida,0.4,Skhirate,0.8,Skhirate-Témara,82.70186335403727,
423,Alwahda,Taza,Fès-Meknès,2,Tahla,0.5,Lahdar,0.769,Youssoufia,82.73291925465838,
424,Alouhda,Taza,Fès-Meknès,2,Bouchfaa,0.533,Tabouda,0.714,Chefchaouen,82.7639751552795,
425,Sab,Azilal,Béni Mellal-Khénifra,2,Tabia,0.5,Sabbah,0.667,Skhirate-Témara,82.79503105590062,
426,S.Redouane,Sidi Kacem,Rabat-Salé-Kénitra,2,Oulad Nouel,0.476,Sidi Redouane,0.783,Ouezzane,82.82608695652173,
427,S.M.B.L,Taounate,Fès-Meknès,2,Bouadel,0.286,Mibladen,0.4,Midelt,82.85714285714286,
428,El Kassam,Settat,Casablanca-Settat,2,Oulad Saïd,0.421,El Kansera,0.737,Khemisset,82.88819875776397,
429,Draa,Azilal,Béni Mellal-Khénifra,2,Rfala,0.667,Drargua,0.727,Inezgane-Aït Melloul,82.9192546583851,
430,S-A-Ouhamd,Essaouira,Marrakech-Safi,2,Sidi H'Mad Ou Hamed,0.69,Sidi H'Mad Ou Hamed,0.69,Essaouira,82.95031055900621,
431,"S,Fasma",Al Haouz,Marrakech-Safi,2,Sti Fadma,0.625,Sti Fadma,0.625,Al Haouz,82.98136645962732,
432,Ait oum bakht,Béni Mellal,Béni Mellal-Khénifra,2,Ait Ouqabli,0.583,Ait Oum El Bekht,0.828,Khénifra,83.01242236024845,
433,Sebab,Guercif,Oriental,2,Assebbab,0.769,Assebbab,0.769,Guercif,83.04347826086956,
434,Sbab,Guercif,Oriental,2,Assebbab,0.667,Assebbab,0.667,Guercif,83.07453416149069,
435,Ouled Boukhadou,Fquih Ben Salah,Béni Mellal-Khénifra,2,Ouled Bourahmoune,0.75,Oulad Boughadi,0.759,Khouribga,83.1055900621118,
436,Oulad-Tahar,Taounate,Fès-Meknès,2,Oulad Daoud,0.636,Oulad Amghar,0.87,Al Hoceïma,83.13664596273291,
437,RassLoued,Taounate,Fès-Meknès,2,Ras El Oued,0.8,Ras El Oued,0.8,Taounate,83.16770186335404,
438,Ras Alam,Moulay Yacoub,Fès-Meknès,2,Sebt Loudaya,0.2,Ras Al Ain,0.778,Settat,83.19875776397515,
439,Qods1,Taza,Fès-Meknès,2,Oued Amlil,0.267,Adis,0.444,Tata,83.22981366459628,
440,Qods,Taza,Fès-Meknès,2,Oued Amlil,0.286,Adis,0.5,Tata,83.26086956521739,
441,F.Anceur,Béni Mellal,Béni Mellal-Khénifra,2,Foum El Anceur,0.636,Foum El Anceur,0.636,Béni Mellal,83.2919254658385,
442,Ennakhil,Rehamna,Marrakech-Safi,2,Ait Taleb,0.118,Ben Khlil,0.706,Tan-Tan,83.32298136645963,
443,Ennakhil,Al Haouz,Marrakech-Safi,2,Ighil,0.462,Ben Khlil,0.706,Tan-Tan,83.35403726708074,
444,"Q,Industriel",Agadir-Ida Ou Tanane,Souss-Massa,2,Aqesri,0.444,Tindine,0.526,Taroudant,83.38509316770187,
445,Alhaouz,Al Haouz,Marrakech-Safi,2,Tahannaout,0.588,Haouza,0.769,Es-Semara,83.41614906832298,
446,S A Hamd,Essaouira,Marrakech-Safi,2,Sidi H'Mad Ou Hamed,0.593,Ras Ain Rhamna,0.636,Marrakech,83.4472049689441,
447,Ribat Elkher,Sefrou,Fès-Meknès,2,Dar El Hamra,0.5,Mers El Kheir,0.64,Skhirate-Témara,83.47826086956522,
448,S'Rima,Taounate,Fès-Meknès,2,Rghioua,0.462,Rima,0.8,Settat,83.50931677018633,
449,Ouidane,Al Haouz,Marrakech-Safi,2,Ouirgane,0.8,Al Ouidane,0.824,Marrakech,83.54037267080746,
450,Oued elabid,Azilal,Béni Mellal-Khénifra,2,Ouaoula,0.444,Oued Laou,0.7,Tétouan,83.57142857142857,
451,Oued Romman,Meknès,Fès-Meknès,2,Oued Jdida,0.571,Oued Ifrane,0.727,Khénifra,83.6024844720497,
452,Feriata,Béni Mellal,Béni Mellal-Khénifra,2,Boutferda,0.5,Fraita,0.769,El Kelâa des Sraghna,83.63354037267081,
453,Fansseur,Béni Mellal,Béni Mellal-Khénifra,2,Foum El Anceur,0.545,Aousserd,0.625,Aousserd,83.66459627329192,
454,Boukorra,Ouezzane,Tanger-Tétouan-Al Hoceïma,2,Kalaat Booqorra,0.522,Bouskoura,0.824,Nouaceur,83.69565217391305,
455,Boukora,Ouezzane,Tanger-Tétouan-Al Hoceïma,2,Bni Oual,0.533,Bouskoura,0.875,Nouaceur,83.72670807453416,
456,Bouhmed,Chefchaouen,Tanger-Tétouan-Al Hoceïma,2,Tabouda,0.571,Bouhmame,0.8,Sidi Bennour,83.75776397515529,
457,ighramloulne,Tinghir,Drâa-Tafilalet,2,Aghbalou N'Kerdous,0.533,Ighzrane,0.7,Taza,83.7888198757764,
458,ighramloule,Tinghir,Drâa-Tafilalet,2,Toudgha El Oulia,0.519,Ighzrane,0.632,Taza,83.81987577639751,
459,igheram amazdar,Tinghir,Drâa-Tafilalet,2,Ait Sedrate Sahl Charkia,0.41,M'Saada,0.545,Sidi Slimane,83.85093167701864,
460,ida ouguerd,Essaouira,Marrakech-Safi,2,Aguerd,0.706,Ida Ougoummad,0.75,Al Haouz,83.88198757763975,
461,ibrghoussne,Tinghir,Drâa-Tafilalet,2,Ait Ouassif,0.455,Tighedouine,0.636,Al Haouz,83.91304347826087,
462,iazaneen,Nador,Oriental,2,Iaazzanene,0.778,Iaazzanene,0.778,Nador,83.94409937888199,
463,akdim ait mraou,Tinghir,Drâa-Tafilalet,2,Ait Youl,0.522,Sebt Aït Rahou,0.621,Khemisset,83.9751552795031,
464,akdim,Tinghir,Drâa-Tafilalet,2,Ouaklim,0.667,Aklim,0.8,Berkane,84.00621118012423,
465,ait wahi,Tinghir,Drâa-Tafilalet,2,Aït Hani,0.75,Ait Said,0.75,Essaouira,84.03726708074534,
466,ait ouffi,Tinghir,Drâa-Tafilalet,2,Ait Youl,0.706,Ait Ourir,0.778,Marrakech,84.06832298136646,
467,Beni Gorfet,Larache,Tanger-Tétouan-Al Hoceïma,2,Bni Garfett,0.818,Bni Garfett,0.818,Larache,84.09937888198758,
468,As s charkia,Tinghir,Drâa-Tafilalet,2,Ait Sedrate Sahl Charkia,0.611,Meknassa Acharqia,0.621,Taza,84.1304347826087,
469,As jbel sofla,Tinghir,Drâa-Tafilalet,2,Ait Sedrate Jbel El Soufla,0.667,Ait Sedrate Jbel El Soufla,0.667,Tinghir,84.16149068322981,
470,As Jbel,Tinghir,Drâa-Tafilalet,2,Assoul,0.462,Jbiel,0.667,El Kelâa des Sraghna,84.19254658385093,
471,Arroui,Nador,Oriental,2,Al Aroui,0.714,Azrou,0.727,Ifrane,84.22360248447205,
472,Aoulos,Taroudant,Souss-Massa,2,Aoulouz,0.769,Aoulouz,0.769,Taroudant,84.25465838509317,
473,Ourbiâa,Béni Mellal,Béni Mellal-Khénifra,2,Afourar,0.571,Ourika,0.769,Al Haouz,84.28571428571429,
474,Oum bakht,Béni Mellal,Béni Mellal-Khénifra,2,Oulad M'Barek,0.636,Ait Oum El Bekht,0.64,Khénifra,84.3167701863354,
475,Ghorm Alem,Béni Mellal,Béni Mellal-Khénifra,2,Oulad M'Barek,0.435,Laghoualem,0.7,Benslimane,84.34782608695652,
476,Gfifat,Taroudant,Souss-Massa,2,Freija,0.5,Lagfifat,0.857,Chtouka-Aït Baha,84.37888198757764,
477,Od Barkate,Fquih Ben Salah,Béni Mellal-Khénifra,2,Ouled Bourahmoune,0.444,Oulad Amrane,0.636,Youssoufia,84.40993788819875,
478,Ouald Bder,Ouezzane,Tanger-Tétouan-Al Hoceïma,2,Moulay Abdelkader,0.593,Oulad Berhil,0.727,Taroudant,84.44099378881988,
479,Oled Bder,Ouezzane,Tanger-Tétouan-Al Hoceïma,2,Moulay Abdelkader,0.538,Ouled Zidane,0.667,Berrechid,84.472049689441,
480,Oel Bousalham,Taounate,Fès-Meknès,2,El Bsabsa,0.636,Moulay Bousselham,0.733,Larache,84.5031055900621,
481,Od Ziane,Fquih Ben Salah,Béni Mellal-Khénifra,2,Oulad Zmam,0.556,Ouled Zidane,0.8,Berrechid,84.53416149068323,
482,Od Tahar,Taounate,Fès-Meknès,2,Oued Jemaa,0.556,Oulad Amghar,0.7,Al Hoceïma,84.56521739130434,
483,Amria 2,Béni Mellal,Béni Mellal-Khénifra,2,Had Bradia,0.471,Lamrija,0.714,Guercif,84.59627329192547,
484,Amria,Béni Mellal,Béni Mellal-Khénifra,2,Had Bradia,0.533,Lamrija,0.833,Guercif,84.62732919254658,
485,Mokrissat,Chefchaouen,Tanger-Tétouan-Al Hoceïma,2,Moqrisset,0.778,Moqrisset,0.778,Chefchaouen,84.6583850931677,
486,Mly Hassan,Tétouan,Tanger-Tétouan-Al Hoceïma,2,Bni Arouss,0.4,Massa,0.667,Tiznit,84.68944099378882,
487,Mezguitem,Guercif,Oriental,2,Mazguitam,0.778,Mezguita,0.824,Ouarzazate,84.72049689440993,
488,My thami,Ouezzane,Tanger-Tétouan-Al Hoceïma,2,Masmouda,0.375,Tamri,0.615,Agadir-Ida Ou Tanane,84.75155279503106,
489,"N°6830,Sidi Belkacem",Inezgane-Aït Melloul,Souss-Massa,2,Sidi Bibi,0.429,Sidi Kacem,0.69,Sidi Kacem,84.78260869565217,
490,Médina,Al Haouz,Marrakech-Safi,2,Oukaimeden,0.5,Médiouna,0.857,Nouaceur,84.8136645962733,
491,Fersiou,Ouezzane,Tanger-Tétouan-Al Hoceïma,2,Teroual,0.571,Tafersit,0.667,Driouch,84.84472049689441,
492,Hamria,Moulay Yacoub,Fès-Meknès,2,Charqaoua,0.533,Lamrija,0.769,Guercif,84.87577639751552,
493,"My,Bouchta",Taounate,Fès-Meknès,2,Bouhouda,0.556,Moulay Bouchta,0.75,Moulay Yacoub,84.90683229813665,
494,Od Soltane,Sidi Kacem,Rabat-Salé-Kénitra,2,Oulad Nouel,0.476,Dar Oum Soltane,0.72,Meknès,84.93788819875776,
495,Od Mbark,Béni Mellal,Béni Mellal-Khénifra,2,Oulad M'Barek,0.762,Oulad M'Barek,0.762,Béni Mellal,84.96894409937889,
496,B.hadifa,Al Hoceïma,Tanger-Tétouan-Al Hoceïma,2,Bni Hadifa,0.778,Bni Hadifa,0.778,Al Hoceïma,85.0,
497,Guèliz,Tinghir,Drâa-Tafilalet,2,Ouaklim,0.462,Guelmim,0.769,Guelmim,85.03105590062111,
498,Meknassa,Taza,Fès-Meknès,2,Meknassa Acharqia,0.64,Massa,0.769,Tiznit,85.06211180124224,
499,Meghasseine,Meknès,Fès-Meknès,2,Mrhassiyine,0.727,Mrhassiyine,0.727,Meknès,85.09316770186335,
500,Medina,El Kelâa des Sraghna,Marrakech-Safi,2,Hiadna,0.5,Médiouna,0.857,Nouaceur,85.12422360248448,
501,Mazrawa,Taounate,Fès-Meknès,2,Mezraoua,0.667,Smara,0.667,Es-Semara,85.15527950310559,
502,khmiss DADES,Tinghir,Drâa-Tafilalet,2,Souk Lakhmis Dades,0.733,Souk Lakhmis Dades,0.733,Tinghir,85.1863354037267,
503,Aait adel,Al Haouz,Marrakech-Safi,2,Sti Fadma,0.444,Ait Aadel,0.889,El Kelâa des Sraghna,85.21739130434783,
504,my bouchta,Taounate,Fès-Meknès,2,Bni Bouchibet,0.609,Moulay Bouchta,0.833,Moulay Yacoub,85.24844720496894,
505,mezguitem,Guercif,Oriental,2,Mazguitam,0.778,Mezguita,0.824,Ouarzazate,85.27950310559007,
506,merna,Tinghir,Drâa-Tafilalet,2,Imider,0.545,Merija,0.727,Jerada,85.31055900621118,
507,mecheraa laine,Taroudant,Souss-Massa,2,Machraa El Ain,0.786,Machraa El Ain,0.786,Taroudant,85.3416149068323,
508,magaz kelaa,Tinghir,Drâa-Tafilalet,2,Aït Elfarsi,0.455,Melaab,0.588,Errachidia,85.37267080745342,
509,boumardoul,Tinghir,Drâa-Tafilalet,2,Bou Azmou,0.632,Bouarouss,0.737,Taounate,85.40372670807453,
510,bouchair,Settat,Casablanca-Settat,2,Oulad Sghir,0.526,Bouqachmir,0.778,Khemisset,85.43478260869566,
511,bni enssar,Nador,Oriental,2,Beni Ansar,0.8,Beni Ansar,0.8,Nador,85.46583850931677,
512,hanchen,Essaouira,Marrakech-Safi,2,El Hanchane,0.667,Khnichet,0.667,Sidi Kacem,85.4968944099379,
513,hadkouret,Sidi Kacem,Rabat-Salé-Kénitra,2,Taoughilt,0.444,Had Kourt,0.889,Ouezzane,85.527950310559,
514,Boukourra,Ouezzane,Tanger-Tétouan-Al Hoceïma,2,Kalaat Booqorra,0.5,Bouskoura,0.889,Nouaceur,85.55900621118012,
515,Mesker,Ouezzane,Tanger-Tétouan-Al Hoceïma,2,Moulay Abdelkader,0.435,Meskoura,0.714,Khouribga,85.59006211180125,
516,Menara,Taroudant,Souss-Massa,2,Lamhara,0.615,Mnasra,0.833,Kénitra,85.62111801242236,
517,Menara,Ouarzazate,Drâa-Tafilalet,2,Afra,0.6,Mnasra,0.833,Kénitra,85.65217391304348,
518,Menara,Béni Mellal,Béni Mellal-Khénifra,2,Naour,0.545,Mnasra,0.833,Kénitra,85.6832298136646,
519,Mokrisset,Ouezzane,Tanger-Tétouan-Al Hoceïma,2,Lamrabih,0.353,Moqrisset,0.889,Chefchaouen,85.71428571428571,
520,M.Bmellal,Béni Mellal,Béni Mellal-Khénifra,2,Beni Mellal,0.7,Beni Mellal,0.7,Béni Mellal,85.74534161490683,
521,B'sabsa,Taounate,Fès-Meknès,2,El Bsabsa,0.75,El Bsabsa,0.75,Taounate,85.77639751552795,
522,B'Sabsa,Taounate,Fès-Meknès,2,El Bsabsa,0.75,El Bsabsa,0.75,Taounate,85.80745341614907,
523,B S jbel,Nador,Oriental,2,Bni Sidel Jbel,0.727,Bni Sidel Jbel,0.727,Nador,85.83850931677019,
524,Hay Elmohammadi,Agadir-Ida Ou Tanane,Souss-Massa,2,Agadir,0.381,Mohammédia,0.64,Mohammedia,85.8695652173913,
525,B.bouayach II,Al Hoceïma,Tanger-Tétouan-Al Hoceïma,2,Bni Bouayach,0.72,Bni Bouayach,0.72,Al Hoceïma,85.90062111801242,
526,B.S. louta,Nador,Oriental,2,Bni Sidel Louta,0.64,Louta,0.667,Al Hoceïma,85.93167701863354,
527,Marjane,Meknès,Fès-Meknès,2,Majjate,0.714,Zemrane,0.714,El Kelâa des Sraghna,85.96273291925466,
528,Marinienne,Fès,Fès-Meknès,2,Ain Bida,0.444,Mallalienne,0.667,Tétouan,85.99378881987577,
529,Marigha,Al Haouz,Marrakech-Safi,2,Amghras,0.571,Mtarnagha,0.75,Sefrou,86.0248447204969,
530,Marenienne,Fès,Fès-Meknès,2,Louadaine,0.421,Mallalienne,0.667,Tétouan,86.05590062111801,
531,Laamoucha,Settat,Casablanca-Settat,2,Lahouaza,0.588,Laaouama,0.706,Tanger-Assilah,86.08695652173913,
532,Krona,Driouch,Oriental,2,Ourdana,0.5,Tekna,0.6,Sidi Kacem,86.11801242236025,
533,Krakra,Settat,Casablanca-Settat,2,Rima,0.4,Hrara,0.727,Safi,86.14906832298136,
534,Kolea,Inezgane-Aït Melloul,Souss-Massa,2,Ouled Teima,0.5,Boulemane,0.571,Boulemane,86.18012422360249,
535,Koka si Moussa,Settat,Casablanca-Settat,2,Zaouiat Sidi Ben Hamdoun,0.474,Sidi Moussa,0.72,El Kelâa des Sraghna,86.2111801242236,
536,Lkrakra,Settat,Casablanca-Settat,2,Oulad Freiha,0.316,Laqraqra,0.667,Fquih Ben Salah,86.24223602484471,
537,Lkhmis,Tinghir,Drâa-Tafilalet,2,Tilmi,0.545,Khémisset,0.667,Khemisset,86.27329192546584,
538,Bni wanjel,Taounate,Fès-Meknès,2,Bni Rzine,0.632,Bni Zrantel,0.762,Béni Mellal,86.30434782608695,
539,Bit Ghoulam,Taza,Fès-Meknès,2,Tahla,0.5,Sebt Gzoula,0.727,Safi,86.33540372670808,
540,tansghart,Tinghir,Drâa-Tafilalet,2,Tinghir,0.625,Tanougha,0.706,Béni Mellal,86.36645962732919,
541,sidi h o hamd,Essaouira,Marrakech-Safi,2,Sidi H'Mad Ou Hamed,0.812,Sidi H'Mad Ou Hamed,0.812,Essaouira,86.3975155279503,
542,sidi ahmed tadli,Sefrou,Fès-Meknès,2,Sidi Youssef Ben Ahmed,0.526,Sidi Ahmed El Khadir,0.778,El Kelâa des Sraghna,86.42857142857143,
543,,Larache,Tanger-Tétouan-Al Hoceïma,2,Zouada,0.0,,0.0,,86.45962732919254,
544,hay salam kelaa,Tinghir,Drâa-Tafilalet,2,Ait Sedrate Sahl El Gharbia,0.476,Had Al Gharbia,0.483,Tanger-Assilah,86.49068322981367,
545,A.taourirt,Al Hoceïma,Tanger-Tétouan-Al Hoceïma,2,Arbaa Taourirt,0.75,Taourirt,0.889,Taourirt,86.52173913043478,
546,A.mediouna,Taounate,Fès-Meknès,2,Ain Mediouna,0.818,Médiouna,0.889,Nouaceur,86.5527950310559,
547,kelaa,Ouarzazate,Drâa-Tafilalet,2,Afella N'Dra,0.471,Melaab,0.727,Errachidia,86.58385093167702,
548,"k,militaire",Taza,Fès-Meknès,2,Msila,0.5,Mzilate,0.556,Chichaoua,86.61490683229813,
549,khmiss dadaes,Tinghir,Drâa-Tafilalet,2,Souk Lakhmis Dades,0.71,Souk Lakhmis Dades,0.71,Tinghir,86.64596273291926,
550,B.Hmed,Chefchaouen,Tanger-Tétouan-Al Hoceïma,2,Bni Ahmed Gharbia,0.435,Ben Ahmed,0.667,Khouribga,86.67701863354037,
551,Igraouen,Khouribga,Béni Mellal-Khénifra,2,Mrizigue,0.5,Imaouen,0.8,Taroudant,86.7080745341615,
552,Lakmis,Tinghir,Drâa-Tafilalet,2,Tilmi,0.545,Lamssid,0.615,Boujdour,86.73913043478261,
553,Azlaf,Driouch,Oriental,2,Tleta Azlef,0.5,Azla,0.889,Tétouan,86.77018633540372,
554,M'kanssa,Taounate,Fès-Meknès,2,Kissane,0.533,Mkansa,0.857,Sidi Kacem,86.80124223602485,
555,M kellat magouna,Tinghir,Drâa-Tafilalet,2,Kalaat M'Gouna,0.733,Kalaat M'Gouna,0.733,Tinghir,86.83229813664596,
556,tarmoucht,Tinghir,Drâa-Tafilalet,2,Bou Azmou,0.444,Tabaroucht,0.842,Béni Mellal,86.86335403726709,
557,Jiyarin,Taza,Fès-Meknès,2,Jbarna,0.615,Bni Yagrine,0.667,Settat,86.8944099378882,
558,B.Boufrah,Al Hoceïma,Tanger-Tétouan-Al Hoceïma,2,Bni Boufrah,0.8,Bni Boufrah,0.8,Al Hoceïma,86.92546583850931,
559,B.Bch,Al Hoceïma,Tanger-Tétouan-Al Hoceïma,2,Bni Bouayach,0.471,Sabbah,0.545,Skhirate-Témara,86.95652173913044,
560,tissli,Tinghir,Drâa-Tafilalet,2,Tilmi,0.727,Tissint,0.769,Tata,86.98757763975155,
561,zouagha,Fès,Fès-Meknès,2,Louadaine,0.5,Ounagha,0.857,Essaouira,87.01863354037268,
562,,,Fès-Meknès,2,,0.0,,0.0,,87.04968944099379,
563,tigoudar,Essaouira,Marrakech-Safi,2,Lagdadra,0.5,Tigouga,0.8,Taroudant,87.0807453416149,
564,tlat boubker,Driouch,Oriental,2,Oulad Boubker,0.8,Oulad Boubker,0.8,Driouch,87.11180124223603,
565,"A, kansara",Moulay Yacoub,Fès-Meknès,2,Laajajra,0.556,Ain Kansra,0.8,Fès,87.14285714285714,
566,tibihite,Béni Mellal,Béni Mellal-Khénifra,2,Tilougguite,0.526,Tighirt,0.667,Tiznit,87.17391304347827,
567,A chefk,Al Haouz,Marrakech-Safi,2,Ahl Tifnoute,0.316,Ain Chkef,0.75,Fès,87.20496894409938,
568,tazzakht,Tinghir,Drâa-Tafilalet,2,Outerbat,0.375,Taznakht,0.875,Ouarzazate,87.2360248447205,
569,A S gbel sofla,Tinghir,Drâa-Tafilalet,1,Ait Sedrate Jbel El Soufla,0.65,Ait Sedrate Jbel El Soufla,0.65,Tinghir,87.25155279503106,
570,,Tiznit,Souss-Massa,1,Tnine Aglou,0.0,,0.0,,87.26708074534162,
571,,Taroudant,Souss-Massa,1,Zaouia Sidi Tahar,0.0,,0.0,,87.28260869565217,
572,***,Taourirt,Oriental,1,Taourirt,0.0,Zrizer,0.0,Taounate,87.29813664596273,
573,15 Gar,Taza,Fès-Meknès,1,Ras Laksar,0.375,M'Garto,0.615,Khouribga,87.3136645962733,
574,,Boulemane,Fès-Meknès,1,Talzemt,0.0,,0.0,,87.32919254658385,
575,,Rehamna,Marrakech-Safi,1,Tamda,0.0,,0.0,,87.34472049689441,
576,,Safi,Marrakech-Safi,1,Talmest,0.0,,0.0,,87.36024844720497,
577,,Sefrou,Fès-Meknès,1,Tazouta,0.0,,0.0,,87.37577639751552,
578,,Sidi Kacem,Rabat-Salé-Kénitra,1,Zirara,0.0,,0.0,,87.3913043478261,
579,Beni guerfet,Larache,Tanger-Tétouan-Al Hoceïma,1,Bni Garfett,0.783,Bni Garfett,0.783,Larache,87.40683229813665,
580,Beni-Kissane,Taounate,Fès-Meknès,1,Kissane,0.737,Bni Hassane,0.783,Azilal,87.4223602484472,
581,Beni-Ounjel,Taounate,Fès-Meknès,1,Bni Oulid,0.7,Bni Oual,0.737,Ouezzane,87.43788819875776,
582,Bensergao,Azilal,Béni Mellal-Khénifra,1,Demnate,0.375,El Kansera,0.632,Khemisset,87.45341614906832,
583,Bensheikh,Al Haouz,Marrakech-Safi,1,Ouneine,0.375,Beni Chiker,0.6,Nador,87.46894409937889,
584,6éme BSI,Taza,Fès-Meknès,1,Msila,0.462,Mesti,0.615,Sidi Ifni,87.48447204968944,
585,zayo,Nador,Oriental,1,Zaïo,0.75,Zaïo,0.75,Nador,87.5,
586,tasouite,Tinghir,Drâa-Tafilalet,1,Assoul,0.571,Tagounite,0.824,Zagora,87.51552795031056,
587,tassouit,Tinghir,Drâa-Tafilalet,1,Assoul,0.714,Tassousfi,0.824,Tata,87.53105590062111,
588,taynza,Tinghir,Drâa-Tafilalet,1,Tinejdad,0.286,Taza,0.8,Taza,87.54658385093168,
589,tazakhte,Tinghir,Drâa-Tafilalet,1,Taghzoute N'Ait Atta,0.357,Taznakht,0.875,Ouarzazate,87.56211180124224,
590,tazintest,Taroudant,Souss-Massa,1,Tizi N'Test,0.8,Tizi N'Test,0.8,Taroudant,87.5776397515528,
591,B.Bchir,Al Hoceïma,Tanger-Tétouan-Al Hoceïma,1,Chakran,0.429,Beni Bechir,0.667,Taounate,87.59316770186335,
592,B.Bouayach II,Al Hoceïma,Tanger-Tétouan-Al Hoceïma,1,Bni Bouayach,0.72,Bni Bouayach,0.72,Al Hoceïma,87.6086956521739,
593,B.Bouchibat,Al Hoceïma,Tanger-Tétouan-Al Hoceïma,1,Boudinar,0.526,Bni Bouchibet,0.75,Taounate,87.62422360248448,
594,B.Bouyafroun,Nador,Oriental,1,Bni Bouifrou,0.667,Bouarouss,0.667,Taounate,87.63975155279503,
595,B.Elain,Chefchaouen,Tanger-Tétouan-Al Hoceïma,1,Bni Selmane,0.556,Belfaa,0.615,Chtouka-Aït Baha,87.65527950310559,
596,Kalaa Magoune,Ouarzazate,Drâa-Tafilalet,1,Amerzgane,0.364,Kalaat M'Gouna,0.815,Tinghir,87.67080745341615,
597,Kalaa Sraghna,El Kelâa des Sraghna,Marrakech-Safi,1,El Kelâat Es-Sraghna,0.727,El Kelâat Es-Sraghna,0.727,El Kelâa des Sraghna,87.6863354037267,
598,Kalaa-Ourache,Taounate,Fès-Meknès,1,Abdelghaya Souahel,0.645,Larache,0.7,Larache,87.70186335403727,
599,Jamat sidi ghayat,Al Haouz,Marrakech-Safi,1,Sidi Badhaj,0.5,Zaouiat Sidi Hamza,0.686,Midelt,87.71739130434783,
600,Jemeât old mimoun,Moulay Yacoub,Fès-Meknès,1,Oulad Mimoun,0.621,Oulad Mimoun,0.621,Moulay Yacoub,87.73291925465838,
601,Jerf lmlha,Sidi Kacem,Rabat-Salé-Kénitra,1,Ain Jemaa,0.421,Jorf El Melha,0.783,Ouezzane,87.74844720496894,
602,Jida,Tinghir,Drâa-Tafilalet,1,Tinejdad,0.5,Jaidate,0.727,Marrakech,87.7639751552795,
603,Jiha-Soufla,Taounate,Fès-Meknès,1,Thar Es-Souk,0.522,Toudgha Essoufla,0.667,Tinghir,87.77950310559007,
604,Jnan Ward,Fès,Fès-Meknès,1,Ain Kansra,0.421,Ain Harrouda,0.571,Médiouna,87.79503105590062,
605,Jnan kastiyine,Larache,Tanger-Tétouan-Al Hoceïma,1,Ksar el-Kebir,0.296,Mrhassiyine,0.56,Meknès,87.81055900621118,
606,Jnan nokbi,Fès,Fès-Meknès,1,Ain Bida,0.556,Jnane Bouih,0.667,Youssoufia,87.82608695652173,
607,"B,chiker",Nador,Oriental,1,Beni Chiker,0.737,Beni Chiker,0.737,Nador,87.8416149068323,
608,Ikhourba,Béni Mellal,Béni Mellal-Khénifra,1,Afourar,0.533,Khouribga,0.824,Khouribga,87.85714285714286,
609,Imgharne,Ouarzazate,Drâa-Tafilalet,1,Idelsane,0.5,Ighzrane,0.75,Taza,87.87267080745342,
610,Imgoune,Taroudant,Souss-Massa,1,Bigoudine,0.75,Imsouane,0.8,Agadir-Ida Ou Tanane,87.88819875776397,
611,Imouzar Kendr,Sefrou,Fès-Meknès,1,Imouzzer Kandar,0.786,Imouzzer Kandar,0.786,Sefrou,87.90372670807453,
612,Imzilne,Tinghir,Drâa-Tafilalet,1,Imider,0.615,Idmine,0.769,Agadir-Ida Ou Tanane,87.9192546583851,
613,Irguita,Taroudant,Souss-Massa,1,Igli,0.545,Tizguite,0.667,Ifrane,87.93478260869566,
614,Issakssi,Azilal,Béni Mellal-Khénifra,1,Tisqi,0.462,Isseksi,0.8,Béni Mellal,87.95031055900621,
615,Iwareden,Azilal,Béni Mellal-Khénifra,1,Aït Majden,0.556,Mibladen,0.625,Midelt,87.96583850931677,
616,Jabriénne,Ouezzane,Tanger-Tétouan-Al Hoceïma,1,Aïn Béida,0.333,Jabria,0.667,Sidi Bennour,87.98136645962732,
617,Jamaat Lamrasla,Safi,Marrakech-Safi,1,Lamrasla,0.696,Lamrasla,0.696,Safi,87.9968944099379,
618,Hidar,Driouch,Oriental,1,Midar,0.8,Midar,0.8,Driouch,88.01242236024845,
619,Hk,Sidi Kacem,Rabat-Salé-Kénitra,1,Tekna,0.286,Chbika,0.5,Tan-Tan,88.027950310559,
620,"B,enssar",Nador,Oriental,1,Beni Ansar,0.667,Beni Ansar,0.667,Nador,88.04347826086956,
621,B. Bounsar,Al Hoceïma,Tanger-Tétouan-Al Hoceïma,1,Boudinar,0.667,Bni Bounsar,0.857,Taounate,88.05900621118012,
622,B. ensar,Nador,Oriental,1,Beni Ansar,0.667,Bir Ennasr,0.667,Benslimane,88.07453416149069,
623,Laayayta,Béni Mellal,Béni Mellal-Khénifra,1,Kasba Tadla,0.211,Oulad Ayyad,0.526,Sefrou,88.09006211180125,
624,Laazib,Taroudant,Souss-Massa,1,Lamhadi,0.615,Melaab,0.667,Errachidia,88.1055900621118,
625,Karoil,Azilal,Béni Mellal-Khénifra,1,Azilal,0.5,Martil,0.667,Tétouan,88.12111801242236,
626,Karouel,Azilal,Béni Mellal-Khénifra,1,Taounza,0.429,Tazroute,0.667,Chefchaouen,88.13664596273291,
627,Kcebia,Sidi Slimane,Rabat-Salé-Kénitra,1,Kceibya,0.769,Kceibya,0.769,Sidi Slimane,88.15217391304348,
628,Kebdani,Nador,Oriental,1,Iksane,0.462,Dar El Kebdani,0.667,Driouch,88.16770186335404,
629,"Kelaat M,",Tinghir,Drâa-Tafilalet,1,Kalaat M'Gouna,0.609,Kalaat M'Gouna,0.609,Tinghir,88.1832298136646,
630,Khandak Zeboua,Tétouan,Tanger-Tétouan-Al Hoceïma,1,Al Kharroub,0.4,Had Boumoussa,0.593,Fquih Ben Salah,88.19875776397515,
631,Kharba,Chtouka-Aït Baha,Souss-Massa,1,Tabia,0.545,Hrara,0.727,Safi,88.21428571428571,
632,Khmalca,Taounate,Fès-Meknès,1,Khlalfa,0.714,Khlalfa,0.714,Taounate,88.22981366459628,
633,Khmis Anjra,Fahs-Anjra,Tanger-Tétouan-Al Hoceïma,1,Anjra,0.625,Khmis Ksiba,0.636,Rehamna,88.24534161490683,
634,Khmiss AitAmira,Chtouka-Aït Baha,Souss-Massa,1,Ait Mzal,0.348,Ait Amira,0.667,Inezgane-Aït Melloul,88.26086956521739,
635,Khmiss Anjra,Chefchaouen,Tanger-Tétouan-Al Hoceïma,1,Bni Mansour,0.348,Kissane,0.632,Taounate,88.27639751552795,
636,Khmiss anjra,Fahs-Anjra,Tanger-Tétouan-Al Hoceïma,1,Anjra,0.588,Kissane,0.632,Taounate,88.2919254658385,
637,Kmis Anjra,Fahs-Anjra,Tanger-Tétouan-Al Hoceïma,1,Anjra,0.667,Anjra,0.667,Fahs-Anjra,88.30745341614907,
638,"B,bouayach",Al Hoceïma,Tanger-Tétouan-Al Hoceïma,1,Bni Bouayach,0.818,Bni Bouayach,0.818,Al Hoceïma,88.32298136645963,
639,Lalla Aicha,Ouezzane,Tanger-Tétouan-Al Hoceïma,1,Lamrabih,0.526,Laagagcha,0.7,Sidi Bennour,88.33850931677019,
640,Lalla aicha,Ouezzane,Tanger-Tétouan-Al Hoceïma,1,Lamrabih,0.526,Laagagcha,0.7,Sidi Bennour,88.35403726708074,
641,Lari Chiekh,Nador,Oriental,1,Beni Chiker,0.545,Larache,0.667,Larache,88.3695652173913,
642,Lbour,Tinghir,Drâa-Tafilalet,1,Outerbat,0.462,Bourd,0.8,Al Hoceïma,88.38509316770187,
643,Lemzar,Zagora,Drâa-Tafilalet,1,Zagora,0.5,Témara,0.667,Skhirate-Témara,88.40062111801242,
644,Lhote,Tinghir,Drâa-Tafilalet,1,Outerbat,0.462,Tlite,0.6,Ouarzazate,88.41614906832298,
645,Lhotte,Tinghir,Drâa-Tafilalet,1,Outerbat,0.429,Hattane,0.615,Khouribga,88.43167701863354,
646,Lmzam*,Azilal,Béni Mellal-Khénifra,1,Ait M'Hamed,0.353,Mazguitam,0.533,Guercif,88.4472049689441,
647,Lmzem,El Kelâa des Sraghna,Marrakech-Safi,1,Zemrane,0.5,Talzemt,0.667,Boulemane,88.46273291925466,
648,Kssibat,Chefchaouen,Tanger-Tétouan-Al Hoceïma,1,Tassift,0.571,Khmis Ksiba,0.667,Rehamna,88.47826086956522,
649,Kssibiya,Sidi Kacem,Rabat-Salé-Kénitra,1,Sidi Kacem,0.444,Kceibya,0.667,Sidi Slimane,88.49378881987577,
650,L Foukani,Driouch,Oriental,1,Ifarni,0.533,El Gouraani,0.7,Youssoufia,88.50931677018633,
651,L'Habita,Sefrou,Fès-Meknès,1,Dar El Hamra,0.5,Lgharbia,0.75,Sidi Bennour,88.5248447204969,
652,Laabiate,Sidi Slimane,Rabat-Salé-Kénitra,1,Nouirate,0.5,Laaouinate,0.778,Jerada,88.54037267080746,
653,Laai chikh,Nador,Oriental,1,Beni Chiker,0.571,Zaouiat Cheikh,0.667,Khénifra,88.55590062111801,
654,Laari Chikh,Taounate,Fès-Meknès,1,Aïn Aïcha,0.5,Zaouiat Cheikh,0.64,Khénifra,88.57142857142857,
655,Labita od said,Settat,Casablanca-Settat,1,Oulad Saïd,0.667,Ait Said,0.727,Essaouira,88.58695652173913,
656,Hkmiss,Tinghir,Drâa-Tafilalet,1,M'Ssici,0.462,Khémisset,0.667,Khemisset,88.6024844720497,
657,Hmer Iglalcha,Taroudant,Souss-Massa,1,Ahmar Laglalcha,0.786,Ahmar Laglalcha,0.786,Taroudant,88.61801242236025,
658,Hors Province,Settat,Casablanca-Settat,1,Ras Al Ain,0.435,Sid Zouine,0.348,Marrakech,88.63354037267081,
659,Houara od rahou,Taza,Fès-Meknès,1,Oulad Bourima,0.5,Houara Oulad Raho,0.875,Guercif,88.64906832298136,
660,Houciema,Al Hoceïma,Tanger-Tétouan-Al Hoceïma,1,Al Hoceïma,0.667,Haouzia,0.667,El Jadida,88.66459627329192,
661,Idaouguelloule,Essaouira,Marrakech-Safi,1,Sidi El Jazouli,0.483,Ida Ou Guelloul,0.897,Agadir-Ida Ou Tanane,88.68012422360249,
662,Idaouzemzeme,Essaouira,Marrakech-Safi,1,Ida Ou Aazza,0.583,Ida Ou Moumen,0.64,Taroudant,88.69565217391305,
663,Idaouzemzème,Essaouira,Marrakech-Safi,1,Ida Ou Aazza,0.583,Ida Ou Moumen,0.64,Taroudant,88.7111801242236,
664,Ighrem Amazdar,Tinghir,Drâa-Tafilalet,1,Taghzoute N'Ait Atta,0.412,Ighrem N'Ougdal,0.621,Ouarzazate,88.72670807453416,
665,Ighrmloulne,Tinghir,Drâa-Tafilalet,1,Aghbalou N'Kerdous,0.483,Tighedouine,0.636,Al Haouz,88.74223602484471,
666,Ihchach,Essaouira,Marrakech-Safi,1,El Hanchane,0.444,Tichla,0.615,Aousserd,88.75776397515529,
667,Ihoudjine,Azilal,Béni Mellal-Khénifra,1,Imi N'Oulaoune,0.435,Bigoudine,0.778,Taroudant,88.77329192546584,
668,B.Louta,Nador,Oriental,1,Bouarg,0.615,Louta,0.833,Al Hoceïma,88.7888198757764,
669,Lakrakra,Settat,Casablanca-Settat,1,Lahouaza,0.5,Laqraqra,0.75,Fquih Ben Salah,88.80434782608695,
670,Lakrimat,Essaouira,Marrakech-Safi,1,Korimate,0.75,Korimate,0.75,Essaouira,88.81987577639751,
671,Maayach,Tinghir,Drâa-Tafilalet,1,Imilchil,0.4,Ayacha,0.769,Larache,88.83540372670808,
672,Machouar,Al Haouz,Marrakech-Safi,1,Aghouatim,0.588,Mançoura,0.75,Taounate,88.85093167701864,
673,Machouar,Tinghir,Drâa-Tafilalet,1,Assoul,0.429,Mançoura,0.75,Taounate,88.86645962732919,
674,Mahrek Melak,Settat,Casablanca-Settat,1,Ain Blal,0.4,Machraa El Ain,0.615,Taroudant,88.88198757763975,
675,M Bakay,Sefrou,Fès-Meknès,1,Matmata,0.429,M'Haya,0.615,Moulay Yacoub,88.8975155279503,
676,M bekay,Sefrou,Fès-Meknès,1,Imouzzer Kandar,0.364,M'Haya,0.615,Moulay Yacoub,88.91304347826087,
677,M'Hannech,Tétouan,Tanger-Tétouan-Al Hoceïma,1,Mallalienne,0.5,M'Hajer,0.625,Driouch,88.92857142857143,
678,M'Hirija,Guercif,Oriental,1,Lamrija,0.667,Merija,0.714,Jerada,88.94409937888199,
679,M'Sasa,Taounate,Fès-Meknès,1,Messassa,0.714,M'Saada,0.769,Sidi Slimane,88.95962732919254,
680,M'sasa,Taounate,Fès-Meknès,1,Messassa,0.714,M'Saada,0.769,Sidi Slimane,88.9751552795031,
681,"M, Bakay",Sefrou,Fès-Meknès,1,Matmata,0.4,M'Haya,0.571,Moulay Yacoub,88.99068322981367,
682,Assifane,Chefchaouen,Tanger-Tétouan-Al Hoceïma,1,Tassift,0.667,Ifrane,0.714,Ifrane,89.00621118012423,
683,Attaouia Chaaibia,El Kelâa des Sraghna,Marrakech-Safi,1,Laattaouia Ech-Chaybia,0.769,Laattaouia Ech-Chaybia,0.769,El Kelâa des Sraghna,89.02173913043478,
684,Aychtoume,Taounate,Fès-Meknès,1,Taounate,0.471,Chtouka,0.625,El Jadida,89.03726708074534,
685,Azlaf,Nador,Oriental,1,Al Aroui,0.462,Azla,0.889,Tétouan,89.0527950310559,
686,Azou,Tinghir,Drâa-Tafilalet,1,Assoul,0.6,Azrou,0.889,Ifrane,89.06832298136646,
687,B K,Sidi Kacem,Rabat-Salé-Kénitra,1,Bab Tiouka,0.462,N'Kob,0.5,Tinghir,89.08385093167702,
688,B.M,Béni Mellal,Béni Mellal-Khénifra,1,Beni Mellal,0.286,Boumia,0.444,Midelt,89.09937888198758,
689,B.S Jbel,Nador,Oriental,1,Bni Sidel Jbel,0.636,Bni Sidel Jbel,0.636,Nador,89.11490683229813,
690,B.S jbel,Nador,Oriental,1,Bni Sidel Jbel,0.636,Bni Sidel Jbel,0.636,Nador,89.1304347826087,
691,B.bouayach I,Al Hoceïma,Tanger-Tétouan-Al Hoceïma,1,Bni Bouayach,0.75,Bni Bouayach,0.75,Al Hoceïma,89.14596273291926,
692,B.bounsar,Al Hoceïma,Tanger-Tétouan-Al Hoceïma,1,Boudinar,0.706,Bni Bounsar,0.8,Taounate,89.16149068322981,
693,Hdida,Tinghir,Drâa-Tafilalet,1,Tinejdad,0.462,Haddada,0.667,Kénitra,89.17701863354037,
694,Hed Mssila,Taza,Fès-Meknès,1,Msila,0.667,H'Ssyia,0.706,Zagora,89.19254658385093,
695,Hey Mohammadi,Béni Mellal,Béni Mellal-Khénifra,1,Sidi Hammadi,0.64,Mohammédia,0.696,Mohammedia,89.2080745341615,
696,Hay Alfarah Im 14 N°5,Agadir-Ida Ou Tanane,Souss-Massa,1,Ait Aissi Ihahane,0.216,Moulay Brahim,0.485,Al Haouz,89.22360248447205,
697,B Sidel,Nador,Oriental,1,Bni Sidel Jbel,0.667,Jbiel,0.667,El Kelâa des Sraghna,89.23913043478261,
698,B' sabsa,Taounate,Fès-Meknès,1,El Bsabsa,0.75,El Bsabsa,0.75,Taounate,89.25465838509317,
699,"B,M",Béni Mellal,Béni Mellal-Khénifra,1,Beni Mellal,0.286,Boumia,0.444,Midelt,89.27018633540372,
700,"B,Maraghnine",Driouch,Oriental,1,Bni Marghnine,0.8,Bni Marghnine,0.8,Driouch,89.28571428571429,
701,"M,Bouchta M,Bouchta",Taounate,Fès-Meknès,1,Bouhouda,0.519,Bouabout,0.593,Chichaoua,89.30124223602485,
702,M/bouchta,Taounate,Fès-Meknès,1,Bni Bouchibet,0.636,Moulay Bouchta,0.783,Moulay Yacoub,89.3167701863354,
703,Meghater,Larache,Tanger-Tétouan-Al Hoceïma,1,Sidi Mohamed Lahmar,0.37,Ghmate,0.714,Al Haouz,89.33229813664596,
704,Meghrawa,Taza,Fès-Meknès,1,Maghraoua,0.706,Maghraoua,0.706,Taza,89.34782608695652,
705,Mellaha,Settat,Casablanca-Settat,1,Lahouaza,0.533,Melaab,0.769,Errachidia,89.36335403726709,
706,Mellaha,Tétouan,Tanger-Tétouan-Al Hoceïma,1,Mallalienne,0.444,Melaab,0.769,Errachidia,89.37888198757764,
707,Maimouna,Kénitra,Rabat-Salé-Kénitra,1,Ait Malek,0.235,Médiouna,0.75,Nouaceur,89.3944099378882,
708,Maksouline,Al Hoceïma,Tanger-Tétouan-Al Hoceïma,1,Tifarouine,0.6,Bni Gmil Maksouline,0.69,Taounate,89.40993788819875,
709,Malhart,Settat,Casablanca-Settat,1,Mniaa,0.5,Al Hamra,0.667,Chefchaouen,89.42546583850931,
710,Mallaha,Settat,Casablanca-Settat,1,Lahouaza,0.533,Tamallalt,0.625,El Kelâa des Sraghna,89.44099378881988,
711,Mallaha centre,Settat,Casablanca-Settat,1,Machraa Ben Abbou,0.452,Mallalienne,0.64,Tétouan,89.45652173913044,
712,Marenniene,Fès,Fès-Meknès,1,Louadaine,0.421,Bni Marghnine,0.609,Driouch,89.472049689441,
713,Marjane,Boulemane,Fès-Meknès,1,Boulemane,0.5,Zemrane,0.714,El Kelâa des Sraghna,89.48757763975155,
714,Massira,Ouezzane,Tanger-Tétouan-Al Hoceïma,1,Masmouda,0.533,Massa,0.833,Tiznit,89.5031055900621,
715,Massira,Taza,Fès-Meknès,1,Msila,0.667,Massa,0.833,Tiznit,89.51863354037268,
716,Massira 2,Béni Mellal,Béni Mellal-Khénifra,1,Kasba Tadla,0.4,Massa,0.714,Tiznit,89.53416149068323,
717,Massira 2,Taza,Fès-Meknès,1,Msila,0.571,Massa,0.714,Tiznit,89.54968944099379,
718,B Bouyafrou,Nador,Oriental,1,Bni Bouifrou,0.783,Bni Bouifrou,0.783,Nador,89.56521739130434,
719,Hay Salam,Meknès,Fès-Meknès,1,Ait Yaazem,0.526,Had Soualem,0.7,Nouaceur,89.5807453416149,
720,Hay Sidi Daoud,Inezgane-Aït Melloul,Souss-Massa,1,Oulad Dahou,0.56,Ait Sidi Daoud,0.857,Marrakech,89.59627329192547,
721,Hay Taslouine,Agadir-Ida Ou Tanane,Souss-Massa,1,Imsouane,0.476,Taliouine,0.727,Tata,89.61180124223603,
722,Hay eljadid,Larache,Tanger-Tétouan-Al Hoceïma,1,Bahhara Oulad Ayad,0.483,El Jadida,0.7,El Jadida,89.62732919254658,
723,Hay elyasmine,Sidi Kacem,Rabat-Salé-Kénitra,1,Chbanate,0.286,Ras El Ain,0.609,Youssoufia,89.64285714285714,
724,Hay hassani,Al Haouz,Marrakech-Safi,1,Assaki,0.588,Bni Hassane,0.636,Azilal,89.6583850931677,
725,Hay khatabi rue 4 n°32,Nador,Oriental,1,Hassi Berkane,0.353,Al Kharroub,0.375,Tétouan,89.67391304347827,
726,B.Ensar,Nador,Oriental,1,Beni Ansar,0.706,Beni Ansar,0.706,Nador,89.68944099378882,
727,B.Gmil Maksouline,Al Hoceïma,Tanger-Tétouan-Al Hoceïma,1,Tifarouine,0.519,Bni Gmil Maksouline,0.889,Taounate,89.70496894409938,
728,Guéliz,Al Haouz,Marrakech-Safi,1,Iguidi,0.5,Guelmim,0.769,Guelmim,89.72049689440993,
729,Guéliz,Al Hoceïma,Tanger-Tétouan-Al Hoceïma,1,Targuist,0.429,Guelmim,0.769,Guelmim,89.7360248447205,
730,Mbarek El Bakay,Sefrou,Fès-Meknès,1,Dar El Hamra,0.593,Dar El Hamra,0.593,Sefrou,89.75155279503106,
731,Mbarek bakay,Sefrou,Fès-Meknès,1,Mtarnagha,0.476,Al Barkanyene,0.48,Berkane,89.76708074534162,
732,Mbarek lbkay,Sefrou,Fès-Meknès,1,Dar El Hamra,0.417,Majmaa Tolba,0.25,Khemisset,89.78260869565217,
733,Mdiq Fnideq,M'diq-Fnideq,Tanger-Tétouan-Al Hoceïma,1,Fnideq,0.706,Fnideq,0.706,M'diq-Fnideq,89.79813664596273,
734,Medina,Essaouira,Marrakech-Safi,1,Tafedna,0.615,Médiouna,0.857,Nouaceur,89.8136645962733,
735,Mtiwa,Chefchaouen,Tanger-Tétouan-Al Hoceïma,1,Amtar,0.6,Smià,0.667,Taza,89.82919254658385,
736,Mellala,Settat,Casablanca-Settat,1,Mniaa,0.5,Mellila,0.857,Benslimane,89.84472049689441,
737,Menara,Azilal,Béni Mellal-Khénifra,1,Demnate,0.462,Mnasra,0.833,Kénitra,89.86024844720497,
738,Menara,Boulemane,Fès-Meknès,1,Ermila,0.333,Mnasra,0.833,Kénitra,89.87577639751552,
739,Menara,El Kelâa des Sraghna,Marrakech-Safi,1,Lamharra,0.571,Mnasra,0.833,Kénitra,89.8913043478261,
740,Menara,Fquih Ben Salah,Béni Mellal-Khénifra,1,Hel Merbaa,0.5,Mnasra,0.833,Kénitra,89.90683229813665,
741,Menara,Taounate,Fès-Meknès,1,Mezraoua,0.571,Mnasra,0.833,Kénitra,89.9223602484472,
742,Menara,Tiznit,Souss-Massa,1,Massa,0.545,Mnasra,0.833,Kénitra,89.93788819875776,
743,Menzel,Sefrou,Fès-Meknès,1,El Menzel,0.8,El Menzel,0.8,Sefrou,89.95341614906832,
744,Merna,Tinghir,Drâa-Tafilalet,1,Imider,0.545,Merija,0.727,Jerada,89.96894409937889,
745,Mesnana,Guercif,Oriental,1,Saka,0.545,Meskala,0.714,Essaouira,89.98447204968944,
746,Massira I,Taza,Fès-Meknès,1,Msila,0.571,Massa,0.714,Tiznit,90.0,
747,Hay Jadid,Sidi Kacem,Rabat-Salé-Kénitra,1,Ain Jemaa,0.444,El Jadida,0.667,El Jadida,90.01552795031056,
748,Hay Korsi Rue Almasjid,Taroudant,Souss-Massa,1,Sidi Abdellah Ou Said,0.419,Ksar al Majaz,0.457,Fahs-Anjra,90.03105590062111,
749,Hay Maurice,Inezgane-Aït Melloul,Souss-Massa,1,Ait Melloul,0.364,Ait Ouribel,0.545,Khemisset,90.04658385093168,
750,Hay Mohammadi,Béni Mellal,Béni Mellal-Khénifra,1,Sidi Hammadi,0.64,Mohammédia,0.696,Mohammedia,90.06211180124224,
751,My BRAHIM,Al Haouz,Marrakech-Safi,1,Moulay Brahim,0.818,Moulay Brahim,0.818,Al Haouz,90.0776397515528,
752,My Bouaazza,Khénifra,Béni Mellal-Khénifra,1,Ouaoumana,0.5,Moulay Bouazza,0.8,Khemisset,90.09316770186335,
753,My Dris,Meknès,Fès-Meknès,1,Moulay Idriss Zarhoun,0.5,M'Diq,0.667,M'diq-Fnideq,90.1086956521739,
754,My Driss,Meknès,Fès-Meknès,1,Moulay Idriss Zarhoun,0.552,M'Diq,0.615,M'diq-Fnideq,90.12422360248448,
755,My El Hassan,Tétouan,Tanger-Tétouan-Al Hoceïma,1,Bni Arouss,0.364,Fam El Hisn,0.696,Assa-Zag,90.13975155279503,
756,My abdellah cherif,Ouezzane,Tanger-Tétouan-Al Hoceïma,1,Moulay Abdelkader,0.629,Moulay Abdellah Amghar,0.7,El Jadida,90.15527950310559,
757,My driss,Meknès,Fès-Meknès,1,Moulay Idriss Zarhoun,0.552,M'Diq,0.615,M'diq-Fnideq,90.17080745341615,
758,Mestitef,Sidi Kacem,Rabat-Salé-Kénitra,1,Selfat,0.286,Mesti,0.769,Sidi Ifni,90.1863354037267,
759,Mezdglia jorf,Sefrou,Fès-Meknès,1,El Menzel,0.364,Mezguita,0.571,Ouarzazate,90.20186335403727,
760,Mghassyne,Meknès,Fès-Meknès,1,Mrhassiyine,0.8,Mrhassiyine,0.8,Meknès,90.21739130434783,
761,Mhamid 1 N°31,Al Haouz,Marrakech-Safi,1,Oukaimeden,0.273,M'Hamid El Ghizlane,0.581,Zagora,90.23291925465838,
762,Mly El Hassane,Tétouan,Tanger-Tétouan-Al Hoceïma,1,Mallalienne,0.4,Fam El Hisn,0.64,Assa-Zag,90.24844720496894,
763,Moujahidin,Ouezzane,Tanger-Tétouan-Al Hoceïma,1,Bou Jedyane,0.476,Mouarid,0.706,Chichaoua,90.2639751552795,
764,Mouklata,Tétouan,Tanger-Tétouan-Al Hoceïma,1,Oued Laou,0.471,Oulad Mtaa,0.667,Al Haouz,90.27950310559007,
765,Moulay Bouchebla,Taounate,Fès-Meknès,1,Moulay Ahmed Cherif,0.571,Moulay Bouchta,0.867,Moulay Yacoub,90.29503105590062,
766,Mrabih,Sidi Kacem,Rabat-Salé-Kénitra,1,Bab Tiouka,0.375,Lamrabih,0.857,Ouezzane,90.31055900621118,
767,Médina,Meknès,Fès-Meknès,1,Oued Jdida,0.5,Médiouna,0.857,Nouaceur,90.32608695652173,
768,Médina,Safi,Marrakech-Safi,1,Loualidia,0.4,Médiouna,0.857,Nouaceur,90.3416149068323,
769,"N 222,Hay Alfalah",Chtouka-Aït Baha,Souss-Massa,1,Ait Abdellah,0.483,Ait Harz Allah,0.581,El Hajeb,90.35714285714286,
770,Nkheila,Settat,Casablanca-Settat,1,Mniaa,0.5,N'khila,0.857,Khouribga,90.37267080745342,
771,N°114 H Biranzarane,Taroudant,Souss-Massa,1,Tinzart,0.4,Bir Anzarane,0.733,Oued Ed-Dahab,90.38819875776397,
772,"N°20, Rue 958,Hay Salam",Agadir-Ida Ou Tanane,Souss-Massa,1,Ait Aissi Ihahane,0.256,Oulad Slama,0.424,Kénitra,90.40372670807453,
773,"N°39,Akniss",Taroudant,Souss-Massa,1,Lakhnafif,0.421,Lakhsas,0.471,Tiznit,90.4192546583851,
774,"N°80,Lot Almostakbal,Bloc3",Inezgane-Aït Melloul,Souss-Massa,1,Ait Melloul,0.167,Talmakante,0.4,Taroudant,90.43478260869566,
775,O Akalay,Taroudant,Souss-Massa,1,Oualqadi,0.5,Saadla,0.571,Safi,90.45031055900621,
776,O S B,Al Haouz,Marrakech-Safi,1,Sidi Badhaj,0.375,Oulad Sbih,0.533,El Kelâa des Sraghna,90.46583850931677,
777,My AHMED CHRIF,Al Hoceïma,Tanger-Tétouan-Al Hoceïma,1,Bni Hadifa,0.417,Moulay Ahmed Cherif,0.848,Taounate,90.48136645962732,
778,My Abdelkader,Sidi Kacem,Rabat-Salé-Kénitra,1,Sidi Kacem,0.348,Moulay Abdelkader,0.867,Ouezzane,90.4968944099379,
779,My Abdelkarim,Taounate,Fès-Meknès,1,Moulay Ahmed Cherif,0.5,Moulay Abdelkrim,0.828,Moulay Yacoub,90.51242236024845,
780,My Abdelkrim,Taounate,Fès-Meknès,1,Moulay Ahmed Cherif,0.516,Moulay Abdelkrim,0.857,Moulay Yacoub,90.527950310559,
781,My Abdellah Chrif,Ouezzane,Tanger-Tétouan-Al Hoceïma,1,Moulay Abdelkader,0.588,Moulay Abdellah Amghar,0.718,El Jadida,90.54347826086956,
782,My Abdlkrim,Taounate,Fès-Meknès,1,Moulay Ahmed Cherif,0.467,Moulay Abdelkrim,0.815,Moulay Yacoub,90.55900621118012,
783,My youssef,Meknès,Fès-Meknès,1,Ouislane,0.444,Ouled Youssef,0.696,Fquih Ben Salah,90.57453416149069,
784,Guéliz,Taza,Fès-Meknès,1,Oued Amlil,0.5,Guelmim,0.769,Guelmim,90.59006211180125,
785,H.Mohamadi,Béni Mellal,Béni Mellal-Khénifra,1,Sidi Hammadi,0.545,Mohammédia,0.7,Mohammedia,90.6055900621118,
786,H.Mohmadi,Béni Mellal,Béni Mellal-Khénifra,1,Sidi Hammadi,0.571,Mohammédia,0.632,Mohammedia,90.62111801242236,
787,Hachane,Essaouira,Marrakech-Safi,1,El Hanchane,0.778,El Hanchane,0.778,Essaouira,90.63664596273291,
788,Had Sidi Abdellah,Rehamna,Marrakech-Safi,1,Sidi Abdallah,0.8,Sidi Abdallah,0.8,Rehamna,90.65217391304348,
789,Had msila,Taza,Fès-Meknès,1,Msila,0.714,Msila,0.714,Taza,90.66770186335404,
790,Hal Merbea,Fquih Ben Salah,Béni Mellal-Khénifra,1,Hel Merbaa,0.8,Hel Merbaa,0.8,Fquih Ben Salah,90.6832298136646,
791,Hamd,Tinghir,Drâa-Tafilalet,1,Imider,0.4,Tamda,0.667,Rehamna,90.69875776397515,
792,Hamria,Taounate,Fès-Meknès,1,Zarkat,0.5,Lamrija,0.769,Guercif,90.71428571428571,
793,Hana,El Kelâa des Sraghna,Marrakech-Safi,1,Hiadna,0.8,Hiadna,0.8,El Kelâa des Sraghna,90.72981366459628,
794,Haouara,Taza,Fès-Meknès,1,Maghraoua,0.625,Laouamra,0.8,Larache,90.74534161490683,
795,Haoura,Guercif,Oriental,1,Bouchaouene,0.471,Harhoura,0.857,Skhirate-Témara,90.76086956521739,
796,Fokra,Settat,Casablanca-Settat,1,Mzoura,0.545,Boukraa,0.667,Laâyoune,90.77639751552795,
797,Mzioukat Chiadma,Essaouira,Marrakech-Safi,1,Zaouiat Ben Hmida,0.545,Zaouiat Cheikh,0.6,Khénifra,90.7919254658385,
798,Mzlat,Tiznit,Souss-Massa,1,Massa,0.4,Mzilate,0.833,Chichaoua,90.80745341614907,
799,Gourziana,Taounate,Fès-Meknès,1,Ourtzagh,0.588,Ourdana,0.75,Driouch,90.82298136645963,
800,Gueldaman,Taza,Fès-Meknès,1,Galdamane,0.778,Galdamane,0.778,Taza,90.83850931677019,
801,Guèliz,Al Haouz,Marrakech-Safi,1,Iguidi,0.5,Guelmim,0.769,Guelmim,90.85403726708074,
802,F.B.Salah,Fquih Ben Salah,Béni Mellal-Khénifra,1,Fkih Ben Salah,0.609,Bni Salah,0.667,Chefchaouen,90.8695652173913,
803,Od Belahcen,Larache,Tanger-Tétouan-Al Hoceïma,1,Souaken,0.444,Ain Lahcen,0.667,Tétouan,90.88509316770187,
804,Od Belhcen,Larache,Tanger-Tétouan-Al Hoceïma,1,Moulay Bousselham,0.444,Ain Lahcen,0.6,Tétouan,90.90062111801242,
805,Od Bouchour,Settat,Casablanca-Settat,1,Oulad Abbou,0.545,Bouhlou,0.667,Taza,90.91614906832298,
806,Od Brhil,Taroudant,Souss-Massa,1,Oulad Berhil,0.8,Oulad Berhil,0.8,Taroudant,90.93167701863354,
807,Od Ghalem,Settat,Casablanca-Settat,1,Toualet,0.5,Ouled Ghanem,0.762,Sidi Bennour,90.9472049689441,
808,Od Illoul,Béni Mellal,Béni Mellal-Khénifra,1,Timoulilt,0.444,Oulad Imloul,0.762,El Kelâa des Sraghna,90.96273291925466,
809,Od Kasaba,Taounate,Fès-Meknès,1,Oudka,0.571,Ouled Aissa,0.6,Taroudant,90.97826086956522,
810,Od Malrk,Sidi Kacem,Rabat-Salé-Kénitra,1,Oulad Nouel,0.421,Oulad M'Barek,0.667,Béni Mellal,90.99378881987577,
811,Od Mbarek,Béni Mellal,Béni Mellal-Khénifra,1,Oulad M'Barek,0.818,Oulad M'Barek,0.818,Béni Mellal,91.00931677018633,
812,Od Noual,Sidi Kacem,Rabat-Salé-Kénitra,1,Oulad Nouel,0.737,Oulad Nouel,0.737,Sidi Kacem,91.0248447204969,
813,Od Rahou Benaissa,Nador,Oriental,1,Beni Ansar,0.444,Sidi Ahmed Benaissa,0.722,Ouezzane,91.04037267080746,
814,Od Sghair,Settat,Casablanca-Settat,1,Oulad Sghir,0.8,Oulad Sghir,0.8,Settat,91.05590062111801,
815,Aolos,Taroudant,Souss-Massa,1,Aoulouz,0.667,Aoulouz,0.667,Taroudant,91.07142857142857,
816,Od Teima,Taroudant,Souss-Massa,1,Oulad Berhil,0.5,Ouled Teima,0.842,Inezgane-Aït Melloul,91.08695652173913,
817,Old Ayad,Béni Mellal,Béni Mellal-Khénifra,1,Ouled Yaïch,0.632,Oulad Ayad,0.889,Fquih Ben Salah,91.1024844720497,
818,Old Bader,Ouezzane,Tanger-Tétouan-Al Hoceïma,1,Moulay Abdelkader,0.538,Oulad Berhil,0.667,Taroudant,91.11801242236025,
819,Ouaadia,Al Hoceïma,Tanger-Tétouan-Al Hoceïma,1,Rouadi,0.769,Oualqadi,0.8,Taroudant,91.13354037267081,
820,Ouad Almakhazine,Kénitra,Rabat-Salé-Kénitra,1,Oulad Slama,0.593,Oued El Makhazine,0.848,Ouezzane,91.14906832298136,
821,Ouad elabid,Azilal,Béni Mellal-Khénifra,1,Ouaoula,0.556,Oulad Saïd,0.762,Settat,91.16459627329192,
822,Ouadelabid,Azilal,Béni Mellal-Khénifra,1,Ouaoula,0.588,Bouadel,0.706,Taounate,91.18012422360249,
823,Ouald Rahou,Guercif,Oriental,1,Houara Oulad Raho,0.714,Oulad Dahou,0.818,Inezgane-Aït Melloul,91.19565217391305,
824,Ouaouizert,Azilal,Béni Mellal-Khénifra,1,Ouaoula,0.588,Ouaouizaght,0.762,Béni Mellal,91.2111801242236,
825,"O, Daoud",Taounate,Fès-Meknès,1,Oulad Daoud,0.737,Oulad Daoud,0.737,Taounate,91.22670807453416,
826,Foum Anseur,Béni Mellal,Béni Mellal-Khénifra,1,Foum El Anceur,0.8,Foum El Anceur,0.8,Béni Mellal,91.24223602484471,
827,Foum anseur,Béni Mellal,Béni Mellal-Khénifra,1,Foum El Anceur,0.8,Foum El Anceur,0.8,Béni Mellal,91.25776397515529,
828,Fraoua,Sidi Kacem,Rabat-Salé-Kénitra,1,Zirara,0.5,Arbaoua,0.769,Larache,91.27329192546584,
829,Ghafsey,Taounate,Fès-Meknès,1,Ghafsai,0.714,Ghafsai,0.714,Taounate,91.2888198757764,
830,Ghiyata gharb,Taza,Fès-Meknès,1,Ghiata Al Gharbia,0.8,Ghiata Al Gharbia,0.8,Taza,91.30434782608695,
831,Bab Mrouje,Taza,Fès-Meknès,1,Bab Marzouka,0.727,Bab Marzouka,0.727,Taza,91.31987577639751,
832,Bab ramla,Taza,Fès-Meknès,1,Bab Marzouka,0.571,Bab Taza,0.706,Chefchaouen,91.33540372670808,
833,Bab tété,Ouarzazate,Drâa-Tafilalet,1,Télouet,0.4,Bab Berred,0.667,Chefchaouen,91.35093167701864,
834,Bab wandar,Taounate,Fès-Meknès,1,Jbabra,0.5,Bab Taza,0.667,Chefchaouen,91.36645962732919,
835,Fahs Anjra,Fahs-Anjra,Tanger-Tétouan-Al Hoceïma,1,Anjra,0.667,Lahsasna,0.667,Berrechid,91.38198757763975,
836,Fahs anjra,Fahs-Anjra,Tanger-Tétouan-Al Hoceïma,1,Anjra,0.667,Lahsasna,0.667,Berrechid,91.3975155279503,
837,Far,Tinghir,Drâa-Tafilalet,1,Aït Elfarsi,0.429,Ifarni,0.667,Driouch,91.41304347826087,
838,El Qods,El Kelâa des Sraghna,Marrakech-Safi,1,El Marbouh,0.471,El Mers,0.571,Boulemane,91.42857142857143,
839,El Yasmine,Sidi Kacem,Rabat-Salé-Kénitra,1,Ain Jemaa,0.421,Lahsinate,0.632,Essaouira,91.44409937888199,
840,Oued kasaba,Taounate,Fès-Meknès,1,Oued Jemaa,0.667,Ouled Aissa,0.727,Taroudant,91.45962732919254,
841,Oued kassaba,Taounate,Fès-Meknès,1,Oued Jemaa,0.636,Ouled Aissa,0.783,Taroudant,91.4751552795031,
842,Oued laabid,Azilal,Béni Mellal-Khénifra,1,Agoudi N'Lkhair,0.538,Oued Naam,0.7,Errachidia,91.49068322981367,
843,Oughroud,Tinghir,Drâa-Tafilalet,1,Bou Azmou,0.471,Bouhouda,0.75,Taounate,91.50621118012423,
844,Ouidane,El Kelâa des Sraghna,Marrakech-Safi,1,Taouzint,0.533,Al Ouidane,0.824,Marrakech,91.52173913043478,
845,Amsernat,Agadir-Ida Ou Tanane,Souss-Massa,1,Tamri,0.462,Ternata,0.667,Zagora,91.53726708074534,
846,Anamer,Taroudant,Souss-Massa,1,Argana,0.5,Ameur,0.727,Salé,91.5527950310559,
847,Ouriaa,Béni Mellal,Béni Mellal-Khénifra,1,Afourar,0.615,Ourika,0.833,Al Haouz,91.56832298136646,
848,Ousikiss,Tinghir,Drâa-Tafilalet,1,Ouaklim,0.4,Boukhrisse,0.667,Béni Mellal,91.58385093167702,
849,Aruit,Nador,Oriental,1,Al Aroui,0.615,Targuist,0.769,Al Hoceïma,91.59937888198758,
850,As jbel oulia,Tinghir,Drâa-Tafilalet,1,Ferkla El Oulia,0.714,Ferkla El Oulia,0.714,Tinghir,91.61490683229813,
851,As s Gharbia,Tinghir,Drâa-Tafilalet,1,Ait Sedrate Sahl El Gharbia,0.564,Had Al Gharbia,0.769,Tanger-Assilah,91.6304347826087,
852,Oulaayoune,Essaouira,Marrakech-Safi,1,Moulay Bouzarqtoune,0.621,Laâyoune,0.889,Laâyoune,91.64596273291926,
853,Oulad Jerrar,Tiznit,Souss-Massa,1,Ait Erkha,0.476,Oulad Zarrad,0.75,El Kelâa des Sraghna,91.66149068322981,
854,Oulad Tahar,Taounate,Fès-Meknès,1,Oulad Daoud,0.636,Oulad Amghar,0.87,Al Hoceïma,91.67701863354037,
855,Oulad allal,Meknès,Fès-Meknès,1,Ait Ouallal,0.636,Oulad Salah,0.818,Nouaceur,91.69254658385093,
856,Oulad-Boundar,Taounate,Fès-Meknès,1,Oulad Daoud,0.75,Oulad Moumna,0.8,Chichaoua,91.7080745341615,
857,"Oulad-Kadour,",Taounate,Fès-Meknès,1,Oulad Daoud,0.75,Oulad Mkoudou,0.769,Sefrou,91.72360248447205,
858,Oued Lahmer,Taza,Fès-Meknès,1,Oued Amlil,0.571,Oued Lakhdar,0.783,El Kelâa des Sraghna,91.73913043478261,
859,B.sidel,Nador,Oriental,1,Bni Sidel Jbel,0.571,Jbiel,0.667,El Kelâa des Sraghna,91.75465838509317,
860,B.sidel jbal,Nador,Oriental,1,Bni Sidel Jbel,0.769,Bni Sidel Jbel,0.769,Nador,91.77018633540372,
861,B/jbel,Nador,Oriental,1,Bni Sidel Jbel,0.6,Jbiel,0.727,El Kelâa des Sraghna,91.78571428571429,
862,BEN Maraaz,Meknès,Fès-Meknès,1,Aïn Orma,0.444,El Marsa,0.667,Laâyoune,91.80124223602485,
863,Quolla,Larache,Tanger-Tétouan-Al Hoceïma,1,Souk Tolba,0.5,Bni Quolla,0.75,Ouezzane,91.8167701863354,
864,R kheir,Sefrou,Fès-Meknès,1,Kandar Sidi Khiar,0.5,Mers El Kheir,0.7,Skhirate-Témara,91.83229813664596,
865,"R,Kheir",Sefrou,Fès-Meknès,1,Kandar Sidi Khiar,0.417,Khenifra,0.667,Khénifra,91.84782608695652,
866,Ras Aghil,Meknès,Fès-Meknès,1,Ras Ijerri,0.526,Ras Al Ain,0.632,Settat,91.86335403726709,
867,Ras Aghil,Sidi Kacem,Rabat-Salé-Kénitra,1,Taoughilt,0.556,Ras Al Ain,0.632,Settat,91.87888198757764,
868,Ras brouj,Settat,Casablanca-Settat,1,Machraa Ben Abbou,0.462,Ras Tabouda,0.7,Sefrou,91.8944099378882,
869,Oulad-Taher,Taounate,Fès-Meknès,1,Oulad Daoud,0.636,Oulad Amer,0.857,El Kelâa des Sraghna,91.90993788819875,
870,Ouled Hammou,Fquih Ben Salah,Béni Mellal-Khénifra,1,Ouled Bourahmoune,0.69,Oued Laou,0.762,Tétouan,91.92546583850931,
871,Ouled Jarrar,Tiznit,Souss-Massa,1,Ouijjane,0.4,Oulad Zarrad,0.75,El Kelâa des Sraghna,91.94099378881988,
872,Ouled Jirar,Tiznit,Souss-Massa,1,Ouijjane,0.316,Oued Jdida,0.762,Meknès,91.95652173913044,
873,Ouled aarfa,Taroudant,Souss-Massa,1,Ouled Aissa,0.727,Oulad Aarrad,0.783,El Kelâa des Sraghna,91.972049689441,
874,Ouled jameâ,Moulay Yacoub,Fès-Meknès,1,Oulad Mimoun,0.522,Oulad Amer,0.762,El Kelâa des Sraghna,91.98757763975155,
875,Oulkadi,Al Haouz,Marrakech-Safi,1,Ourika,0.615,Oualqadi,0.8,Taroudant,92.0031055900621,
876,Oum Rabii,Meknès,Fès-Meknès,1,Oualili,0.625,Oum Rabia,0.889,Khénifra,92.01863354037268,
877,Oum Rbie,Meknès,Fès-Meknès,1,Ouislane,0.5,Oum Rabia,0.824,Khénifra,92.03416149068323,
878,Ourbâa,Béni Mellal,Béni Mellal-Khénifra,1,Afourar,0.615,Ourdana,0.769,Driouch,92.04968944099379,
879,El bahri,Nador,Oriental,1,Al Aroui,0.625,El Aamria,0.706,El Kelâa des Sraghna,92.06521739130434,
880,El wahda,Taza,Fès-Meknès,1,Outat El Haj,0.4,Lahdar,0.714,Youssoufia,92.0807453416149,
881,Elguenzra,Khemisset,Rabat-Salé-Kénitra,1,El Kansera,0.526,El Guerdane,0.6,Taroudant,92.09627329192547,
882,Elhajeb II,El Hajeb,Fès-Meknès,1,El Hajeb,0.778,El Hajeb,0.778,El Hajeb,92.11180124223603,
883,Elkodia,Taroudant,Souss-Massa,1,El Koudia El Beida,0.56,El Ksiba,0.667,Béni Mellal,92.12732919254658,
884,Eloualja,Taounate,Fès-Meknès,1,Khlalfa,0.533,Loulja,0.857,Fès,92.14285714285714,
885,Elqods,Guelmim,Guelmim-Oued Noun,1,Guelmim,0.308,Loulad,0.5,Khouribga,92.1583850931677,
886,Elwafae,Larache,Tanger-Tétouan-Al Hoceïma,1,Larache,0.143,Selfat,0.615,Sidi Kacem,92.17391304347827,
887,Ennakhil,Chichaoua,Marrakech-Safi,1,Ahdil,0.615,Ben Khlil,0.706,Tan-Tan,92.18944099378882,
888,Ennakhil,Ouarzazate,Drâa-Tafilalet,1,Taznakht,0.5,Ben Khlil,0.706,Tan-Tan,92.20496894409938,
889,Ess ville,Essaouira,Marrakech-Safi,1,Essaouira,0.444,Guers Tiaallaline,0.538,Errachidia,92.22049689440993,
890,Douar amghizide,Azilal,Béni Mellal-Khénifra,1,Zaouiat Ahansal,0.4,Oulad Amghar,0.593,Al Hoceïma,92.2360248447205,
891,Douar bni zgyiene,Taounate,Fès-Meknès,1,Bni Rzine,0.615,Bni Rzine,0.615,Taounate,92.25155279503106,
892,Q-Industriel,Agadir-Ida Ou Tanane,Souss-Massa,1,Aqesri,0.444,Tindine,0.526,Taroudant,92.26708074534162,
893,QUARTIER NAJMA RUE Espagne,Tanger-Assilah,Tanger-Tétouan-Al Hoceïma,1,Al Bahraoyine,0.256,Ait Naamane,0.486,El Hajeb,92.28260869565217,
894,Quartier Benkirane,Béni Mellal,Béni Mellal-Khénifra,1,Bni Zrantel,0.414,Hassi Berkane,0.581,Nador,92.29813664596273,
895,"S,A,Chrif",Sidi Kacem,Rabat-Salé-Kénitra,1,Taoughilt,0.333,Oulad Chrif,0.6,Taza,92.3136645962733,
896,"S,A,Ouhamed",Essaouira,Marrakech-Safi,1,Sidi H'Mad Ou Hamed,0.6,Bouhmame,0.632,Sidi Bennour,92.32919254658385,
897,"S,Abder",Taounate,Fès-Meknès,1,Jbabra,0.462,Sidi Jaber,0.588,Béni Mellal,92.34472049689441,
898,Rbat El khier,Sefrou,Fès-Meknès,1,Dar El Hamra,0.56,Rbaa El Fouki,0.692,Taza,92.36024844720497,
899,Remla,Larache,Tanger-Tétouan-Al Hoceïma,1,Khemis Sahel,0.353,Ermila,0.727,Boulemane,92.37577639751552,
900,Retba,Taounate,Fès-Meknès,1,Ratba,0.8,Ratba,0.8,Taounate,92.3913043478261,
901,Riad Kostani,Meknès,Fès-Meknès,1,Dar Oum Soltane,0.519,Had Kourt,0.571,Ouezzane,92.40683229813665,
902,Ribat El Kheir,Sefrou,Fès-Meknès,1,Dar El Hamra,0.538,Mers El Kheir,0.741,Skhirate-Témara,92.4223602484472,
903,Ribat El kheir,Sefrou,Fès-Meknès,1,Dar El Hamra,0.538,Mers El Kheir,0.741,Skhirate-Témara,92.43788819875776,
904,Rue 309 Hay Moulay Rachid,Taroudant,Souss-Massa,1,Oulad Berhil,0.432,Moulay Brahim,0.579,Al Haouz,92.45341614906832,
905,"Rue 516,Masdoura Inzgane",Inezgane-Aït Melloul,Souss-Massa,1,Inezgane,0.438,El Mansouria,0.5,Mohammedia,92.46894409937889,
906,S / K,Sidi Kacem,Rabat-Salé-Kénitra,1,Sidi Kacem,0.462,Saka,0.571,Guercif,92.48447204968944,
907,S A El Hadi,Sidi Kacem,Rabat-Salé-Kénitra,1,Selfat,0.471,Sidi Ahmed El Khadir,0.71,El Kelâa des Sraghna,92.5,
908,S H O hamdtidzi,Essaouira,Marrakech-Safi,1,Sidi H'Mad Ou Hamed,0.588,Sidi H'Mad Ou Hamed,0.588,Essaouira,92.51552795031056,
909,Albassatine,Meknès,Fès-Meknès,1,Mrhassiyine,0.545,Al Bahraoyine,0.667,Tanger-Assilah,92.53105590062111,
910,Pres de lecole 6 novombre,Fès,Fès-Meknès,1,Sidi Hrazem,0.167,Ras El Oued,0.222,Taounate,92.54658385093168,
911,S.H. M'ed,Taounate,Fès-Meknès,1,Sidi Haj M’hamed,0.5,Sidi Haj M’hamed,0.5,Taounate,92.56211180124224,
912,S.H.M'd,Taounate,Fès-Meknès,1,Ras El Oued,0.333,M'Diq,0.5,M'diq-Fnideq,92.5776397515528,
913,S.Sebt,Béni Mellal,Béni Mellal-Khénifra,1,Semguet,0.462,Assebbab,0.571,Guercif,92.59316770186335,
914,S/Abdelah Cherif,Ouezzane,Tanger-Tétouan-Al Hoceïma,1,Sidi Ahmed Cherif,0.667,Sidi Ahmed Cherif,0.667,Ouezzane,92.6086956521739,
915,S;Mokhfi,Taounate,Fès-Meknès,1,Sidi El Mokhfi,0.636,Sidi El Mokhfi,0.636,Taounate,92.62422360248448,
916,SI sidi yahya,Sidi Slimane,Rabat-Salé-Kénitra,1,Sidi Al Kamel,0.538,Khemis Sidi Yahya,0.8,Khemisset,92.63975155279503,
917,Alhouda Bloc B N° 545,Agadir-Ida Ou Tanane,Souss-Massa,1,Ida Ou Kazzou,0.303,El Koudia El Beida,0.474,Taroudant,92.65527950310559,
918,Alqods,Taza,Fès-Meknès,1,Galdamane,0.4,Al Oued,0.615,Chefchaouen,92.67080745341615,
919,Alquds,Agadir-Ida Ou Tanane,Souss-Massa,1,Aqesri,0.5,Al Oued,0.615,Chefchaouen,92.6863354037267,
920,Alquods,Taza,Fès-Meknès,1,Galdamane,0.375,Aquermoud,0.625,Essaouira,92.70186335403727,
921,Alwafae,Larache,Tanger-Tétouan-Al Hoceïma,1,Larache,0.429,Ahlaf,0.667,Benslimane,92.71739130434783,
922,Amallal,Chefchaouen,Tanger-Tétouan-Al Hoceïma,1,Amtar,0.5,Tamallalt,0.875,El Kelâa des Sraghna,92.73291925465838,
923,Amdnagh,Tinghir,Drâa-Tafilalet,1,Tinghir,0.429,Madagh,0.769,Berkane,92.74844720496894,
924,Amkhlij,Al Haouz,Marrakech-Safi,1,Assaki,0.462,Mkhalif,0.714,Safi,92.7639751552795,
925,S Y B A,Al Haouz,Marrakech-Safi,1,Sidi Badhaj,0.444,Sidi M'Bark,0.556,Sidi Ifni,92.77950310559007,
926,"S,A,Benaissa",Sidi Kacem,Rabat-Salé-Kénitra,1,Mkansa,0.444,Sidi Ahmed Benaissa,0.645,Ouezzane,92.79503105590062,
927,Douar ouled salem ain gdah,Taounate,Fès-Meknès,1,Oued Jemaa,0.5,Dar Oulad Zidouh,0.571,Fquih Ben Salah,92.81055900621118,
928,Douar sidi saoud,Taounate,Fès-Meknès,1,Oulad Daoud,0.667,Ait Sidi Daoud,0.733,Marrakech,92.82608695652173,
929,Douar tarouate,Ouezzane,Tanger-Tétouan-Al Hoceïma,1,Teroual,0.476,Ouarzazate,0.667,Ouarzazate,92.8416149068323,
930,Douar tiaret bni frassen,Taza,Fès-Meknès,1,Oulad Chrif,0.343,Bni Frassen,0.629,Taounate,92.85714285714286,
931,Douar zrarda,Taounate,Fès-Meknès,1,Oulad Daoud,0.522,Zrarda,0.667,Taza,92.87267080745342,
932,Dr Lamharig,Sidi Kacem,Rabat-Salé-Kénitra,1,Zirara,0.353,Lamhara,0.667,Taroudant,92.88819875776397,
933,Dr Zhair Bouata,Sidi Kacem,Rabat-Salé-Kénitra,1,Zirara,0.476,Dar Bouazza,0.692,Casablanca,92.90372670807453,
934,Dr lagraa,Rehamna,Marrakech-Safi,1,Sidi Ali Labrahla,0.538,Dar Jamaa,0.667,Al Haouz,92.9192546583851,
935,Ehahane,Essaouira,Marrakech-Safi,1,El Hanchane,0.778,Zeghanghane,0.778,Nador,92.93478260869566,
936,El Bassatine,Meknès,Fès-Meknès,1,Mrhassiyine,0.522,El Bibane,0.667,Taounate,92.95031055900621,
937,El Hana,El Kelâa des Sraghna,Marrakech-Safi,1,El Aamria,0.625,El Hanchane,0.778,Essaouira,92.96583850931677,
938,Douar Ait Bousset,Chtouka-Aït Baha,Souss-Massa,1,Arbaa Aït Ahmed,0.5,Oulad Ali Youssef,0.706,Boulemane,92.98136645962732,
939,Douar Asserssif,Agadir-Ida Ou Tanane,Souss-Massa,1,Aqesri,0.286,Moulay Aissa Ben Driss,0.595,Azilal,92.9968944099379,
940,S.A.Elhadi,Sidi Kacem,Rabat-Salé-Kénitra,1,Selfat,0.5,Sahel Chamali,0.609,Larache,93.01242236024845,
941,S.A.S,Essaouira,Marrakech-Safi,1,Meskala,0.333,Sfassif,0.5,Khemisset,93.027950310559,
942,S.Abderhma,Taounate,Fès-Meknès,1,Jbabra,0.5,Sidi Abdelkrim,0.583,Berrechid,93.04347826086956,
943,Sebt,Taroudant,Souss-Massa,1,Sidi Borja,0.286,Settat,0.6,Settat,93.05900621118012,
944,Sebt Bni Guerfet,Larache,Tanger-Tétouan-Al Hoceïma,1,Bni Garfett,0.667,Bni Garfett,0.667,Larache,93.07453416149069,
945,Sebt Kdim,Tétouan,Tanger-Tétouan-Al Hoceïma,1,Bni Karrich,0.4,Souk Kdim,0.667,Fahs-Anjra,93.09006211180125,
946,Sebt Lagfifat,Taroudant,Souss-Massa,1,Lakhnafif,0.455,Lagfifat,0.762,Chtouka-Aït Baha,93.1055900621118,
947,Sebt lgardane,Taroudant,Souss-Massa,1,El Guerdane,0.667,El Guerdane,0.667,Taroudant,93.12111801242236,
948,Sekour,Boulemane,Fès-Meknès,1,Missour,0.615,Nekkour,0.769,Al Hoceïma,93.13664596273291,
949,Sabati,Fès,Fès-Meknès,1,Louadaine,0.4,Rabat,0.727,Rabat,93.15217391304348,
950,Sahrij,Azilal,Béni Mellal-Khénifra,1,Aït Majden,0.375,Assahrij,0.857,El Kelâa des Sraghna,93.16770186335404,
951,Samsa,Tétouan,Tanger-Tétouan-Al Hoceïma,1,Saddina,0.5,Sgamna,0.727,Khouribga,93.1832298136646,
952,Sanit Rmel,Tétouan,Tanger-Tétouan-Al Hoceïma,1,Sahtryine,0.421,Ait Ouribel,0.667,Khemisset,93.19875776397515,
953,Sarsar,Larache,Tanger-Tétouan-Al Hoceïma,1,Ksar Bjir,0.533,Smara,0.727,Es-Semara,93.21428571428571,
954,Sas,Essaouira,Marrakech-Safi,1,Meskala,0.4,Sfassif,0.6,Khemisset,93.22981366459628,
955,Sbt Lagfifat,Taroudant,Souss-Massa,1,Lakhnafif,0.476,Lagfifat,0.8,Chtouka-Aït Baha,93.24534161490683,
956,Ait s jbel,Tinghir,Drâa-Tafilalet,1,Ait Sedrate Jbel El Oulia,0.571,Bni Sidel Jbel,0.667,Nador,93.26086956521739,
957,Ait sedrat jbel,Tinghir,Drâa-Tafilalet,1,Ait Sedrate Jbel El Oulia,0.75,Ait Sedrate Jbel El Oulia,0.75,Tinghir,93.27639751552795,
958,Douar dar lakhchab,Moulay Yacoub,Fès-Meknès,1,Bouchabel,0.444,Oued Lakhdar,0.6,El Kelâa des Sraghna,93.2919254658385,
959,Douar Ibzazn,Al Hoceïma,Tanger-Tétouan-Al Hoceïma,1,Rouadi,0.444,Ouarzazate,0.636,Ouarzazate,93.30745341614907,
960,Douar Lazrak,Inezgane-Aït Melloul,Souss-Massa,1,Ouad Essafa,0.522,Dar El Hamra,0.667,Sefrou,93.32298136645963,
961,Douar Lhouari,Sidi Kacem,Rabat-Salé-Kénitra,1,Oulad Nouel,0.5,Dar Chaoui,0.696,Tanger-Assilah,93.33850931677019,
962,Douar Matil,Chichaoua,Marrakech-Safi,1,Oulad M'Rabet,0.583,Dar Jamaa,0.6,Al Haouz,93.35403726708074,
963,Douar Skhira moulay bouchta,Taounate,Fès-Meknès,1,Bni Bouchibet,0.4,Moulay Bouchta,0.683,Moulay Yacoub,93.3695652173913,
964,"Douar Tahchoucht, Tamraght",Agadir-Ida Ou Tanane,Souss-Massa,1,Ida Ou Kazzou,0.308,Houara Oulad Raho,0.372,Guercif,93.38509316770187,
965,Douar ait ichout,Sefrou,Fès-Meknès,1,Aït Seghrouchen,0.387,Ait Ichou,0.72,Khemisset,93.40062111801242,
966,D.Irahalen,Ouarzazate,Drâa-Tafilalet,1,Siroua,0.375,Irohalen,0.778,Chichaoua,93.41614906832298,
967,D.Jihadia,Al Haouz,Marrakech-Safi,1,Sti Fadma,0.444,Bni Hadifa,0.632,Al Hoceïma,93.43167701863354,
968,Akch hsiya,Tinghir,Drâa-Tafilalet,1,Aït Hani,0.444,Lakhsas,0.588,Tiznit,93.4472049689441,
969,Akdim,Tinghir,Drâa-Tafilalet,1,Ouaklim,0.667,Aklim,0.8,Berkane,93.46273291925466,
970,Al Boustane,Meknès,Fès-Meknès,1,Dar Oum Soltane,0.692,Al Ouidane,0.762,Marrakech,93.47826086956522,
971,Al Wahda,Taza,Fès-Meknès,1,Outat El Haj,0.4,Lahdar,0.714,Youssoufia,93.49378881987577,
972,Al masjid,Nador,Oriental,1,Al Aroui,0.588,Al Mahbass,0.632,Assa-Zag,93.50931677018633,
973,Al qods,Nador,Oriental,1,Al Aroui,0.533,Al Oued,0.714,Chefchaouen,93.5248447204969,
974,Al qods,Taza,Fès-Meknès,1,Bab Boudir,0.471,Al Oued,0.714,Chefchaouen,93.54037267080746,
975,SidiAhmed Tadli,Sefrou,Fès-Meknès,1,Sidi Youssef Ben Ahmed,0.486,Sidi Ahmed El Khadir,0.743,El Kelâa des Sraghna,93.55590062111801,
976,Smd,Chichaoua,Marrakech-Safi,1,Saidate,0.4,Smià,0.571,Taza,93.57142857142857,
977,Sidi Abdellah Rhamna,Settat,Casablanca-Settat,1,Sidi Abdelkhaleq,0.667,Sidi Abdallah Ghiat,0.769,Marrakech,93.58695652173913,
978,Sidi Ahmed Tadli,Sefrou,Fès-Meknès,1,Sidi Youssef Ben Ahmed,0.526,Sidi Ahmed El Khadir,0.778,El Kelâa des Sraghna,93.6024844720497,
979,Sidi Ahmed Zerrouk,Taza,Fès-Meknès,1,Bab Marzouka,0.4,Sidi Ahmed Cherif,0.743,Ouezzane,93.61801242236025,
980,Sidi Amer,Meknès,Fès-Meknès,1,Nzala Bni Ammar,0.417,Sidi Amar,0.889,Khénifra,93.63354037267081,
981,Sidi Amer Hadi,Sidi Kacem,Rabat-Salé-Kénitra,1,Sidi Kacem,0.583,Sidi Ameur Al Hadi,0.875,Ouezzane,93.64906832298136,
982,Sidi Brahim,Fès,Fès-Meknès,1,Sidi Hrazem,0.727,Sidi Borja,0.762,Taroudant,93.66459627329192,
983,Sidi Driss,El Kelâa des Sraghna,Marrakech-Safi,1,Sidi Moussa,0.667,Sidi Aissa,0.8,Safi,93.68012422360249,
984,Sidi Ghayat,Al Haouz,Marrakech-Safi,1,Sidi Badhaj,0.636,Sidi Aayad,0.762,Midelt,93.69565217391305,
985,Aity wassif,Tinghir,Drâa-Tafilalet,1,Ait Ouassif,0.818,Ait Ouassif,0.818,Tinghir,93.7111801242236,
986,Douar Bahi,Azilal,Béni Mellal-Khénifra,1,Zaouiat Ahansal,0.48,Moulay Brahim,0.696,Al Haouz,93.72670807453416,
987,Douar Bouzgar Sidi Boushab,Agadir-Ida Ou Tanane,Souss-Massa,1,Ait Aissi Ihahane,0.372,Sidi Boushab,0.632,Chtouka-Aït Baha,93.74223602484471,
988,Douar Chaoui Onarqui,El Kelâa des Sraghna,Marrakech-Safi,1,Oulad Cherki,0.438,Dar Chaoui,0.667,Tanger-Assilah,93.75776397515529,
989,Douar Elhomane,Inezgane-Aït Melloul,Souss-Massa,1,Ouad Essafa,0.48,Oulad El Garne,0.643,El Kelâa des Sraghna,93.77329192546584,
990,Douar Elmchaâ oudka,Taounate,Fès-Meknès,1,Ras El Oued,0.533,Dar Chaoui,0.621,Tanger-Assilah,93.7888198757764,
991,TAOUNATEDouar,Taounate,Fès-Meknès,1,Taounate,0.762,Taounate,0.762,Taounate,93.80434782608695,
992,Tabarante,Taounate,Fès-Meknès,1,Tafrant,0.75,Targante,0.824,Essaouira,93.81987577639751,
993,Tabarrant,Al Hoceïma,Tanger-Tétouan-Al Hoceïma,1,Chakran,0.5,Tabant,0.8,Azilal,93.83540372670808,
994,Tabolkhirte,Tinghir,Drâa-Tafilalet,1,Tinghir,0.444,Taourirt,0.632,Taourirt,93.85093167701864,
995,Tabrent,Al Hoceïma,Tanger-Tétouan-Al Hoceïma,1,Targuist,0.533,Tabant,0.769,Azilal,93.86645962732919,
996,Sidi Khyar,Sefrou,Fès-Meknès,1,Kandar Sidi Khiar,0.667,Sidi Amar,0.737,Khénifra,93.88198757763975,
997,Sidi Mbraek,Sidi Ifni,Guelmim-Oued Noun,1,Sidi M'Bark,0.818,Sidi M'Bark,0.818,Sidi Ifni,93.8975155279503,
998,Sidi Yahia,Taounate,Fès-Meknès,1,Sidi El Mokhfi,0.583,Sidi Aissa,0.8,Safi,93.91304347826087,
999,Sidi Yahya,Sidi Slimane,Rabat-Salé-Kénitra,1,Sidi Al Kamel,0.609,Sidi Yahya Zaer,0.8,Skhirate-Témara,93.92857142857143,
1000,Sidi ahmed Tadeli,Sefrou,Fès-Meknès,1,Sidi Youssef Ben Ahmed,0.513,Sidi Ahmed Ou Abdellah,0.769,Taroudant,93.94409937888199,
1001,Sidi boujida,Fès,Fès-Meknès,1,Ain Bida,0.6,Sidi Bouhria,0.833,Berkane,93.95962732919254,
1002,Sidi ghiate,Al Haouz,Marrakech-Safi,1,Ghmate,0.588,Sidi Ghanem,0.818,Chichaoua,93.9751552795031,
1003,Sidi khyar,Sefrou,Fès-Meknès,1,Kandar Sidi Khiar,0.667,Sidi Amar,0.737,Khénifra,93.99068322981367,
1004,Sidi ouabdellah,Taroudant,Souss-Massa,1,Sidi Ahmed Ou Abdellah,0.811,Sidi Bouabdelli,0.867,Tiznit,94.00621118012423,
1005,Sidi-Yahia,Taounate,Fès-Meknès,1,Sidi El Mokhfi,0.583,Sidi Aissa,0.8,Safi,94.02173913043478,
1006,Sidi-Yahia Ben,Taounate,Fès-Meknès,1,Sidi Yahya Bni Zeroual,0.667,Sidi Yahya Zaer,0.759,Skhirate-Témara,94.03726708074534,
1007,Ait hamou yahya,Boulemane,Fès-Meknès,1,Almis Marmoucha,0.533,Ait Yahya,0.75,Midelt,94.0527950310559,
1008,Ait hamoyahya,Tinghir,Drâa-Tafilalet,1,Aït Hani,0.571,Ait Yahya,0.818,Midelt,94.06832298136646,
1009,Ait kassi,Tinghir,Drâa-Tafilalet,1,Ait Ouassif,0.8,Ait Ouassif,0.8,Tinghir,94.08385093167702,
1010,Ait kassi ouali,Tinghir,Drâa-Tafilalet,1,Ait Ouassif,0.615,Aït Youssef Ou Ali,0.727,Al Hoceïma,94.09937888198758,
1011,Ait maala,Azilal,Béni Mellal-Khénifra,1,Ait Blal,0.706,Ait Mzal,0.824,Chtouka-Aït Baha,94.11490683229813,
1012,Ait mahdi,Tinghir,Drâa-Tafilalet,1,Aït Hani,0.706,Ait Mait,0.824,Driouch,94.1304347826087,
1013,Ait moussa,Zagora,Drâa-Tafilalet,1,Ait Ouallal,0.667,Sidi Moussa,0.762,El Kelâa des Sraghna,94.14596273291926,
1014,Tahar Souk,Taounate,Fès-Meknès,1,Thar Es-Souk,0.818,Thar Es-Souk,0.818,Taounate,94.16149068322981,
1015,Souk Lhad,Chefchaouen,Tanger-Tétouan-Al Hoceïma,1,Oued Malha,0.632,Souk Tolba,0.737,Larache,94.17701863354037,
1016,Souk Tlat,Sidi Kacem,Rabat-Salé-Kénitra,1,Selfat,0.533,Souk Tolba,0.842,Larache,94.19254658385093,
1017,Souk laarbia,Taounate,Fès-Meknès,1,Oudka,0.471,Souk Tolba,0.636,Larache,94.2080745341615,
1018,Sraghna,Sefrou,Fès-Meknès,1,Mtarnagha,0.625,Serghina,0.8,Boulemane,94.22360248447205,
1019,Syba,Agadir-Ida Ou Tanane,Souss-Massa,1,Imsouane,0.333,Sbouya,0.6,Sidi Ifni,94.23913043478261,
1020,Syba,Azilal,Béni Mellal-Khénifra,1,Tabant,0.4,Sbouya,0.6,Sidi Ifni,94.25465838509317,
1021,Syba,Essaouira,Marrakech-Safi,1,Bizdad,0.4,Sbouya,0.6,Sidi Ifni,94.27018633540372,
1022,Syba,Tinghir,Drâa-Tafilalet,1,Outerbat,0.333,Sbouya,0.6,Sidi Ifni,94.28571428571429,
1023,D.Tabarine,Tiznit,Souss-Massa,1,Ibdar,0.4,Tazarine,0.778,Taza,94.30124223602485,
1024,DD Mohamed,Driouch,Oriental,1,M'Hajer,0.471,Mohammédia,0.7,Mohammedia,94.3167701863354,
1025,Dar-Louhra,Taounate,Fès-Meknès,1,Mançoura,0.556,Daoura,0.75,Tarfaya,94.33229813664596,
1026,Dchar Ben Dibane,Larache,Tanger-Tétouan-Al Hoceïma,1,Ksar el-Kebir,0.345,Dar El Kebdani,0.533,Driouch,94.34782608695652,
1027,De Passage,Agadir-Ida Ou Tanane,Souss-Massa,1,Ait Aissi Ihahane,0.444,Sidi Aissa,0.6,Safi,94.36335403726709,
1028,De Passage,Ouarzazate,Drâa-Tafilalet,1,Idelsane,0.556,Sidi Aissa,0.6,Safi,94.37888198757764,
1029,Demna,Taounate,Fès-Meknès,1,Oued Jemaa,0.533,Demnate,0.833,Azilal,94.3944099378882,
1030,Diour sabone,Al Haouz,Marrakech-Safi,1,Ouirgane,0.6,Douirane,0.7,Chichaoua,94.40993788819875,
1031,DiourEssalam,Sidi Kacem,Rabat-Salé-Kénitra,1,Zirara,0.444,Sidi Moussa Lhamri,0.667,Taroudant,94.42546583850931,
1032,"Douar Afa, Azrarague",Agadir-Ida Ou Tanane,Souss-Massa,1,Ida Ou Kazzou,0.424,Ouarzazate,0.533,Ouarzazate,94.44099378881988,
1033,Douar Agafay,Agadir-Ida Ou Tanane,Souss-Massa,1,Adaghas,0.421,Dar Jamaa,0.667,Al Haouz,94.45652173913044,
1034,Cab,Chtouka-Aït Baha,Souss-Massa,1,Tabia,0.5,Chtaiba,0.6,El Kelâa des Sraghna,94.472049689441,
1035,Chahid Baba,Sefrou,Fès-Meknès,1,Azzaba,0.471,Chahda,0.706,Safi,94.48757763975155,
1036,Ait gmat,Tinghir,Drâa-Tafilalet,1,Aït Hani,0.625,Ait Mait,0.875,Driouch,94.5031055900621,
1037,Ait hadouch,Tinghir,Drâa-Tafilalet,1,Ait Youl,0.632,Ait Hammou,0.762,Rehamna,94.51863354037268,
1038,Ait halli ait Daoud,Khemisset,Rabat-Salé-Kénitra,1,Sebt Aït Rahou,0.545,Ait Sidi Daoud,0.727,Marrakech,94.53416149068323,
1039,Tifirte,Azilal,Béni Mellal-Khénifra,1,Tifni,0.667,Tighirt,0.714,Tiznit,94.54968944099379,
1040,Ait Rouadi,Béni Mellal,Béni Mellal-Khénifra,1,Ait Ouqabli,0.762,Ait Ouadrim,0.857,Chtouka-Aït Baha,94.56521739130434,
1041,Tahar-Souk,Taounate,Fès-Meknès,1,Thar Es-Souk,0.818,Thar Es-Souk,0.818,Taounate,94.5807453416149,
1042,Taienest,Taza,Fès-Meknès,1,Taïnaste,0.75,Taïnaste,0.75,Taza,94.59627329192547,
1043,Takyout,El Kelâa des Sraghna,Marrakech-Safi,1,Taouzint,0.667,Takoucht,0.8,Essaouira,94.61180124223603,
1044,Tamadite,Taounate,Fès-Meknès,1,Tamedit,0.8,Tamedit,0.8,Taounate,94.62732919254658,
1045,Tamait Oufella,Agadir-Ida Ou Tanane,Souss-Massa,1,Ida Ou Guelloul,0.483,Ait Ouallal,0.72,Zagora,94.64285714285714,
1046,Tamaounza,Agadir-Ida Ou Tanane,Souss-Massa,1,Taghazout,0.556,Taounza,0.875,Azilal,94.6583850931677,
1047,Tamassint,Al Hoceïma,Tanger-Tétouan-Al Hoceïma,1,Targuist,0.471,Tissint,0.75,Tata,94.67391304347827,
1048,Tamsemen,Driouch,Oriental,1,Temsamane,0.471,Tamezmoute,0.667,Zagora,94.68944099378882,
1049,Tamsslout,Taroudant,Souss-Massa,1,Tamaloukte,0.737,Tameslouht,0.842,Al Haouz,94.70496894409938,
1050,Tamzirt,Ouarzazate,Drâa-Tafilalet,1,Tarmigt,0.714,Taghzirt,0.8,Béni Mellal,94.72049689440993,
1051,Taouiyalt,Taroudant,Souss-Massa,1,Taroudant,0.667,Taouyalte,0.889,Al Haouz,94.7360248447205,
1052,Taoujdate,El Hajeb,Fès-Meknès,1,Ait Boubidmane,0.522,Taounate,0.824,Taounate,94.75155279503106,
1053,Targha,Chefchaouen,Tanger-Tétouan-Al Hoceïma,1,Amtar,0.545,Mtarnagha,0.8,Sefrou,94.76708074534162,
1054,D.Jihadia,Tata,Souss-Massa,1,Adis,0.462,Bni Hadifa,0.632,Al Hoceïma,94.78260869565217,
1055,Ait aabou,Tinghir,Drâa-Tafilalet,1,Ait Youl,0.706,Ait Daoud,0.778,Essaouira,94.79813664596273,
1056,Ait ali imider,Tinghir,Drâa-Tafilalet,1,Imider,0.6,Ait Amira,0.696,Inezgane-Aït Melloul,94.8136645962733,
1057,Ait amar ouissa,Tinghir,Drâa-Tafilalet,1,Ait Ouassif,0.615,Aït Kamra,0.583,Al Hoceïma,94.82919254658385,
1058,Ait boyoussef,Tinghir,Drâa-Tafilalet,1,Ait Ouassif,0.75,Ait Haddou Youssef,0.774,Taroudant,94.84472049689441,
1059,Tighrmatine,Tinghir,Drâa-Tafilalet,1,Tilmi,0.5,Ighzrane,0.737,Taza,94.86024844720497,
1060,Tiguenziouine,Al Haouz,Marrakech-Safi,1,Tighedouine,0.75,Tinzouline,0.783,Zagora,94.87577639751552,
1061,Tikiouine,Marrakech,Marrakech-Safi,1,Sid Zouine,0.632,Tizounine,0.778,Tata,94.8913043478261,
1062,Tasouite,Tinghir,Drâa-Tafilalet,1,Assoul,0.571,Tagounite,0.824,Zagora,94.90683229813665,
1063,Tassaltant,Al Haouz,Marrakech-Safi,1,Taouyalte,0.526,Tasoultante,0.762,Marrakech,94.9223602484472,
1064,Tassaltant,Azilal,Béni Mellal-Khénifra,1,Tabant,0.625,Tasoultante,0.762,Marrakech,94.93788819875776,
1065,Tassaltant,Marrakech,Marrakech-Safi,1,Tasoultante,0.762,Tasoultante,0.762,Marrakech,94.95341614906832,
1066,Tassaltnt,Al Haouz,Marrakech-Safi,1,Taouyalte,0.556,Tasoultante,0.7,Marrakech,94.96894409937889,
1067,Taughmerte,Taroudant,Souss-Massa,1,Toughmart,0.737,Toughmart,0.737,Taroudant,94.98447204968944,
1068,Tazitount,Chichaoua,Marrakech-Safi,1,Ain Tazitounte,0.783,Ain Tazitounte,0.783,Chichaoua,95.0,
1069,Tazourakht,Al Hoceïma,Tanger-Tétouan-Al Hoceïma,1,Arbaa Taourirt,0.5,Taznakht,0.778,Ouarzazate,95.01552795031056,
1070,Tidrara,Al Haouz,Marrakech-Safi,1,Tisrasse,0.533,Tendrara,0.8,Jerada,95.03105590062111,
1071,Chahid baha,Sefrou,Fès-Meknès,1,Ahl Sidi Lahcen,0.538,Ait Baha,0.737,Chtouka-Aït Baha,95.04658385093168,
1072,Charf Souani,Tanger-Assilah,Tanger-Tétouan-Al Hoceïma,1,Dar Chaoui,0.545,Charqaoua,0.667,Moulay Yacoub,95.06211180124224,
1073,Charrate,Taounate,Fès-Meknès,1,Zarkat,0.571,Cherrat,0.8,Benslimane,95.0776397515528,
1074,"Chatre III,Ait Taoukte",Agadir-Ida Ou Tanane,Souss-Massa,1,Ida Ou Kazzou,0.286,Tataoute,0.467,Taroudant,95.09316770186335,
1075,Chjahaid baha,Sefrou,Fès-Meknès,1,Ahl Sidi Lahcen,0.5,Ait Baha,0.667,Chtouka-Aït Baha,95.1086956521739,
1076,Chourfa,Fquih Ben Salah,Béni Mellal-Khénifra,1,Tachraft,0.533,Chouafaa,0.8,Larache,95.12422360248448,
1077,Cite Scolaire,Tétouan,Tanger-Tétouan-Al Hoceïma,1,Bni Said,0.476,Ain Chair,0.364,Figuig,95.13975155279503,
1078,Coelma,Tétouan,Tanger-Tétouan-Al Hoceïma,1,Oued Laou,0.533,Goulmima,0.571,Errachidia,95.15527950310559,
1079,Corona,Driouch,Oriental,1,Ourdana,0.615,Ourdana,0.615,Driouch,95.17080745341615,
1080,D G,Sidi Kacem,Rabat-Salé-Kénitra,1,Sidi Kacem,0.308,Madagh,0.444,Berkane,95.1863354037267,
1081,D ouar Bénimalek,Ouezzane,Tanger-Tétouan-Al Hoceïma,1,Beni Malek,0.692,Beni Malek,0.692,Ouezzane,95.20186335403727,
1082,Bani sadden,Sefrou,Fès-Meknès,1,Aït Seghrouchen,0.462,Bni Said,0.737,Tétouan,95.21739130434783,
1083,Ait Sdrat Ghrbia,Ouarzazate,Drâa-Tafilalet,1,Ait Oumdis,0.385,Ait Sedrate Sahl El Gharbia,0.744,Tinghir,95.23291925465838,
1084,Ait Sdrat Shel Charqia,Ouarzazate,Drâa-Tafilalet,1,Skoura Ahl El Oust,0.4,Ait Sedrate Sahl Charkia,0.87,Tinghir,95.24844720496894,
1085,Ait Tislit,Béni Mellal,Béni Mellal-Khénifra,1,Ait Ouqabli,0.571,Ait Tamlil,0.7,Azilal,95.2639751552795,
1086,Ait Tisslit,Béni Mellal,Béni Mellal-Khénifra,1,Ait Ouqabli,0.545,Tissint,0.667,Tata,95.27950310559007,
1087,Tinzerte,Taroudant,Souss-Massa,1,Tinzart,0.8,Tigzmerte,0.824,Tata,95.29503105590062,
1088,Tirset,Azilal,Béni Mellal-Khénifra,1,Tisqi,0.545,Tisrasse,0.714,Al Haouz,95.31055900621118,
1089,Tisi Ousli,Taza,Fès-Meknès,1,Oued Amlil,0.4,Tizi Ouzli,0.8,Driouch,95.32608695652173,
1090,Tislite,Azilal,Béni Mellal-Khénifra,1,Tisqi,0.667,Tlite,0.833,Ouarzazate,95.3416149068323,
1091,Tizi Oussli,Taza,Fès-Meknès,1,Oued Amlil,0.381,Tizi Ouzli,0.857,Driouch,95.35714285714286,
1092,Tizki Akesri Tamraght,Agadir-Ida Ou Tanane,Souss-Massa,1,Aqesri,0.37,Sidi Ali Labrahla,0.526,Rehamna,95.37267080745342,
1093,Tlat Lamzam,Azilal,Béni Mellal-Khénifra,1,Ait Blal,0.421,Nzalat Laadam,0.667,Rehamna,95.38819875776397,
1094,Tlat louta,Nador,Oriental,1,Bni Sidel Louta,0.56,Tazouta,0.706,Sefrou,95.40372670807453,
1095,Tmaloust,Ouezzane,Tanger-Tétouan-Al Hoceïma,1,Masmouda,0.5,Tamaloukte,0.778,Taroudant,95.4192546583851,
1096,Tnin Ait Rkha,Tiznit,Souss-Massa,1,Ait Erkha,0.727,Ait Erkha,0.727,Tiznit,95.43478260869566,
1097,Tnine el ouleja,Taounate,Fès-Meknès,1,Ras El Oued,0.538,Tnine Amellou,0.714,Sidi Ifni,95.45031055900621,
1098,Touelaa,Tétouan,Tanger-Tétouan-Al Hoceïma,1,Oued Laou,0.625,Toufelaazt,0.824,Chtouka-Aït Baha,95.46583850931677,
1099,Touibla,Tétouan,Tanger-Tétouan-Al Hoceïma,1,Tétouan,0.571,Toulal,0.769,Meknès,95.48136645962732,
1100,Touilaa,Tétouan,Tanger-Tétouan-Al Hoceïma,1,Tétouan,0.571,Toulal,0.769,Meknès,95.4968944099379,
1101,Ait Sadrat J oulioa,Tinghir,Drâa-Tafilalet,1,Ait Sedrate Jbel El Oulia,0.773,Ait Sedrate Jbel El Oulia,0.773,Tinghir,95.51242236024845,
1102,Chahid Baha Rfaif,Sefrou,Fès-Meknès,1,Ahl Sidi Lahcen,0.438,Had Bradia,0.519,Béni Mellal,95.527950310559,
1103,Zouagha,Fès,Fès-Meknès,1,Louadaine,0.5,Ounagha,0.857,Essaouira,95.54347826086956,
1104,Zoualet,Meknès,Fès-Meknès,1,Toulal,0.615,Toualet,0.857,Settat,95.55900621118012,
1105,Tozrigutte,Tinghir,Drâa-Tafilalet,1,Outerbat,0.444,Tizguite,0.667,Ifrane,95.57453416149069,
1106,Trifa II,Berkane,Oriental,1,Saidia,0.286,Tifariti,0.75,Es-Semara,95.59006211180125,
1107,Trik Alouahda,Taza,Fès-Meknès,1,Tahla,0.444,Tabouda,0.6,Chefchaouen,95.6055900621118,
1108,Urbaine,Chefchaouen,Tanger-Tétouan-Al Hoceïma,1,Bni Selmane,0.444,Barkine,0.714,Taza,95.62111801242236,
1109,Wawirzagh,Azilal,Béni Mellal-Khénifra,1,Ait Mazigh,0.526,Ouaouizaght,0.6,Béni Mellal,95.63664596273291,
1110,Z .cheikh,Béni Mellal,Béni Mellal-Khénifra,1,Ouled Yaïch,0.3,Zaouiat Cheikh,0.696,Khénifra,95.65217391304348,
1111,Z'Mamra,Taounate,Fès-Meknès,1,Zarkat,0.615,Zemamra,0.857,Sidi Bennour,95.66770186335404,
1112,Z'Rarka,Taounate,Fès-Meknès,1,Zarkat,0.769,Zrarda,0.769,Taza,95.6832298136646,
1113,Z.S.A.Kader,Al Hoceïma,Tanger-Tétouan-Al Hoceïma,1,Zouaiat sidi Abdelkader,0.471,Saka,0.533,Guercif,95.69875776397515,
1114,Zaazaa,Larache,Tanger-Tétouan-Al Hoceïma,1,Zaaroura,0.571,Azzaba,0.5,Sefrou,95.71428571428571,
1115,Zagmouzne,Taroudant,Souss-Massa,1,Talgjount,0.556,Zagmouzen,0.889,Al Haouz,95.72981366459628,
1116,Zaouia Nezzaghia,Settat,Casablanca-Settat,1,Oulad Sghir,0.519,Zaouia Annahlia,0.774,Chichaoua,95.74534161490683,
1117,Zaouia S K,Tétouan,Tanger-Tétouan-Al Hoceïma,1,Zaouiat Sidi Kacem,0.714,Zaouiat Sidi Kacem,0.714,Tétouan,95.76086956521739,
1118,Zaouite ait Ishaq,Khénifra,Béni Mellal-Khénifra,1,Aït Ishaq,0.692,Aït Ishaq,0.692,Khénifra,95.77639751552795,
1119,ait amer,Tinghir,Drâa-Tafilalet,1,Aït Elfarsi,0.632,Aït Kamra,0.824,Al Hoceïma,95.7919254658385,
1120,ait bouallal,Tinghir,Drâa-Tafilalet,1,Ait Youl,0.7,Ait Ouallal,0.957,Zagora,95.80745341614907,
1121,ait boubker,Tinghir,Drâa-Tafilalet,1,Ait Youl,0.632,Sidi Boubker,0.783,Oujda-Angad,95.82298136645963,
1122,ait boulmane,Tinghir,Drâa-Tafilalet,1,Ait Youl,0.7,Ait Boubidmane,0.846,El Hajeb,95.83850931677019,
1123,AinDoreij,Ouezzane,Tanger-Tétouan-Al Hoceïma,1,Ain Dfali,0.556,Adrej,0.714,Boulemane,95.85403726708074,
1124,Ainchgag,Sefrou,Fès-Meknès,1,Ain Timguenai,0.476,Ain Cheggag,0.842,Fès,95.8695652173913,
1125,Ainjamaa,Meknès,Fès-Meknès,1,Aïn Orma,0.625,Ain Jemaa,0.824,Sidi Kacem,95.88509316770187,
1126,Ait Abou,Khemisset,Rabat-Salé-Kénitra,1,Ait Ikkou,0.706,Ait Daoud,0.824,Essaouira,95.90062111801242,
1127,Ait Guirt,Azilal,Béni Mellal-Khénifra,1,Ait Ouaarda,0.6,Ait Ourir,0.778,Marrakech,95.91614906832298,
1128,Ait Guirte,Azilal,Béni Mellal-Khénifra,1,Ait Taguella,0.636,Ait Ourir,0.737,Marrakech,95.93167701863354,
1129,Ait Iaala,Tinghir,Drâa-Tafilalet,1,Aït Elfarsi,0.5,Ait Iaaza,0.889,Taroudant,95.9472049689441,
1130,Ait Moumen,Taza,Fès-Meknès,1,Bab Marzouka,0.455,Ait Mimoune,0.762,Khemisset,95.96273291925466,
1131,Ait Moussa Fadma,Ouarzazate,Drâa-Tafilalet,1,Ait Oumdis,0.538,Ait Ouaarda,0.741,Azilal,95.97826086956522,
1132,Zeagngan,Nador,Oriental,1,Zeghanghane,0.737,Zaggota,0.667,Sidi Kacem,95.99378881987577,
1133,Zelten,Essaouira,Marrakech-Safi,1,Tahelouante,0.471,Zerkten,0.769,Al Haouz,96.00931677018633,
1134,Zerhounia,Meknès,Fès-Meknès,1,Ouislane,0.353,El Hagounia,0.7,Es-Semara,96.0248447204969,
1135,Becheine,Taza,Fès-Meknès,1,Barkine,0.533,Bouchaouene,0.632,Guercif,96.04037267080746,
1136,Ben CHEIKH,Al Haouz,Marrakech-Safi,1,Ouneine,0.353,Beni Chiker,0.762,Nador,96.05590062111801,
1137,Ben Charrou,Béni Mellal,Béni Mellal-Khénifra,1,Bni Bataou,0.571,Ben Maachou,0.727,El Jadida,96.07142857142857,
1138,Bozamlane,Taza,Fès-Meknès,1,Bouyablane,0.737,Bouyablane,0.737,Taza,96.08695652173913,
1139,Brakt Lamine,Safi,Marrakech-Safi,1,Sebt Gzoula,0.435,Ras El Ain,0.636,Youssoufia,96.1024844720497,
1140,Bureau Ikaouen,Tinghir,Drâa-Tafilalet,1,Ikniouen,0.545,Askaouen,0.636,Al Haouz,96.11801242236025,
1141,Béni assifan,Chefchaouen,Tanger-Tétouan-Al Hoceïma,1,Bni Selmane,0.609,Bni Hassane,0.783,Azilal,96.13354037267081,
1142,Béninsser,Nador,Oriental,1,Beni Ansar,0.737,Beni Ansar,0.737,Nador,96.14906832298136,
1143,C boumalne,Tinghir,Drâa-Tafilalet,1,Boumalne Dadès,0.667,Boulemane,0.737,Boulemane,96.16459627329192,
1144,Ben Zit,Marrakech,Marrakech-Safi,1,Jbilate,0.286,Bni Zoli,0.667,Zagora,96.18012422360249,
1145,agouti,Tinghir,Drâa-Tafilalet,1,Assoul,0.5,Aghouatim,0.8,Al Haouz,96.19565217391305,
1146,ain chaib,Taroudant,Souss-Massa,1,Lamhadi,0.5,Ain Chair,0.889,Figuig,96.2111801242236,
1147,ainzora,Nador,Oriental,1,Zaïo,0.545,Aïn Zohra,0.875,Driouch,96.22670807453416,
1148,ait aatab,Azilal,Béni Mellal-Khénifra,1,Ait Ouaarda,0.7,Ait Taleb,0.778,Rehamna,96.24223602484471,
1149,ait aliyahya,Tinghir,Drâa-Tafilalet,1,Aït Hani,0.6,Ait Yahya,0.857,Midelt,96.25776397515529,
1150,ait alouane,Tinghir,Drâa-Tafilalet,1,Ait Ouassif,0.636,Zaïtoune,0.737,Tétouan,96.27329192546584,
1151,ait zelten,Essaouira,Marrakech-Safi,1,Tahelouante,0.476,Ait El Man,0.7,Boulemane,96.2888198757764,
1152,ait ziad,Tinghir,Drâa-Tafilalet,1,Aït Hani,0.625,Ait Said,0.75,Essaouira,96.30434782608695,
1153,aitali oyahya,Tinghir,Drâa-Tafilalet,1,Aït Hani,0.476,Ait Yahya,0.818,Midelt,96.31987577639751,
1154,almasjid,Nador,Oriental,1,Al Aroui,0.5,Lamssid,0.667,Boujdour,96.33540372670808,
1155,ait bouyossef,Tinghir,Drâa-Tafilalet,1,Ait Ouassif,0.75,Ait Haddou Youssef,0.774,Taroudant,96.35093167701864,
1156,ait boyousef,Tinghir,Drâa-Tafilalet,1,Ait Youl,0.7,Ait Haddou Youssef,0.733,Taroudant,96.36645962732919,
1157,ait boyoysef,Tinghir,Drâa-Tafilalet,1,Ait Ouassif,0.609,Ait Haddou Youssef,0.667,Taroudant,96.38198757763975,
1158,ait hdouch,Tinghir,Drâa-Tafilalet,1,Ait Youl,0.667,Ait Daoud,0.737,Essaouira,96.3975155279503,
1159,ait hmed,Tinghir,Drâa-Tafilalet,1,Aït Hani,0.625,Ait M'Hamed,0.842,Azilal,96.41304347826087,
1160,ait hmoudene,Tinghir,Drâa-Tafilalet,1,Ait Youl,0.6,Ait Mimoune,0.783,Khemisset,96.42857142857143,
1161,ait iaala,Tinghir,Drâa-Tafilalet,1,Aït Elfarsi,0.5,Ait Iaaza,0.889,Taroudant,96.44409937888199,
1162,ait idit,Tinghir,Drâa-Tafilalet,1,Aït Hani,0.625,Ait Said,0.75,Essaouira,96.45962732919254,
1163,ait mahdi,Tinghir,Drâa-Tafilalet,1,Aït Hani,0.706,Ait Mait,0.824,Driouch,96.4751552795031,
1164,____,Ouarzazate,Drâa-Tafilalet,1,Toundoute,0.0,Zrizer,0.0,Taounate,96.49068322981367,
1165,Baraacca,Taza,Fès-Meknès,1,Jbarna,0.571,Brachoua,0.5,Skhirate-Témara,96.50621118012423,
1166,Baracca,Ouarzazate,Drâa-Tafilalet,1,Afra,0.545,Brachoua,0.667,Skhirate-Témara,96.52173913043478,
1167,Aguidir,Chichaoua,Marrakech-Safi,1,Ait Hadi,0.533,Iguidi,0.769,Al Haouz,96.53726708074534,
1168,Ai Boussalef,Taza,Fès-Meknès,1,Bouyablane,0.545,Ait Ouassif,0.696,Tinghir,96.5527950310559,
1169,Ain Chgaga,Sefrou,Fès-Meknès,1,Mtarnagha,0.526,Ain Cheggag,0.857,Fès,96.56832298136646,
1170,Ain Chifa,Sefrou,Fès-Meknès,1,Ain Timguenai,0.545,Ain Chkef,0.778,Fès,96.58385093167702,
1171,Ain K ara,Moulay Yacoub,Fès-Meknès,1,Ain Taoujdate,0.545,Ain Kansra,0.842,Fès,96.59937888198758,
1172,Ain Taoujtat,El Hajeb,Fès-Meknès,1,Ait Boubidmane,0.462,Ain Taoujdate,0.88,Moulay Yacoub,96.61490683229813,
1173,amassine tondout,Tinghir,Drâa-Tafilalet,1,Assoul,0.455,Imintanoute,0.593,Chichaoua,96.6304347826087,
1174,amdnagh,Tinghir,Drâa-Tafilalet,1,Tinghir,0.429,Madagh,0.769,Berkane,96.64596273291926,
1175,amejjaw,Driouch,Oriental,1,Amejjaou,0.8,Amejjaou,0.8,Driouch,96.66149068322981,
1176,amsa,Tétouan,Tanger-Tétouan-Al Hoceïma,1,Azla,0.5,Assa,0.75,Assa-Zag,96.67701863354037,
1177,ait messoud,Tinghir,Drâa-Tafilalet,1,Ait Youl,0.632,Ait Melloul,0.727,Inezgane-Aït Melloul,96.69254658385093,
1178,ait oglif,Tinghir,Drâa-Tafilalet,1,Ait Youl,0.706,Aglif,0.714,Essaouira,96.7080745341615,
1179,ait ouglif,Tinghir,Drâa-Tafilalet,1,Ait Youl,0.778,Ait Youl,0.778,Tinghir,96.72360248447205,
1180,ait sakri,Tinghir,Drâa-Tafilalet,1,Aït Hani,0.706,Ait Said,0.824,Essaouira,96.73913043478261,
1181,ait tazarin,Tinghir,Drâa-Tafilalet,1,Aït Elfarsi,0.636,Tazarine,0.737,Taza,96.75465838509317,
1182,ait tazrine,Tinghir,Drâa-Tafilalet,1,Aït Hani,0.632,Ait Zineb,0.8,Ouarzazate,96.77018633540372,
1183,Bendib,Sidi Slimane,Rabat-Salé-Kénitra,1,Kceibya,0.462,Ben Taïeb,0.667,Driouch,96.78571428571429,
1184,Bengrir,El Kelâa des Sraghna,Marrakech-Safi,1,Errafiaya,0.375,Ben Guerir,0.824,Rehamna,96.80124223602485,
1185,Beni Makada,Larache,Tanger-Tétouan-Al Hoceïma,1,Bni Garfett,0.455,Beni Malek,0.762,Ouezzane,96.8167701863354,
1186,Beni Maraaz,Meknès,Fès-Meknès,1,Nzala Bni Ammar,0.538,Bni Mathar,0.667,Jerada,96.83229813664596,
1187,Beni Meraaz,Meknès,Fès-Meknès,1,Ait Yaazem,0.476,Beni Mellal,0.727,Béni Mellal,96.84782608695652,
1188,Beni Saden,Sefrou,Fès-Meknès,1,Bir Tamtam,0.4,Bni Said,0.778,Tétouan,96.86335403726709,
1189,Boumalne kcer,Tinghir,Drâa-Tafilalet,1,Boumalne Dadès,0.741,Boumalne Dadès,0.741,Tinghir,96.87888198757764,
1190,Boumardoul,Tinghir,Drâa-Tafilalet,1,Bou Azmou,0.632,Bouarouss,0.737,Taounate,96.8944099378882,
1191,Boumya,Khénifra,Béni Mellal-Khénifra,1,Oum Rabia,0.533,Sbouya,0.833,Sidi Ifni,96.90993788819875,
1192,Bouyafer,Nador,Oriental,1,Bouarg,0.714,Sbouya,0.714,Sidi Ifni,96.92546583850931,
1193,Bouhaira,Essaouira,Marrakech-Safi,1,Essaouira,0.588,Bouarfa,0.8,Figuig,96.94099378881988,
1194,Bouhamza,Azilal,Béni Mellal-Khénifra,1,Taounza,0.533,Bouhmame,0.75,Sidi Bennour,96.95652173913044,
1195,Aghbalo K,Sefrou,Fès-Meknès,1,Aghbalou Aqorar,0.667,Aghbalou,0.824,Khénifra,96.972049689441,
1196,Aghwatime,Al Haouz,Marrakech-Safi,1,Aghouatim,0.778,Aghouatim,0.778,Al Haouz,96.98757763975155,
1197,Aglou,Agadir-Ida Ou Tanane,Souss-Massa,1,Taghazout,0.571,Aghbalou,0.769,Khénifra,97.0031055900621,
1198,Agouidir,Chichaoua,Marrakech-Safi,1,Ighoud,0.571,Agoudim,0.8,Midelt,97.01863354037268,
1199,centre,El Kelâa des Sraghna,Marrakech-Safi,1,Zemrane,0.462,Metrane,0.615,Sidi Bennour,97.03416149068323,
1200,anonizme,Tinghir,Drâa-Tafilalet,1,Alnif,0.462,Tagounite,0.588,Zagora,97.04968944099379,
1201,arroui,Nador,Oriental,1,Al Aroui,0.714,Azrou,0.727,Ifrane,97.06521739130434,
1202,"b,s,louta",Nador,Oriental,1,Selouane,0.588,Louta,0.714,Al Hoceïma,97.0807453416149,
1203,b.bouayach,Al Hoceïma,Tanger-Tétouan-Al Hoceïma,1,Bni Bouayach,0.818,Bni Bouayach,0.818,Al Hoceïma,97.09627329192547,
1204,bab merzk,Taza,Fès-Meknès,1,Bab Marzouka,0.762,Bab Marzouka,0.762,Taza,97.11180124223603,
1205,bab zitouba,Taza,Fès-Meknès,1,Bab Marzouka,0.696,Bab Tiouka,0.762,Sidi Kacem,97.12732919254658,
1206,bani Saden,Sefrou,Fès-Meknès,1,Aït Seghrouchen,0.48,Bni Said,0.778,Tétouan,97.14285714285714,
1207,ben souda,Fès,Fès-Meknès,1,Ain Bou Ali,0.5,Bni Oual,0.706,Ouezzane,97.1583850931677,
1208,beni bouyafrour,Nador,Oriental,1,Bni Bouifrou,0.815,Bni Bouifrou,0.815,Nador,97.17391304347827,
1209,bibane,Taounate,Fès-Meknès,1,El Bibane,0.8,El Bibane,0.8,Taounate,97.18944099378882,
1210,bin jradi,Taza,Fès-Meknès,1,Bab Boudir,0.421,Bir Jdid,0.706,Nouaceur,97.20496894409938,
1211,bizamame,Ouarzazate,Drâa-Tafilalet,1,Ouarzazate,0.444,Bir Tamtam,0.667,Sefrou,97.22049689440993,
1212,bni enssar,Agadir-Ida Ou Tanane,Souss-Massa,1,Aziar,0.4,Beni Ansar,0.8,Nador,97.2360248447205,
1213,alouahda,Taza,Fès-Meknès,1,Oulad Zbair,0.526,Lounasda,0.75,El Kelâa des Sraghna,97.25155279503106,
1214,Agdime,Tinghir,Drâa-Tafilalet,1,Imider,0.5,Agoudim,0.769,Midelt,97.26708074534162,
1215,farkhana,Nador,Oriental,1,Arekmane,0.625,Argana,0.714,Taroudant,97.28260869565217,
1216,ghigou,Sefrou,Fès-Meknès,1,Aït Seghrouchen,0.381,Guigou,0.833,Boulemane,97.29813664596273,
1217,ghorm El Alem,Béni Mellal,Béni Mellal-Khénifra,1,Foum El Anceur,0.593,Laghoualem,0.609,Benslimane,97.3136645962733,
1218,had mssila,Taza,Fès-Meknès,1,Msila,0.667,H'Ssyia,0.706,Zagora,97.32919254658385,
1219,hamria,Ouezzane,Tanger-Tétouan-Al Hoceïma,1,Lamrabih,0.571,Lamrija,0.769,Guercif,97.34472049689441,
1220,hamria,Taounate,Fès-Meknès,1,Zarkat,0.5,Lamrija,0.769,Guercif,97.36024844720497,
1221,harmomo,Sefrou,Fès-Meknès,1,Ahermoumou,0.706,Ahermoumou,0.706,Sefrou,97.37577639751552,
1222,harmomou,Sefrou,Fès-Meknès,1,Ahermoumou,0.778,Ahermoumou,0.778,Sefrou,97.3913043478261,
1223,bohrou,Tinghir,Drâa-Tafilalet,1,Bou Azmou,0.533,Bouhlou,0.769,Taza,97.40683229813665,
1224,booujediane,Larache,Tanger-Tétouan-Al Hoceïma,1,Souaken,0.444,Bou Jedyane,0.818,Ouezzane,97.4223602484472,
1225,bouachiba,Azilal,Béni Mellal-Khénifra,1,Ouaoula,0.5,Boughriba,0.778,Berkane,97.43788819875776,
1226,boujdian,Larache,Tanger-Tétouan-Al Hoceïma,1,Souaken,0.533,Oujda,0.769,Oujda-Angad,97.45341614906832,
1227,boujdiane,Larache,Tanger-Tétouan-Al Hoceïma,1,Souaken,0.5,Bou Jedyane,0.8,Ouezzane,97.46894409937889,
1228,bouqorra,Ouezzane,Tanger-Tétouan-Al Hoceïma,1,Kalaat Booqorra,0.609,Bouskoura,0.706,Nouaceur,97.48447204968944,
1229,bouramana,Driouch,Oriental,1,Ourdana,0.75,Ouaoumana,0.778,Khénifra,97.5,
1230,bouzlne,Taza,Fès-Meknès,1,Bouyablane,0.706,Boulemane,0.75,Boulemane,97.51552795031056,
1231,Bouigra,Chtouka-Aït Baha,Souss-Massa,1,Tizoughrane,0.556,Biougra,0.857,Inezgane-Aït Melloul,97.53105590062111,
1232,Boujarrah,Tétouan,Tanger-Tétouan-Al Hoceïma,1,Bni Karrich,0.5,Bouarfa,0.75,Figuig,97.54658385093168,
1233,Boujdian,Larache,Tanger-Tétouan-Al Hoceïma,1,Souaken,0.533,Oujda,0.769,Oujda-Angad,97.56211180124224,
1234,Boukhalef,Guercif,Oriental,1,Bouchaouene,0.6,Bouhmame,0.706,Sidi Bennour,97.5776397515528,
1235,Boukora,Chefchaouen,Tanger-Tétouan-Al Hoceïma,1,Bni Bouzra,0.588,Bouskoura,0.875,Nouaceur,97.59316770186335,
1236,Boukorra,Chefchaouen,Tanger-Tétouan-Al Hoceïma,1,Bni Bouzra,0.556,Bouskoura,0.824,Nouaceur,97.6086956521739,
1237,Boulaajat,Taroudant,Souss-Massa,1,Ouled Aissa,0.5,Loulja,0.667,Fès,97.62422360248448,
1238,Boumalene,Ouarzazate,Drâa-Tafilalet,1,Toundoute,0.333,Boulemane,0.778,Boulemane,97.63975155279503,
1239,Boumalne k,Tinghir,Drâa-Tafilalet,1,Boumalne Dadès,0.75,Boumalne Dadès,0.75,Tinghir,97.65527950310559,
1240,Ben Tayeb,Nador,Oriental,1,Beni Ansar,0.526,Ben Taïeb,0.889,Driouch,97.67080745341615,
1241,Bojediane,Larache,Tanger-Tétouan-Al Hoceïma,1,Sidi Lyamani,0.381,Bou Jedyane,0.8,Ouezzane,97.6863354037267,
1242,Bolaajlat,Taroudant,Souss-Massa,1,Lamhara,0.5,Sidi Boulaalam,0.609,Essaouira,97.70186335403727,
1243,douar ain sora,Taounate,Fès-Meknès,1,Oulad Daoud,0.48,Oulad Ali Mansour,0.645,Chefchaouen,97.71739130434783,
1244,dr Afra,Ouarzazate,Drâa-Tafilalet,1,Afra,0.727,Afra,0.727,Ouarzazate,97.73291925465838,
1245,dr doultma,Essaouira,Marrakech-Safi,1,Sidi Boulaalam,0.5,Dar Oum Soltane,0.64,Meknès,97.74844720496894,
1246,dépisté à azrou,Larache,Tanger-Tétouan-Al Hoceïma,1,Rissana Janoubia,0.452,Ait Sebaa Lajrouf,0.438,Ifrane,97.7639751552795,
1247,jnan ward,Fès,Fès-Meknès,1,Ain Kansra,0.421,Ain Harrouda,0.571,Médiouna,97.77950310559007,
1248,karia ba ahmd,Taounate,Fès-Meknès,1,Aïn Aïcha,0.455,Karia Ba Mohamed,0.828,Moulay Yacoub,97.79503105590062,
1249,karia ba med,Taounate,Fès-Meknès,1,Ras El Oued,0.435,Karia Ba Mohamed,0.857,Moulay Yacoub,97.81055900621118,
1250,kella,Tinghir,Drâa-Tafilalet,1,Toudgha El Oulia,0.381,Mellila,0.667,Benslimane,97.82608695652173,
1251,A/ Chefk,Al Haouz,Marrakech-Safi,1,Ahl Tifnoute,0.316,Ain Chkef,0.75,Fès,97.8416149068323,
1252,hay dari,Agadir-Ida Ou Tanane,Souss-Massa,1,Tadrart,0.533,Had Dra,0.667,Essaouira,97.85714285714286,
1253,hdida,Tinghir,Drâa-Tafilalet,1,Tinejdad,0.462,Haddada,0.667,Kénitra,97.87267080745342,
1254,iatachne,Tinghir,Drâa-Tafilalet,1,Aït Hani,0.375,Tafetachte,0.667,Essaouira,97.88819875776397,
1255,iazanenn,Nador,Oriental,1,Iaazzanene,0.778,Iaazzanene,0.778,Nador,97.90372670807453,
1256,ibrghosne,Tinghir,Drâa-Tafilalet,1,Tinghir,0.375,Tighedouine,0.6,Al Haouz,97.9192546583851,
1257,idaogaylat,Taroudant,Souss-Massa,1,Ida Ou Gailal,0.696,Ida Ou Gailal,0.696,Taroudant,97.93478260869566,
1258,igermaouas,Driouch,Oriental,1,Amejjaou,0.444,Ijarmaouas,0.8,Al Hoceïma,97.95031055900621,
1259,igherme,Taroudant,Souss-Massa,1,Irherm,0.769,Irherm,0.769,Taroudant,97.96583850931677,
1260,ighmnigrane,Tinghir,Drâa-Tafilalet,1,Tinghir,0.556,Ighzrane,0.737,Taza,97.98136645962732,
1261,dalas,Béni Mellal,Béni Mellal-Khénifra,1,Dir El Ksiba,0.235,Dakhla,0.727,Oued Ed-Dahab,97.9968944099379,
1262,douar OUDAD,Taounate,Fès-Meknès,1,Oulad Daoud,0.636,Ouaoula,0.667,Azilal,98.01242236024845,
1263,Abdellah Chefchaouni,Tinghir,Drâa-Tafilalet,1,Ferkla El Oulia,0.4,Chefchaouen,0.645,Chefchaouen,98.027950310559,
1264,Ad Sayeh,Essaouira,Marrakech-Safi,1,Sidi Ahmed Essayeh,0.615,Aday,0.667,Assa-Zag,98.04347826086956,
1265,Admam,Al Hoceïma,Tanger-Tétouan-Al Hoceïma,1,Senada,0.545,Oulad Zmam,0.667,Fquih Ben Salah,98.05900621118012,
1266,Afellaisen,Chichaoua,Marrakech-Safi,1,Afalla Issen,0.818,Afalla Issen,0.818,Chichaoua,98.07453416149069,
1267,Agdal,Fès,Fès-Meknès,1,Ain Bida,0.462,Imgdal,0.727,Al Haouz,98.09006211180125,
1268,kolla,Larache,Tanger-Tétouan-Al Hoceïma,1,Souk Tolba,0.533,Kechoula,0.615,Chichaoua,98.1055900621118,
1269,lagnat,Béni Mellal,Béni Mellal-Khénifra,1,Oulad Gnaou,0.588,Lagnadiz,0.714,Khouribga,98.12111801242236,
1270,laksir,El Hajeb,Fès-Meknès,1,Iqaddar,0.308,Laqsir,0.833,Moulay Yacoub,98.13664596273291,
1271,lamzem,El Kelâa des Sraghna,Marrakech-Safi,1,Oulad Amer,0.5,Talzemt,0.615,Boulemane,98.15217391304348,
1272,lbour,Tinghir,Drâa-Tafilalet,1,Outerbat,0.462,Bourd,0.8,Al Hoceïma,98.16770186335404,
1273,ighrmloune,Tinghir,Drâa-Tafilalet,1,Aghbalou N'Kerdous,0.5,Tighedouine,0.667,Al Haouz,98.1832298136646,
1274,imghrane,Tinghir,Drâa-Tafilalet,1,Tinghir,0.533,Ighzrane,0.875,Taza,98.19875776397515,
1275,iminifri,Azilal,Béni Mellal-Khénifra,1,Tifni,0.462,Sidi Ifni,0.471,Sidi Ifni,98.21428571428571,
1276,imzoudar,Tinghir,Drâa-Tafilalet,1,Imider,0.571,Mzoudia,0.8,Chichaoua,98.22981366459628,
1277,izourka,Tinghir,Drâa-Tafilalet,1,Outerbat,0.533,Ourika,0.769,Al Haouz,98.24534161490683,
1278,jmaat abdellah,Al Haouz,Marrakech-Safi,1,Tameslouht,0.167,Ait Abdellah,0.846,Chtouka-Aït Baha,98.26086956521739,
1279,Borj Mechkouk,Taounate,Fès-Meknès,1,Bouhouda,0.476,Bir Mezoui,0.609,Khouribga,98.27639751552795,
1280,Bouallou,Taounate,Fès-Meknès,1,Bouarouss,0.706,Bouhlou,0.8,Taza,98.2919254658385,
1281,Bouaziar,Azilal,Béni Mellal-Khénifra,1,Azilal,0.571,Aziar,0.769,Agadir-Ida Ou Tanane,98.30745341614907,
1282,Bouazoune,Taounate,Fès-Meknès,1,Ouaouzgane,0.737,Boulaouane,0.842,Sidi Bennour,98.32298136645963,
1283,Boubaan,Nador,Oriental,1,Bouarg,0.615,Boukraa,0.714,Laâyoune,98.33850931677019,
1284,Boubria,Berkane,Oriental,1,Boughriba,0.75,Ourika,0.769,Al Haouz,98.35403726708074,
1285,Bouchamate,Taounate,Fès-Meknès,1,Bouadel,0.588,Bouhmame,0.778,Sidi Bennour,98.3695652173913,
1286,Bouchibat,Al Hoceïma,Tanger-Tétouan-Al Hoceïma,1,Boudinar,0.588,Boughriba,0.778,Berkane,98.38509316770187,
1287,Bouderbala,Sefrou,Fès-Meknès,1,Imouzzer Kandar,0.48,Boukraa,0.706,Laâyoune,98.40062111801242,
1288,Bouezgar,Essaouira,Marrakech-Safi,1,Bouzemmour,0.556,Bouarg,0.714,Nador,98.41614906832298,
1289,Bougaala,Guelmim,Guelmim-Oued Noun,1,Bouizakarne,0.526,Jouala,0.714,El Kelâa des Sraghna,98.43167701863354,
1290,Bougumez,Azilal,Béni Mellal-Khénifra,1,Taounza,0.4,Aouguenz,0.75,Chtouka-Aït Baha,98.4472049689441,
1291,Berraca,Nador,Oriental,1,Beni Ansar,0.353,Errachidia,0.706,Errachidia,98.46273291925466,
1292,Berraka,Nador,Oriental,1,Hassi Berkane,0.5,Braksa,0.769,Khouribga,98.47826086956522,
1293,Abdellah Chefchaouni,Agadir-Ida Ou Tanane,Souss-Massa,1,Adaghas,0.37,Chefchaouen,0.645,Chefchaouen,98.49378881987577,
1294,Abdellah Chefchaouni,Ouarzazate,Drâa-Tafilalet,1,Afella N'Dra,0.438,Chefchaouen,0.645,Chefchaouen,98.50931677018633,
1295,rahouana,Nador,Oriental,1,Selouane,0.5,Lahouaza,0.75,Settat,98.5248447204969,
1296,rass lma,Nador,Oriental,1,Hassi Berkane,0.476,Ras El Ma,0.824,Berkane,98.54037267080746,
1297,regraga,Al Haouz,Marrakech-Safi,1,Agafay,0.462,Reggada,0.714,Tiznit,98.55590062111801,
1298,regragua,Essaouira,Marrakech-Safi,1,Sidi Aissa Regragui,0.519,Reggada,0.667,Tiznit,98.57142857142857,
1299,lhart,Tinghir,Drâa-Tafilalet,1,Aït Elfarsi,0.375,Lahdar,0.727,Youssoufia,98.58695652173913,
1300,lharte,Tinghir,Drâa-Tafilalet,1,Aït Elfarsi,0.353,Lahdar,0.667,Youssoufia,98.6024844720497,
1301,marnissa,Taounate,Fès-Meknès,1,Tissa,0.615,Massa,0.769,Tiznit,98.61801242236025,
1302,menzel,Sefrou,Fès-Meknès,1,El Menzel,0.8,El Menzel,0.8,Sefrou,98.63354037267081,
1303,mezguitem,Taza,Fès-Meknès,1,El Gouzate,0.421,Mezguita,0.824,Ouarzazate,98.64906832298136,
1304,mirna,Tinghir,Drâa-Tafilalet,1,Imider,0.545,Smià,0.667,Taza,98.66459627329192,
1305,moqrisat,Ouezzane,Tanger-Tétouan-Al Hoceïma,1,Brikcha,0.4,Moqrisset,0.824,Chefchaouen,98.68012422360249,
1306,moujjou,Sefrou,Fès-Meknès,1,Ahermoumou,0.588,Boujdour,0.667,Boujdour,98.69565217391305,
1307,municipalité nador,Nador,Oriental,1,Nador,0.435,Sidi Ali Ben Hamdouche,0.5,El Jadida,98.7111801242236,
1308,my abdelkader,Sidi Kacem,Rabat-Salé-Kénitra,1,Sidi Kacem,0.348,Moulay Abdelkader,0.867,Ouezzane,98.72670807453416,
1309,my abdelkrim,Taounate,Fès-Meknès,1,Moulay Ahmed Cherif,0.516,Moulay Abdelkrim,0.857,Moulay Yacoub,98.74223602484471,
1310,A/Hmmou,Al Hoceïma,Tanger-Tétouan-Al Hoceïma,1,Izemmouren,0.471,Ait Hammou,0.824,Rehamna,98.75776397515529,
1311,A.ali Youssef,Al Hoceïma,Tanger-Tétouan-Al Hoceïma,1,Aït Youssef Ou Ali,0.645,Oulad Ali Youssef,0.8,Boulemane,98.77329192546584,
1312,A.maatouf,Taounate,Fès-Meknès,1,Ain Maatouf,0.8,Ain Maatouf,0.8,Taounate,98.7888198757764,
1313,saghro,Tinghir,Drâa-Tafilalet,1,Tinghir,0.462,Maghraoua,0.667,Taza,98.80434782608695,
1314,sahel,Tiznit,Souss-Massa,1,Arbaa Sahel,0.625,Salé,0.667,Salé,98.81987577639751,
1315,sais,Fès,Fès-Meknès,1,Ain Kansra,0.429,Assais,0.8,Taroudant,98.83540372670808,
1316,sebte tafraoutene,Taroudant,Souss-Massa,1,Tafraouten,0.741,Tafraouten,0.741,Taroudant,98.85093167701864,
1317,nakhla,Tétouan,Tanger-Tétouan-Al Hoceïma,1,Azla,0.6,Dakhla,0.833,Oued Ed-Dahab,98.86645962732919,
1318,o ghalem,Settat,Casablanca-Settat,1,Toualet,0.533,Ouled Ghanem,0.7,Sidi Bennour,98.88198757763975,
1319,oled bouaziri,Settat,Casablanca-Settat,1,Oulad Abbou,0.583,Oulad Bourima,0.692,Taza,98.8975155279503,
1320,oled bouchair,Settat,Casablanca-Settat,1,Oulad Abbou,0.583,Oulad Boughadi,0.741,Khouribga,98.91304347826087,
1321,oled mhala,Taroudant,Souss-Massa,1,Ouled Aissa,0.667,Oued Malha,0.7,Chefchaouen,98.92857142857143,
1322,omyache,Tinghir,Drâa-Tafilalet,1,Imilchil,0.4,Rouached,0.667,Fquih Ben Salah,98.94409937888199,
1323,oued Kasaba,Taounate,Fès-Meknès,1,Oued Jemaa,0.667,Ouled Aissa,0.727,Taroudant,98.95962732919254,
1324,oued fes,Fès,Fès-Meknès,1,Fès,0.545,Oued Zem,0.75,Khouribga,98.9751552795031,
1325,ouledamghar,Driouch,Oriental,1,Ourdana,0.556,Oulad Amghar,0.87,Al Hoceïma,98.99068322981367,
1326,qd ben aouda,Kénitra,Rabat-Salé-Kénitra,1,Ben Mansour,0.609,Kariat Ben Aouda,0.714,Ouezzane,99.00621118012423,
1327,Biban,Taounate,Fès-Meknès,1,El Bibane,0.714,El Bibane,0.714,Taounate,99.02173913043478,
1328,Bin Jradi,Taza,Fès-Meknès,1,Bab Boudir,0.421,Bir Jdid,0.706,Nouaceur,99.03726708074534,
1329,Bit Ghouleme,Taza,Fès-Meknès,1,Bni Lent,0.5,Boulemane,0.667,Boulemane,99.0527950310559,
1330,Bit ghoulem,Taza,Fès-Meknès,1,Bni Lent,0.526,Bni Faghloum,0.696,Chefchaouen,99.06832298136646,
1331,Bkakacha,Settat,Casablanca-Settat,1,Dar Chaffai,0.421,Ayacha,0.714,Larache,99.08385093167702,
1332,Bni Amer,El Kelâa des Sraghna,Marrakech-Safi,1,Oulad Amer,0.556,Bni Ammart,0.778,Taounate,99.09937888198758,
1333,Bni Koulla,Ouezzane,Tanger-Tétouan-Al Hoceïma,1,Bni Quolla,0.8,Bni Quolla,0.8,Ouezzane,99.11490683229813,
1334,Bni Saden,Sefrou,Fès-Meknès,1,Bir Tamtam,0.421,Bni Said,0.824,Tétouan,99.1304347826087,
1335,Bni ahmed,Al Hoceïma,Tanger-Tétouan-Al Hoceïma,1,Bni Hadifa,0.632,Ben Ahmed,0.889,Khouribga,99.14596273291926,
1336,Bnimaati,Settat,Casablanca-Settat,1,Mniaa,0.615,Bni Ayat,0.75,Azilal,99.16149068322981,
1337,,Fès,Fès-Meknès,1,Sidi Hrazem,0.0,,0.0,,99.17701863354037,
1338,,Guercif,Oriental,1,Tissaf,0.0,,0.0,,99.19254658385093,
1339,"A,taourirt",Al Hoceïma,Tanger-Tétouan-Al Hoceïma,1,Arbaa Taourirt,0.75,Taourirt,0.889,Taourirt,99.2080745341615,
1340,A. Taorirt,Al Hoceïma,Tanger-Tétouan-Al Hoceïma,1,Arbaa Taourirt,0.75,Taourirt,0.778,Taourirt,99.22360248447205,
1341,A.D.C,Sidi Kacem,Rabat-Salé-Kénitra,1,Sidi Kacem,0.267,Agdz,0.444,Ouarzazate,99.23913043478261,
1342,A.Gdah,Taounate,Fès-Meknès,1,Ain Legdah,0.625,Madagh,0.667,Berkane,99.25465838509317,
1343,tighmatine,Tinghir,Drâa-Tafilalet,1,Tilmi,0.533,Tighmi,0.75,Tiznit,99.27018633540372,
1344,tisli,Tinghir,Drâa-Tafilalet,1,Tilmi,0.8,Tisqi,0.8,Azilal,99.28571428571429,
1345,tizitounte,Chichaoua,Marrakech-Safi,1,Ain Tazitounte,0.75,Tiztoutine,0.8,Driouch,99.30124223602485,
1346,A S Scharkia,Tinghir,Drâa-Tafilalet,1,Ait Sedrate Sahl Charkia,0.667,Assaki,0.667,Al Haouz,99.3167701863354,
1347,sghanghan,Nador,Oriental,1,Zeghanghane,0.8,Zeghanghane,0.8,Nador,99.33229813664596,
1348,sidi A Tadeli,Sefrou,Fès-Meknès,1,Ahl Sidi Lahcen,0.5,Sidi Al Kamel,0.769,Sidi Slimane,99.34782608695652,
1349,sidi A Tadeli Lalal yaza,Sefrou,Fès-Meknès,1,Dar El Hamra,0.389,Sidi Allal Tazi,0.667,Kénitra,99.36335403726709,
1350,sidi ahmed hamed,Essaouira,Marrakech-Safi,1,Sidi H'Mad Ou Hamed,0.743,Sidi H'Mad Ou Hamed,0.743,Essaouira,99.37888198757764,
1351,sidi ahmed tadli,Meknès,Fès-Meknès,1,Oued Jdida,0.308,Sidi Ahmed El Khadir,0.778,El Kelâa des Sraghna,99.3944099378882,
1352,sidi kamel,Larache,Tanger-Tétouan-Al Hoceïma,1,Sidi Lyamani,0.636,Sidi Al Kamel,0.87,Sidi Slimane,99.40993788819875,
1353,"sidi med b,lahcen",Taounate,Fès-Meknès,1,Sidi M'Hamed Ben Lahcen,0.8,Sidi M'Hamed Ben Lahcen,0.8,Taounate,99.42546583850931,
1354,takkad,Chtouka-Aït Baha,Souss-Massa,1,Tabia,0.545,Akka,0.8,Tata,99.44099378881988,
1355,tamlalte,Tinghir,Drâa-Tafilalet,1,Imilchil,0.375,Tamallalt,0.824,El Kelâa des Sraghna,99.45652173913044,
1356,taouima,Nador,Oriental,1,Al Aroui,0.533,Touama,0.769,Marrakech,99.472049689441,
1357,taoujtat,El Hajeb,Fès-Meknès,1,Agourai,0.533,Tazouta,0.8,Sefrou,99.48757763975155,
1358,"A,Y,Ouali",Al Hoceïma,Tanger-Tétouan-Al Hoceïma,1,Rouadi,0.533,Oualili,0.625,Meknès,99.5031055900621,
1359,zgangan,Nador,Oriental,1,Zeghanghane,0.778,Zeghanghane,0.778,Nador,99.51863354037268,
1360,A S jbel,Tinghir,Drâa-Tafilalet,1,Ait Sedrate Jbel El Oulia,0.485,Bni Sidel Jbel,0.636,Nador,99.53416149068323,
1361,7Eme Bsi Melitaire,Taza,Fès-Meknès,1,Msila,0.435,Ameur Seflia,0.533,Kénitra,99.54968944099379,
1362,7eme BISI,Taza,Fès-Meknès,1,Msila,0.429,Mesti,0.429,Sidi Ifni,99.56521739130434,
1363,A H yahya,Tinghir,Drâa-Tafilalet,1,Aït Hani,0.471,Ait Yahya,0.778,Midelt,99.5807453416149,
1364,A S J oulia,Tinghir,Drâa-Tafilalet,1,Ferkla El Oulia,0.615,Rass Oumlil,0.636,Tan-Tan,99.59627329192547,
1365,A S J soufla,Tinghir,Drâa-Tafilalet,1,Ferkla Es-Soufla,0.714,Ferkla Es-Soufla,0.714,Tinghir,99.61180124223603,
1366,A S Jbel olia,Tinghir,Drâa-Tafilalet,1,Ait Sedrate Jbel El Oulia,0.684,Ait Sedrate Jbel El Oulia,0.684,Tinghir,99.62732919254658,
1367,A S S charkia,Tinghir,Drâa-Tafilalet,1,Ait Sedrate Sahl Charkia,0.703,Ait Sedrate Sahl Charkia,0.703,Tinghir,99.64285714285714,
1368,,Chefchaouen,Tanger-Tétouan-Al Hoceïma,1,Tizgane,0.0,,0.0,,99.6583850931677,
1369,,Chtouka-Aït Baha,Souss-Massa,1,Toumliline,0.0,,0.0,,99.67391304347827,
1370,,El Kelâa des Sraghna,Marrakech-Safi,1,Znada,0.0,,0.0,,99.68944099378882,
1371,z elbir,Tinghir,Drâa-Tafilalet,1,M'Semrir,0.533,Ksar el-Kebir,0.6,Larache,99.70496894409938,
1372,tarmouchte,Tinghir,Drâa-Tafilalet,1,Outerbat,0.444,Tabaroucht,0.8,Béni Mellal,99.72049689440993,
1373,,Khénifra,Béni Mellal-Khénifra,1,Zaouiat Cheikh,0.0,,0.0,,99.7360248447205,
1374,,Meknès,Fès-Meknès,1,Toulal,0.0,,0.0,,99.75155279503106,
1375,K.Tadla,Béni Mellal,Béni Mellal-Khénifra,1,Kasba Tadla,0.667,Tamda,0.667,Rehamna,99.76708074534162,
1376,K_Ba_Mohamed,Taounate,Fès-Meknès,1,Sidi Haj M’hamed,0.519,Karia Ba Mohamed,0.714,Moulay Yacoub,99.78260869565217,
1377,Kaa Assrass,Chefchaouen,Tanger-Tétouan-Al Hoceïma,1,Al Hamra,0.421,Assaisse,0.632,Ouarzazate,99.79813664596273,
1378,Ihoudjjine,Azilal,Béni Mellal-Khénifra,1,Imi N'Oulaoune,0.417,Bigoudine,0.737,Taroudant,99.8136645962733,
1379,Ijfi,Driouch,Oriental,1,Ifarni,0.6,Tifni,0.667,Azilal,99.82919254658385,
1380,A S jbel olia,Tinghir,Drâa-Tafilalet,1,Ait Sedrate Jbel El Oulia,0.684,Ait Sedrate Jbel El Oulia,0.684,Tinghir,99.84472049689441,
1381,A S jbel sofla,Tinghir,Drâa-Tafilalet,1,Ait Sedrate Jbel El Soufla,0.7,Ait Sedrate Jbel El Soufla,0.7,Tinghir,99.86024844720497,
1382,A s jbel,Tinghir,Drâa-Tafilalet,1,Ait Sedrate Jbel El Oulia,0.485,Bni Sidel Jbel,0.636,Nador,99.87577639751552,
1383,A s s charkia,Tinghir,Drâa-Tafilalet,1,Ait Sedrate Sahl Charkia,0.703,Ait Sedrate Sahl Charkia,0.703,Tinghir,99.8913043478261,
1384,"A, Mediona A ,Medoina",Taounate,Fès-Meknès,1,Ain Mediouna,0.545,Ain Mediouna,0.545,Taounate,99.90683229813665,
1385,tkhabecht,Driouch,Oriental,1,Tafersit,0.471,Tafetachte,0.632,Essaouira,99.9223602484472,
1386,tlat louta,Nador,Oriental,1,Bni Sidel Louta,0.56,Tazouta,0.706,Sefrou,99.93788819875776,
1387,trik alwahda,Taza,Fès-Meknès,1,Tahla,0.471,Sti Fadma,0.476,Al Haouz,99.95341614906832,
1388,15Eme Gare,Taza,Fès-Meknès,1,El Gouzate,0.5,M'Garto,0.588,Khouribga,99.96894409937889,
1389,7Eme Bsi,Taza,Fès-Meknès,1,Msila,0.462,Mesti,0.615,Sidi Ifni,99.98447204968944,
1390,zegota,Sidi Kacem,Rabat-Salé-Kénitra,1,Zaggota,0.769,Zaggota,0.769,Sidi Kacem,100.0,
