rang,Commune,Province,Region_std,n_cas,suggestion_meme_province,score_meme_province,suggestion_globale,score_globale,province_suggestion_globale,cumsum_pct,CONFIRME_MANQUANT_REFERENTIEL,DECISION_HUMAINE
1,Bab zitouna,Taza,Fès-Meknès,158,Bab Marzouka,0.696,Bab Tiouka,0.762,Sidi Kacem,3.286189683860233,True,
2,Ait Attab,Azilal,Béni Mellal-Khénifra,157,Aït Abbas,0.667,Ait Taleb,0.778,Rehamna,6.5515806988352745,True,
3,Babzitouna,Taza,Fès-Meknès,148,Bab Marzouka,0.636,Bab Tiouka,0.7,Sidi Kacem,9.629783693843594,True,
4,Iminoulaoun,Ouarzazate,Drâa-Tafilalet,107,Siroua,0.471,Imi N'Oulaoune,0.88,Azilal,11.855241264559067,True,
5,Tizgui,Azilal,Béni Mellal-Khénifra,99,Tisqi,0.545,Touizgui,0.857,Assa-Zag,13.914309484193012,True,
6,Sam,Chichaoua,Marrakech-Safi,96,Gmassa,0.444,Sgamna,0.667,Khouribga,15.910981697171382,False,
7,Bab Zitouna,Taza,Fès-Meknès,92,Bab Marzouka,0.696,Bab Tiouka,0.762,Sidi Kacem,17.824459234608984,True,
8,Bab tété,Taza,Fès-Meknès,79,Bni Lent,0.375,Bab Berred,0.667,Chefchaouen,19.467554076539102,True,
9,Ait attab,Azilal,Béni Mellal-Khénifra,65,Aït Abbas,0.667,Ait Taleb,0.778,Rehamna,20.81946755407654,True,
10,Chafarni,Taroudant,Souss-Massa,54,Lakhnafif,0.471,Ifarni,0.714,Driouch,21.942595673876873,True,
11,Ain Dorrij,Ouezzane,Tanger-Tétouan-Al Hoceïma,52,Ain Dfali,0.632,Aïn Orma,0.667,Meknès,23.02412645590682,False,
12,Tanfarda,Azilal,Béni Mellal-Khénifra,48,Tanant,0.571,Tangarfa,0.625,Sidi Ifni,24.022462562396008,False,
13,Iminifri,Azilal,Béni Mellal-Khénifra,43,Tifni,0.462,Sidi Ifni,0.471,Sidi Ifni,24.916805324459233,False,
14,ait hamd,Tinghir,Drâa-Tafilalet,34,Aït Hani,0.75,Ait Hadi,0.875,Chichaoua,25.62396006655574,False,
15,Belksiri,Sidi Kacem,Rabat-Salé-Kénitra,33,Bir Taleb,0.353,Mechra Bel Ksiri,0.667,Sidi Slimane,26.310316139767053,False,
16,Takhsayte,Fquih Ben Salah,Béni Mellal-Khénifra,33,Tachraft,0.588,Takate,0.8,Essaouira,26.996672212978368,False,
17,mcissi,Tinghir,Drâa-Tafilalet,32,M'Ssici,0.615,Tissint,0.615,Tata,27.662229617304494,False,
18,Ain Dorrij,Sidi Kacem,Rabat-Salé-Kénitra,31,Ain Jemaa,0.526,Aïn Orma,0.667,Meknès,28.306988352745424,False,
19,Sarghine,Tinghir,Drâa-Tafilalet,29,Tinghir,0.4,Serghina,0.75,Boulemane,28.91014975041597,False,
20,Bouzemlan,Taza,Fès-Meknès,29,Bouyablane,0.632,Boulemane,0.778,Boulemane,29.513311148086522,False,
21,Lamzem,El Kelâa des Sraghna,Marrakech-Safi,28,Oulad Amer,0.5,Talzemt,0.615,Boulemane,30.09567387687188,False,
22,Ait hamd,Tinghir,Drâa-Tafilalet,27,Aït Hani,0.75,Ait Hadi,0.875,Chichaoua,30.657237936772045,False,
23,Ouzoud,Azilal,Béni Mellal-Khénifra,26,Ouaoula,0.615,Ouzioua,0.769,Al Haouz,31.19800332778702,True,
24,Bab Tete,Taza,Fès-Meknès,25,Bni Lent,0.375,Bab Berred,0.667,Chefchaouen,31.717970049916804,True,
25,ait idir,Tinghir,Drâa-Tafilalet,25,Aït Hani,0.625,Ait Said,0.75,Essaouira,32.23793677204659,False,
26,Ain Dorij,Ouezzane,Tanger-Tétouan-Al Hoceïma,24,Ain Dfali,0.667,Aïn Orma,0.706,Meknès,32.73710482529118,False,
27,Babtété,Taza,Fès-Meknès,24,Bouyablane,0.471,Abteh,0.667,Tan-Tan,33.23627287853577,True,
28,S.A.B.B,Azilal,Béni Mellal-Khénifra,23,Aït Abbas,0.125,Sabbah,0.615,Skhirate-Témara,33.714642262895175,False,
29,S.Y.B.Z,Taounate,Fès-Meknès,23,Sidi Yahya Bni Zeroual,0.276,Isly,0.364,Oujda-Angad,34.19301164725458,False,
30,Bourmane,Ouarzazate,Drâa-Tafilalet,23,Toundoute,0.471,Boulemane,0.824,Boulemane,34.671381031613976,False,
31,Ait idir,Tinghir,Drâa-Tafilalet,23,Aït Hani,0.625,Ait Said,0.75,Essaouira,35.14975041597338,False,
32,ait tazarine,Tinghir,Drâa-Tafilalet,22,Aït Elfarsi,0.609,Tazarine,0.8,Taza,35.607321131447584,False,
33,,Essaouira,Marrakech-Safi,22,Zaouiat Ben Hmida,0.0,,0.0,,36.064891846921796,False,
34,Ghdira Hamra,Béni Mellal,Béni Mellal-Khénifra,22,Sidi Hammadi,0.583,Al Hamra,0.7,Chefchaouen,36.52246256239601,False,
35,Lbrouj,Settat,Casablanca-Settat,22,Lahouaza,0.429,El Borouj,0.8,Khouribga,36.98003327787021,False,
36,S.H.M'ed,Taounate,Fès-Meknès,20,Ras El Oued,0.421,Sidi Abed,0.471,El Jadida,37.39600665557404,False,
37,Tamraght,Agadir-Ida Ou Tanane,Souss-Massa,20,Tadrart,0.667,Tamaguert,0.706,Marrakech,37.81198003327787,True,
38,Bouachiba,Azilal,Béni Mellal-Khénifra,20,Ouaoula,0.5,Boughriba,0.778,Berkane,38.2279534109817,False,
39,Boutaghrar,Tinghir,Drâa-Tafilalet,19,Outerbat,0.444,Boughriba,0.737,Berkane,38.623128119800334,False,
40,Bouzemlane,Taza,Fès-Meknès,19,Bouyablane,0.7,Boulemane,0.842,Boulemane,39.01830282861897,False,
41,Skour,Boulemane,Fès-Meknès,18,Missour,0.667,Meskoura,0.769,Khouribga,39.392678868552416,False,
42,Zegotta,Sidi Kacem,Rabat-Salé-Kénitra,18,Zaggota,0.714,Zaggota,0.714,Sidi Kacem,39.767054908485854,False,
43,Tassouit,Tinghir,Drâa-Tafilalet,18,Assoul,0.714,Tassousfi,0.824,Tata,40.1414309484193,False,
44,Chahid Baha,Sefrou,Fès-Meknès,17,Ahl Sidi Lahcen,0.538,Ait Baha,0.737,Chtouka-Aït Baha,40.49500831946755,False,
45,Ait tazarine,Tinghir,Drâa-Tafilalet,17,Aït Elfarsi,0.609,Tazarine,0.8,Taza,40.848585690515804,False,
46,Bab mrouj,Taza,Fès-Meknès,17,Bab Marzouka,0.762,Bab Marzouka,0.762,Taza,41.20216306156406,False,
47,""" """,Taounate,Fès-Meknès,17,M'tioua,0.2,N'Kob,0.25,Tinghir,41.55574043261231,False,
48,Tassouite,Tinghir,Drâa-Tafilalet,17,Assoul,0.667,Tassousfi,0.778,Tata,41.909317803660564,False,
49,Taguela,Azilal,Béni Mellal-Khénifra,16,Ait Taguella,0.737,Ait Taguella,0.737,Azilal,42.242096505823625,False,
50,sarghine,Tinghir,Drâa-Tafilalet,15,Tinghir,0.4,Serghina,0.75,Boulemane,42.554076539101494,False,
51,chafarni,Taroudant,Souss-Massa,15,Lakhnafif,0.471,Ifarni,0.714,Driouch,42.86605657237937,True,
52,Khenichate,Sidi Kacem,Rabat-Salé-Kénitra,15,Khnichet,0.778,Khnichet,0.778,Sidi Kacem,43.17803660565724,False,
53,Tislit,Azilal,Béni Mellal-Khénifra,15,Tisqi,0.727,Tiglit,0.833,Guelmim,43.49001663893511,False,
54,Bni Kolla,Sidi Kacem,Rabat-Salé-Kénitra,15,Bir Taleb,0.444,Bni Quolla,0.842,Ouezzane,43.80199667221298,False,
55,Bani Saden,Sefrou,Fès-Meknès,15,Aït Seghrouchen,0.48,Bni Said,0.778,Tétouan,44.11397670549085,False,
56,"S,A,B,B",Azilal,Béni Mellal-Khénifra,14,Aït Abbas,0.125,Sabbah,0.615,Skhirate-Témara,44.40515806988353,False,
57,Fariata,Béni Mellal,Béni Mellal-Khénifra,14,Had Bradia,0.471,Fraita,0.769,El Kelâa des Sraghna,44.696339434276204,False,
58,Mzem,El Kelâa des Sraghna,Marrakech-Safi,13,Zemrane,0.545,Zemrane,0.545,El Kelâa des Sraghna,44.96672212978369,False,
59,My Brahim,Al Haouz,Marrakech-Safi,13,Moulay Brahim,0.818,Moulay Brahim,0.818,Al Haouz,45.23710482529118,False,
60,Beni Sadden,Sefrou,Fès-Meknès,13,Aït Seghrouchen,0.154,Bni Said,0.737,Tétouan,45.50748752079867,False,
61,Timolilte,Azilal,Béni Mellal-Khénifra,13,Imlil,0.714,Timoulilt,0.889,Béni Mellal,45.777870216306155,False,
62,Foum Anser,Béni Mellal,Béni Mellal-Khénifra,13,Foum El Anceur,0.75,Foum El Anceur,0.75,Béni Mellal,46.04825291181364,False,
63,Bouzamlane,Taza,Fès-Meknès,13,Bouyablane,0.8,Bouyablane,0.8,Taza,46.318635607321134,False,
64,Tdili,Azilal,Béni Mellal-Khénifra,12,Tisqi,0.6,Tilmi,0.8,Tinghir,46.56821963394343,False,
65,boutghrar,Tinghir,Drâa-Tafilalet,12,Outerbat,0.588,Boughriba,0.778,Berkane,46.81780366056572,False,
66,Aderj,Sefrou,Fès-Meknès,12,Ahermoumou,0.4,Adrej,0.8,Boulemane,47.06738768718802,False,
67,Iaazazen,Nador,Oriental,12,Iaazzanene,0.778,Iaazzanene,0.778,Nador,47.31697171381032,False,
68,Iminoulaouen,Ouarzazate,Drâa-Tafilalet,11,Toundoute,0.476,Imi N'Oulaoune,0.846,Azilal,47.54575707154742,False,
69,My Bouchta,Taounate,Fès-Meknès,11,Bni Bouchibet,0.609,Moulay Bouchta,0.833,Moulay Yacoub,47.77454242928452,False,
70,kabdani,Driouch,Oriental,11,Dar El Kebdani,0.571,Tabant,0.615,Azilal,48.00332778702163,False,
71,bab zitouna,Taza,Fès-Meknès,11,Bab Marzouka,0.696,Bab Tiouka,0.762,Sidi Kacem,48.232113144758735,True,
72,"A,Chefk",Al Haouz,Marrakech-Safi,11,Ahl Tifnoute,0.316,Tancherfi,0.625,Jerada,48.46089850249584,False,
73,Ighilamgone,Tinghir,Drâa-Tafilalet,11,Kalaat M'Gouna,0.48,Ighil N'Oumgoun,0.692,Azilal,48.68968386023295,False,
74,Lkhmiss Dades,Tinghir,Drâa-Tafilalet,11,Souk Lakhmis Dades,0.774,Souk Lakhmis Dades,0.774,Tinghir,48.91846921797005,False,
75,Kouacem,Fquih Ben Salah,Béni Mellal-Khénifra,11,Rouached,0.667,Kouzemt,0.714,Essaouira,49.14725457570715,False,
76,Yasmine,Sidi Kacem,Rabat-Salé-Kénitra,11,Ain Jemaa,0.5,Lahsinate,0.625,Essaouira,49.37603993344426,False,
77,Tirest,Azilal,Béni Mellal-Khénifra,11,Tisqi,0.545,Tiflet,0.667,Khemisset,49.60482529118136,False,
78,Bab Mrouj,Taza,Fès-Meknès,10,Bab Marzouka,0.762,Bab Marzouka,0.762,Taza,49.81281198003328,False,
79,Tibihit,Béni Mellal,Béni Mellal-Khénifra,10,Taghzirt,0.4,Tighirt,0.714,Tiznit,50.02079866888519,False,
80,Neknafa,Essaouira,Marrakech-Safi,10,Meskala,0.571,Tekna,0.667,Sidi Kacem,50.2287853577371,False,
81,Ourbiaa,Béni Mellal,Béni Mellal-Khénifra,10,Naour,0.5,Ourika,0.769,Al Haouz,50.43677204658902,False,
82,Bani saden,Sefrou,Fès-Meknès,10,Aït Seghrouchen,0.48,Bni Said,0.778,Tétouan,50.64475873544093,False,
83,Boujediane,Larache,Tanger-Tétouan-Al Hoceïma,10,Souaken,0.471,Bou Jedyane,0.857,Ouezzane,50.85274542429285,False,
84,lekhmiss,Tinghir,Drâa-Tafilalet,10,Souk Lakhmis Dades,0.538,Khémisset,0.706,Khemisset,51.06073211314476,False,
85,"A,Mediona",Taounate,Fès-Meknès,10,Ain Mediouna,0.762,Médiouna,0.824,Nouaceur,51.26871880199667,False,
86,Mesker,Sidi Kacem,Rabat-Salé-Kénitra,9,Sidi Kacem,0.125,Meskoura,0.714,Khouribga,51.455906821963396,False,
87,tassouite,Tinghir,Drâa-Tafilalet,9,Assoul,0.667,Tassousfi,0.778,Tata,51.643094841930115,False,
88,Ain Doreij,Ouezzane,Tanger-Tétouan-Al Hoceïma,9,Ain Dfali,0.632,Aïn Orma,0.667,Meknès,51.83028286189684,False,
89,Lakhemis,Tinghir,Drâa-Tafilalet,9,Souk Lakhmis Dades,0.538,Khémisset,0.706,Khemisset,52.01747088186356,False,
90,Tisi ousli,Taza,Fès-Meknès,9,Oued Amlil,0.4,Tizi Ouzli,0.8,Driouch,52.204658901830285,False,
91,Kansara,Moulay Yacoub,Fès-Meknès,9,Laajajra,0.533,Mkansa,0.769,Sidi Kacem,52.391846921797004,False,
92,Ait guirte,Azilal,Béni Mellal-Khénifra,9,Ait Taguella,0.636,Ait Ourir,0.737,Marrakech,52.57903494176373,False,
93,Bouzmlne,Taza,Fès-Meknès,9,Bouyablane,0.667,Boulemane,0.706,Boulemane,52.76622296173045,False,
94,Amsa,Tétouan,Tanger-Tétouan-Al Hoceïma,9,Azla,0.5,Assa,0.75,Assa-Zag,52.95341098169717,False,
95,"B,Oulid",Taounate,Fès-Meknès,9,Bni Oulid,0.75,Bni Oulid,0.75,Taounate,53.140599001663894,False,
96,Sahraoua,Sidi Kacem,Rabat-Salé-Kénitra,8,Bab Tiouka,0.444,Maghraoua,0.824,Taza,53.30698835274542,False,
97,Taouloklot,Chichaoua,Marrakech-Safi,8,Taouloukoult,0.818,Taouloukoult,0.818,Chichaoua,53.473377703826955,False,
98,Daour Jdid,Fquih Ben Salah,Béni Mellal-Khénifra,8,Dar Oulad Zidouh,0.538,Oued Jdida,0.7,Meknès,53.63976705490849,False,
99,Tizqui,Azilal,Béni Mellal-Khénifra,8,Tisqi,0.727,Tisqi,0.727,Azilal,53.806156405990016,False,
100,Ouad Elbour,Chichaoua,Marrakech-Safi,8,Oued L'Bour,0.818,Oued L'Bour,0.818,Chichaoua,53.97254575707155,False,
101,"Od, Naceur",Fquih Ben Salah,Béni Mellal-Khénifra,8,Oulad Nacer,0.762,Oulad Nacer,0.762,Fquih Ben Salah,54.13893510815308,False,
102,Zaouia,Sidi Kacem,Rabat-Salé-Kénitra,8,Zaggota,0.615,Mzoudia,0.769,Chichaoua,54.30532445923461,False,
103,Ait Idir,Tinghir,Drâa-Tafilalet,8,Aït Hani,0.625,Ait Said,0.75,Essaouira,54.47171381031614,False,
104,Assg,Tinghir,Drâa-Tafilalet,8,Assoul,0.6,Assa,0.75,Assa-Zag,54.63810316139767,False,
105,Beni hassen,Azilal,Béni Mellal-Khénifra,8,Bni Hassane,0.818,Bni Hassane,0.818,Azilal,54.8044925124792,False,
106,S K,Sidi Kacem,Rabat-Salé-Kénitra,8,Sidi Kacem,0.462,Saka,0.571,Guercif,54.970881863560734,False,
107,El Kelaa,El Kelâa des Sraghna,Marrakech-Safi,8,El Aamria,0.588,Hel Merbaa,0.667,Fquih Ben Salah,55.13727121464226,False,
108,Ighilnoumgoune,Tinghir,Drâa-Tafilalet,7,Ikniouen,0.455,Ighil N'Oumgoun,0.897,Azilal,55.282861896838604,False,
109,Hsseya,Tinghir,Drâa-Tafilalet,7,Toudgha Essoufla,0.364,H'Ssyia,0.769,Zagora,55.42845257903494,False,
110,Beni sadden,Sefrou,Fès-Meknès,7,Aït Seghrouchen,0.154,Bni Said,0.737,Tétouan,55.57404326123128,False,
111,imzilne,Tinghir,Drâa-Tafilalet,7,Imider,0.615,Idmine,0.769,Agadir-Ida Ou Tanane,55.719633943427624,False,
112,tabrkhachte,Tinghir,Drâa-Tafilalet,7,Souk Lakhmis Dades,0.345,Tamchachate,0.727,El Hajeb,55.86522462562396,False,
113,lbrouj,Settat,Casablanca-Settat,7,Lahouaza,0.429,El Borouj,0.8,Khouribga,56.0108153078203,False,
114,,Al Haouz,Marrakech-Safi,7,Zerkten,0.0,,0.0,,56.15640599001664,False,
115,Bab Wandar,Taounate,Fès-Meknès,7,Jbabra,0.5,Bab Taza,0.667,Chefchaouen,56.30199667221298,False,
116,Sebbab,Taza,Fès-Meknès,7,Smià,0.4,Assebbab,0.857,Guercif,56.447587354409315,False,
117,hanchan,Essaouira,Marrakech-Safi,7,El Hanchane,0.778,El Hanchane,0.778,Essaouira,56.59317803660566,False,
118,ait yassine,Tinghir,Drâa-Tafilalet,7,Ait Ouassif,0.727,Ait Yadine,0.857,Khemisset,56.738768718802,False,
119,Lakhmiss Dadès,Ouarzazate,Drâa-Tafilalet,7,Ghassate,0.455,Souk Lakhmis Dades,0.812,Tinghir,56.884359400998335,False,
120,"Q,militaire",Taza,Fès-Meknès,7,Msila,0.5,Mzilate,0.556,Chichaoua,57.02995008319468,False,
121,S Y B Z,Taounate,Fès-Meknès,7,Sidi Yahya Bni Zeroual,0.483,Sidi Yahya Bni Zeroual,0.483,Taounate,57.17554076539101,False,
122,Menara,Al Haouz,Marrakech-Safi,7,Amghras,0.462,Mnasra,0.833,Kénitra,57.321131447587355,False,
123,Tikiouine,Agadir-Ida Ou Tanane,Souss-Massa,7,Imsouane,0.588,Tizounine,0.778,Tata,57.46672212978369,False,
124,Dar kebdani,Nador,Oriental,7,Arekmane,0.526,Dar El Kebdani,0.88,Driouch,57.61231281198003,False,
125,Somaa,Béni Mellal,Béni Mellal-Khénifra,7,Oulad Gnaou,0.375,Smara,0.8,Es-Semara,57.757903494176375,False,
126,Chtioui,Fquih Ben Salah,Béni Mellal-Khénifra,7,Bni Oukil,0.5,Tiouli,0.769,Jerada,57.90349417637271,False,
127,A S Jbel sofla,Tinghir,Drâa-Tafilalet,6,Ait Sedrate Jbel El Soufla,0.7,Ait Sedrate Jbel El Soufla,0.7,Tinghir,58.02828618968386,False,
128,"A,chefk",Al Haouz,Marrakech-Safi,6,Ahl Tifnoute,0.316,Tancherfi,0.625,Jerada,58.15307820299501,False,
129,amajaw,Driouch,Oriental,6,Amejjaou,0.571,Majjat,0.667,Chichaoua,58.277870216306155,False,
130,slilou,Tinghir,Drâa-Tafilalet,6,Assoul,0.5,Smimou,0.667,Essaouira,58.402662229617306,False,
131,"s,redouane",Ouezzane,Tanger-Tétouan-Al Hoceïma,6,Sidi Redouane,0.783,Sidi Redouane,0.783,Ouezzane,58.52745424292845,False,
132,Ait Idir,Ouarzazate,Drâa-Tafilalet,6,Ait Oumdis,0.667,Ait Said,0.75,Essaouira,58.6522462562396,False,
133,"S,Redoune",Ouezzane,Tanger-Tétouan-Al Hoceïma,6,Sidi Redouane,0.727,Sidi Redouane,0.727,Ouezzane,58.77703826955075,False,
134,Tizentest,Taroudant,Souss-Massa,6,Tizi N'Test,0.8,Tizi N'Test,0.8,Taroudant,58.901830282861894,False,
135,Sk,Sidi Kacem,Rabat-Salé-Kénitra,6,Sidi Kacem,0.333,Saka,0.667,Guercif,59.026622296173045,False,
136,M.B.Mellal,Béni Mellal,Béni Mellal-Khénifra,6,Beni Mellal,0.667,Beni Mellal,0.667,Béni Mellal,59.151414309484196,False,
137,Municipalité,Tétouan,Tanger-Tétouan-Al Hoceïma,6,Mallalienne,0.435,Mzilate,0.526,Chichaoua,59.27620632279534,False,
138,O Akalay,Agadir-Ida Ou Tanane,Souss-Massa,6,Adaghas,0.4,Saadla,0.571,Safi,59.40099833610649,False,
139,Ras Alma,Moulay Yacoub,Fès-Meknès,6,Moulay Abdelkrim,0.417,Ras El Ma,0.824,Berkane,59.52579034941764,False,
140,Boutaghrar,Fquih Ben Salah,Béni Mellal-Khénifra,6,Tachraft,0.556,Boughriba,0.737,Berkane,59.650582362728784,False,
141,"Bouzemlane,c",Taza,Fès-Meknès,6,Bouyablane,0.636,Boulemane,0.762,Boulemane,59.775374376039935,False,
142,Ghorm El Alem,Béni Mellal,Béni Mellal-Khénifra,6,Foum El Anceur,0.593,Laghoualem,0.609,Benslimane,59.90016638935108,False,
143,Ghar Nhal,Béni Mellal,Béni Mellal-Khénifra,6,Had Bradia,0.421,Hjar Ennhal,0.8,Tanger-Assilah,60.02495840266223,False,
144,Al wahda,Taza,Fès-Meknès,6,Outat El Haj,0.4,Lahdar,0.714,Youssoufia,60.14975041597338,False,
145,Ajdir,Taza,Fès-Meknès,6,Bab Boudir,0.533,Ajdir 2,0.833,Al Hoceïma,60.27454242928452,False,
146,Bouazayer,Azilal,Béni Mellal-Khénifra,6,Taounza,0.5,Ouazzane,0.706,Ouezzane,60.39933444259567,False,
147,Bin jradi,Taza,Fès-Meknès,6,Bab Boudir,0.421,Bir Jdid,0.706,Nouaceur,60.524126455906824,False,
148,B.bouayach,Al Hoceïma,Tanger-Tétouan-Al Hoceïma,6,Bni Bouayach,0.818,Bni Bouayach,0.818,Al Hoceïma,60.64891846921797,False,
149,B.Bouayach,Al Hoceïma,Tanger-Tétouan-Al Hoceïma,6,Bni Bouayach,0.818,Bni Bouayach,0.818,Al Hoceïma,60.77371048252912,False,
150,B.Mellal,Béni Mellal,Béni Mellal-Khénifra,6,Beni Mellal,0.737,Beni Mellal,0.737,Béni Mellal,60.89850249584027,False,
151,,Azilal,Béni Mellal-Khénifra,6,Zaouiat Ahansal,0.0,,0.0,,61.02329450915141,False,
152,B.E.O,Azilal,Béni Mellal-Khénifra,5,Bin El Ouidane,0.316,Bzou,0.444,El Kelâa des Sraghna,61.12728785357737,False,
153,Rhouazi,Taounate,Fès-Meknès,5,Rghioua,0.714,Ghouazi,0.857,Moulay Yacoub,61.23128119800333,False,
154,Al quods,Taza,Fès-Meknès,5,Bab Boudir,0.444,Al Oued,0.667,Chefchaouen,61.33527454242928,False,
155,Dhar,Essaouira,Marrakech-Safi,5,Had Dra,0.545,Adar,0.75,Tata,61.43926788685524,False,
156,Farkhana,Nador,Oriental,5,Arekmane,0.625,Argana,0.714,Taroudant,61.5432612312812,False,
157,Kelaa,El Kelâa des Sraghna,Marrakech-Safi,5,El Aamria,0.571,Melaab,0.727,Errachidia,61.64725457570715,False,
158,A.Medouna,Taounate,Fès-Meknès,5,Ain Mediouna,0.762,Médiouna,0.824,Nouaceur,61.75124792013311,False,
159,Al ouhda,Taza,Fès-Meknès,5,El Gouzate,0.556,Al Oued,0.8,Chefchaouen,61.85524126455907,False,
160,Ait Atab,Azilal,Béni Mellal-Khénifra,5,Aït Abbas,0.706,Ait Taleb,0.824,Rehamna,61.95923460898503,False,
161,A.Taourirt,Al Hoceïma,Tanger-Tétouan-Al Hoceïma,5,Arbaa Taourirt,0.75,Taourirt,0.889,Taourirt,62.06322795341098,False,
162,"A,Maatouf",Taounate,Fès-Meknès,5,Ain Maatouf,0.8,Ain Maatouf,0.8,Taounate,62.16722129783694,False,
163,ait brahim,Tinghir,Drâa-Tafilalet,5,Aït Hani,0.667,Ait Baha,0.778,Chtouka-Aït Baha,62.2712146422629,False,
164,Menara,Chichaoua,Marrakech-Safi,5,Majjat,0.5,Mnasra,0.833,Kénitra,62.37520798668885,False,
165,c boumalne,Tinghir,Drâa-Tafilalet,5,Boumalne Dadès,0.667,Boulemane,0.737,Boulemane,62.47920133111481,False,
166,A.Y.Ouali,Al Hoceïma,Tanger-Tétouan-Al Hoceïma,5,Rouadi,0.533,Oualili,0.625,Meknès,62.58319467554077,False,
167,tighrmatine,Tinghir,Drâa-Tafilalet,5,Tilmi,0.5,Ighzrane,0.737,Taza,62.68718801996672,False,
168,Bssabssa,Taounate,Fès-Meknès,5,Messassa,0.75,Messassa,0.75,Taounate,62.79118136439268,False,
169,Beni Garfat,Larache,Tanger-Tétouan-Al Hoceïma,5,Bni Garfett,0.818,Bni Garfett,0.818,Larache,62.89517470881864,False,
170,Taouima,Nador,Oriental,5,Al Aroui,0.533,Touama,0.769,Marrakech,62.999168053244595,False,
171,Kabdani,Driouch,Oriental,5,Dar El Kebdani,0.571,Tabant,0.615,Azilal,63.10316139767055,False,
172,Bibane,Taounate,Fès-Meknès,5,El Bibane,0.8,El Bibane,0.8,Taounate,63.207154742096506,False,
173,Oulad Harti,Larache,Tanger-Tétouan-Al Hoceïma,5,Oulad Ouchih,0.696,Oulad Chrif,0.818,Taza,63.311148086522465,False,
174,Taghgigt,Guelmim,Guelmim-Oued Noun,5,Tiglit,0.571,Taghzirt,0.75,Béni Mellal,63.41514143094842,False,
175,H K,Sidi Kacem,Rabat-Salé-Kénitra,5,Sidi Kacem,0.308,N'Kob,0.5,Tinghir,63.519134775374376,False,
176,sekoura,Sefrou,Fès-Meknès,5,Sefrou,0.615,Meskoura,0.8,Khouribga,63.623128119800334,False,
177,Bouzmlane,Taza,Fès-Meknès,5,Bouyablane,0.737,Boulemane,0.778,Boulemane,63.727121464226286,False,
178,Ait Tazarin,Tinghir,Drâa-Tafilalet,5,Aït Elfarsi,0.636,Tazarine,0.737,Taza,63.831114808652245,False,
179,kansara,Moulay Yacoub,Fès-Meknès,5,Laajajra,0.533,Mkansa,0.769,Sidi Kacem,63.935108153078204,False,
180,Ait Hamou Ousaid,Tinghir,Drâa-Tafilalet,4,Ait Ouassif,0.593,Ait Haddou Youssef,0.706,Taroudant,64.01830282861897,False,
181,15 Eme Gare,Taza,Fès-Meknès,4,El Gouzate,0.476,Oulad El Garne,0.56,El Kelâa des Sraghna,64.10149750415974,False,
182,Binlwidane,Azilal,Béni Mellal-Khénifra,4,Bin El Ouidane,0.75,Bin El Ouidane,0.75,Azilal,64.1846921797005,False,
183,Ait Hamd,Tinghir,Drâa-Tafilalet,4,Aït Hani,0.75,Ait Hadi,0.875,Chichaoua,64.26788685524126,False,
184,Rk,Guercif,Oriental,4,Saka,0.333,Zarkat,0.5,Taounate,64.35108153078203,False,
185,Ras lma,Moulay Yacoub,Fès-Meknès,4,Sidi El Abed,0.105,Ras El Ma,0.875,Berkane,64.43427620632279,False,
186,"S,Redouane",Ouezzane,Tanger-Tétouan-Al Hoceïma,4,Sidi Redouane,0.783,Sidi Redouane,0.783,Ouezzane,64.51747088186356,False,
187,Babmrouj,Taza,Fès-Meknès,4,Bab Marzouka,0.7,Bab Marzouka,0.7,Taza,64.60066555740433,False,
188,Sarghin,Tinghir,Drâa-Tafilalet,4,Tinghir,0.429,Serghina,0.8,Boulemane,64.6838602329451,False,
189,Agoudid,Azilal,Béni Mellal-Khénifra,4,Agoudi N'Lkhair,0.545,Agoudim,0.857,Midelt,64.76705490848586,False,
190,Skoura,Taounate,Fès-Meknès,4,Ourtzagh,0.571,Meskoura,0.857,Khouribga,64.85024958402663,False,
191,Ait h said,Tinghir,Drâa-Tafilalet,4,Aït Hani,0.778,Ait Said,0.889,Essaouira,64.93344425956738,False,
192,Skhinate,Fès,Fès-Meknès,4,Sidi Hrazem,0.421,Skhirate,0.875,Skhirate-Témara,65.01663893510815,False,
193,Syba,Al Haouz,Marrakech-Safi,4,Sidi Badhaj,0.4,Sbouya,0.6,Sidi Ifni,65.09983361064891,False,
194,Takerkoust,Al Haouz,Marrakech-Safi,4,Lalla Takarkoust,0.692,Tamegroute,0.7,Zagora,65.18302828618968,False,
195,AS jberl,Tinghir,Drâa-Tafilalet,4,Assoul,0.429,Sidi Jaber,0.667,Béni Mellal,65.26622296173045,False,
196,Lahmadna,El Kelâa des Sraghna,Marrakech-Safi,4,Hiadna,0.714,Lahsasna,0.75,Berrechid,65.34941763727122,False,
197,Tigoudar,Essaouira,Marrakech-Safi,4,Lagdadra,0.5,Tigouga,0.8,Taroudant,65.43261231281198,False,
198,Boutghrah,Tinghir,Drâa-Tafilalet,4,Outerbat,0.588,Boughriba,0.778,Berkane,65.51580698835275,False,
199,Bourached,Taza,Fès-Meknès,4,Bouchfaa,0.588,Rouached,0.824,Fquih Ben Salah,65.59900166389352,False,
200,Tichibite,Azilal,Béni Mellal-Khénifra,4,Tisqi,0.429,Chaibate,0.706,El Jadida,65.68219633943427,False,
201,Ghorm El Alam,Béni Mellal,Béni Mellal-Khénifra,4,Foum El Anceur,0.519,Sour El Aaz,0.667,El Kelâa des Sraghna,65.76539101497504,False,
202,Boumlne,Ouarzazate,Drâa-Tafilalet,4,Toundoute,0.5,Boulemane,0.75,Boulemane,65.8485856905158,False,
203,,Ouezzane,Tanger-Tétouan-Al Hoceïma,4,Zoumi,0.0,,0.0,,65.93178036605657,False,
204,Z . Cheikh,Béni Mellal,Béni Mellal-Khénifra,4,Oulad M'Barek,0.348,Zaouiat Cheikh,0.667,Khénifra,66.01497504159734,False,
205,Hcia,Tinghir,Drâa-Tafilalet,4,M'Ssici,0.364,Zghira,0.6,Ouezzane,66.0981697171381,False,
206,Ighilamgoune,Tinghir,Drâa-Tafilalet,4,Kalaat M'Gouna,0.538,Ighil N'Oumgoun,0.741,Azilal,66.18136439267887,False,
207,ait abdoune,Tinghir,Drâa-Tafilalet,4,Ait Youl,0.632,Ait Yadine,0.762,Khemisset,66.26455906821964,False,
208,Kolla,Larache,Tanger-Tétouan-Al Hoceïma,4,Souk Tolba,0.533,Kechoula,0.615,Chichaoua,66.34775374376039,False,
209,ait h ousaid,Tinghir,Drâa-Tafilalet,4,Aït Hani,0.7,Ait Said,0.8,Essaouira,66.43094841930116,False,
210,"A,Mediouna",Taounate,Fès-Meknès,4,Ain Mediouna,0.818,Médiouna,0.889,Nouaceur,66.51414309484193,False,
211,"A,Aicha",Taounate,Fès-Meknès,4,Aïn Aïcha,0.75,Ayacha,0.769,Larache,66.5973377703827,False,
212,Alqods,Agadir-Ida Ou Tanane,Souss-Massa,4,Aqesri,0.5,Al Oued,0.615,Chefchaouen,66.68053244592346,False,
213,bab tété,Taza,Fès-Meknès,4,Bni Lent,0.375,Bab Berred,0.667,Chefchaouen,66.76372712146423,True,
214,Alouahda,Taza,Fès-Meknès,4,Oulad Zbair,0.526,Lounasda,0.75,El Kelâa des Sraghna,66.846921797005,False,
215,bab tete,Taza,Fès-Meknès,4,Bni Lent,0.375,Bab Berred,0.667,Chefchaouen,66.93011647254576,True,
216,boukerra,Ouezzane,Tanger-Tétouan-Al Hoceïma,4,Bou Jedyane,0.526,Boukraa,0.8,Laâyoune,67.01331114808653,False,
217,Ait brahim,Tinghir,Drâa-Tafilalet,4,Aït Hani,0.667,Ait Baha,0.778,Chtouka-Aït Baha,67.09650582362728,False,
218,Jyarine,Taza,Fès-Meknès,4,Barkine,0.714,Barkine,0.714,Taza,67.17970049916805,False,
219,ighilnoumgoune,Tinghir,Drâa-Tafilalet,4,Ikniouen,0.455,Ighil N'Oumgoun,0.897,Azilal,67.26289517470882,False,
220,laamarcha,Settat,Casablanca-Settat,4,Dar Chaffai,0.5,Laamamra,0.824,Chichaoua,67.34608985024958,False,
221,tabrkhcht,Tinghir,Drâa-Tafilalet,4,Outerbat,0.353,Tabaroucht,0.737,Béni Mellal,67.42928452579035,False,
222,tabrkhacht,Tinghir,Drâa-Tafilalet,4,Outerbat,0.333,Tabaroucht,0.7,Béni Mellal,67.51247920133112,False,
223,M.I.B.D,Azilal,Béni Mellal-Khénifra,4,Moulay Aissa Ben Driss,0.276,Mibladen,0.533,Midelt,67.59567387687188,False,
224,A S S gharbia,Tinghir,Drâa-Tafilalet,4,Ait Sedrate Sahl El Gharbia,0.65,Had Al Gharbia,0.741,Tanger-Assilah,67.67886855241265,False,
225,Bkakcha,Settat,Casablanca-Settat,4,Dar Chaffai,0.444,Brikcha,0.714,Ouezzane,67.7620632279534,False,
226,tazitount,Chichaoua,Marrakech-Safi,4,Ain Tazitounte,0.783,Ain Tazitounte,0.783,Chichaoua,67.84525790349417,False,
227,,Taza,Fès-Meknès,4,Zrarda,0.0,,0.0,,67.92845257903494,False,
228,,Tanger-Assilah,Tanger-Tétouan-Al Hoceïma,4,Tanger,0.0,,0.0,,68.0116472545757,False,
229,Hajra,Béni Mellal,Béni Mellal-Khénifra,4,Had Bradia,0.533,Anjra,0.8,Fahs-Anjra,68.09484193011647,False,
230,,Sidi Slimane,Rabat-Salé-Kénitra,4,Souk Tlet El Gharb,0.0,,0.0,,68.17803660565724,False,
231,,Chichaoua,Marrakech-Safi,4,Zaouia Annahlia,0.0,,0.0,,68.26123128119801,False,
232,Iwariden,Azilal,Béni Mellal-Khénifra,4,Aït Majden,0.556,Mibladen,0.625,Midelt,68.34442595673877,False,
233,Beni Aros,Larache,Tanger-Tétouan-Al Hoceïma,4,Bni Garfett,0.6,Bni Arouss,0.842,Tétouan,68.42762063227953,False,
234,B.S.jbel,Nador,Oriental,4,Bni Sidel Jbel,0.545,Jbiel,0.615,El Kelâa des Sraghna,68.5108153078203,False,
235,Guéliz,Tinghir,Drâa-Tafilalet,4,Ouaklim,0.462,Guelmim,0.769,Guelmim,68.59400998336106,False,
236,***,Al Haouz,Marrakech-Safi,4,Zerkten,0.0,Zrizer,0.0,Taounate,68.67720465890183,False,
237,Ouled Mbarek,Fquih Ben Salah,Béni Mellal-Khénifra,4,Oulad Zmam,0.636,Oulad M'Barek,0.88,Béni Mellal,68.7603993344426,False,
238,Ouled Abdellah,Fquih Ben Salah,Béni Mellal-Khénifra,4,Oulad Fares El Halla,0.588,Oulad Salah,0.72,Nouaceur,68.84359400998336,False,
239,Passage,Chichaoua,Marrakech-Safi,4,Gmassa,0.615,Assa,0.727,Assa-Zag,68.92678868552413,False,
240,"M,Bouchta",Taounate,Fès-Meknès,3,Bouhouda,0.588,Bouchfaa,0.706,Taza,68.9891846921797,False,
241,Barraca,Nador,Oriental,3,Bouarg,0.462,Brachoua,0.667,Skhirate-Témara,69.05158069883528,False,
242,wardana,Driouch,Oriental,3,Ourdana,0.714,Argana,0.769,Taroudant,69.11397670549084,False,
243,Kamoune,Béni Mellal,Béni Mellal-Khénifra,3,Naour,0.5,Zaïtoune,0.667,Tétouan,69.17637271214642,False,
244,Mesmoda,Ouezzane,Tanger-Tétouan-Al Hoceïma,3,Masmouda,0.8,Masmouda,0.8,Ouezzane,69.23876871880199,False,
245,"Ol,DAOUD",Taounate,Fès-Meknès,3,Oulad Daoud,0.737,Oulad Daoud,0.737,Taounate,69.30116472545757,False,
246,Ihchach,Agadir-Ida Ou Tanane,Souss-Massa,3,Ait Aissi Ihahane,0.333,Tichla,0.615,Aousserd,69.36356073211314,False,
247,Hay Mohamadi,Agadir-Ida Ou Tanane,Souss-Massa,3,Agadir,0.444,Mohammédia,0.636,Mohammedia,69.42595673876872,False,
248,Mansoura,Chefchaouen,Tanger-Tétouan-Al Hoceïma,3,Bni Mansour,0.737,Mançoura,0.875,Taounate,69.4883527454243,False,
249,Bab M'rouj,Taza,Fès-Meknès,3,Bab Marzouka,0.727,Bab Marzouka,0.727,Taza,69.55074875207987,False,
250,Gouzat,Taza,Fès-Meknès,3,El Gouzate,0.75,El Gouzate,0.75,Taza,69.61314475873544,False,
251,A h said,Tinghir,Drâa-Tafilalet,3,Ferkla Es-Soufla,0.417,Ait Said,0.75,Essaouira,69.67554076539102,False,
252,Hdr,Guercif,Oriental,3,Debdou,0.222,Lahdar,0.667,Youssoufia,69.7379367720466,False,
253,Ait mraou,Tinghir,Drâa-Tafilalet,3,Ait Youl,0.706,Aït Kamra,0.778,Al Hoceïma,69.80033277870216,False,
254,B.ensar,Nador,Oriental,3,Beni Ansar,0.706,Beni Ansar,0.706,Nador,69.86272878535773,False,
255,,Errachidia,Drâa-Tafilalet,3,Taouz,0.0,,0.0,,69.9251247920133,False,
256,As jbel olia,Tinghir,Drâa-Tafilalet,3,Ferkla El Oulia,0.667,Ras El Ma,0.667,Berkane,69.98752079866888,False,
257,My brahim,Al Haouz,Marrakech-Safi,3,Moulay Brahim,0.818,Moulay Brahim,0.818,Al Haouz,70.04991680532446,False,
258,Haouafate,Sidi Kacem,Rabat-Salé-Kénitra,3,Chbanate,0.588,Al Haouafate,0.857,Sidi Slimane,70.11231281198003,False,
259,Hay mohamadi,Agadir-Ida Ou Tanane,Souss-Massa,3,Agadir,0.444,Mohammédia,0.636,Mohammedia,70.17470881863561,False,
260,Foum er,Béni Mellal,Béni Mellal-Khénifra,3,Foum El Anceur,0.667,Foum Jemaa,0.706,El Kelâa des Sraghna,70.23710482529118,False,
261,Medina,Al Haouz,Marrakech-Safi,3,Oukaimeden,0.5,Médiouna,0.857,Nouaceur,70.29950083194676,False,
262,Ait yassine,Tinghir,Drâa-Tafilalet,3,Ait Ouassif,0.727,Ait Yadine,0.857,Khemisset,70.36189683860233,False,
263,Kebdani,Driouch,Oriental,3,Dar El Kebdani,0.667,Dar El Kebdani,0.667,Driouch,70.42429284525791,False,
264,Jnan ward,Fès,Fès-Meknès,3,Ain Kansra,0.421,Ain Harrouda,0.571,Médiouna,70.48668885191347,False,
265,Bouargane,Agadir-Ida Ou Tanane,Souss-Massa,3,Imsouane,0.588,Ouirgane,0.824,Al Haouz,70.54908485856905,False,
266,Ait Tazarine,Tinghir,Drâa-Tafilalet,3,Aït Elfarsi,0.609,Tazarine,0.8,Taza,70.61148086522462,False,
267,Jamila,Fquih Ben Salah,Béni Mellal-Khénifra,3,Bejaad,0.5,Msila,0.727,Taza,70.6738768718802,False,
268,Municipalité,Nador,Oriental,3,Beni Chiker,0.435,Mzilate,0.526,Chichaoua,70.73627287853577,False,
269,B.Abdellah,Al Hoceïma,Tanger-Tétouan-Al Hoceïma,3,Bni Abdellah,0.818,Bni Abdellah,0.818,Al Hoceïma,70.79866888519135,False,
270,MunicipalitéBM,Béni Mellal,Béni Mellal-Khénifra,3,Tilougguite,0.32,Bni Tadjite,0.48,Errachidia,70.86106489184692,False,
271,Bit goulem,Taza,Fès-Meknès,3,Bni Lent,0.556,Sebt Gzoula,0.667,Safi,70.9234608985025,False,
272,S/R,Ouezzane,Tanger-Tétouan-Al Hoceïma,3,Sidi Bousber,0.4,Smara,0.5,Es-Semara,70.98585690515807,False,
273,Laanoucer,Sefrou,Fès-Meknès,3,Laanoussar,0.737,Laanoussar,0.737,Sefrou,71.04825291181365,False,
274,S.Kacem,Sidi Kacem,Rabat-Salé-Kénitra,3,Sidi Kacem,0.706,Sidi Kacem,0.706,Sidi Kacem,71.11064891846922,False,
275,Tighboula,Béni Mellal,Béni Mellal-Khénifra,3,Timoulilt,0.556,Tigouga,0.75,Taroudant,71.1730449251248,False,
276,Oulad L'Harti,Larache,Tanger-Tétouan-Al Hoceïma,3,Oulad Ouchih,0.64,Oulad Chrif,0.75,Taza,71.23544093178036,False,
277,Tibihite,Béni Mellal,Béni Mellal-Khénifra,3,Tilougguite,0.526,Tighirt,0.667,Tiznit,71.29783693843594,False,
278,Walili,Meknès,Fès-Meknès,3,Oualili,0.769,Talilit,0.769,Driouch,71.36023294509151,False,
279,Bouazier,Azilal,Béni Mellal-Khénifra,3,Bin El Ouidane,0.455,Bouarg,0.714,Nador,71.42262895174709,False,
280,Sais,Fès,Fès-Meknès,3,Ain Kansra,0.429,Assais,0.8,Taroudant,71.48502495840266,False,
281,15éme GARE,Taza,Fès-Meknès,3,El Gouzate,0.5,M'Garto,0.588,Khouribga,71.54742096505824,False,
282,Safsaf,Sidi Kacem,Rabat-Salé-Kénitra,3,Selfat,0.333,Sefsaf,0.833,Sidi Slimane,71.60981697171381,False,
283,agouidir,Chichaoua,Marrakech-Safi,3,Ighoud,0.571,Agoudim,0.8,Midelt,71.67221297836939,False,
284,Rquen,Tinghir,Drâa-Tafilalet,3,Ikniouen,0.462,Tafraouten,0.533,Taroudant,71.73460898502496,False,
285,Mbarek El bakay,Sefrou,Fès-Meknès,3,Dar El Hamra,0.593,Dar El Hamra,0.593,Sefrou,71.79700499168054,False,
286,Si a ben brahim,Azilal,Béni Mellal-Khénifra,3,Aït Abbas,0.5,Si Hsaien Ben Abderrahmane,0.683,El Jadida,71.85940099833611,False,
287,Jiyarine,Taza,Fès-Meknès,3,Barkine,0.667,Bni Yagrine,0.737,Settat,71.92179700499167,False,
288,Senhaja,Sefrou,Fès-Meknès,3,Dar El Hamra,0.421,Senada,0.769,Al Hoceïma,71.98419301164725,False,
289,ait s jbel,Tinghir,Drâa-Tafilalet,3,Ait Sedrate Jbel El Oulia,0.571,Bni Sidel Jbel,0.667,Nador,72.04658901830283,False,
290,ait idr,Tinghir,Drâa-Tafilalet,3,Aït Hani,0.667,Ait Said,0.8,Essaouira,72.1089850249584,False,
291,ait slimane,Tinghir,Drâa-Tafilalet,3,Aït Hani,0.632,Sidi Slimane,0.783,Sidi Slimane,72.17138103161398,False,
292,Ben cheikh,Al Haouz,Marrakech-Safi,3,Ouneine,0.353,Beni Chiker,0.762,Nador,72.23377703826955,False,
293,My Idriss,Meknès,Fès-Meknès,3,Moulay Idriss Zarhoun,0.6,Moulay Idriss Zarhoun,0.6,Meknès,72.29617304492513,False,
294,A. taourirt,Al Hoceïma,Tanger-Tétouan-Al Hoceïma,3,Arbaa Taourirt,0.8,Taourirt,0.842,Taourirt,72.3585690515807,False,
295,"A,chefkaoui",Al Haouz,Marrakech-Safi,3,Askaouen,0.526,Dar Chaoui,0.667,Tanger-Assilah,72.42096505823628,False,
296,Sekoura,Sefrou,Fès-Meknès,3,Sefrou,0.615,Meskoura,0.8,Khouribga,72.48336106489185,False,
297,Sidi Ahmed Bouheddane,Ouezzane,Tanger-Tétouan-Al Hoceïma,3,Sidi Redouane,0.706,Sidi Ahmed Ou Amar,0.718,Taroudant,72.54575707154743,False,
298,b.chiker,Nador,Oriental,3,Beni Chiker,0.737,Beni Chiker,0.737,Nador,72.60815307820299,False,
299,berraka,Nador,Oriental,3,Hassi Berkane,0.5,Braksa,0.769,Khouribga,72.67054908485856,False,
300,Ghorm el alam,Béni Mellal,Béni Mellal-Khénifra,3,Foum El Anceur,0.519,Sour El Aaz,0.667,El Kelâa des Sraghna,72.73294509151414,False,
301,boutaghrar,Tinghir,Drâa-Tafilalet,3,Outerbat,0.444,Boughriba,0.737,Berkane,72.79534109816971,False,
302,boumalne k,Tinghir,Drâa-Tafilalet,3,Boumalne Dadès,0.75,Boumalne Dadès,0.75,Tinghir,72.85773710482529,False,
303,Sidi A Tadeli,Sefrou,Fès-Meknès,3,Ahl Sidi Lahcen,0.5,Sidi Al Kamel,0.769,Sidi Slimane,72.92013311148087,False,
304,ighrmloulne,Tinghir,Drâa-Tafilalet,3,Aghbalou N'Kerdous,0.483,Tighedouine,0.636,Al Haouz,72.98252911813644,False,
305,Slilou,Tinghir,Drâa-Tafilalet,3,Assoul,0.5,Smimou,0.667,Essaouira,73.04492512479202,False,
306,Ouizghet,Taounate,Fès-Meknès,3,Ourtzagh,0.625,Ouizeght,0.875,Midelt,73.10732113144759,False,
307,Iknioune,Ouarzazate,Drâa-Tafilalet,3,Toundoute,0.471,Ikniouen,0.875,Tinghir,73.16971713810317,False,
308,B.chiker,Nador,Oriental,3,Beni Chiker,0.737,Beni Chiker,0.737,Nador,73.23211314475874,False,
309,segangan,Nador,Oriental,3,Zeghanghane,0.737,Zeghanghane,0.737,Nador,73.2945091514143,False,
310,tansgharte,Tinghir,Drâa-Tafilalet,3,Tinghir,0.588,Tamanarte,0.737,Assa-Zag,73.35690515806988,False,
311,Od Youssef,Settat,Casablanca-Settat,3,Guisser,0.471,Ouled Youssef,0.87,Fquih Ben Salah,73.41930116472545,False,
312,Sidi ahmed tadli,Sefrou,Fès-Meknès,3,Sidi Youssef Ben Ahmed,0.526,Sidi Ahmed El Khadir,0.778,El Kelâa des Sraghna,73.48169717138103,False,
313,R'Ghiwa,Taounate,Fès-Meknès,3,Rghioua,0.714,Rghioua,0.714,Taounate,73.5440931780366,False,
314,Beni Gorfat,Larache,Tanger-Tétouan-Al Hoceïma,3,Bni Garfett,0.727,Bni Garfett,0.727,Larache,73.60648918469218,False,
315,Oued Laabid,Azilal,Béni Mellal-Khénifra,3,Agoudi N'Lkhair,0.538,Oued Naam,0.7,Errachidia,73.66888519134775,False,
316,,Tinghir,Drâa-Tafilalet,3,Toudgha Essoufla,0.0,,0.0,,73.73128119800333,False,
317,Lalla Aicha,Sidi Kacem,Rabat-Salé-Kénitra,3,Bab Tiouka,0.19,Laagagcha,0.7,Sidi Bennour,73.7936772046589,False,
318,Taddert,Guercif,Oriental,3,Tissaf,0.308,Taddart,0.857,Taza,73.85607321131448,False,
319,Tassouite,Ouarzazate,Drâa-Tafilalet,3,Tansifte,0.706,Tassousfi,0.778,Tata,73.91846921797006,False,
320,zte sidi kacem,Tétouan,Tanger-Tétouan-Al Hoceïma,3,Zaouiat Sidi Kacem,0.812,Sidi Kacem,0.833,Sidi Kacem,73.98086522462562,False,
321,Menara,Tinghir,Drâa-Tafilalet,3,Imider,0.5,Mnasra,0.833,Kénitra,74.04326123128119,False,
322,Bit Ghoulam,Taza,Fès-Meknès,2,Tahla,0.5,Sebt Gzoula,0.727,Safi,74.08485856905158,False,
323,Draa,Azilal,Béni Mellal-Khénifra,2,Rfala,0.667,Drargua,0.727,Inezgane-Aït Melloul,74.12645590682196,False,
324,Menara,Ouarzazate,Drâa-Tafilalet,2,Afra,0.6,Mnasra,0.833,Kénitra,74.16805324459234,False,
325,Ait majber,Tinghir,Drâa-Tafilalet,2,Aït Elfarsi,0.571,Aït Majden,0.8,Azilal,74.20965058236273,False,
326,"N°6830,Sidi Belkacem",Inezgane-Aït Melloul,Souss-Massa,2,Sidi Bibi,0.429,Sidi Kacem,0.69,Sidi Kacem,74.25124792013311,False,
327,Laaouina,Azilal,Béni Mellal-Khénifra,2,Taounza,0.667,Laaouinate,0.889,Jerada,74.2928452579035,False,
328,Laamoucha,Settat,Casablanca-Settat,2,Lahouaza,0.588,Laaouama,0.706,Tanger-Assilah,74.33444259567388,False,
329,Fansseur,Béni Mellal,Béni Mellal-Khénifra,2,Foum El Anceur,0.545,Aousserd,0.625,Aousserd,74.37603993344426,False,
330,M.Bmellal,Béni Mellal,Béni Mellal-Khénifra,2,Beni Mellal,0.7,Beni Mellal,0.7,Béni Mellal,74.41763727121464,False,
331,F.Anceur,Béni Mellal,Béni Mellal-Khénifra,2,Foum El Anceur,0.636,Foum El Anceur,0.636,Béni Mellal,74.45923460898503,False,
332,Ikaouen,Al Hoceïma,Tanger-Tétouan-Al Hoceïma,2,Imzouren,0.667,Imaouen,0.857,Taroudant,74.50083194675541,False,
333,Ennakhil,Rehamna,Marrakech-Safi,2,Ait Taleb,0.118,Ben Khlil,0.706,Tan-Tan,74.5424292845258,False,
334,Meghasseine,Meknès,Fès-Meknès,2,Mrhassiyine,0.727,Mrhassiyine,0.727,Meknès,74.58402662229618,False,
335,Médina,Al Haouz,Marrakech-Safi,2,Oukaimeden,0.5,Médiouna,0.857,Nouaceur,74.62562396006656,False,
336,"My,Bouchta",Taounate,Fès-Meknès,2,Bouhouda,0.556,Moulay Bouchta,0.75,Moulay Yacoub,74.66722129783693,False,
337,My thami,Ouezzane,Tanger-Tétouan-Al Hoceïma,2,Masmouda,0.375,Tamri,0.615,Agadir-Ida Ou Tanane,74.70881863560732,False,
338,Od Mbark,Béni Mellal,Béni Mellal-Khénifra,2,Oulad M'Barek,0.762,Oulad M'Barek,0.762,Béni Mellal,74.7504159733777,False,
339,Od Barkate,Fquih Ben Salah,Béni Mellal-Khénifra,2,Ouled Bourahmoune,0.444,Oulad Amrane,0.636,Youssoufia,74.79201331114808,False,
340,Ouald Bder,Ouezzane,Tanger-Tétouan-Al Hoceïma,2,Moulay Abdelkader,0.593,Oulad Berhil,0.727,Taroudant,74.83361064891847,False,
341,Oled Bder,Ouezzane,Tanger-Tétouan-Al Hoceïma,2,Moulay Abdelkader,0.538,Ouled Zidane,0.667,Berrechid,74.87520798668885,False,
342,Oel Bousalham,Taounate,Fès-Meknès,2,El Bsabsa,0.636,Moulay Bousselham,0.733,Larache,74.91680532445923,False,
343,Od Ziane,Fquih Ben Salah,Béni Mellal-Khénifra,2,Oulad Zmam,0.556,Ouled Zidane,0.8,Berrechid,74.95840266222962,False,
344,***,Azilal,Béni Mellal-Khénifra,2,Zaouiat Ahansal,0.0,Zrizer,0.0,Taounate,75.0,False,
345,Od Tahar,Taounate,Fès-Meknès,2,Oued Jemaa,0.556,Oulad Amghar,0.7,Al Hoceïma,75.04159733777038,False,
346,Od Soltane,Sidi Kacem,Rabat-Salé-Kénitra,2,Oulad Nouel,0.476,Dar Oum Soltane,0.72,Meknès,75.08319467554077,False,
347,Ennakhil,Al Haouz,Marrakech-Safi,2,Ighil,0.462,Ben Khlil,0.706,Tan-Tan,75.12479201331115,False,
348,,,Fès-Meknès,2,,0.0,,0.0,,75.16638935108153,False,
349,Mokrisset,Ouezzane,Tanger-Tétouan-Al Hoceïma,2,Lamrabih,0.353,Moqrisset,0.889,Chefchaouen,75.20798668885192,False,
350,Ouidane,Al Haouz,Marrakech-Safi,2,Ouirgane,0.8,Al Ouidane,0.824,Marrakech,75.2495840266223,False,
351,Oued elabid,Azilal,Béni Mellal-Khénifra,2,Ouaoula,0.444,Oued Laou,0.7,Tétouan,75.29118136439268,False,
352,Oued Romman,Meknès,Fès-Meknès,2,Oued Jdida,0.571,Oued Ifrane,0.727,Khénifra,75.33277870216307,False,
353,Medina,El Kelâa des Sraghna,Marrakech-Safi,2,Hiadna,0.5,Médiouna,0.857,Nouaceur,75.37437603993344,False,
354,Boukourra,Ouezzane,Tanger-Tétouan-Al Hoceïma,2,Kalaat Booqorra,0.5,Bouskoura,0.889,Nouaceur,75.41597337770382,False,
355,Ouled Boukhadou,Fquih Ben Salah,Béni Mellal-Khénifra,2,Ouled Bourahmoune,0.75,Oulad Boughadi,0.759,Khouribga,75.4575707154742,False,
356,tlat boubker,Driouch,Oriental,2,Oulad Boubker,0.8,Oulad Boubker,0.8,Driouch,75.49916805324459,False,
357,Oulad-Tahar,Taounate,Fès-Meknès,2,Oulad Daoud,0.636,Oulad Amghar,0.87,Al Hoceïma,75.54076539101497,False,
358,Boukorra,Ouezzane,Tanger-Tétouan-Al Hoceïma,2,Kalaat Booqorra,0.522,Bouskoura,0.824,Nouaceur,75.58236272878536,False,
359,"Q,Industriel",Agadir-Ida Ou Tanane,Souss-Massa,2,Aqesri,0.444,Tindine,0.526,Taroudant,75.62396006655574,False,
360,tissli,Tinghir,Drâa-Tafilalet,2,Tilmi,0.727,Tissint,0.769,Tata,75.66555740432612,False,
361,Ourbiâa,Béni Mellal,Béni Mellal-Khénifra,2,Naour,0.5,Ourika,0.769,Al Haouz,75.7071547420965,False,
362,Oum bakht,Béni Mellal,Béni Mellal-Khénifra,2,Oulad M'Barek,0.636,Ait Oum El Bekht,0.64,Khénifra,75.74875207986689,False,
363,Boukora,Ouezzane,Tanger-Tétouan-Al Hoceïma,2,Bni Oual,0.533,Bouskoura,0.875,Nouaceur,75.79034941763727,False,
364,Qods1,Taza,Fès-Meknès,2,Oued Amlil,0.267,Adis,0.444,Tata,75.83194675540766,False,
365,Qods,Taza,Fès-Meknès,2,Oued Amlil,0.286,Adis,0.5,Tata,75.87354409317804,False,
366,Igraouen,Khouribga,Béni Mellal-Khénifra,2,Mrizigue,0.5,Imaouen,0.8,Taroudant,75.91514143094842,False,
367,Krona,Driouch,Oriental,2,Ourdana,0.5,Tekna,0.6,Sidi Kacem,75.95673876871881,False,
368,A chefk,Al Haouz,Marrakech-Safi,2,Ahl Tifnoute,0.316,Ain Chkef,0.75,Fès,75.99833610648919,False,
369,Krakra,Settat,Casablanca-Settat,2,Rima,0.4,Hrara,0.727,Safi,76.03993344425957,False,
370,Ribat Elkher,Sefrou,Fès-Meknès,2,Dar El Hamra,0.5,Mers El Kheir,0.64,Skhirate-Témara,76.08153078202994,False,
371,B S jbel,Nador,Oriental,2,Bni Sidel Jbel,0.727,Bni Sidel Jbel,0.727,Nador,76.12312811980033,False,
372,RassLoued,Taounate,Fès-Meknès,2,Ras El Oued,0.8,Ras El Oued,0.8,Taounate,76.16472545757071,False,
373,Bouhmed,Chefchaouen,Tanger-Tétouan-Al Hoceïma,2,Tabouda,0.571,Bouhmame,0.8,Sidi Bennour,76.2063227953411,False,
374,Ras Alam,Moulay Yacoub,Fès-Meknès,2,Sebt Loudaya,0.2,Ras Al Ain,0.778,Settat,76.24792013311148,False,
375,S-A-Ouhamd,Essaouira,Marrakech-Safi,2,Sidi H'Mad Ou Hamed,0.69,Sidi H'Mad Ou Hamed,0.69,Essaouira,76.28951747088186,False,
376,Azlaf,Driouch,Oriental,2,Tleta Azlef,0.5,Azla,0.889,Tétouan,76.33111480865225,False,
377,"S,Fasma",Al Haouz,Marrakech-Safi,2,Sti Fadma,0.625,Sti Fadma,0.625,Al Haouz,76.37271214642263,False,
378,S'Rima,Taounate,Fès-Meknès,2,Rghioua,0.462,Rima,0.8,Settat,76.41430948419301,False,
379,S A Hamd,Essaouira,Marrakech-Safi,2,Sidi H'Mad Ou Hamed,0.593,Ras Ain Rhamna,0.636,Marrakech,76.4559068219634,False,
380,Sab,Moulay Yacoub,Fès-Meknès,2,Sidi El Abed,0.4,Sabbah,0.667,Skhirate-Témara,76.49750415973378,False,
381,Sab,Azilal,Béni Mellal-Khénifra,2,Tabia,0.5,Sabbah,0.667,Skhirate-Témara,76.53910149750416,False,
382,,Larache,Tanger-Tétouan-Al Hoceïma,2,Zouada,0.0,,0.0,,76.58069883527455,False,
383,S.Redouane,Sidi Kacem,Rabat-Salé-Kénitra,2,Oulad Nouel,0.476,Sidi Redouane,0.783,Ouezzane,76.62229617304493,False,
384,Ghorm Alem,Béni Mellal,Béni Mellal-Khénifra,2,Oulad M'Barek,0.435,Laghoualem,0.7,Benslimane,76.66389351081531,False,
385,As Jbel,Tinghir,Drâa-Tafilalet,2,Assoul,0.462,Jbiel,0.667,El Kelâa des Sraghna,76.7054908485857,False,
386,Gfifat,Taroudant,Souss-Massa,2,Freija,0.5,Lagfifat,0.857,Chtouka-Aït Baha,76.74708818635607,False,
387,Arroui,Nador,Oriental,2,Al Aroui,0.714,Azrou,0.727,Ifrane,76.78868552412645,False,
388,Ain dorrij,Ouezzane,Tanger-Tétouan-Al Hoceïma,2,Ain Dfali,0.632,Aïn Orma,0.667,Meknès,76.83028286189683,False,
389,Aoulos,Taroudant,Souss-Massa,2,Aoulouz,0.769,Aoulouz,0.769,Taroudant,76.87188019966722,False,
390,Jiyarin,Taza,Fès-Meknès,2,Jbarna,0.615,Bni Yagrine,0.667,Settat,76.9134775374376,False,
391,Sgangan,Nador,Oriental,2,Zeghanghane,0.667,Sgamna,0.769,Khouribga,76.95507487520798,False,
392,"B,Ounjel",Taounate,Fès-Meknès,2,Bouadel,0.667,Bouadel,0.667,Taounate,76.99667221297837,False,
393,Lkrakra,Settat,Casablanca-Settat,2,Oulad Freiha,0.316,Laqraqra,0.667,Fquih Ben Salah,77.03826955074875,False,
394,Segangan,Nador,Oriental,2,Zeghanghane,0.737,Zeghanghane,0.737,Nador,77.07986688851913,False,
395,Sebab,Guercif,Oriental,2,Assebbab,0.769,Assebbab,0.769,Guercif,77.12146422628952,False,
396,Sbab,Guercif,Oriental,2,Assebbab,0.667,Assebbab,0.667,Guercif,77.1630615640599,False,
397,B'sabsa,Taounate,Fès-Meknès,2,El Bsabsa,0.75,El Bsabsa,0.75,Taounate,77.20465890183029,False,
398,Sidi Abdelaziz,Sidi Slimane,Rabat-Salé-Kénitra,2,Sidi Al Kamel,0.593,Sidi Abdeljalil,0.828,Safi,77.24625623960067,False,
399,"Sidi A,Tadli",Sefrou,Fès-Meknès,2,Ahl Sidi Lahcen,0.444,Sidi Ali,0.8,Zagora,77.28785357737105,False,
400,B'Sabsa,Taounate,Fès-Meknès,2,El Bsabsa,0.75,El Bsabsa,0.75,Taounate,77.32945091514144,False,
401,Somâa,Béni Mellal,Béni Mellal-Khénifra,2,Oulad Gnaou,0.375,Smara,0.8,Es-Semara,77.37104825291182,False,
402,Fersiou,Ouezzane,Tanger-Tétouan-Al Hoceïma,2,Teroual,0.571,Tafersit,0.667,Driouch,77.4126455906822,False,
403,Feriata,Béni Mellal,Béni Mellal-Khénifra,2,Boutferda,0.5,Fraita,0.769,El Kelâa des Sraghna,77.45424292845257,False,
404,B.Boufrah,Al Hoceïma,Tanger-Tétouan-Al Hoceïma,2,Bni Boufrah,0.8,Bni Boufrah,0.8,Al Hoceïma,77.49584026622296,False,
405,Skhinat,Fès,Fès-Meknès,2,Ain Bida,0.4,Skhirate,0.8,Skhirate-Témara,77.53743760399334,False,
406,Lkhmis,Tinghir,Drâa-Tafilalet,2,Tilmi,0.545,Khémisset,0.667,Khemisset,77.57903494176372,False,
407,Tabrkhachet,Tinghir,Drâa-Tafilalet,2,Souk Lakhmis Dades,0.345,Tabaroucht,0.667,Béni Mellal,77.6206322795341,False,
408,Syba,Chichaoua,Marrakech-Safi,2,Saidate,0.364,Sbouya,0.6,Sidi Ifni,77.66222961730449,False,
409,B.Bch,Al Hoceïma,Tanger-Tétouan-Al Hoceïma,2,Bni Bouayach,0.471,Sabbah,0.545,Skhirate-Témara,77.70382695507487,False,
410,Souk laarbaa,Kénitra,Rabat-Salé-Kénitra,2,Oulad Slama,0.522,Souk Tolba,0.727,Larache,77.74542429284526,False,
411,Takerkouste,Al Haouz,Marrakech-Safi,2,Lalla Takarkoust,0.667,Tamegroute,0.762,Zagora,77.78702163061564,False,
412,Ait atab,Azilal,Béni Mellal-Khénifra,2,Aït Abbas,0.706,Ait Taleb,0.824,Rehamna,77.82861896838602,False,
413,Taglafte,Azilal,Béni Mellal-Khénifra,2,Tanant,0.571,Tagleft,0.8,Béni Mellal,77.87021630615641,False,
414,Menara,Béni Mellal,Béni Mellal-Khénifra,2,Naour,0.545,Mnasra,0.833,Kénitra,77.91181364392679,False,
415,Tadout,Boulemane,Fès-Meknès,2,Talzemt,0.462,Tazouta,0.769,Sefrou,77.95341098169717,False,
416,J Melha,Sidi Kacem,Rabat-Salé-Kénitra,2,Selfat,0.462,Jorf El Melha,0.7,Ouezzane,77.99500831946756,False,
417,As s charkia,Tinghir,Drâa-Tafilalet,2,Ait Sedrate Sahl Charkia,0.611,Meknassa Acharqia,0.621,Taza,78.03660565723794,False,
418,Tasouit,Tinghir,Drâa-Tafilalet,2,Assoul,0.615,Tarsouat,0.8,Chtouka-Aït Baha,78.07820299500833,False,
419,Tarmast,Fquih Ben Salah,Béni Mellal-Khénifra,2,Tachraft,0.667,Tarmigt,0.714,Ouarzazate,78.11980033277871,False,
420,Taoujtat,El Hajeb,Fès-Meknès,2,Agourai,0.533,Tazouta,0.8,Sefrou,78.16139767054908,False,
421,As jbel sofla,Tinghir,Drâa-Tafilalet,2,Ait Sedrate Jbel El Soufla,0.667,Ait Sedrate Jbel El Soufla,0.667,Tinghir,78.20299500831946,False,
422,Aait adel,Al Haouz,Marrakech-Safi,2,Sti Fadma,0.444,Ait Aadel,0.889,El Kelâa des Sraghna,78.24459234608985,False,
423,B.bouayach II,Al Hoceïma,Tanger-Tétouan-Al Hoceïma,2,Bni Bouayach,0.72,Bni Bouayach,0.72,Al Hoceïma,78.28618968386023,False,
424,A.taourirt,Al Hoceïma,Tanger-Tétouan-Al Hoceïma,2,Arbaa Taourirt,0.75,Taourirt,0.889,Taourirt,78.32778702163061,False,
425,Bouzemalne,Taza,Fès-Meknès,2,Bouyablane,0.7,Boulemane,0.842,Boulemane,78.369384359401,False,
426,B.S. louta,Nador,Oriental,2,Bni Sidel Louta,0.64,Louta,0.667,Al Hoceïma,78.41098169717138,False,
427,Mokrissat,Chefchaouen,Tanger-Tétouan-Al Hoceïma,2,Moqrisset,0.778,Moqrisset,0.778,Chefchaouen,78.45257903494176,False,
428,Isskssi,Azilal,Béni Mellal-Khénifra,2,Tisqi,0.5,Isseksi,0.857,Béni Mellal,78.49417637271215,False,
429,B.Hmed,Chefchaouen,Tanger-Tétouan-Al Hoceïma,2,Bni Ahmed Gharbia,0.435,Ben Ahmed,0.667,Khouribga,78.53577371048253,False,
430,Tessa,Taounate,Fès-Meknès,2,Tissa,0.8,Tissa,0.8,Taounate,78.57737104825291,False,
431,Tizagui,Azilal,Béni Mellal-Khénifra,2,Tisqi,0.5,Touizgui,0.8,Assa-Zag,78.6189683860233,False,
432,Timskalte,Tinghir,Drâa-Tafilalet,2,Tilmi,0.429,Takate,0.667,Essaouira,78.66056572379368,False,
433,Guèliz,Tinghir,Drâa-Tafilalet,2,Ouaklim,0.462,Guelmim,0.769,Guelmim,78.70216306156406,False,
434,Mly Hassan,Tétouan,Tanger-Tétouan-Al Hoceïma,2,Bni Arouss,0.4,Massa,0.667,Tiznit,78.74376039933445,False,
435,Toufist,Al Hoceïma,Tanger-Tétouan-Al Hoceïma,2,Targuist,0.667,Tounfit,0.857,Midelt,78.78535773710483,False,
436,Zerhoune,Meknès,Fès-Meknès,2,Ouislane,0.5,Mzefroune,0.824,Ouezzane,78.8269550748752,False,
437,Z'Rizar,Taounate,Fès-Meknès,2,Zrizer,0.769,Zrizer,0.769,Taounate,78.86855241264558,False,
438,Mazrawa,Taounate,Fès-Meknès,2,Mezraoua,0.667,Smara,0.667,Es-Semara,78.91014975041597,False,
439,Marjane,Meknès,Fès-Meknès,2,Majjate,0.714,Zemrane,0.714,El Kelâa des Sraghna,78.95174708818635,False,
440,Cmsu,Agadir-Ida Ou Tanane,Souss-Massa,2,Imsouane,0.5,Missour,0.545,Boulemane,78.99334442595674,False,
441,ait Attab,Azilal,Béni Mellal-Khénifra,2,Aït Abbas,0.667,Ait Taleb,0.778,Rehamna,79.03494176372712,True,
442,ain bziz,Meknès,Fès-Meknès,2,Aïn Orma,0.5,Ain Sbit,0.75,Khemisset,79.0765391014975,False,
443,Lakmis,Tinghir,Drâa-Tafilalet,2,Tilmi,0.545,Lamssid,0.615,Boujdour,79.11813643926789,False,
444,ait harouit,Tinghir,Drâa-Tafilalet,2,Aït Hani,0.737,Ait Hammou,0.762,Rehamna,79.15973377703827,False,
445,ait hamou oussaid,Tinghir,Drâa-Tafilalet,2,Ait Ouassif,0.643,Ait Haddou Youssef,0.743,Taroudant,79.20133111480865,False,
446,ait h said,Tinghir,Drâa-Tafilalet,2,Aït Hani,0.778,Ait Said,0.889,Essaouira,79.24292845257904,False,
447,Chouiter,Al Haouz,Marrakech-Safi,2,Tighedouine,0.526,Aïn Chouater,0.7,Errachidia,79.28452579034942,False,
448,ait gmate,Tinghir,Drâa-Tafilalet,2,Aït Hani,0.588,Ait Mait,0.824,Driouch,79.3261231281198,False,
449,ait driss,Tinghir,Drâa-Tafilalet,2,Ait Ouassif,0.6,Ait Oumdis,0.737,Ouarzazate,79.36772046589019,False,
450,Hay Elmohammadi,Agadir-Ida Ou Tanane,Souss-Massa,2,Agadir,0.381,Mohammédia,0.64,Mohammedia,79.40931780366057,False,
451,ait boullal,Tinghir,Drâa-Tafilalet,2,Ait Youl,0.737,Ait Ouallal,0.909,Zagora,79.45091514143095,False,
452,Marinienne,Fès,Fès-Meknès,2,Ain Bida,0.444,Mallalienne,0.667,Tétouan,79.49251247920134,False,
453,B.hadifa,Al Hoceïma,Tanger-Tétouan-Al Hoceïma,2,Bni Hadifa,0.778,Bni Hadifa,0.778,Al Hoceïma,79.53410981697171,False,
454,Marigha,Al Haouz,Marrakech-Safi,2,Amghras,0.571,Mtarnagha,0.75,Sefrou,79.57570715474209,False,
455,"A, kansara",Moulay Yacoub,Fès-Meknès,2,Laajajra,0.556,Ain Kansra,0.8,Fès,79.61730449251247,False,
456,Alouhda,Taza,Fès-Meknès,2,Bouchfaa,0.533,Tabouda,0.714,Chefchaouen,79.65890183028286,False,
457,ait ouffi,Tinghir,Drâa-Tafilalet,2,Ait Youl,0.706,Ait Ourir,0.778,Marrakech,79.70049916805324,False,
458,ait kassi,Tinghir,Drâa-Tafilalet,2,Ait Ouassif,0.8,Ait Ouassif,0.8,Tinghir,79.74209650582362,False,
459,Alhaouz,Al Haouz,Marrakech-Safi,2,Tahannaout,0.588,Haouza,0.769,Es-Semara,79.78369384359401,False,
460,akdim,Tinghir,Drâa-Tafilalet,2,Ouaklim,0.667,Aklim,0.8,Berkane,79.82529118136439,False,
461,ait wahi,Tinghir,Drâa-Tafilalet,2,Aït Hani,0.75,Ait Said,0.75,Essaouira,79.86688851913478,False,
462,Ben Yazgha,Sefrou,Fès-Meknès,2,Mtarnagha,0.526,Beni Ftah,0.632,Taza,79.90848585690516,False,
463,Hamria,Moulay Yacoub,Fès-Meknès,2,Charqaoua,0.533,Lamrija,0.769,Guercif,79.95008319467554,False,
464,Bel,Sidi Kacem,Rabat-Salé-Kénitra,2,Selfat,0.444,Jbiel,0.75,El Kelâa des Sraghna,79.99168053244593,False,
465,Dg,Sidi Kacem,Rabat-Salé-Kénitra,2,Zaggota,0.222,Madagh,0.5,Berkane,80.03327787021631,False,
466,Barraka,Nador,Oriental,2,Arekmane,0.4,Braksa,0.769,Khouribga,80.0748752079867,False,
467,Beni Gorfet,Larache,Tanger-Tétouan-Al Hoceïma,2,Bni Garfett,0.818,Bni Garfett,0.818,Larache,80.11647254575708,False,
468,Marenienne,Fès,Fès-Meknès,2,Louadaine,0.421,Mallalienne,0.667,Tétouan,80.15806988352746,False,
469,bab mrouj,Taza,Fès-Meknès,2,Bab Marzouka,0.762,Bab Marzouka,0.762,Taza,80.19966722129784,False,
470,Bencharrou,Béni Mellal,Béni Mellal-Khénifra,2,Naour,0.533,Ben Maachou,0.667,El Jadida,80.24126455906821,False,
471,akdim ait mraou,Tinghir,Drâa-Tafilalet,2,Ait Youl,0.522,Sebt Aït Rahou,0.621,Khemisset,80.2828618968386,False,
472,bouchair,Settat,Casablanca-Settat,2,Oulad Sghir,0.526,Bouqachmir,0.778,Khemisset,80.32445923460898,False,
473,bni enssar,Nador,Oriental,2,Beni Ansar,0.8,Beni Ansar,0.8,Nador,80.36605657237936,False,
474,Amria 2,Béni Mellal,Béni Mellal-Khénifra,2,Had Bradia,0.471,Lamrija,0.714,Guercif,80.40765391014975,False,
475,chahid baha,Sefrou,Fès-Meknès,2,Ahl Sidi Lahcen,0.538,Ait Baha,0.737,Chtouka-Aït Baha,80.44925124792013,False,
476,Amria,Béni Mellal,Béni Mellal-Khénifra,2,Had Bradia,0.533,Lamrija,0.833,Guercif,80.49084858569051,False,
477,bouzmlane,Taza,Fès-Meknès,2,Bouyablane,0.737,Boulemane,0.778,Boulemane,80.5324459234609,False,
478,Kolea,Inezgane-Aït Melloul,Souss-Massa,2,Ouled Teima,0.5,Boulemane,0.571,Boulemane,80.57404326123128,False,
479,boumardoul,Tinghir,Drâa-Tafilalet,2,Bou Azmou,0.632,Bouarouss,0.737,Taounate,80.61564059900167,False,
480,Darksdani,Driouch,Oriental,2,Dar El Kebdani,0.696,Dar El Kebdani,0.696,Driouch,80.65723793677205,False,
481,Koka si Moussa,Settat,Casablanca-Settat,2,Zaouiat Sidi Ben Hamdoun,0.474,Sidi Moussa,0.72,El Kelâa des Sraghna,80.69883527454243,False,
482,iazaneen,Nador,Oriental,2,Iaazzanene,0.778,Iaazzanene,0.778,Nador,80.74043261231282,False,
483,hay salam kelaa,Tinghir,Drâa-Tafilalet,2,Ait Sedrate Sahl El Gharbia,0.476,Had Al Gharbia,0.483,Tanger-Assilah,80.7820299500832,False,
484,hadkouret,Sidi Kacem,Rabat-Salé-Kénitra,2,Taoughilt,0.444,Had Kourt,0.889,Ouezzane,80.82362728785358,False,
485,Alwahda,Taza,Fès-Meknès,2,Tahla,0.5,Lahdar,0.769,Youssoufia,80.86522462562397,False,
486,ighramloulne,Tinghir,Drâa-Tafilalet,2,Aghbalou N'Kerdous,0.533,Ighzrane,0.7,Taza,80.90682196339434,False,
487,ait boamrane,Tinghir,Drâa-Tafilalet,2,Aït Hani,0.6,Ait Naamane,0.783,El Hajeb,80.94841930116472,False,
488,Ait Sawane,Ouarzazate,Drâa-Tafilalet,2,Ait Zineb,0.632,Ait Naamane,0.762,El Hajeb,80.9900166389351,False,
489,igheram amazdar,Tinghir,Drâa-Tafilalet,2,Ait Sedrate Sahl Charkia,0.41,M'Saada,0.545,Sidi Slimane,81.03161397670549,False,
490,ida ouguerd,Essaouira,Marrakech-Safi,2,Aguerd,0.706,Ida Ougoummad,0.75,Al Haouz,81.07321131447587,False,
491,ibrghoussne,Tinghir,Drâa-Tafilalet,2,Ait Ouassif,0.455,Tighedouine,0.636,Al Haouz,81.11480865224625,False,
492,Bensergao,Ouarzazate,Drâa-Tafilalet,2,Amerzgane,0.444,El Kansera,0.632,Khemisset,81.15640599001664,False,
493,khmiss dadaes,Tinghir,Drâa-Tafilalet,2,Souk Lakhmis Dades,0.71,Souk Lakhmis Dades,0.71,Tinghir,81.19800332778702,False,
494,Mesker,Ouezzane,Tanger-Tétouan-Al Hoceïma,2,Moulay Abdelkader,0.435,Meskoura,0.714,Khouribga,81.2396006655574,False,
495,"k,militaire",Taza,Fès-Meknès,2,Msila,0.5,Mzilate,0.556,Chichaoua,81.28119800332779,False,
496,my bouchta,Taounate,Fès-Meknès,2,Bni Bouchibet,0.609,Moulay Bouchta,0.833,Moulay Yacoub,81.32279534109817,False,
497,mezguitem,Guercif,Oriental,2,Mazguitam,0.778,Mezguita,0.824,Ouarzazate,81.36439267886855,False,
498,merna,Tinghir,Drâa-Tafilalet,2,Imider,0.545,Merija,0.727,Jerada,81.40599001663894,False,
499,mecheraa laine,Taroudant,Souss-Massa,2,Machraa El Ain,0.786,Machraa El Ain,0.786,Taroudant,81.44758735440932,False,
500,magaz kelaa,Tinghir,Drâa-Tafilalet,2,Aït Elfarsi,0.455,Melaab,0.588,Errachidia,81.4891846921797,False,
501,"s,yahya/zeroual",Taounate,Fès-Meknès,2,Sidi Yahya Bni Zeroual,0.757,Sidi Yahya Bni Zeroual,0.757,Taounate,81.53078202995009,False,
502,ouarchdik,Tinghir,Drâa-Tafilalet,2,Ouaklim,0.5,Rouached,0.706,Fquih Ben Salah,81.57237936772047,False,
503,old taher,Taounate,Fès-Meknès,2,Oulad Daoud,0.5,Oulad Amer,0.737,El Kelâa des Sraghna,81.61397670549084,False,
504,sidi h o hamd,Essaouira,Marrakech-Safi,2,Sidi H'Mad Ou Hamed,0.812,Sidi H'Mad Ou Hamed,0.812,Essaouira,81.65557404326123,False,
505,sidi ahmed tadli,Sefrou,Fès-Meknès,2,Sidi Youssef Ben Ahmed,0.526,Sidi Ahmed El Khadir,0.778,El Kelâa des Sraghna,81.69717138103161,False,
506,senhaja,Sefrou,Fès-Meknès,2,Dar El Hamra,0.421,Senada,0.769,Al Hoceïma,81.73876871880199,False,
507,Bensergao,Agadir-Ida Ou Tanane,Souss-Massa,2,Idmine,0.133,El Kansera,0.632,Khemisset,81.78036605657238,False,
508,Douar Oulad Mkadem,Guelmim,Guelmim-Oued Noun,2,Aouint Yghomane,0.242,Houara Oulad Raho,0.686,Guercif,81.82196339434276,False,
509,saiss,Fès,Fès-Meknès,2,Ain Kansra,0.4,Assaisse,0.769,Ouarzazate,81.86356073211314,False,
510,tasouit,Tinghir,Drâa-Tafilalet,2,Assoul,0.615,Tarsouat,0.8,Chtouka-Aït Baha,81.90515806988353,False,
511,tarmoucht,Tinghir,Drâa-Tafilalet,2,Bou Azmou,0.444,Tabaroucht,0.842,Béni Mellal,81.94675540765391,False,
512,M'kanssa,Taounate,Fès-Meknès,2,Kissane,0.533,Mkansa,0.857,Sidi Kacem,81.9883527454243,False,
513,tansghart,Tinghir,Drâa-Tafilalet,2,Tinghir,0.625,Tanougha,0.706,Béni Mellal,82.02995008319468,False,
514,Mezguitem,Guercif,Oriental,2,Mazguitam,0.778,Mezguita,0.824,Ouarzazate,82.07154742096506,False,
515,Khlalta,Fquih Ben Salah,Béni Mellal-Khénifra,2,Fkih Ben Salah,0.381,Khlalfa,0.857,Taounate,82.11314475873544,False,
516,M kellat magouna,Tinghir,Drâa-Tafilalet,2,Kalaat M'Gouna,0.733,Kalaat M'Gouna,0.733,Tinghir,82.15474209650583,False,
517,A S Jbel,Tinghir,Drâa-Tafilalet,2,Ait Sedrate Jbel El Oulia,0.485,Bni Sidel Jbel,0.636,Nador,82.19633943427621,False,
518,tigoudar,Essaouira,Marrakech-Safi,2,Lagdadra,0.5,Tigouga,0.8,Taroudant,82.2379367720466,False,
519,Douar Chems,Ouarzazate,Drâa-Tafilalet,2,Skoura Ahl El Oust,0.483,Rouached,0.632,Fquih Ben Salah,82.27953410981698,False,
520,tibihite,Béni Mellal,Béni Mellal-Khénifra,2,Tilougguite,0.526,Tighirt,0.667,Tiznit,82.32113144758735,False,
521,tazzakht,Tinghir,Drâa-Tafilalet,2,Outerbat,0.375,Taznakht,0.875,Ouarzazate,82.36272878535773,False,
522,Bnisadden,Sefrou,Fès-Meknès,2,Ahl Sidi Lahcen,0.333,Bni Said,0.706,Tétouan,82.40432612312812,False,
523,Bni wanjel,Taounate,Fès-Meknès,2,Bni Rzine,0.632,Bni Zrantel,0.762,Béni Mellal,82.4459234608985,False,
524,Menara,Taroudant,Souss-Massa,2,Lamhara,0.615,Mnasra,0.833,Kénitra,82.48752079866888,False,
525,,Taounate,Fès-Meknès,2,Zrizer,0.0,,0.0,,82.52911813643927,False,
526,S.M.B.L,Taounate,Fès-Meknès,2,Bouadel,0.286,Mibladen,0.4,Midelt,82.57071547420965,False,
527,El Kassam,Settat,Casablanca-Settat,2,Oulad Saïd,0.421,El Kansera,0.737,Khemisset,82.61231281198003,False,
528,Meknassa,Taza,Fès-Meknès,2,Meknassa Acharqia,0.64,Massa,0.769,Tiznit,82.65391014975042,False,
529,zouagha,Fès,Fès-Meknès,2,Louadaine,0.5,Ounagha,0.857,Essaouira,82.6955074875208,False,
530,zaouit nogart,Tinghir,Drâa-Tafilalet,2,Ait Ouassif,0.5,Zaouiat Saiss,0.615,Sidi Bennour,82.73710482529118,False,
531,Ait oum bakht,Béni Mellal,Béni Mellal-Khénifra,2,Ait Ouqabli,0.583,Ait Oum El Bekht,0.828,Khénifra,82.77870216306157,False,
532,,Béni Mellal,Béni Mellal-Khénifra,2,Timoulilt,0.0,,0.0,,82.82029950083195,False,
533,A H oyahya,Tinghir,Drâa-Tafilalet,2,Aït Hani,0.444,Ait Yahya,0.737,Midelt,82.86189683860233,False,
534,A H Said,Tinghir,Drâa-Tafilalet,2,Ferkla Es-Soufla,0.417,Ait Said,0.75,Essaouira,82.90349417637272,False,
535,ighramloule,Tinghir,Drâa-Tafilalet,2,Toudgha El Oulia,0.519,Ighzrane,0.632,Taza,82.9450915141431,False,
536,Dr Zhair Bouata,Sidi Kacem,Rabat-Salé-Kénitra,1,Zirara,0.476,Dar Bouazza,0.692,Casablanca,82.96589018302829,False,
537,Dr Lamharig,Sidi Kacem,Rabat-Salé-Kénitra,1,Zirara,0.353,Lamhara,0.667,Taroudant,82.98668885191347,False,
538,Douar zrarda,Taounate,Fès-Meknès,1,Oulad Daoud,0.522,Zrarda,0.667,Taza,83.00748752079866,False,
539,Douar tiaret bni frassen,Taza,Fès-Meknès,1,Oulad Chrif,0.343,Bni Frassen,0.629,Taounate,83.02828618968385,False,
540,Douar tarouate,Ouezzane,Tanger-Tétouan-Al Hoceïma,1,Teroual,0.476,Ouarzazate,0.667,Ouarzazate,83.04908485856905,False,
541,Far,Tinghir,Drâa-Tafilalet,1,Aït Elfarsi,0.429,Ifarni,0.667,Driouch,83.06988352745424,False,
542,Fahs anjra,Fahs-Anjra,Tanger-Tétouan-Al Hoceïma,1,Anjra,0.667,Lahsasna,0.667,Berrechid,83.09068219633943,False,
543,Fahs Anjra,Fahs-Anjra,Tanger-Tétouan-Al Hoceïma,1,Anjra,0.667,Lahsasna,0.667,Berrechid,83.11148086522462,False,
544,F.B.Salah,Fquih Ben Salah,Béni Mellal-Khénifra,1,Fkih Ben Salah,0.609,Bni Salah,0.667,Chefchaouen,83.13227953410981,False,
545,Ess ville,Essaouira,Marrakech-Safi,1,Essaouira,0.444,Guers Tiaallaline,0.538,Errachidia,83.153078202995,False,
546,Ennakhil,Ouarzazate,Drâa-Tafilalet,1,Taznakht,0.5,Ben Khlil,0.706,Tan-Tan,83.1738768718802,False,
547,Ennakhil,Chichaoua,Marrakech-Safi,1,Ahdil,0.615,Ben Khlil,0.706,Tan-Tan,83.19467554076539,False,
548,Elwafae,Larache,Tanger-Tétouan-Al Hoceïma,1,Larache,0.143,Selfat,0.615,Sidi Kacem,83.21547420965058,False,
549,Elqods,Guelmim,Guelmim-Oued Noun,1,Guelmim,0.308,Loulad,0.5,Khouribga,83.23627287853577,False,
550,Eloualja,Taounate,Fès-Meknès,1,Khlalfa,0.533,Loulja,0.857,Fès,83.25707154742096,False,
551,Elkodia,Taroudant,Souss-Massa,1,El Koudia El Beida,0.56,El Ksiba,0.667,Béni Mellal,83.27787021630616,False,
552,Elhajeb II,El Hajeb,Fès-Meknès,1,El Hajeb,0.778,El Hajeb,0.778,El Hajeb,83.29866888519135,False,
553,Gourziana,Taounate,Fès-Meknès,1,Ourtzagh,0.588,Ourdana,0.75,Driouch,83.31946755407654,False,
554,Ghiyata gharb,Taza,Fès-Meknès,1,Ghiata Al Gharbia,0.8,Ghiata Al Gharbia,0.8,Taza,83.34026622296173,False,
555,Ghafsey,Taounate,Fès-Meknès,1,Ghafsai,0.714,Ghafsai,0.714,Taounate,83.36106489184692,False,
556,Fraoua,Sidi Kacem,Rabat-Salé-Kénitra,1,Zirara,0.5,Arbaoua,0.769,Larache,83.38186356073211,False,
557,Foum anseur,Béni Mellal,Béni Mellal-Khénifra,1,Foum El Anceur,0.8,Foum El Anceur,0.8,Béni Mellal,83.4026622296173,False,
558,Foum Anseur,Béni Mellal,Béni Mellal-Khénifra,1,Foum El Anceur,0.8,Foum El Anceur,0.8,Béni Mellal,83.4234608985025,False,
559,Fokra,Settat,Casablanca-Settat,1,Mzoura,0.545,Boukraa,0.667,Laâyoune,83.44425956738769,False,
560,Hamd,Tinghir,Drâa-Tafilalet,1,Imider,0.4,Tamda,0.667,Rehamna,83.46505823627288,False,
561,Hal Merbea,Fquih Ben Salah,Béni Mellal-Khénifra,1,Hel Merbaa,0.8,Hel Merbaa,0.8,Fquih Ben Salah,83.48585690515807,False,
562,Had msila,Taza,Fès-Meknès,1,Msila,0.714,Msila,0.714,Taza,83.50665557404326,False,
563,Had Sidi Abdellah,Rehamna,Marrakech-Safi,1,Sidi Abdallah,0.8,Sidi Abdallah,0.8,Rehamna,83.52745424292846,False,
564,Hachane,Essaouira,Marrakech-Safi,1,El Hanchane,0.778,El Hanchane,0.778,Essaouira,83.54825291181365,False,
565,H.Mohmadi,Béni Mellal,Béni Mellal-Khénifra,1,Sidi Hammadi,0.571,Mohammédia,0.632,Mohammedia,83.56905158069884,False,
566,H.Mohamadi,Béni Mellal,Béni Mellal-Khénifra,1,Sidi Hammadi,0.545,Mohammédia,0.7,Mohammedia,83.58985024958403,False,
567,Guéliz,Taza,Fès-Meknès,1,Oued Amlil,0.5,Guelmim,0.769,Guelmim,83.61064891846922,False,
568,Guéliz,Al Hoceïma,Tanger-Tétouan-Al Hoceïma,1,Targuist,0.429,Guelmim,0.769,Guelmim,83.63144758735442,False,
569,Guéliz,Al Haouz,Marrakech-Safi,1,Iguidi,0.5,Guelmim,0.769,Guelmim,83.65224625623961,False,
570,Guèliz,Al Haouz,Marrakech-Safi,1,Iguidi,0.5,Guelmim,0.769,Guelmim,83.6730449251248,False,
571,Gueldaman,Taza,Fès-Meknès,1,Galdamane,0.778,Galdamane,0.778,Taza,83.69384359400998,False,
572,Hay Taslouine,Agadir-Ida Ou Tanane,Souss-Massa,1,Imsouane,0.476,Taliouine,0.727,Tata,83.71464226289517,False,
573,Hay Sidi Daoud,Inezgane-Aït Melloul,Souss-Massa,1,Oulad Dahou,0.56,Ait Sidi Daoud,0.857,Marrakech,83.73544093178036,False,
574,Hay Salam,Meknès,Fès-Meknès,1,Ait Yaazem,0.526,Had Soualem,0.7,Nouaceur,83.75623960066555,False,
575,Hay Mohammadi,Béni Mellal,Béni Mellal-Khénifra,1,Sidi Hammadi,0.64,Mohammédia,0.696,Mohammedia,83.77703826955074,False,
576,Hay Maurice,Inezgane-Aït Melloul,Souss-Massa,1,Ait Melloul,0.364,Ait Ouribel,0.545,Khemisset,83.79783693843594,False,
577,Hay Korsi Rue Almasjid,Taroudant,Souss-Massa,1,Sidi Abdellah Ou Said,0.419,Ksar al Majaz,0.457,Fahs-Anjra,83.81863560732113,False,
578,Hay Jadid,Sidi Kacem,Rabat-Salé-Kénitra,1,Ain Jemaa,0.444,El Jadida,0.667,El Jadida,83.83943427620632,False,
579,Hay Alfarah Im 14 N°5,Agadir-Ida Ou Tanane,Souss-Massa,1,Ait Aissi Ihahane,0.216,Moulay Brahim,0.485,Al Haouz,83.86023294509151,False,
580,Haoura,Guercif,Oriental,1,Bouchaouene,0.471,Harhoura,0.857,Skhirate-Témara,83.8810316139767,False,
581,Haouara,Taza,Fès-Meknès,1,Maghraoua,0.625,Laouamra,0.8,Larache,83.9018302828619,False,
582,Hana,El Kelâa des Sraghna,Marrakech-Safi,1,Hiadna,0.8,Hiadna,0.8,El Kelâa des Sraghna,83.92262895174709,False,
583,Hamria,Taounate,Fès-Meknès,1,Zarkat,0.5,Lamrija,0.769,Guercif,83.94342762063228,False,
584,Ait kassi ouali,Tinghir,Drâa-Tafilalet,1,Ait Ouassif,0.615,Aït Youssef Ou Ali,0.727,Al Hoceïma,83.96422628951747,False,
585,Ait kassi,Tinghir,Drâa-Tafilalet,1,Ait Ouassif,0.8,Ait Ouassif,0.8,Tinghir,83.98502495840266,False,
586,Ait hamoyahya,Tinghir,Drâa-Tafilalet,1,Aït Hani,0.571,Ait Yahya,0.818,Midelt,84.00582362728785,False,
587,Ait hamou yahya,Boulemane,Fès-Meknès,1,Almis Marmoucha,0.533,Ait Yahya,0.75,Midelt,84.02662229617304,False,
588,Ait halli ait Daoud,Khemisset,Rabat-Salé-Kénitra,1,Sebt Aït Rahou,0.545,Ait Sidi Daoud,0.727,Marrakech,84.04742096505824,False,
589,Ait hadouch,Tinghir,Drâa-Tafilalet,1,Ait Youl,0.632,Ait Hammou,0.762,Rehamna,84.06821963394343,False,
590,Hed Mssila,Taza,Fès-Meknès,1,Msila,0.667,H'Ssyia,0.706,Zagora,84.08901830282862,False,
591,Hdida,Tinghir,Drâa-Tafilalet,1,Tinejdad,0.462,Haddada,0.667,Kénitra,84.10981697171381,False,
592,Hay khatabi rue 4 n°32,Nador,Oriental,1,Hassi Berkane,0.353,Al Kharroub,0.375,Tétouan,84.130615640599,False,
593,Hay hassani,Al Haouz,Marrakech-Safi,1,Assaki,0.588,Bni Hassane,0.636,Azilal,84.1514143094842,False,
594,Hay elyasmine,Sidi Kacem,Rabat-Salé-Kénitra,1,Chbanate,0.286,Ras El Ain,0.609,Youssoufia,84.17221297836939,False,
595,Hay eljadid,Larache,Tanger-Tétouan-Al Hoceïma,1,Bahhara Oulad Ayad,0.483,El Jadida,0.7,El Jadida,84.19301164725458,False,
596,Idaouzemzeme,Essaouira,Marrakech-Safi,1,Ida Ou Aazza,0.583,Ida Ou Moumen,0.64,Taroudant,84.21381031613977,False,
597,Idaouguelloule,Essaouira,Marrakech-Safi,1,Sidi El Jazouli,0.483,Ida Ou Guelloul,0.897,Agadir-Ida Ou Tanane,84.23460898502496,False,
598,Houciema,Al Hoceïma,Tanger-Tétouan-Al Hoceïma,1,Al Hoceïma,0.667,Haouzia,0.667,El Jadida,84.25540765391015,False,
599,Houara od rahou,Taza,Fès-Meknès,1,Oulad Bourima,0.5,Houara Oulad Raho,0.875,Guercif,84.27620632279535,False,
600,Hors Province,Settat,Casablanca-Settat,1,Ras Al Ain,0.435,Sid Zouine,0.348,Marrakech,84.29700499168054,False,
601,Hmer Iglalcha,Taroudant,Souss-Massa,1,Ahmar Laglalcha,0.786,Ahmar Laglalcha,0.786,Taroudant,84.31780366056573,False,
602,Hkmiss,Tinghir,Drâa-Tafilalet,1,M'Ssici,0.462,Khémisset,0.667,Khemisset,84.33860232945092,False,
603,Hk,Sidi Kacem,Rabat-Salé-Kénitra,1,Tekna,0.286,Chbika,0.5,Tan-Tan,84.35940099833611,False,
604,Hidar,Driouch,Oriental,1,Midar,0.8,Midar,0.8,Driouch,84.38019966722129,False,
605,Hey Mohammadi,Béni Mellal,Béni Mellal-Khénifra,1,Sidi Hammadi,0.64,Mohammédia,0.696,Mohammedia,84.40099833610648,False,
606,Ait moussa,Zagora,Drâa-Tafilalet,1,Ait Ouallal,0.667,Sidi Moussa,0.762,El Kelâa des Sraghna,84.42179700499167,False,
607,Ait mahdi,Tinghir,Drâa-Tafilalet,1,Aït Hani,0.706,Ait Mait,0.824,Driouch,84.44259567387687,False,
608,Ait maala,Azilal,Béni Mellal-Khénifra,1,Ait Blal,0.706,Ait Mzal,0.824,Chtouka-Aït Baha,84.46339434276206,False,
609,Imouzar Kendr,Sefrou,Fès-Meknès,1,Imouzzer Kandar,0.786,Imouzzer Kandar,0.786,Sefrou,84.48419301164725,False,
610,Imgoune,Taroudant,Souss-Massa,1,Bigoudine,0.75,Imsouane,0.8,Agadir-Ida Ou Tanane,84.50499168053244,False,
611,Imgharne,Ouarzazate,Drâa-Tafilalet,1,Idelsane,0.5,Ighzrane,0.75,Taza,84.52579034941763,False,
612,Ikhourba,Béni Mellal,Béni Mellal-Khénifra,1,Boutferda,0.471,Khouribga,0.824,Khouribga,84.54658901830283,False,
613,Ijfi,Driouch,Oriental,1,Ifarni,0.6,Tifni,0.667,Azilal,84.56738768718802,False,
614,Ihoudjjine,Azilal,Béni Mellal-Khénifra,1,Imi N'Oulaoune,0.417,Bigoudine,0.737,Taroudant,84.58818635607321,False,
615,Ihoudjine,Azilal,Béni Mellal-Khénifra,1,Imi N'Oulaoune,0.435,Bigoudine,0.778,Taroudant,84.6089850249584,False,
616,Ihchach,Essaouira,Marrakech-Safi,1,El Hanchane,0.444,Tichla,0.615,Aousserd,84.62978369384359,False,
617,Ighrmloulne,Tinghir,Drâa-Tafilalet,1,Aghbalou N'Kerdous,0.483,Tighedouine,0.636,Al Haouz,84.65058236272878,False,
618,Ighrem Amazdar,Tinghir,Drâa-Tafilalet,1,Taghzoute N'Ait Atta,0.412,Ighrem N'Ougdal,0.621,Ouarzazate,84.67138103161398,False,
619,Idaouzemzème,Essaouira,Marrakech-Safi,1,Ida Ou Aazza,0.583,Ida Ou Moumen,0.64,Taroudant,84.69217970049917,False,
620,Jiha-Soufla,Taounate,Fès-Meknès,1,Thar Es-Souk,0.522,Toudgha Essoufla,0.667,Tinghir,84.71297836938436,False,
621,Jida,Tinghir,Drâa-Tafilalet,1,Tinejdad,0.5,Jaidate,0.727,Marrakech,84.73377703826955,False,
622,Jerf lmlha,Sidi Kacem,Rabat-Salé-Kénitra,1,Ain Jemaa,0.421,Jorf El Melha,0.783,Ouezzane,84.75457570715474,False,
623,Jemeât old mimoun,Moulay Yacoub,Fès-Meknès,1,Oulad Mimoun,0.621,Oulad Mimoun,0.621,Moulay Yacoub,84.77537437603993,False,
624,Jamat sidi ghayat,Al Haouz,Marrakech-Safi,1,Sidi Badhaj,0.5,Zaouiat Sidi Hamza,0.686,Midelt,84.79617304492513,False,
625,Jamaat Lamrasla,Safi,Marrakech-Safi,1,Lamrasla,0.696,Lamrasla,0.696,Safi,84.81697171381032,False,
626,Jabriénne,Ouezzane,Tanger-Tétouan-Al Hoceïma,1,Aïn Béida,0.333,Jabria,0.667,Sidi Bennour,84.83777038269551,False,
627,Iwareden,Azilal,Béni Mellal-Khénifra,1,Aït Majden,0.556,Mibladen,0.625,Midelt,84.8585690515807,False,
628,Issakssi,Azilal,Béni Mellal-Khénifra,1,Tisqi,0.462,Isseksi,0.8,Béni Mellal,84.8793677204659,False,
629,Irguita,Taroudant,Souss-Massa,1,Igli,0.545,Tizguite,0.667,Ifrane,84.90016638935109,False,
630,Imzilne,Tinghir,Drâa-Tafilalet,1,Imider,0.615,Idmine,0.769,Agadir-Ida Ou Tanane,84.92096505823628,False,
631,Karouel,Azilal,Béni Mellal-Khénifra,1,Taounza,0.429,Tazroute,0.667,Chefchaouen,84.94176372712147,False,
632,Karoil,Azilal,Béni Mellal-Khénifra,1,Azilal,0.5,Martil,0.667,Tétouan,84.96256239600666,False,
633,Kalaa-Ourache,Taounate,Fès-Meknès,1,Abdelghaya Souahel,0.645,Larache,0.7,Larache,84.98336106489185,False,
634,Kalaa Sraghna,El Kelâa des Sraghna,Marrakech-Safi,1,El Kelâat Es-Sraghna,0.727,El Kelâat Es-Sraghna,0.727,El Kelâa des Sraghna,85.00415973377704,False,
635,Kalaa Magoune,Ouarzazate,Drâa-Tafilalet,1,Amerzgane,0.364,Kalaat M'Gouna,0.815,Tinghir,85.02495840266224,False,
636,Kaa Assrass,Chefchaouen,Tanger-Tétouan-Al Hoceïma,1,Al Hamra,0.421,Assaisse,0.632,Ouarzazate,85.04575707154743,False,
637,K_Ba_Mohamed,Taounate,Fès-Meknès,1,Sidi Haj M’hamed,0.519,Karia Ba Mohamed,0.714,Moulay Yacoub,85.06655574043262,False,
638,K.Tadla,Béni Mellal,Béni Mellal-Khénifra,1,Kasba Tadla,0.667,Tamda,0.667,Rehamna,85.0873544093178,False,
639,Jnan nokbi,Fès,Fès-Meknès,1,Ain Bida,0.556,Jnane Bouih,0.667,Youssoufia,85.10815307820299,False,
640,Jnan kastiyine,Larache,Tanger-Tétouan-Al Hoceïma,1,Ksar el-Kebir,0.296,Mrhassiyine,0.56,Meknès,85.12895174708818,False,
641,Jnan Ward,Fès,Fès-Meknès,1,Ain Kansra,0.421,Ain Harrouda,0.571,Médiouna,85.14975041597337,False,
642,Kmis Anjra,Fahs-Anjra,Tanger-Tétouan-Al Hoceïma,1,Anjra,0.667,Anjra,0.667,Fahs-Anjra,85.17054908485856,False,
643,Khmiss anjra,Fahs-Anjra,Tanger-Tétouan-Al Hoceïma,1,Anjra,0.588,Kissane,0.632,Taounate,85.19134775374376,False,
644,Khmiss Anjra,Chefchaouen,Tanger-Tétouan-Al Hoceïma,1,Bni Mansour,0.348,Kissane,0.632,Taounate,85.21214642262895,False,
645,Khmiss AitAmira,Chtouka-Aït Baha,Souss-Massa,1,Ait Mzal,0.348,Ait Amira,0.667,Inezgane-Aït Melloul,85.23294509151414,False,
646,Khmis Anjra,Fahs-Anjra,Tanger-Tétouan-Al Hoceïma,1,Anjra,0.625,Khmis Ksiba,0.636,Rehamna,85.25374376039933,False,
647,Khmalca,Taounate,Fès-Meknès,1,Khlalfa,0.714,Khlalfa,0.714,Taounate,85.27454242928452,False,
648,Kharba,Chtouka-Aït Baha,Souss-Massa,1,Tabia,0.545,Hrara,0.727,Safi,85.29534109816971,False,
649,Khandak Zeboua,Tétouan,Tanger-Tétouan-Al Hoceïma,1,Al Kharroub,0.4,Had Boumoussa,0.593,Fquih Ben Salah,85.3161397670549,False,
650,"Kelaat M,",Tinghir,Drâa-Tafilalet,1,Kalaat M'Gouna,0.609,Kalaat M'Gouna,0.609,Tinghir,85.3369384359401,False,
651,Kebdani,Nador,Oriental,1,Iksane,0.462,Dar El Kebdani,0.667,Driouch,85.35773710482529,False,
652,Labita od said,Settat,Casablanca-Settat,1,Oulad Saïd,0.667,Ait Said,0.727,Essaouira,85.37853577371048,False,
653,Laazib,Taroudant,Souss-Massa,1,Lamhadi,0.615,Melaab,0.667,Errachidia,85.39933444259567,False,
654,Laayayta,Béni Mellal,Béni Mellal-Khénifra,1,Kasba Tadla,0.211,Oulad Ayyad,0.526,Sefrou,85.42013311148087,False,
655,Laari Chikh,Taounate,Fès-Meknès,1,Aïn Aïcha,0.5,Zaouiat Cheikh,0.64,Khénifra,85.44093178036606,False,
656,Laai chikh,Nador,Oriental,1,Beni Chiker,0.571,Zaouiat Cheikh,0.667,Khénifra,85.46173044925125,False,
657,Laabiate,Sidi Slimane,Rabat-Salé-Kénitra,1,Nouirate,0.5,Laaouinate,0.778,Jerada,85.48252911813644,False,
658,L'Habita,Sefrou,Fès-Meknès,1,Dar El Hamra,0.5,Lgharbia,0.75,Sidi Bennour,85.50332778702163,False,
659,L Foukani,Driouch,Oriental,1,Ifarni,0.533,El Gouraani,0.7,Youssoufia,85.52412645590682,False,
660,Kssibiya,Sidi Kacem,Rabat-Salé-Kénitra,1,Sidi Kacem,0.444,Kceibya,0.667,Sidi Slimane,85.54492512479202,False,
661,Kssibat,Chefchaouen,Tanger-Tétouan-Al Hoceïma,1,Tassift,0.571,Khmis Ksiba,0.667,Rehamna,85.56572379367721,False,
662,Lmzem,El Kelâa des Sraghna,Marrakech-Safi,1,Zemrane,0.5,Talzemt,0.667,Boulemane,85.5865224625624,False,
663,Lmzam*,Azilal,Béni Mellal-Khénifra,1,Ait M'Hamed,0.353,Mazguitam,0.533,Guercif,85.60732113144759,False,
664,Lhotte,Tinghir,Drâa-Tafilalet,1,Outerbat,0.429,Hattane,0.615,Khouribga,85.62811980033278,False,
665,Lhote,Tinghir,Drâa-Tafilalet,1,Outerbat,0.462,Tlite,0.6,Ouarzazate,85.64891846921797,False,
666,Lemzar,Zagora,Drâa-Tafilalet,1,Zagora,0.5,Témara,0.667,Skhirate-Témara,85.66971713810317,False,
667,Lbour,Tinghir,Drâa-Tafilalet,1,Outerbat,0.462,Bourd,0.8,Al Hoceïma,85.69051580698836,False,
668,Lari Chiekh,Nador,Oriental,1,Beni Chiker,0.545,Larache,0.667,Larache,85.71131447587355,False,
669,Lalla aicha,Ouezzane,Tanger-Tétouan-Al Hoceïma,1,Lamrabih,0.526,Laagagcha,0.7,Sidi Bennour,85.73211314475874,False,
670,Lalla Aicha,Ouezzane,Tanger-Tétouan-Al Hoceïma,1,Lamrabih,0.526,Laagagcha,0.7,Sidi Bennour,85.75291181364393,False,
671,Lakrimat,Essaouira,Marrakech-Safi,1,Korimate,0.75,Korimate,0.75,Essaouira,85.77371048252911,False,
672,Lakrakra,Settat,Casablanca-Settat,1,Lahouaza,0.5,Laqraqra,0.75,Fquih Ben Salah,85.7945091514143,False,
673,Ait aabou,Tinghir,Drâa-Tafilalet,1,Ait Youl,0.706,Ait Daoud,0.778,Essaouira,85.8153078202995,False,
674,Ait Tisslit,Béni Mellal,Béni Mellal-Khénifra,1,Ait Ouqabli,0.545,Tissint,0.667,Tata,85.83610648918469,False,
675,Ait Tislit,Béni Mellal,Béni Mellal-Khénifra,1,Ait Ouqabli,0.571,Ait Tamlil,0.7,Azilal,85.85690515806988,False,
676,Ait Sdrat Shel Charqia,Ouarzazate,Drâa-Tafilalet,1,Skoura Ahl El Oust,0.4,Ait Sedrate Sahl Charkia,0.87,Tinghir,85.87770382695507,False,
677,Ait Sdrat Ghrbia,Ouarzazate,Drâa-Tafilalet,1,Ait Oumdis,0.385,Ait Sedrate Sahl El Gharbia,0.744,Tinghir,85.89850249584026,False,
678,Ait Sadrat J oulioa,Tinghir,Drâa-Tafilalet,1,Ait Sedrate Jbel El Oulia,0.773,Ait Sedrate Jbel El Oulia,0.773,Tinghir,85.91930116472545,False,
679,M'Sasa,Taounate,Fès-Meknès,1,Messassa,0.714,M'Saada,0.769,Sidi Slimane,85.94009983361065,False,
680,M'Hirija,Guercif,Oriental,1,Lamrija,0.667,Merija,0.714,Jerada,85.96089850249584,False,
681,M'Hannech,Tétouan,Tanger-Tétouan-Al Hoceïma,1,Mallalienne,0.5,M'Hajer,0.625,Driouch,85.98169717138103,False,
682,M bekay,Sefrou,Fès-Meknès,1,Imouzzer Kandar,0.364,M'Haya,0.615,Moulay Yacoub,86.00249584026622,False,
683,M Bakay,Sefrou,Fès-Meknès,1,Matmata,0.429,M'Haya,0.615,Moulay Yacoub,86.02329450915141,False,
684,Machouar,Tinghir,Drâa-Tafilalet,1,Assoul,0.429,Mançoura,0.75,Taounate,86.0440931780366,False,
685,Machouar,Al Haouz,Marrakech-Safi,1,Aghouatim,0.588,Mançoura,0.75,Taounate,86.0648918469218,False,
686,Maayach,Tinghir,Drâa-Tafilalet,1,Imilchil,0.4,Ayacha,0.769,Larache,86.08569051580699,False,
687,M/bouchta,Taounate,Fès-Meknès,1,Bni Bouchibet,0.636,Moulay Bouchta,0.783,Moulay Yacoub,86.10648918469218,False,
688,"M,Bouchta M,Bouchta",Taounate,Fès-Meknès,1,Bouhouda,0.519,Bouabout,0.593,Chichaoua,86.12728785357737,False,
689,"M, Bakay",Sefrou,Fès-Meknès,1,Matmata,0.4,M'Haya,0.571,Moulay Yacoub,86.14808652246256,False,
690,M'sasa,Taounate,Fès-Meknès,1,Messassa,0.714,M'Saada,0.769,Sidi Slimane,86.16888519134775,False,
691,Ait gmat,Tinghir,Drâa-Tafilalet,1,Aït Hani,0.625,Ait Mait,0.875,Driouch,86.18968386023295,False,
692,Ait boyoussef,Tinghir,Drâa-Tafilalet,1,Ait Ouassif,0.75,Ait Haddou Youssef,0.774,Taroudant,86.21048252911814,False,
693,Ait amar ouissa,Tinghir,Drâa-Tafilalet,1,Ait Ouassif,0.615,Aït Kamra,0.583,Al Hoceïma,86.23128119800333,False,
694,Ait ali imider,Tinghir,Drâa-Tafilalet,1,Imider,0.6,Ait Amira,0.696,Inezgane-Aït Melloul,86.25207986688852,False,
695,Massira 2,Béni Mellal,Béni Mellal-Khénifra,1,Kasba Tadla,0.4,Massa,0.714,Tiznit,86.27287853577371,False,
696,Massira,Taza,Fès-Meknès,1,Msila,0.667,Massa,0.833,Tiznit,86.2936772046589,False,
697,Massira,Ouezzane,Tanger-Tétouan-Al Hoceïma,1,Masmouda,0.533,Massa,0.833,Tiznit,86.3144758735441,False,
698,Marjane,Boulemane,Fès-Meknès,1,Boulemane,0.5,Zemrane,0.714,El Kelâa des Sraghna,86.33527454242929,False,
699,Marenniene,Fès,Fès-Meknès,1,Louadaine,0.421,Bni Marghnine,0.609,Driouch,86.35607321131448,False,
700,Mallaha centre,Settat,Casablanca-Settat,1,Machraa Ben Abbou,0.452,Mallalienne,0.64,Tétouan,86.37687188019967,False,
701,Mallaha,Settat,Casablanca-Settat,1,Lahouaza,0.533,Tamallalt,0.625,El Kelâa des Sraghna,86.39767054908486,False,
702,Malhart,Settat,Casablanca-Settat,1,Mniaa,0.5,Al Hamra,0.667,Chefchaouen,86.41846921797006,False,
703,Maksouline,Al Hoceïma,Tanger-Tétouan-Al Hoceïma,1,Tifarouine,0.6,Bni Gmil Maksouline,0.69,Taounate,86.43926788685525,False,
704,Maimouna,Kénitra,Rabat-Salé-Kénitra,1,Ait Malek,0.235,Médiouna,0.75,Nouaceur,86.46006655574043,False,
705,Mahrek Melak,Settat,Casablanca-Settat,1,Ain Blal,0.4,Machraa El Ain,0.615,Taroudant,86.48086522462562,False,
706,Mellaha,Settat,Casablanca-Settat,1,Lahouaza,0.533,Melaab,0.769,Errachidia,86.50166389351081,False,
707,Meghrawa,Taza,Fès-Meknès,1,Maghraoua,0.706,Maghraoua,0.706,Taza,86.522462562396,False,
708,Meghater,Larache,Tanger-Tétouan-Al Hoceïma,1,Sidi Mohamed Lahmar,0.37,Ghmate,0.714,Al Haouz,86.54326123128119,False,
709,Medina,Essaouira,Marrakech-Safi,1,Tafedna,0.615,Médiouna,0.857,Nouaceur,86.56405990016638,False,
710,Mdiq Fnideq,M'diq-Fnideq,Tanger-Tétouan-Al Hoceïma,1,Fnideq,0.706,Fnideq,0.706,M'diq-Fnideq,86.58485856905158,False,
711,Mbarek lbkay,Sefrou,Fès-Meknès,1,Dar El Hamra,0.417,Majmaa Tolba,0.25,Khemisset,86.60565723793677,False,
712,Mbarek bakay,Sefrou,Fès-Meknès,1,Mtarnagha,0.476,Al Barkanyene,0.48,Berkane,86.62645590682196,False,
713,Mbarek El Bakay,Sefrou,Fès-Meknès,1,Dar El Hamra,0.593,Dar El Hamra,0.593,Sefrou,86.64725457570715,False,
714,Massira I,Taza,Fès-Meknès,1,Msila,0.571,Massa,0.714,Tiznit,86.66805324459234,False,
715,Massira 2,Taza,Fès-Meknès,1,Msila,0.571,Massa,0.714,Tiznit,86.68885191347754,False,
716,Merna,Tinghir,Drâa-Tafilalet,1,Imider,0.545,Merija,0.727,Jerada,86.70965058236273,False,
717,Menzel,Sefrou,Fès-Meknès,1,El Menzel,0.8,El Menzel,0.8,Sefrou,86.73044925124792,False,
718,Menara,Tiznit,Souss-Massa,1,Massa,0.545,Mnasra,0.833,Kénitra,86.75124792013311,False,
719,Menara,Taounate,Fès-Meknès,1,Mezraoua,0.571,Mnasra,0.833,Kénitra,86.7720465890183,False,
720,Menara,Fquih Ben Salah,Béni Mellal-Khénifra,1,Hel Merbaa,0.5,Mnasra,0.833,Kénitra,86.7928452579035,False,
721,Menara,El Kelâa des Sraghna,Marrakech-Safi,1,Lamharra,0.571,Mnasra,0.833,Kénitra,86.81364392678869,False,
722,Menara,Boulemane,Fès-Meknès,1,Ermila,0.333,Mnasra,0.833,Kénitra,86.83444259567388,False,
723,Menara,Azilal,Béni Mellal-Khénifra,1,Demnate,0.462,Mnasra,0.833,Kénitra,86.85524126455907,False,
724,Mellala,Settat,Casablanca-Settat,1,Mniaa,0.5,Mellila,0.857,Benslimane,86.87603993344426,False,
725,Mellaha,Tétouan,Tanger-Tétouan-Al Hoceïma,1,Mallalienne,0.444,Melaab,0.769,Errachidia,86.89683860232945,False,
726,Mtiwa,Chefchaouen,Tanger-Tétouan-Al Hoceïma,1,Amtar,0.6,Smià,0.667,Taza,86.91763727121464,False,
727,Mrabih,Sidi Kacem,Rabat-Salé-Kénitra,1,Bab Tiouka,0.375,Lamrabih,0.857,Ouezzane,86.93843594009984,False,
728,Moulay Bouchebla,Taounate,Fès-Meknès,1,Moulay Ahmed Cherif,0.571,Moulay Bouchta,0.867,Moulay Yacoub,86.95923460898503,False,
729,Mouklata,Tétouan,Tanger-Tétouan-Al Hoceïma,1,Oued Laou,0.471,Oulad Mtaa,0.667,Al Haouz,86.98003327787022,False,
730,Moujahidin,Ouezzane,Tanger-Tétouan-Al Hoceïma,1,Bou Jedyane,0.476,Mouarid,0.706,Chichaoua,87.00083194675541,False,
731,Mly El Hassane,Tétouan,Tanger-Tétouan-Al Hoceïma,1,Mallalienne,0.4,Fam El Hisn,0.64,Assa-Zag,87.0216306156406,False,
732,Mhamid 1 N°31,Al Haouz,Marrakech-Safi,1,Oukaimeden,0.273,M'Hamid El Ghizlane,0.581,Zagora,87.0424292845258,False,
733,Mghassyne,Meknès,Fès-Meknès,1,Mrhassiyine,0.8,Mrhassiyine,0.8,Meknès,87.06322795341099,False,
734,Mezdglia jorf,Sefrou,Fès-Meknès,1,El Menzel,0.364,Mezguita,0.571,Ouarzazate,87.08402662229618,False,
735,Mestitef,Sidi Kacem,Rabat-Salé-Kénitra,1,Selfat,0.286,Mesti,0.769,Sidi Ifni,87.10482529118137,False,
736,Mesnana,Guercif,Oriental,1,Saka,0.545,Meskala,0.714,Essaouira,87.12562396006656,False,
737,My abdellah cherif,Ouezzane,Tanger-Tétouan-Al Hoceïma,1,Moulay Abdelkader,0.629,Moulay Abdellah Amghar,0.7,El Jadida,87.14642262895175,False,
738,My El Hassan,Tétouan,Tanger-Tétouan-Al Hoceïma,1,Bni Arouss,0.364,Fam El Hisn,0.696,Assa-Zag,87.16722129783693,False,
739,My Driss,Meknès,Fès-Meknès,1,Moulay Idriss Zarhoun,0.552,M'Diq,0.615,M'diq-Fnideq,87.18801996672212,False,
740,My Dris,Meknès,Fès-Meknès,1,Moulay Idriss Zarhoun,0.5,M'Diq,0.667,M'diq-Fnideq,87.20881863560732,False,
741,My Bouaazza,Khénifra,Béni Mellal-Khénifra,1,Ouaoumana,0.5,Moulay Bouazza,0.8,Khemisset,87.2296173044925,False,
742,My BRAHIM,Al Haouz,Marrakech-Safi,1,Moulay Brahim,0.818,Moulay Brahim,0.818,Al Haouz,87.2504159733777,False,
743,My Abdlkrim,Taounate,Fès-Meknès,1,Moulay Ahmed Cherif,0.467,Moulay Abdelkrim,0.815,Moulay Yacoub,87.27121464226289,False,
744,My Abdellah Chrif,Ouezzane,Tanger-Tétouan-Al Hoceïma,1,Moulay Abdelkader,0.588,Moulay Abdellah Amghar,0.718,El Jadida,87.29201331114808,False,
745,My Abdelkrim,Taounate,Fès-Meknès,1,Moulay Ahmed Cherif,0.516,Moulay Abdelkrim,0.857,Moulay Yacoub,87.31281198003327,False,
746,My Abdelkarim,Taounate,Fès-Meknès,1,Moulay Ahmed Cherif,0.5,Moulay Abdelkrim,0.828,Moulay Yacoub,87.33361064891847,False,
747,My Abdelkader,Sidi Kacem,Rabat-Salé-Kénitra,1,Sidi Kacem,0.348,Moulay Abdelkader,0.867,Ouezzane,87.35440931780366,False,
748,My AHMED CHRIF,Al Hoceïma,Tanger-Tétouan-Al Hoceïma,1,Bni Hadifa,0.417,Moulay Ahmed Cherif,0.848,Taounate,87.37520798668885,False,
749,"N°80,Lot Almostakbal,Bloc3",Inezgane-Aït Melloul,Souss-Massa,1,Ait Melloul,0.167,Talmakante,0.4,Taroudant,87.39600665557404,False,
750,"N°39,Akniss",Taroudant,Souss-Massa,1,Lakhnafif,0.421,Lakhsas,0.471,Tiznit,87.41680532445923,False,
751,"N°20, Rue 958,Hay Salam",Agadir-Ida Ou Tanane,Souss-Massa,1,Ait Aissi Ihahane,0.256,Oulad Slama,0.424,Kénitra,87.43760399334442,False,
752,N°114 H Biranzarane,Taroudant,Souss-Massa,1,Tinzart,0.4,Bir Anzarane,0.733,Oued Ed-Dahab,87.45840266222962,False,
753,Kcebia,Sidi Slimane,Rabat-Salé-Kénitra,1,Kceibya,0.769,Kceibya,0.769,Sidi Slimane,87.47920133111481,False,
754,"N 222,Hay Alfalah",Chtouka-Aït Baha,Souss-Massa,1,Ait Abdellah,0.483,Ait Harz Allah,0.581,El Hajeb,87.5,False,
755,Médina,Safi,Marrakech-Safi,1,Loualidia,0.4,Médiouna,0.857,Nouaceur,87.52079866888519,False,
756,Médina,Meknès,Fès-Meknès,1,Oued Jdida,0.5,Médiouna,0.857,Nouaceur,87.54159733777038,False,
757,***,Taourirt,Oriental,1,Taourirt,0.0,Zrizer,0.0,Taounate,87.56239600665558,False,
758,Mzlat,Tiznit,Souss-Massa,1,Massa,0.4,Mzilate,0.833,Chichaoua,87.58319467554077,False,
759,Mzioukat Chiadma,Essaouira,Marrakech-Safi,1,Zaouiat Ben Hmida,0.545,Zaouiat Cheikh,0.6,Khénifra,87.60399334442596,False,
760,A S jbel sofla,Tinghir,Drâa-Tafilalet,1,Ait Sedrate Jbel El Soufla,0.7,Ait Sedrate Jbel El Soufla,0.7,Tinghir,87.62479201331115,False,
761,My youssef,Meknès,Fès-Meknès,1,Ouislane,0.444,Ouled Youssef,0.696,Fquih Ben Salah,87.64559068219634,False,
762,z elbir,Tinghir,Drâa-Tafilalet,1,M'Semrir,0.533,Ksar el-Kebir,0.6,Larache,87.66638935108153,False,
763,My driss,Meknès,Fès-Meknès,1,Moulay Idriss Zarhoun,0.552,M'Diq,0.615,M'diq-Fnideq,87.68718801996673,False,
764,Od Rahou Benaissa,Nador,Oriental,1,Beni Ansar,0.444,Sidi Ahmed Benaissa,0.722,Ouezzane,87.70798668885192,False,
765,Od Noual,Sidi Kacem,Rabat-Salé-Kénitra,1,Oulad Nouel,0.737,Oulad Nouel,0.737,Sidi Kacem,87.72878535773711,False,
766,trik alwahda,Taza,Fès-Meknès,1,Tahla,0.471,Sti Fadma,0.476,Al Haouz,87.7495840266223,False,
767,Od Mbarek,Béni Mellal,Béni Mellal-Khénifra,1,Oulad M'Barek,0.818,Oulad M'Barek,0.818,Béni Mellal,87.7703826955075,False,
768,Od Malrk,Sidi Kacem,Rabat-Salé-Kénitra,1,Oulad Nouel,0.421,Oulad M'Barek,0.667,Béni Mellal,87.79118136439268,False,
769,Od Kasaba,Taounate,Fès-Meknès,1,Oudka,0.571,Ouled Aissa,0.6,Taroudant,87.81198003327788,False,
770,Od Illoul,Béni Mellal,Béni Mellal-Khénifra,1,Timoulilt,0.444,Oulad Imloul,0.762,El Kelâa des Sraghna,87.83277870216307,False,
771,Od Ghalem,Settat,Casablanca-Settat,1,Toualet,0.5,Ouled Ghanem,0.762,Sidi Bennour,87.85357737104825,False,
772,Od Brhil,Taroudant,Souss-Massa,1,Oulad Berhil,0.8,Oulad Berhil,0.8,Taroudant,87.87437603993344,False,
773,Od Bouchour,Settat,Casablanca-Settat,1,Oulad Abbou,0.545,Bouhlou,0.667,Taza,87.89517470881863,False,
774,Od Belhcen,Larache,Tanger-Tétouan-Al Hoceïma,1,Moulay Bousselham,0.444,Ain Lahcen,0.6,Tétouan,87.91597337770382,False,
775,Od Belahcen,Larache,Tanger-Tétouan-Al Hoceïma,1,Souaken,0.444,Ain Lahcen,0.667,Tétouan,87.93677204658901,False,
776,tlat louta,Nador,Oriental,1,Bni Sidel Louta,0.56,Tazouta,0.706,Sefrou,87.9575707154742,False,
777,"O, Daoud",Taounate,Fès-Meknès,1,Oulad Daoud,0.737,Oulad Daoud,0.737,Taounate,87.9783693843594,False,
778,O S B,Al Haouz,Marrakech-Safi,1,Sidi Badhaj,0.375,Oulad Sbih,0.533,El Kelâa des Sraghna,87.99916805324459,False,
779,O Akalay,Taroudant,Souss-Massa,1,Oualqadi,0.5,Saadla,0.571,Safi,88.01996672212978,False,
780,tkhabecht,Driouch,Oriental,1,Tafersit,0.471,Tafetachte,0.632,Essaouira,88.04076539101497,False,
781,Ouadelabid,Azilal,Béni Mellal-Khénifra,1,Ouaoula,0.588,Bouadel,0.706,Taounate,88.06156405990016,False,
782,Ouad elabid,Azilal,Béni Mellal-Khénifra,1,Ouaoula,0.556,Oulad Saïd,0.762,Settat,88.08236272878536,False,
783,Ouad Almakhazine,Kénitra,Rabat-Salé-Kénitra,1,Oulad Slama,0.593,Oued El Makhazine,0.848,Ouezzane,88.10316139767055,False,
784,Ouaadia,Al Hoceïma,Tanger-Tétouan-Al Hoceïma,1,Rouadi,0.769,Oualqadi,0.8,Taroudant,88.12396006655574,False,
785,tizitounte,Chichaoua,Marrakech-Safi,1,Ain Tazitounte,0.75,Tiztoutine,0.8,Driouch,88.14475873544093,False,
786,Old Bader,Ouezzane,Tanger-Tétouan-Al Hoceïma,1,Moulay Abdelkader,0.538,Oulad Berhil,0.667,Taroudant,88.16555740432612,False,
787,Old Ayad,Béni Mellal,Béni Mellal-Khénifra,1,Ouled Yaïch,0.632,Oulad Ayad,0.889,Fquih Ben Salah,88.18635607321131,False,
788,tisli,Tinghir,Drâa-Tafilalet,1,Tilmi,0.8,Tisqi,0.8,Azilal,88.2071547420965,False,
789,"A, Mediona A ,Medoina",Taounate,Fès-Meknès,1,Ain Mediouna,0.545,Ain Mediouna,0.545,Taounate,88.2279534109817,False,
790,A s s charkia,Tinghir,Drâa-Tafilalet,1,Ait Sedrate Sahl Charkia,0.703,Ait Sedrate Sahl Charkia,0.703,Tinghir,88.24875207986689,False,
791,A s jbel,Tinghir,Drâa-Tafilalet,1,Ait Sedrate Jbel El Oulia,0.485,Bni Sidel Jbel,0.636,Nador,88.26955074875208,False,
792,Od Teima,Taroudant,Souss-Massa,1,Oulad Berhil,0.5,Ouled Teima,0.842,Inezgane-Aït Melloul,88.29034941763727,False,
793,zayo,Nador,Oriental,1,Zaïo,0.75,Zaïo,0.75,Nador,88.31114808652246,False,
794,B K,Sidi Kacem,Rabat-Salé-Kénitra,1,Bab Tiouka,0.462,N'Kob,0.5,Tinghir,88.33194675540766,False,
795,Od Sghair,Settat,Casablanca-Settat,1,Oulad Sghir,0.8,Oulad Sghir,0.8,Settat,88.35274542429285,False,
796,B Bouyafrou,Nador,Oriental,1,Bni Bouifrou,0.783,Bni Bouifrou,0.783,Nador,88.37354409317804,False,
797,Oulad Jerrar,Tiznit,Souss-Massa,1,Ait Erkha,0.476,Oulad Zarrad,0.75,El Kelâa des Sraghna,88.39434276206323,False,
798,Azou,Tinghir,Drâa-Tafilalet,1,Assoul,0.6,Azrou,0.889,Ifrane,88.41514143094842,False,
799,Oulaayoune,Essaouira,Marrakech-Safi,1,Moulay Bouzarqtoune,0.621,Laâyoune,0.889,Laâyoune,88.43594009983362,False,
800,Azlaf,Nador,Oriental,1,Al Aroui,0.462,Azla,0.889,Tétouan,88.45673876871881,False,
801,Ouidane,El Kelâa des Sraghna,Marrakech-Safi,1,Taouzint,0.533,Al Ouidane,0.824,Marrakech,88.477537437604,False,
802,Aychtoume,Taounate,Fès-Meknès,1,Taounate,0.471,Chtouka,0.625,El Jadida,88.49833610648919,False,
803,Oughroud,Tinghir,Drâa-Tafilalet,1,Bou Azmou,0.471,Bouhouda,0.75,Taounate,88.51913477537438,False,
804,Oued laabid,Azilal,Béni Mellal-Khénifra,1,Agoudi N'Lkhair,0.538,Oued Naam,0.7,Errachidia,88.53993344425957,False,
805,Oued kassaba,Taounate,Fès-Meknès,1,Oued Jemaa,0.636,Ouled Aissa,0.783,Taroudant,88.56073211314475,False,
806,Oued kasaba,Taounate,Fès-Meknès,1,Oued Jemaa,0.667,Ouled Aissa,0.727,Taroudant,88.58153078202994,False,
807,,Rehamna,Marrakech-Safi,1,Tamda,0.0,,0.0,,88.60232945091514,False,
808,,Meknès,Fès-Meknès,1,Toulal,0.0,,0.0,,88.62312811980033,False,
809,Oued Lahmer,Taza,Fès-Meknès,1,Oued Amlil,0.571,Oued Lakhdar,0.783,El Kelâa des Sraghna,88.64392678868552,False,
810,,Khénifra,Béni Mellal-Khénifra,1,Zaouiat Cheikh,0.0,,0.0,,88.66472545757071,False,
811,Ouald Rahou,Guercif,Oriental,1,Houara Oulad Raho,0.714,Oulad Dahou,0.818,Inezgane-Aït Melloul,88.6855241264559,False,
812,Oum Rabii,Meknès,Fès-Meknès,1,Oualili,0.625,Oum Rabia,0.889,Khénifra,88.7063227953411,False,
813,Oulkadi,Al Haouz,Marrakech-Safi,1,Ourika,0.615,Oualqadi,0.8,Taroudant,88.72712146422629,False,
814,Ouled jameâ,Moulay Yacoub,Fès-Meknès,1,Oulad Mimoun,0.522,Oulad Amer,0.762,El Kelâa des Sraghna,88.74792013311148,False,
815,Ouled aarfa,Taroudant,Souss-Massa,1,Ouled Aissa,0.727,Oulad Aarrad,0.783,El Kelâa des Sraghna,88.76871880199667,False,
816,,Guercif,Oriental,1,Tissaf,0.0,,0.0,,88.78951747088186,False,
817,Ouled Jirar,Tiznit,Souss-Massa,1,Ouijjane,0.316,Oued Jdida,0.762,Meknès,88.81031613976705,False,
818,Ouled Jarrar,Tiznit,Souss-Massa,1,Ouijjane,0.4,Oulad Zarrad,0.75,El Kelâa des Sraghna,88.83111480865225,False,
819,Ouled Hammou,Fquih Ben Salah,Béni Mellal-Khénifra,1,Ouled Bourahmoune,0.69,Oued Laou,0.762,Tétouan,88.85191347753744,False,
820,,Fès,Fès-Meknès,1,Sidi Hrazem,0.0,,0.0,,88.87271214642263,False,
821,,El Kelâa des Sraghna,Marrakech-Safi,1,Znada,0.0,,0.0,,88.89351081530782,False,
822,Oulad-Taher,Taounate,Fès-Meknès,1,Oulad Daoud,0.636,Oulad Amer,0.857,El Kelâa des Sraghna,88.91430948419301,False,
823,Aruit,Nador,Oriental,1,Al Aroui,0.615,Targuist,0.769,Al Hoceïma,88.9351081530782,False,
824,"Oulad-Kadour,",Taounate,Fès-Meknès,1,Oulad Daoud,0.75,Oulad Mkoudou,0.769,Sefrou,88.9559068219634,False,
825,Oulad-Boundar,Taounate,Fès-Meknès,1,Oulad Daoud,0.75,Oulad Moumna,0.8,Chichaoua,88.97670549084859,False,
826,Oulad allal,Meknès,Fès-Meknès,1,Ait Ouallal,0.636,Oulad Salah,0.818,Nouaceur,88.99750415973378,False,
827,Oulad Tahar,Taounate,Fès-Meknès,1,Oulad Daoud,0.636,Oulad Amghar,0.87,Al Hoceïma,89.01830282861897,False,
828,Ait Guirte,Azilal,Béni Mellal-Khénifra,1,Ait Taguella,0.636,Ait Ourir,0.737,Marrakech,89.03910149750416,False,
829,Ait Guirt,Azilal,Béni Mellal-Khénifra,1,Ait Ouaarda,0.6,Ait Ourir,0.778,Marrakech,89.05990016638935,False,
830,Aolos,Taroudant,Souss-Massa,1,Aoulouz,0.667,Aoulouz,0.667,Taroudant,89.08069883527455,False,
831,Ait Abou,Khemisset,Rabat-Salé-Kénitra,1,Ait Ikkou,0.706,Ait Daoud,0.824,Essaouira,89.10149750415974,False,
832,Ainjamaa,Meknès,Fès-Meknès,1,Aïn Orma,0.625,Ain Jemaa,0.824,Sidi Kacem,89.12229617304493,False,
833,Ainchgag,Sefrou,Fès-Meknès,1,Ain Timguenai,0.476,Ain Cheggag,0.842,Fès,89.14309484193012,False,
834,AinDoreij,Ouezzane,Tanger-Tétouan-Al Hoceïma,1,Ain Dfali,0.556,Adrej,0.714,Boulemane,89.16389351081531,False,
835,Anamer,Taroudant,Souss-Massa,1,Argana,0.5,Ameur,0.727,Salé,89.1846921797005,False,
836,Pres de lecole 6 novombre,Fès,Fès-Meknès,1,Sidi Hrazem,0.167,Ras El Oued,0.222,Taounate,89.2054908485857,False,
837,Amsernat,Agadir-Ida Ou Tanane,Souss-Massa,1,Tamri,0.462,Ternata,0.667,Zagora,89.22628951747089,False,
838,Ousikiss,Tinghir,Drâa-Tafilalet,1,Ouaklim,0.4,Boukhrisse,0.667,Béni Mellal,89.24708818635607,False,
839,Ouriaa,Béni Mellal,Béni Mellal-Khénifra,1,Naour,0.545,Ourika,0.833,Al Haouz,89.26788685524126,False,
840,Ourbâa,Béni Mellal,Béni Mellal-Khénifra,1,Naour,0.545,Ourdana,0.769,Driouch,89.28868552412645,False,
841,"B,bouayach",Al Hoceïma,Tanger-Tétouan-Al Hoceïma,1,Bni Bouayach,0.818,Bni Bouayach,0.818,Al Hoceïma,89.30948419301164,False,
842,"B,Maraghnine",Driouch,Oriental,1,Bni Marghnine,0.8,Bni Marghnine,0.8,Driouch,89.33028286189683,False,
843,Oum Rbie,Meknès,Fès-Meknès,1,Ouislane,0.5,Oum Rabia,0.824,Khénifra,89.35108153078203,False,
844,Ras Aghil,Meknès,Fès-Meknès,1,Ras Ijerri,0.526,Ras Al Ain,0.632,Settat,89.37188019966722,False,
845,"R,Kheir",Sefrou,Fès-Meknès,1,Kandar Sidi Khiar,0.417,Khenifra,0.667,Khénifra,89.39267886855241,False,
846,"B,M",Béni Mellal,Béni Mellal-Khénifra,1,Beni Mellal,0.286,Boumia,0.444,Midelt,89.4134775374376,False,
847,R kheir,Sefrou,Fès-Meknès,1,Kandar Sidi Khiar,0.5,Mers El Kheir,0.7,Skhirate-Témara,89.43427620632279,False,
848,Quolla,Larache,Tanger-Tétouan-Al Hoceïma,1,Souk Tolba,0.5,Bni Quolla,0.75,Ouezzane,89.45507487520798,False,
849,Quartier Benkirane,Béni Mellal,Béni Mellal-Khénifra,1,Bni Zrantel,0.414,Hassi Berkane,0.581,Nador,89.47587354409318,False,
850,B' sabsa,Taounate,Fès-Meknès,1,El Bsabsa,0.75,El Bsabsa,0.75,Taounate,89.49667221297837,False,
851,B Sidel,Nador,Oriental,1,Bni Sidel Jbel,0.667,Jbiel,0.667,El Kelâa des Sraghna,89.51747088186356,False,
852,QUARTIER NAJMA RUE Espagne,Tanger-Assilah,Tanger-Tétouan-Al Hoceïma,1,Al Bahraoyine,0.256,Ait Naamane,0.486,El Hajeb,89.53826955074875,False,
853,Q-Industriel,Agadir-Ida Ou Tanane,Souss-Massa,1,Aqesri,0.444,Tindine,0.526,Taroudant,89.55906821963394,False,
854,Ait Rouadi,Béni Mellal,Béni Mellal-Khénifra,1,Ait Ouqabli,0.762,Ait Ouadrim,0.857,Chtouka-Aït Baha,89.57986688851913,False,
855,Ait Moussa Fadma,Ouarzazate,Drâa-Tafilalet,1,Ait Oumdis,0.538,Ait Ouaarda,0.741,Azilal,89.60066555740433,False,
856,Ait Moumen,Taza,Fès-Meknès,1,Bab Marzouka,0.455,Ait Mimoune,0.762,Khemisset,89.62146422628952,False,
857,Ait Iaala,Tinghir,Drâa-Tafilalet,1,Aït Elfarsi,0.5,Ait Iaaza,0.889,Taroudant,89.64226289517471,False,
858,B.Bouchibat,Al Hoceïma,Tanger-Tétouan-Al Hoceïma,1,Boudinar,0.526,Bni Bouchibet,0.75,Taounate,89.6630615640599,False,
859,B.Bouayach II,Al Hoceïma,Tanger-Tétouan-Al Hoceïma,1,Bni Bouayach,0.72,Bni Bouayach,0.72,Al Hoceïma,89.6838602329451,False,
860,Rue 309 Hay Moulay Rachid,Taroudant,Souss-Massa,1,Oulad Berhil,0.432,Moulay Brahim,0.579,Al Haouz,89.70465890183029,False,
861,B.Bchir,Al Hoceïma,Tanger-Tétouan-Al Hoceïma,1,Chakran,0.429,Beni Bechir,0.667,Taounate,89.72545757071548,False,
862,B. ensar,Nador,Oriental,1,Beni Ansar,0.667,Bir Ennasr,0.667,Benslimane,89.74625623960067,False,
863,B. Bounsar,Al Hoceïma,Tanger-Tétouan-Al Hoceïma,1,Boudinar,0.667,Bni Bounsar,0.857,Taounate,89.76705490848586,False,
864,Ribat El kheir,Sefrou,Fès-Meknès,1,Dar El Hamra,0.538,Mers El Kheir,0.741,Skhirate-Témara,89.78785357737105,False,
865,Ribat El Kheir,Sefrou,Fès-Meknès,1,Dar El Hamra,0.538,Mers El Kheir,0.741,Skhirate-Témara,89.80865224625624,False,
866,Riad Kostani,Meknès,Fès-Meknès,1,Dar Oum Soltane,0.519,Had Kourt,0.571,Ouezzane,89.82945091514144,False,
867,"B,enssar",Nador,Oriental,1,Beni Ansar,0.667,Beni Ansar,0.667,Nador,89.85024958402663,False,
868,Retba,Taounate,Fès-Meknès,1,Ratba,0.8,Ratba,0.8,Taounate,89.87104825291182,False,
869,Remla,Larache,Tanger-Tétouan-Al Hoceïma,1,Khemis Sahel,0.353,Ermila,0.727,Boulemane,89.89184692179701,False,
870,Rbat El khier,Sefrou,Fès-Meknès,1,Dar El Hamra,0.56,Rbaa El Fouki,0.692,Taza,89.9126455906822,False,
871,"B,chiker",Nador,Oriental,1,Beni Chiker,0.737,Beni Chiker,0.737,Nador,89.93344425956738,False,
872,Attaouia Chaaibia,El Kelâa des Sraghna,Marrakech-Safi,1,Laattaouia Ech-Chaybia,0.769,Laattaouia Ech-Chaybia,0.769,El Kelâa des Sraghna,89.95424292845257,False,
873,Ras brouj,Settat,Casablanca-Settat,1,Machraa Ben Abbou,0.462,Ras Tabouda,0.7,Sefrou,89.97504159733776,False,
874,Assifane,Chefchaouen,Tanger-Tétouan-Al Hoceïma,1,Tassift,0.667,Ifrane,0.714,Ifrane,89.99584026622296,False,
875,Ras Aghil,Sidi Kacem,Rabat-Salé-Kénitra,1,Taoughilt,0.556,Ras Al Ain,0.632,Settat,90.01663893510815,False,
876,S.A.S,Essaouira,Marrakech-Safi,1,Meskala,0.333,Sfassif,0.5,Khemisset,90.03743760399334,False,
877,S.A.Elhadi,Sidi Kacem,Rabat-Salé-Kénitra,1,Selfat,0.5,Sahel Chamali,0.609,Larache,90.05823627287853,False,
878,As s Gharbia,Tinghir,Drâa-Tafilalet,1,Ait Sedrate Sahl El Gharbia,0.564,Had Al Gharbia,0.769,Tanger-Assilah,90.07903494176372,False,
879,As jbel oulia,Tinghir,Drâa-Tafilalet,1,Ferkla El Oulia,0.714,Ferkla El Oulia,0.714,Tinghir,90.09983361064891,False,
880,B.bounsar,Al Hoceïma,Tanger-Tétouan-Al Hoceïma,1,Boudinar,0.706,Bni Bounsar,0.8,Taounate,90.1206322795341,False,
881,"S,Abder",Taounate,Fès-Meknès,1,Jbabra,0.462,Sidi Jaber,0.588,Béni Mellal,90.1414309484193,False,
882,"S,A,Ouhamed",Essaouira,Marrakech-Safi,1,Sidi H'Mad Ou Hamed,0.6,Bouhmame,0.632,Sidi Bennour,90.16222961730449,False,
883,"S,A,Chrif",Sidi Kacem,Rabat-Salé-Kénitra,1,Taoughilt,0.333,Oulad Chrif,0.6,Taza,90.18302828618968,False,
884,"S,A,Benaissa",Sidi Kacem,Rabat-Salé-Kénitra,1,Mkansa,0.444,Sidi Ahmed Benaissa,0.645,Ouezzane,90.20382695507487,False,
885,B.bouayach I,Al Hoceïma,Tanger-Tétouan-Al Hoceïma,1,Bni Bouayach,0.75,Bni Bouayach,0.75,Al Hoceïma,90.22462562396007,False,
886,S Y B A,Al Haouz,Marrakech-Safi,1,Sidi Badhaj,0.444,Sidi M'Bark,0.556,Sidi Ifni,90.24542429284526,False,
887,S H O hamdtidzi,Essaouira,Marrakech-Safi,1,Sidi H'Mad Ou Hamed,0.588,Sidi H'Mad Ou Hamed,0.588,Essaouira,90.26622296173045,False,
888,B.S jbel,Nador,Oriental,1,Bni Sidel Jbel,0.636,Bni Sidel Jbel,0.636,Nador,90.28702163061564,False,
889,S A El Hadi,Sidi Kacem,Rabat-Salé-Kénitra,1,Selfat,0.471,Sidi Ahmed El Khadir,0.71,El Kelâa des Sraghna,90.30782029950083,False,
890,S / K,Sidi Kacem,Rabat-Salé-Kénitra,1,Sidi Kacem,0.462,Saka,0.571,Guercif,90.32861896838602,False,
891,"Rue 516,Masdoura Inzgane",Inezgane-Aït Melloul,Souss-Massa,1,Inezgane,0.438,El Mansouria,0.5,Mohammedia,90.34941763727122,False,
892,Aglou,Agadir-Ida Ou Tanane,Souss-Massa,1,Taghazout,0.571,Aghbalou,0.769,Khénifra,90.37021630615641,False,
893,Aghwatime,Al Haouz,Marrakech-Safi,1,Aghouatim,0.778,Aghouatim,0.778,Al Haouz,90.3910149750416,False,
894,Aghbalo K,Sefrou,Fès-Meknès,1,Aghbalou Aqorar,0.667,Aghbalou,0.824,Khénifra,90.41181364392679,False,
895,B.S Jbel,Nador,Oriental,1,Bni Sidel Jbel,0.636,Bni Sidel Jbel,0.636,Nador,90.43261231281198,False,
896,B.M,Béni Mellal,Béni Mellal-Khénifra,1,Beni Mellal,0.286,Boumia,0.444,Midelt,90.45341098169717,False,
897,SI sidi yahya,Sidi Slimane,Rabat-Salé-Kénitra,1,Sidi Al Kamel,0.538,Khemis Sidi Yahya,0.8,Khemisset,90.47420965058237,False,
898,S;Mokhfi,Taounate,Fès-Meknès,1,Sidi El Mokhfi,0.636,Sidi El Mokhfi,0.636,Taounate,90.49500831946756,False,
899,B.Louta,Nador,Oriental,1,Bouarg,0.615,Louta,0.833,Al Hoceïma,90.51580698835275,False,
900,S/Abdelah Cherif,Ouezzane,Tanger-Tétouan-Al Hoceïma,1,Sidi Ahmed Cherif,0.667,Sidi Ahmed Cherif,0.667,Ouezzane,90.53660565723794,False,
901,S.Sebt,Béni Mellal,Béni Mellal-Khénifra,1,Semguet,0.462,Assebbab,0.571,Guercif,90.55740432612313,False,
902,B.Gmil Maksouline,Al Hoceïma,Tanger-Tétouan-Al Hoceïma,1,Tifarouine,0.519,Bni Gmil Maksouline,0.889,Taounate,90.57820299500833,False,
903,Nkheila,Settat,Casablanca-Settat,1,Mniaa,0.5,N'khila,0.857,Khouribga,90.59900166389352,False,
904,B.Ensar,Nador,Oriental,1,Beni Ansar,0.706,Beni Ansar,0.706,Nador,90.61980033277871,False,
905,S.H.M'd,Taounate,Fès-Meknès,1,Ras El Oued,0.333,M'Diq,0.5,M'diq-Fnideq,90.64059900166389,False,
906,S.H. M'ed,Taounate,Fès-Meknès,1,Sidi Haj M’hamed,0.5,Sidi Haj M’hamed,0.5,Taounate,90.66139767054908,False,
907,S.Abderhma,Taounate,Fès-Meknès,1,Jbabra,0.5,Sidi Abdelkrim,0.583,Berrechid,90.68219633943427,False,
908,B.Elain,Chefchaouen,Tanger-Tétouan-Al Hoceïma,1,Bni Selmane,0.556,Belfaa,0.615,Chtouka-Aït Baha,90.70299500831946,False,
909,Sanit Rmel,Tétouan,Tanger-Tétouan-Al Hoceïma,1,Sahtryine,0.421,Ait Ouribel,0.667,Khemisset,90.72379367720465,False,
910,Samsa,Tétouan,Tanger-Tétouan-Al Hoceïma,1,Saddina,0.5,Sgamna,0.727,Khouribga,90.74459234608985,False,
911,B.Bouyafroun,Nador,Oriental,1,Bni Bouifrou,0.667,Bouarouss,0.667,Taounate,90.76539101497504,False,
912,Sahrij,Azilal,Béni Mellal-Khénifra,1,Aït Majden,0.375,Assahrij,0.857,El Kelâa des Sraghna,90.78618968386023,False,
913,Baracca,Ouarzazate,Drâa-Tafilalet,1,Afra,0.545,Brachoua,0.667,Skhirate-Témara,90.80698835274542,False,
914,Sabati,Fès,Fès-Meknès,1,Louadaine,0.4,Rabat,0.727,Rabat,90.82778702163061,False,
915,Baraacca,Taza,Fès-Meknès,1,Jbarna,0.571,Brachoua,0.5,Skhirate-Témara,90.8485856905158,False,
916,Ain Taoujtat,El Hajeb,Fès-Meknès,1,Ait Boubidmane,0.462,Ain Taoujdate,0.88,Moulay Yacoub,90.869384359401,False,
917,Ain K ara,Moulay Yacoub,Fès-Meknès,1,Ain Taoujdate,0.545,Ain Kansra,0.842,Fès,90.89018302828619,False,
918,Ain Chifa,Sefrou,Fès-Meknès,1,Ain Timguenai,0.545,Ain Chkef,0.778,Fès,90.91098169717138,False,
919,Ain Chgaga,Sefrou,Fès-Meknès,1,Mtarnagha,0.526,Ain Cheggag,0.857,Fès,90.93178036605657,False,
920,Ai Boussalef,Taza,Fès-Meknès,1,Bouyablane,0.545,Ait Ouassif,0.696,Tinghir,90.95257903494176,False,
921,Aguidir,Chichaoua,Marrakech-Safi,1,Ait Hadi,0.533,Iguidi,0.769,Al Haouz,90.97337770382696,False,
922,Agouidir,Chichaoua,Marrakech-Safi,1,Ighoud,0.571,Agoudim,0.8,Midelt,90.99417637271215,False,
923,Bani sadden,Sefrou,Fès-Meknès,1,Aït Seghrouchen,0.462,Bni Said,0.737,Tétouan,91.01497504159734,False,
924,Bab wandar,Taounate,Fès-Meknès,1,Jbabra,0.5,Bab Taza,0.667,Chefchaouen,91.03577371048253,False,
925,Bab tété,Ouarzazate,Drâa-Tafilalet,1,Télouet,0.4,Bab Berred,0.667,Chefchaouen,91.05657237936772,True,
926,Bab ramla,Taza,Fès-Meknès,1,Bab Marzouka,0.571,Bab Taza,0.706,Chefchaouen,91.07737104825291,False,
927,Bab Mrouje,Taza,Fès-Meknès,1,Bab Marzouka,0.727,Bab Marzouka,0.727,Taza,91.0981697171381,False,
928,Sekour,Boulemane,Fès-Meknès,1,Missour,0.615,Nekkour,0.769,Al Hoceïma,91.1189683860233,False,
929,BEN Maraaz,Meknès,Fès-Meknès,1,Aïn Orma,0.444,El Marsa,0.667,Laâyoune,91.13976705490849,False,
930,Sebt lgardane,Taroudant,Souss-Massa,1,El Guerdane,0.667,El Guerdane,0.667,Taroudant,91.16056572379368,False,
931,Sebt Lagfifat,Taroudant,Souss-Massa,1,Lakhnafif,0.455,Lagfifat,0.762,Chtouka-Aït Baha,91.18136439267887,False,
932,Sebt Kdim,Tétouan,Tanger-Tétouan-Al Hoceïma,1,Bni Karrich,0.4,Souk Kdim,0.667,Fahs-Anjra,91.20216306156406,False,
933,Sebt Bni Guerfet,Larache,Tanger-Tétouan-Al Hoceïma,1,Bni Garfett,0.667,Bni Garfett,0.667,Larache,91.22296173044926,False,
934,Sebt,Taroudant,Souss-Massa,1,Sidi Borja,0.286,Settat,0.6,Settat,91.24376039933445,False,
935,B/jbel,Nador,Oriental,1,Bni Sidel Jbel,0.6,Jbiel,0.727,El Kelâa des Sraghna,91.26455906821964,False,
936,Sbt Lagfifat,Taroudant,Souss-Massa,1,Lakhnafif,0.476,Lagfifat,0.8,Chtouka-Aït Baha,91.28535773710483,False,
937,B.sidel jbal,Nador,Oriental,1,Bni Sidel Jbel,0.769,Bni Sidel Jbel,0.769,Nador,91.30615640599002,False,
938,Sas,Essaouira,Marrakech-Safi,1,Meskala,0.4,Sfassif,0.6,Khemisset,91.3269550748752,False,
939,Sarsar,Larache,Tanger-Tétouan-Al Hoceïma,1,Ksar Bjir,0.533,Smara,0.727,Es-Semara,91.34775374376039,False,
940,Sidi Yahya,Sidi Slimane,Rabat-Salé-Kénitra,1,Sidi Al Kamel,0.609,Sidi Yahya Zaer,0.8,Skhirate-Témara,91.36855241264558,False,
941,Sidi Yahia,Taounate,Fès-Meknès,1,Sidi El Mokhfi,0.583,Sidi Aissa,0.8,Safi,91.38935108153078,False,
942,Sidi Mbraek,Sidi Ifni,Guelmim-Oued Noun,1,Sidi M'Bark,0.818,Sidi M'Bark,0.818,Sidi Ifni,91.41014975041597,False,
943,Sidi Khyar,Sefrou,Fès-Meknès,1,Kandar Sidi Khiar,0.667,Sidi Amar,0.737,Khénifra,91.43094841930116,False,
944,Sidi Ghayat,Al Haouz,Marrakech-Safi,1,Sidi Badhaj,0.636,Sidi Aayad,0.762,Midelt,91.45174708818635,False,
945,Sidi Driss,El Kelâa des Sraghna,Marrakech-Safi,1,Sidi Moussa,0.667,Sidi Aissa,0.8,Safi,91.47254575707154,False,
946,Sidi Brahim,Fès,Fès-Meknès,1,Sidi Hrazem,0.727,Sidi Borja,0.762,Taroudant,91.49334442595674,False,
947,Sidi Amer Hadi,Sidi Kacem,Rabat-Salé-Kénitra,1,Sidi Kacem,0.583,Sidi Ameur Al Hadi,0.875,Ouezzane,91.51414309484193,False,
948,Sidi Amer,Meknès,Fès-Meknès,1,Nzala Bni Ammar,0.417,Sidi Amar,0.889,Khénifra,91.53494176372712,False,
949,Sidi Ahmed Zerrouk,Taza,Fès-Meknès,1,Bab Marzouka,0.4,Sidi Ahmed Cherif,0.743,Ouezzane,91.55574043261231,False,
950,Sidi Ahmed Tadli,Sefrou,Fès-Meknès,1,Sidi Youssef Ben Ahmed,0.526,Sidi Ahmed El Khadir,0.778,El Kelâa des Sraghna,91.5765391014975,False,
951,B.sidel,Nador,Oriental,1,Bni Sidel Jbel,0.571,Jbiel,0.667,El Kelâa des Sraghna,91.5973377703827,False,
952,Sidi Abdellah Rhamna,Settat,Casablanca-Settat,1,Sidi Abdelkhaleq,0.667,Sidi Abdallah Ghiat,0.769,Marrakech,91.61813643926789,False,
953,Alquods,Taza,Fès-Meknès,1,Galdamane,0.375,Aquermoud,0.625,Essaouira,91.63893510815308,False,
954,Alquds,Agadir-Ida Ou Tanane,Souss-Massa,1,Aqesri,0.5,Al Oued,0.615,Chefchaouen,91.65973377703827,False,
955,Alqods,Taza,Fès-Meknès,1,Galdamane,0.4,Al Oued,0.615,Chefchaouen,91.68053244592346,False,
956,Souk Lhad,Chefchaouen,Tanger-Tétouan-Al Hoceïma,1,Oued Malha,0.632,Souk Tolba,0.737,Larache,91.70133111480865,False,
957,Alhouda Bloc B N° 545,Agadir-Ida Ou Tanane,Souss-Massa,1,Ida Ou Kazzou,0.303,El Koudia El Beida,0.474,Taroudant,91.72212978369384,False,
958,Smd,Chichaoua,Marrakech-Safi,1,Saidate,0.4,Smià,0.571,Taza,91.74292845257904,False,
959,Albassatine,Meknès,Fès-Meknès,1,Mrhassiyine,0.545,Al Bahraoyine,0.667,Tanger-Assilah,91.76372712146423,False,
960,Ben Tayeb,Nador,Oriental,1,Beni Ansar,0.526,Ben Taïeb,0.889,Driouch,91.78452579034942,False,
961,Ben Charrou,Béni Mellal,Béni Mellal-Khénifra,1,Bni Bataou,0.571,Ben Maachou,0.727,El Jadida,91.80532445923461,False,
962,Ben CHEIKH,Al Haouz,Marrakech-Safi,1,Ouneine,0.353,Beni Chiker,0.762,Nador,91.8261231281198,False,
963,SidiAhmed Tadli,Sefrou,Fès-Meknès,1,Sidi Youssef Ben Ahmed,0.486,Sidi Ahmed El Khadir,0.743,El Kelâa des Sraghna,91.846921797005,False,
964,Sidi-Yahia Ben,Taounate,Fès-Meknès,1,Sidi Yahya Bni Zeroual,0.667,Sidi Yahya Zaer,0.759,Skhirate-Témara,91.86772046589019,False,
965,Sidi-Yahia,Taounate,Fès-Meknès,1,Sidi El Mokhfi,0.583,Sidi Aissa,0.8,Safi,91.88851913477538,False,
966,Sidi ouabdellah,Taroudant,Souss-Massa,1,Sidi Ahmed Ou Abdellah,0.811,Sidi Bouabdelli,0.867,Tiznit,91.90931780366057,False,
967,Sidi khyar,Sefrou,Fès-Meknès,1,Kandar Sidi Khiar,0.667,Sidi Amar,0.737,Khénifra,91.93011647254576,False,
968,Sidi ghiate,Al Haouz,Marrakech-Safi,1,Ghmate,0.588,Sidi Ghanem,0.818,Chichaoua,91.95091514143095,False,
969,Sidi boujida,Fès,Fès-Meknès,1,Ain Bida,0.6,Sidi Bouhria,0.833,Berkane,91.97171381031615,False,
970,Becheine,Taza,Fès-Meknès,1,Barkine,0.533,Bouchaouene,0.632,Guercif,91.99251247920134,False,
971,Sidi ahmed Tadeli,Sefrou,Fès-Meknès,1,Sidi Youssef Ben Ahmed,0.513,Sidi Ahmed Ou Abdellah,0.769,Taroudant,92.01331114808653,False,
972,Bengrir,El Kelâa des Sraghna,Marrakech-Safi,1,Errafiaya,0.375,Ben Guerir,0.824,Rehamna,92.03410981697171,False,
973,Tabrent,Al Hoceïma,Tanger-Tétouan-Al Hoceïma,1,Targuist,0.533,Tabant,0.769,Azilal,92.0549084858569,False,
974,Tabolkhirte,Tinghir,Drâa-Tafilalet,1,Tinghir,0.444,Taourirt,0.632,Taourirt,92.07570715474209,False,
975,Tabarrant,Al Hoceïma,Tanger-Tétouan-Al Hoceïma,1,Chakran,0.5,Tabant,0.8,Azilal,92.09650582362728,False,
976,Tabarante,Taounate,Fès-Meknès,1,Tafrant,0.75,Targante,0.824,Essaouira,92.11730449251247,False,
977,TAOUNATEDouar,Taounate,Fès-Meknès,1,Taounate,0.762,Taounate,0.762,Taounate,92.13810316139767,False,
978,Syba,Tinghir,Drâa-Tafilalet,1,Outerbat,0.333,Sbouya,0.6,Sidi Ifni,92.15890183028286,False,
979,Syba,Essaouira,Marrakech-Safi,1,Bizdad,0.4,Sbouya,0.6,Sidi Ifni,92.17970049916805,False,
980,Bendib,Sidi Slimane,Rabat-Salé-Kénitra,1,Kceibya,0.462,Ben Taïeb,0.667,Driouch,92.20049916805324,False,
981,Syba,Azilal,Béni Mellal-Khénifra,1,Tabant,0.4,Sbouya,0.6,Sidi Ifni,92.22129783693843,False,
982,Ben Zit,Marrakech,Marrakech-Safi,1,Jbilate,0.286,Bni Zoli,0.667,Zagora,92.24209650582362,False,
983,Syba,Agadir-Ida Ou Tanane,Souss-Massa,1,Imsouane,0.333,Sbouya,0.6,Sidi Ifni,92.26289517470882,False,
984,Sraghna,Sefrou,Fès-Meknès,1,Mtarnagha,0.625,Serghina,0.8,Boulemane,92.28369384359401,False,
985,Souk laarbia,Taounate,Fès-Meknès,1,Oudka,0.471,Souk Tolba,0.636,Larache,92.3044925124792,False,
986,Amkhlij,Al Haouz,Marrakech-Safi,1,Assaki,0.462,Mkhalif,0.714,Safi,92.32529118136439,False,
987,Souk Tlat,Sidi Kacem,Rabat-Salé-Kénitra,1,Selfat,0.533,Souk Tolba,0.842,Larache,92.34608985024958,False,
988,Tamsslout,Taroudant,Souss-Massa,1,Tamaloukte,0.737,Tameslouht,0.842,Al Haouz,92.36688851913478,False,
989,Tamsemen,Driouch,Oriental,1,Temsamane,0.471,Tamezmoute,0.667,Zagora,92.38768718801997,False,
990,Tamassint,Al Hoceïma,Tanger-Tétouan-Al Hoceïma,1,Targuist,0.471,Tissint,0.75,Tata,92.40848585690516,False,
991,Tamaounza,Agadir-Ida Ou Tanane,Souss-Massa,1,Taghazout,0.556,Taounza,0.875,Azilal,92.42928452579035,False,
992,Tamait Oufella,Agadir-Ida Ou Tanane,Souss-Massa,1,Ida Ou Guelloul,0.483,Ait Ouallal,0.72,Zagora,92.45008319467554,False,
993,Tamadite,Taounate,Fès-Meknès,1,Tamedit,0.8,Tamedit,0.8,Taounate,92.47088186356073,False,
994,Takyout,El Kelâa des Sraghna,Marrakech-Safi,1,Taouzint,0.667,Takoucht,0.8,Essaouira,92.49168053244593,False,
995,Amdnagh,Tinghir,Drâa-Tafilalet,1,Tinghir,0.429,Madagh,0.769,Berkane,92.51247920133112,False,
996,Amallal,Chefchaouen,Tanger-Tétouan-Al Hoceïma,1,Amtar,0.5,Tamallalt,0.875,El Kelâa des Sraghna,92.53327787021631,False,
997,Taienest,Taza,Fès-Meknès,1,Taïnaste,0.75,Taïnaste,0.75,Taza,92.5540765391015,False,
998,Tahar-Souk,Taounate,Fès-Meknès,1,Thar Es-Souk,0.818,Thar Es-Souk,0.818,Taounate,92.5748752079867,False,
999,Tahar Souk,Taounate,Fès-Meknès,1,Thar Es-Souk,0.818,Thar Es-Souk,0.818,Taounate,92.59567387687188,False,
1000,Alwafae,Larache,Tanger-Tétouan-Al Hoceïma,1,Larache,0.429,Ahlaf,0.667,Benslimane,92.61647254575708,False,
1001,Bin Jradi,Taza,Fès-Meknès,1,Bab Boudir,0.421,Bir Jdid,0.706,Nouaceur,92.63727121464227,False,
1002,Biban,Taounate,Fès-Meknès,1,El Bibane,0.714,El Bibane,0.714,Taounate,92.65806988352746,False,
1003,Berraka,Nador,Oriental,1,Hassi Berkane,0.5,Braksa,0.769,Khouribga,92.67886855241265,False,
1004,Tazitount,Chichaoua,Marrakech-Safi,1,Ain Tazitounte,0.783,Ain Tazitounte,0.783,Chichaoua,92.69966722129784,False,
1005,Taughmerte,Taroudant,Souss-Massa,1,Toughmart,0.737,Toughmart,0.737,Taroudant,92.72046589018302,False,
1006,Berraca,Nador,Oriental,1,Beni Ansar,0.353,Errachidia,0.706,Errachidia,92.74126455906821,False,
1007,Tassaltnt,Al Haouz,Marrakech-Safi,1,Taouyalte,0.556,Tasoultante,0.7,Marrakech,92.7620632279534,False,
1008,Tassaltant,Marrakech,Marrakech-Safi,1,Tasoultante,0.762,Tasoultante,0.762,Marrakech,92.7828618968386,False,
1009,Tassaltant,Azilal,Béni Mellal-Khénifra,1,Tabant,0.625,Tasoultante,0.762,Marrakech,92.80366056572379,False,
1010,Tassaltant,Al Haouz,Marrakech-Safi,1,Taouyalte,0.526,Tasoultante,0.762,Marrakech,92.82445923460898,False,
1011,Tasouite,Tinghir,Drâa-Tafilalet,1,Assoul,0.571,Tagounite,0.824,Zagora,92.84525790349417,False,
1012,Bensheikh,Al Haouz,Marrakech-Safi,1,Ouneine,0.375,Beni Chiker,0.6,Nador,92.86605657237936,False,
1013,Bensergao,Azilal,Béni Mellal-Khénifra,1,Demnate,0.375,El Kansera,0.632,Khemisset,92.88685524126456,False,
1014,Targha,Chefchaouen,Tanger-Tétouan-Al Hoceïma,1,Amtar,0.545,Mtarnagha,0.8,Sefrou,92.90765391014975,False,
1015,Beni-Ounjel,Taounate,Fès-Meknès,1,Bni Oulid,0.7,Bni Oual,0.737,Ouezzane,92.92845257903494,False,
1016,Taoujdate,El Hajeb,Fès-Meknès,1,Ait Boubidmane,0.522,Taounate,0.824,Taounate,92.94925124792013,False,
1017,Taouiyalt,Taroudant,Souss-Massa,1,Taroudant,0.667,Taouyalte,0.889,Al Haouz,92.97004991680532,False,
1018,Beni-Kissane,Taounate,Fès-Meknès,1,Kissane,0.737,Bni Hassane,0.783,Azilal,92.99084858569051,False,
1019,Tamzirt,Ouarzazate,Drâa-Tafilalet,1,Tarmigt,0.714,Taghzirt,0.8,Béni Mellal,93.0116472545757,False,
1020,Beni guerfet,Larache,Tanger-Tétouan-Al Hoceïma,1,Bni Garfett,0.783,Bni Garfett,0.783,Larache,93.0324459234609,False,
1021,Beni Saden,Sefrou,Fès-Meknès,1,Bir Tamtam,0.4,Bni Said,0.778,Tétouan,93.05324459234609,False,
1022,A/Hmmou,Al Hoceïma,Tanger-Tétouan-Al Hoceïma,1,Izemmouren,0.471,Ait Hammou,0.824,Rehamna,93.07404326123128,False,
1023,A/ Chefk,Al Haouz,Marrakech-Safi,1,Ahl Tifnoute,0.316,Ain Chkef,0.75,Fès,93.09484193011647,False,
1024,Beni Meraaz,Meknès,Fès-Meknès,1,Ait Yaazem,0.476,Beni Mellal,0.727,Béni Mellal,93.11564059900167,False,
1025,A.ali Youssef,Al Hoceïma,Tanger-Tétouan-Al Hoceïma,1,Aït Youssef Ou Ali,0.645,Oulad Ali Youssef,0.8,Boulemane,93.13643926788686,False,
1026,Beni Maraaz,Meknès,Fès-Meknès,1,Nzala Bni Ammar,0.538,Bni Mathar,0.667,Jerada,93.15723793677205,False,
1027,Beni Makada,Larache,Tanger-Tétouan-Al Hoceïma,1,Bni Garfett,0.455,Beni Malek,0.762,Ouezzane,93.17803660565724,False,
1028,Tighrmatine,Tinghir,Drâa-Tafilalet,1,Tilmi,0.5,Ighzrane,0.737,Taza,93.19883527454243,False,
1029,Bolaajlat,Taroudant,Souss-Massa,1,Lamhara,0.5,Sidi Boulaalam,0.609,Essaouira,93.21963394342762,False,
1030,Tifirte,Azilal,Béni Mellal-Khénifra,1,Tifni,0.667,Tighirt,0.714,Tiznit,93.24043261231282,False,
1031,Tidrara,Al Haouz,Marrakech-Safi,1,Tisrasse,0.533,Tendrara,0.8,Jerada,93.26123128119801,False,
1032,Bojediane,Larache,Tanger-Tétouan-Al Hoceïma,1,Sidi Lyamani,0.381,Bou Jedyane,0.8,Ouezzane,93.2820299500832,False,
1033,Bnimaati,Settat,Casablanca-Settat,1,Mniaa,0.615,Bni Ayat,0.75,Azilal,93.30282861896839,False,
1034,Bni ahmed,Al Hoceïma,Tanger-Tétouan-Al Hoceïma,1,Bni Hadifa,0.632,Ben Ahmed,0.889,Khouribga,93.32362728785358,False,
1035,Tazourakht,Al Hoceïma,Tanger-Tétouan-Al Hoceïma,1,Arbaa Taourirt,0.5,Taznakht,0.778,Ouarzazate,93.34442595673877,False,
1036,Bni Saden,Sefrou,Fès-Meknès,1,Bir Tamtam,0.421,Bni Said,0.824,Tétouan,93.36522462562397,False,
1037,Tislite,Azilal,Béni Mellal-Khénifra,1,Tisqi,0.667,Tlite,0.833,Ouarzazate,93.38602329450916,False,
1038,Tisi Ousli,Taza,Fès-Meknès,1,Oued Amlil,0.4,Tizi Ouzli,0.8,Driouch,93.40682196339434,False,
1039,Tirset,Azilal,Béni Mellal-Khénifra,1,Tisqi,0.545,Tisrasse,0.714,Al Haouz,93.42762063227953,False,
1040,Tinzerte,Taroudant,Souss-Massa,1,Tinzart,0.8,Tigzmerte,0.824,Tata,93.44841930116472,False,
1041,Bni Koulla,Ouezzane,Tanger-Tétouan-Al Hoceïma,1,Bni Quolla,0.8,Bni Quolla,0.8,Ouezzane,93.46921797004991,False,
1042,Tikiouine,Marrakech,Marrakech-Safi,1,Sid Zouine,0.632,Tizounine,0.778,Tata,93.4900166389351,False,
1043,Tiguenziouine,Al Haouz,Marrakech-Safi,1,Tighedouine,0.75,Tinzouline,0.783,Zagora,93.5108153078203,False,
1044,Agdime,Tinghir,Drâa-Tafilalet,1,Imider,0.5,Agoudim,0.769,Midelt,93.53161397670549,False,
1045,Agdal,Fès,Fès-Meknès,1,Ain Bida,0.462,Imgdal,0.727,Al Haouz,93.55241264559068,False,
1046,Afellaisen,Chichaoua,Marrakech-Safi,1,Afalla Issen,0.818,Afalla Issen,0.818,Chichaoua,93.57321131447587,False,
1047,Admam,Al Hoceïma,Tanger-Tétouan-Al Hoceïma,1,Senada,0.545,Oulad Zmam,0.667,Fquih Ben Salah,93.59400998336106,False,
1048,Ad Sayeh,Essaouira,Marrakech-Safi,1,Sidi Ahmed Essayeh,0.615,Aday,0.667,Assa-Zag,93.61480865224625,False,
1049,Abdellah Chefchaouni,Tinghir,Drâa-Tafilalet,1,Ferkla El Oulia,0.4,Chefchaouen,0.645,Chefchaouen,93.63560732113145,False,
1050,Abdellah Chefchaouni,Ouarzazate,Drâa-Tafilalet,1,Afella N'Dra,0.438,Chefchaouen,0.645,Chefchaouen,93.65640599001664,False,
1051,Abdellah Chefchaouni,Agadir-Ida Ou Tanane,Souss-Massa,1,Adaghas,0.37,Chefchaouen,0.645,Chefchaouen,93.67720465890183,False,
1052,Bni Amer,El Kelâa des Sraghna,Marrakech-Safi,1,Oulad Amer,0.556,Bni Ammart,0.778,Taounate,93.69800332778702,False,
1053,Urbaine,Chefchaouen,Tanger-Tétouan-Al Hoceïma,1,Bni Selmane,0.444,Barkine,0.714,Taza,93.71880199667221,False,
1054,Trik Alouahda,Taza,Fès-Meknès,1,Tahla,0.444,Tabouda,0.6,Chefchaouen,93.7396006655574,False,
1055,Bkakacha,Settat,Casablanca-Settat,1,Dar Chaffai,0.421,Ayacha,0.714,Larache,93.7603993344426,False,
1056,Tozrigutte,Tinghir,Drâa-Tafilalet,1,Outerbat,0.444,Tizguite,0.667,Ifrane,93.78119800332779,False,
1057,Touilaa,Tétouan,Tanger-Tétouan-Al Hoceïma,1,Tétouan,0.571,Toulal,0.769,Meknès,93.80199667221298,False,
1058,Touibla,Tétouan,Tanger-Tétouan-Al Hoceïma,1,Tétouan,0.571,Toulal,0.769,Meknès,93.82279534109817,False,
1059,Bit ghoulem,Taza,Fès-Meknès,1,Bni Lent,0.526,Bni Faghloum,0.696,Chefchaouen,93.84359400998336,False,
1060,Touelaa,Tétouan,Tanger-Tétouan-Al Hoceïma,1,Oued Laou,0.625,Toufelaazt,0.824,Chtouka-Aït Baha,93.86439267886855,False,
1061,Tnine el ouleja,Taounate,Fès-Meknès,1,Ras El Oued,0.538,Tnine Amellou,0.714,Sidi Ifni,93.88519134775375,False,
1062,Tnin Ait Rkha,Tiznit,Souss-Massa,1,Ait Erkha,0.727,Ait Erkha,0.727,Tiznit,93.90599001663894,False,
1063,Tmaloust,Ouezzane,Tanger-Tétouan-Al Hoceïma,1,Masmouda,0.5,Tamaloukte,0.778,Taroudant,93.92678868552413,False,
1064,Tlat louta,Nador,Oriental,1,Bni Sidel Louta,0.56,Tazouta,0.706,Sefrou,93.94758735440932,False,
1065,Tlat Lamzam,Azilal,Béni Mellal-Khénifra,1,Ait Blal,0.421,Nzalat Laadam,0.667,Rehamna,93.96838602329451,False,
1066,Tizki Akesri Tamraght,Agadir-Ida Ou Tanane,Souss-Massa,1,Aqesri,0.37,Sidi Ali Labrahla,0.526,Rehamna,93.9891846921797,False,
1067,Tizi Oussli,Taza,Fès-Meknès,1,Oued Amlil,0.381,Tizi Ouzli,0.857,Driouch,94.0099833610649,False,
1068,Zerhounia,Meknès,Fès-Meknès,1,Ouislane,0.353,El Hagounia,0.7,Es-Semara,94.03078202995009,False,
1069,Bit Ghouleme,Taza,Fès-Meknès,1,Bni Lent,0.5,Boulemane,0.667,Boulemane,94.05158069883528,False,
1070,Zelten,Essaouira,Marrakech-Safi,1,Tahelouante,0.471,Zerkten,0.769,Al Haouz,94.07237936772047,False,
1071,Zeagngan,Nador,Oriental,1,Zeghanghane,0.737,Zaggota,0.667,Sidi Kacem,94.09317803660566,False,
1072,Zaouite ait Ishaq,Khénifra,Béni Mellal-Khénifra,1,Aït Ishaq,0.692,Aït Ishaq,0.692,Khénifra,94.11397670549084,False,
1073,Zaouia S K,Tétouan,Tanger-Tétouan-Al Hoceïma,1,Zaouiat Sidi Kacem,0.714,Zaouiat Sidi Kacem,0.714,Tétouan,94.13477537437603,False,
1074,Zaouia Nezzaghia,Settat,Casablanca-Settat,1,Oulad Sghir,0.519,Zaouia Annahlia,0.774,Chichaoua,94.15557404326123,False,
1075,Zagmouzne,Taroudant,Souss-Massa,1,Talgjount,0.556,Zagmouzen,0.889,Al Haouz,94.17637271214642,False,
1076,Zaazaa,Larache,Tanger-Tétouan-Al Hoceïma,1,Zaaroura,0.571,Azzaba,0.5,Sefrou,94.19717138103161,False,
1077,Z.S.A.Kader,Al Hoceïma,Tanger-Tétouan-Al Hoceïma,1,Zouaiat sidi Abdelkader,0.471,Saka,0.533,Guercif,94.2179700499168,False,
1078,Bouhamza,Azilal,Béni Mellal-Khénifra,1,Taounza,0.533,Bouhmame,0.75,Sidi Bennour,94.23876871880199,False,
1079,Z'Rarka,Taounate,Fès-Meknès,1,Zarkat,0.769,Zrarda,0.769,Taza,94.25956738768718,False,
1080,Z'Mamra,Taounate,Fès-Meknès,1,Zarkat,0.615,Zemamra,0.857,Sidi Bennour,94.28036605657238,False,
1081,Z .cheikh,Béni Mellal,Béni Mellal-Khénifra,1,Ouled Yaïch,0.3,Zaouiat Cheikh,0.696,Khénifra,94.30116472545757,False,
1082,Bouhaira,Essaouira,Marrakech-Safi,1,Essaouira,0.588,Bouarfa,0.8,Figuig,94.32196339434276,False,
1083,Wawirzagh,Azilal,Béni Mellal-Khénifra,1,Ouaouizaght,0.6,Ouaouizaght,0.6,Azilal,94.34276206322795,False,
1084,ait bouallal,Tinghir,Drâa-Tafilalet,1,Ait Youl,0.7,Ait Ouallal,0.957,Zagora,94.36356073211314,False,
1085,Bougumez,Azilal,Béni Mellal-Khénifra,1,Ouaouizaght,0.316,Aouguenz,0.75,Chtouka-Aït Baha,94.38435940099833,False,
1086,ait amer,Tinghir,Drâa-Tafilalet,1,Aït Elfarsi,0.632,Aït Kamra,0.824,Al Hoceïma,94.40515806988353,False,
1087,ait alouane,Tinghir,Drâa-Tafilalet,1,Ait Ouassif,0.636,Zaïtoune,0.737,Tétouan,94.42595673876872,False,
1088,ait aliyahya,Tinghir,Drâa-Tafilalet,1,Aït Hani,0.6,Ait Yahya,0.857,Midelt,94.44675540765391,False,
1089,Bougaala,Guelmim,Guelmim-Oued Noun,1,Bouizakarne,0.526,Jouala,0.714,El Kelâa des Sraghna,94.4675540765391,False,
1090,ait aatab,Azilal,Béni Mellal-Khénifra,1,Ait Ouaarda,0.7,Ait Taleb,0.778,Rehamna,94.4883527454243,False,
1091,Bouezgar,Essaouira,Marrakech-Safi,1,Bouzemmour,0.556,Bouarg,0.714,Nador,94.50915141430949,False,
1092,ainzora,Nador,Oriental,1,Zaïo,0.545,Aïn Zohra,0.875,Driouch,94.52995008319468,False,
1093,ain chaib,Taroudant,Souss-Massa,1,Lamhadi,0.5,Ain Chair,0.889,Figuig,94.55074875207987,False,
1094,Bouderbala,Sefrou,Fès-Meknès,1,Imouzzer Kandar,0.48,Boukraa,0.706,Laâyoune,94.57154742096506,False,
1095,agouti,Tinghir,Drâa-Tafilalet,1,Assoul,0.5,Aghouatim,0.8,Al Haouz,94.59234608985025,False,
1096,Bouchibat,Al Hoceïma,Tanger-Tétouan-Al Hoceïma,1,Boudinar,0.588,Boughriba,0.778,Berkane,94.61314475873544,False,
1097,____,Ouarzazate,Drâa-Tafilalet,1,Toundoute,0.0,Zrizer,0.0,Taounate,94.63394342762064,False,
1098,Zoualet,Meknès,Fès-Meknès,1,Toulal,0.615,Toualet,0.857,Settat,94.65474209650583,False,
1099,Zouagha,Fès,Fès-Meknès,1,Louadaine,0.5,Ounagha,0.857,Essaouira,94.67554076539102,False,
1100,ait hmoudene,Tinghir,Drâa-Tafilalet,1,Ait Youl,0.6,Ait Mimoune,0.783,Khemisset,94.69633943427621,False,
1101,ait hmed,Tinghir,Drâa-Tafilalet,1,Aït Hani,0.625,Ait M'Hamed,0.842,Azilal,94.7171381031614,False,
1102,ait hdouch,Tinghir,Drâa-Tafilalet,1,Ait Youl,0.667,Ait Daoud,0.737,Essaouira,94.7379367720466,False,
1103,Bouchamate,Taounate,Fès-Meknès,1,Bouadel,0.588,Bouhmame,0.778,Sidi Bennour,94.75873544093179,False,
1104,Boubria,Berkane,Oriental,1,Boughriba,0.75,Ourika,0.769,Al Haouz,94.77953410981698,False,
1105,Boubaan,Nador,Oriental,1,Bouarg,0.615,Boukraa,0.714,Laâyoune,94.80033277870216,False,
1106,Bouazoune,Taounate,Fès-Meknès,1,Ouaouzgane,0.737,Boulaouane,0.842,Sidi Bennour,94.82113144758735,False,
1107,Bouaziar,Azilal,Béni Mellal-Khénifra,1,Azilal,0.571,Aziar,0.769,Agadir-Ida Ou Tanane,94.84193011647254,False,
1108,Bouallou,Taounate,Fès-Meknès,1,Bouarouss,0.706,Bouhlou,0.8,Taza,94.86272878535773,False,
1109,Borj Mechkouk,Taounate,Fès-Meknès,1,Bouhouda,0.476,Bir Mezoui,0.609,Khouribga,94.88352745424292,False,
1110,ait boyoysef,Tinghir,Drâa-Tafilalet,1,Ait Ouassif,0.609,Ait Haddou Youssef,0.667,Taroudant,94.90432612312812,False,
1111,ait boyousef,Tinghir,Drâa-Tafilalet,1,Ait Youl,0.7,Ait Haddou Youssef,0.733,Taroudant,94.9251247920133,False,
1112,ait bouyossef,Tinghir,Drâa-Tafilalet,1,Ait Ouassif,0.75,Ait Haddou Youssef,0.774,Taroudant,94.9459234608985,False,
1113,ait boulmane,Tinghir,Drâa-Tafilalet,1,Ait Youl,0.7,Ait Boubidmane,0.846,El Hajeb,94.96672212978369,False,
1114,Ait s jbel,Tinghir,Drâa-Tafilalet,1,Ait Sedrate Jbel El Oulia,0.571,Bni Sidel Jbel,0.667,Nador,94.98752079866888,False,
1115,ait boubker,Tinghir,Drâa-Tafilalet,1,Ait Youl,0.632,Sidi Boubker,0.783,Oujda-Angad,95.00831946755407,False,
1116,"A,Y,Ouali",Al Hoceïma,Tanger-Tétouan-Al Hoceïma,1,Rouadi,0.533,Oualili,0.625,Meknès,95.02911813643927,False,
1117,Boumardoul,Tinghir,Drâa-Tafilalet,1,Bou Azmou,0.632,Bouarouss,0.737,Taounate,95.04991680532446,False,
1118,Boumalne kcer,Tinghir,Drâa-Tafilalet,1,Boumalne Dadès,0.741,Boumalne Dadès,0.741,Tinghir,95.07071547420965,False,
1119,Boumalne k,Tinghir,Drâa-Tafilalet,1,Boumalne Dadès,0.75,Boumalne Dadès,0.75,Tinghir,95.09151414309484,False,
1120,Boumalene,Ouarzazate,Drâa-Tafilalet,1,Toundoute,0.333,Boulemane,0.778,Boulemane,95.11231281198003,False,
1121,ait sakri,Tinghir,Drâa-Tafilalet,1,Aït Hani,0.706,Ait Said,0.824,Essaouira,95.13311148086522,False,
1122,Boulaajat,Taroudant,Souss-Massa,1,Ouled Aissa,0.5,Loulja,0.667,Fès,95.15391014975042,False,
1123,ait ouglif,Tinghir,Drâa-Tafilalet,1,Ait Youl,0.778,Ait Youl,0.778,Tinghir,95.17470881863561,False,
1124,Boukorra,Chefchaouen,Tanger-Tétouan-Al Hoceïma,1,Bni Bouzra,0.556,Bouskoura,0.824,Nouaceur,95.1955074875208,False,
1125,ait oglif,Tinghir,Drâa-Tafilalet,1,Ait Youl,0.706,Aglif,0.714,Essaouira,95.21630615640599,False,
1126,ait messoud,Tinghir,Drâa-Tafilalet,1,Ait Youl,0.632,Ait Melloul,0.727,Inezgane-Aït Melloul,95.23710482529118,False,
1127,ait mahdi,Tinghir,Drâa-Tafilalet,1,Aït Hani,0.706,Ait Mait,0.824,Driouch,95.25790349417638,False,
1128,Boukora,Chefchaouen,Tanger-Tétouan-Al Hoceïma,1,Bni Bouzra,0.588,Bouskoura,0.875,Nouaceur,95.27870216306157,False,
1129,Boukhalef,Guercif,Oriental,1,Bouchaouene,0.6,Bouhmame,0.706,Sidi Bennour,95.29950083194676,False,
1130,ait idit,Tinghir,Drâa-Tafilalet,1,Aït Hani,0.625,Ait Said,0.75,Essaouira,95.32029950083195,False,
1131,ait iaala,Tinghir,Drâa-Tafilalet,1,Aït Elfarsi,0.5,Ait Iaaza,0.889,Taroudant,95.34109816971714,False,
1132,Boujdian,Larache,Tanger-Tétouan-Al Hoceïma,1,Souaken,0.533,Oujda,0.769,Oujda-Angad,95.36189683860233,False,
1133,aitali oyahya,Tinghir,Drâa-Tafilalet,1,Aït Hani,0.476,Ait Yahya,0.818,Midelt,95.38269550748753,False,
1134,ait ziad,Tinghir,Drâa-Tafilalet,1,Aït Hani,0.625,Ait Said,0.75,Essaouira,95.40349417637272,False,
1135,ait zelten,Essaouira,Marrakech-Safi,1,Tahelouante,0.476,Ait El Man,0.7,Boulemane,95.42429284525791,False,
1136,Boujarrah,Tétouan,Tanger-Tétouan-Al Hoceïma,1,Bni Karrich,0.5,Bouarfa,0.75,Figuig,95.4450915141431,False,
1137,ait tazrine,Tinghir,Drâa-Tafilalet,1,Aït Hani,0.632,Ait Zineb,0.8,Ouarzazate,95.46589018302829,False,
1138,ait tazarin,Tinghir,Drâa-Tafilalet,1,Aït Elfarsi,0.636,Tazarine,0.737,Taza,95.48668885191347,False,
1139,Bouigra,Chtouka-Aït Baha,Souss-Massa,1,Tizoughrane,0.556,Biougra,0.857,Inezgane-Aït Melloul,95.50748752079866,False,
1140,Boumya,Khénifra,Béni Mellal-Khénifra,1,Oum Rabia,0.533,Sbouya,0.833,Sidi Ifni,95.52828618968385,False,
1141,Al qods,Taza,Fès-Meknès,1,Bab Boudir,0.471,Al Oued,0.714,Chefchaouen,95.54908485856905,False,
1142,A.Gdah,Taounate,Fès-Meknès,1,Ain Legdah,0.625,Madagh,0.667,Berkane,95.56988352745424,False,
1143,A.D.C,Sidi Kacem,Rabat-Salé-Kénitra,1,Sidi Kacem,0.267,Agdz,0.444,Ouarzazate,95.59068219633943,False,
1144,Al qods,Nador,Oriental,1,Al Aroui,0.533,Al Oued,0.714,Chefchaouen,95.61148086522462,False,
1145,A. Taorirt,Al Hoceïma,Tanger-Tétouan-Al Hoceïma,1,Arbaa Taourirt,0.75,Taourirt,0.778,Taourirt,95.63227953410981,False,
1146,"A,taourirt",Al Hoceïma,Tanger-Tétouan-Al Hoceïma,1,Arbaa Taourirt,0.75,Taourirt,0.889,Taourirt,95.653078202995,False,
1147,Al masjid,Nador,Oriental,1,Al Aroui,0.588,Al Mahbass,0.632,Assa-Zag,95.6738768718802,False,
1148,Al Wahda,Taza,Fès-Meknès,1,Outat El Haj,0.4,Lahdar,0.714,Youssoufia,95.69467554076539,False,
1149,Al Boustane,Meknès,Fès-Meknès,1,Dar Oum Soltane,0.692,Al Ouidane,0.762,Marrakech,95.71547420965058,False,
1150,Akdim,Tinghir,Drâa-Tafilalet,1,Ouaklim,0.667,Aklim,0.8,Berkane,95.73627287853577,False,
1151,bab merzk,Taza,Fès-Meknès,1,Bab Marzouka,0.762,Bab Marzouka,0.762,Taza,95.75707154742096,False,
1152,Akch hsiya,Tinghir,Drâa-Tafilalet,1,Aït Hani,0.444,Lakhsas,0.588,Tiznit,95.77787021630616,False,
1153,b.bouayach,Al Hoceïma,Tanger-Tétouan-Al Hoceïma,1,Bni Bouayach,0.818,Bni Bouayach,0.818,Al Hoceïma,95.79866888519135,False,
1154,"b,s,louta",Nador,Oriental,1,Selouane,0.588,Louta,0.714,Al Hoceïma,95.81946755407654,False,
1155,arroui,Nador,Oriental,1,Al Aroui,0.714,Azrou,0.727,Ifrane,95.84026622296173,False,
1156,anonizme,Tinghir,Drâa-Tafilalet,1,Alnif,0.462,Tagounite,0.588,Zagora,95.86106489184692,False,
1157,amsa,Tétouan,Tanger-Tétouan-Al Hoceïma,1,Azla,0.5,Assa,0.75,Assa-Zag,95.88186356073211,False,
1158,amejjaw,Driouch,Oriental,1,Amejjaou,0.8,Amejjaou,0.8,Driouch,95.9026622296173,False,
1159,amdnagh,Tinghir,Drâa-Tafilalet,1,Tinghir,0.429,Madagh,0.769,Berkane,95.9234608985025,False,
1160,amassine tondout,Tinghir,Drâa-Tafilalet,1,Assoul,0.455,Imintanoute,0.593,Chichaoua,95.94425956738769,False,
1161,alouahda,Taza,Fès-Meknès,1,Oulad Zbair,0.526,Lounasda,0.75,El Kelâa des Sraghna,95.96505823627288,False,
1162,almasjid,Nador,Oriental,1,Al Aroui,0.5,Lamssid,0.667,Boujdour,95.98585690515807,False,
1163,Aity wassif,Tinghir,Drâa-Tafilalet,1,Ait Ouassif,0.818,Ait Ouassif,0.818,Tinghir,96.00665557404326,False,
1164,boujdiane,Larache,Tanger-Tétouan-Al Hoceïma,1,Souaken,0.5,Bou Jedyane,0.8,Ouezzane,96.02745424292846,False,
1165,boujdian,Larache,Tanger-Tétouan-Al Hoceïma,1,Souaken,0.533,Oujda,0.769,Oujda-Angad,96.04825291181365,False,
1166,Ait sedrat jbel,Tinghir,Drâa-Tafilalet,1,Ait Sedrate Jbel El Oulia,0.75,Ait Sedrate Jbel El Oulia,0.75,Tinghir,96.06905158069884,False,
1167,bouachiba,Azilal,Béni Mellal-Khénifra,1,Ouaoula,0.5,Boughriba,0.778,Berkane,96.08985024958403,False,
1168,booujediane,Larache,Tanger-Tétouan-Al Hoceïma,1,Souaken,0.444,Bou Jedyane,0.818,Ouezzane,96.11064891846922,False,
1169,bohrou,Tinghir,Drâa-Tafilalet,1,Bou Azmou,0.533,Bouhlou,0.769,Taza,96.13144758735442,False,
1170,Charrate,Taounate,Fès-Meknès,1,Zarkat,0.571,Cherrat,0.8,Benslimane,96.15224625623961,False,
1171,bni enssar,Agadir-Ida Ou Tanane,Souss-Massa,1,Aziar,0.4,Beni Ansar,0.8,Nador,96.1730449251248,False,
1172,bizamame,Ouarzazate,Drâa-Tafilalet,1,Ouarzazate,0.444,Bir Tamtam,0.667,Sefrou,96.19384359400998,False,
1173,bin jradi,Taza,Fès-Meknès,1,Bab Boudir,0.421,Bir Jdid,0.706,Nouaceur,96.21464226289517,False,
1174,bibane,Taounate,Fès-Meknès,1,El Bibane,0.8,El Bibane,0.8,Taounate,96.23544093178036,False,
1175,Charf Souani,Tanger-Assilah,Tanger-Tétouan-Al Hoceïma,1,Dar Chaoui,0.545,Charqaoua,0.667,Moulay Yacoub,96.25623960066555,False,
1176,beni bouyafrour,Nador,Oriental,1,Bni Bouifrou,0.815,Bni Bouifrou,0.815,Nador,96.27703826955074,False,
1177,ben souda,Fès,Fès-Meknès,1,Ain Bou Ali,0.5,Bni Oual,0.706,Ouezzane,96.29783693843594,False,
1178,bani Saden,Sefrou,Fès-Meknès,1,Aït Seghrouchen,0.48,Bni Said,0.778,Tétouan,96.31863560732113,False,
1179,bab zitouba,Taza,Fès-Meknès,1,Bab Marzouka,0.696,Bab Tiouka,0.762,Sidi Kacem,96.33943427620632,False,
1180,dr doultma,Essaouira,Marrakech-Safi,1,Sidi Boulaalam,0.5,Dar Oum Soltane,0.64,Meknès,96.36023294509151,False,
1181,dr Afra,Ouarzazate,Drâa-Tafilalet,1,Afra,0.727,Afra,0.727,Ouarzazate,96.3810316139767,False,
1182,douar ain sora,Taounate,Fès-Meknès,1,Oulad Daoud,0.48,Oulad Ali Mansour,0.645,Chefchaouen,96.4018302828619,False,
1183,douar OUDAD,Taounate,Fès-Meknès,1,Oulad Daoud,0.636,Ouaoula,0.667,Azilal,96.42262895174709,False,
1184,dalas,Béni Mellal,Béni Mellal-Khénifra,1,Dir El Ksiba,0.235,Dakhla,0.727,Oued Ed-Dahab,96.44342762063228,False,
1185,Chahid baha,Sefrou,Fès-Meknès,1,Ahl Sidi Lahcen,0.538,Ait Baha,0.737,Chtouka-Aït Baha,96.46422628951747,False,
1186,centre,El Kelâa des Sraghna,Marrakech-Safi,1,Zemrane,0.462,Metrane,0.615,Sidi Bennour,96.48502495840266,False,
1187,Chahid Baha Rfaif,Sefrou,Fès-Meknès,1,Ahl Sidi Lahcen,0.438,Had Bradia,0.519,Béni Mellal,96.50582362728785,False,
1188,Chahid Baba,Sefrou,Fès-Meknès,1,Azzaba,0.471,Chahda,0.706,Safi,96.52662229617304,False,
1189,bouzlne,Taza,Fès-Meknès,1,Bouyablane,0.706,Boulemane,0.75,Boulemane,96.54742096505824,False,
1190,Cab,Chtouka-Aït Baha,Souss-Massa,1,Tabia,0.5,Chtaiba,0.6,El Kelâa des Sraghna,96.56821963394343,False,
1191,bouramana,Driouch,Oriental,1,Ourdana,0.75,Ouaoumana,0.778,Khénifra,96.58901830282862,False,
1192,bouqorra,Ouezzane,Tanger-Tétouan-Al Hoceïma,1,Kalaat Booqorra,0.609,Bouskoura,0.706,Nouaceur,96.60981697171381,False,
1193,C boumalne,Tinghir,Drâa-Tafilalet,1,Boumalne Dadès,0.667,Boulemane,0.737,Boulemane,96.630615640599,False,
1194,Béninsser,Nador,Oriental,1,Beni Ansar,0.737,Beni Ansar,0.737,Nador,96.6514143094842,False,
1195,Béni assifan,Chefchaouen,Tanger-Tétouan-Al Hoceïma,1,Bni Selmane,0.609,Bni Hassane,0.783,Azilal,96.67221297836939,False,
1196,iazanenn,Nador,Oriental,1,Iaazzanene,0.778,Iaazzanene,0.778,Nador,96.69301164725458,False,
1197,Bureau Ikaouen,Tinghir,Drâa-Tafilalet,1,Ikniouen,0.545,Askaouen,0.636,Al Haouz,96.71381031613977,False,
1198,iatachne,Tinghir,Drâa-Tafilalet,1,Aït Hani,0.375,Tafetachte,0.667,Essaouira,96.73460898502496,False,
1199,hdida,Tinghir,Drâa-Tafilalet,1,Tinejdad,0.462,Haddada,0.667,Kénitra,96.75540765391015,False,
1200,Brakt Lamine,Safi,Marrakech-Safi,1,Sebt Gzoula,0.435,Ras El Ain,0.636,Youssoufia,96.77620632279535,False,
1201,hay dari,Agadir-Ida Ou Tanane,Souss-Massa,1,Tadrart,0.533,Had Dra,0.667,Essaouira,96.79700499168054,False,
1202,harmomou,Sefrou,Fès-Meknès,1,Ahermoumou,0.778,Ahermoumou,0.778,Sefrou,96.81780366056573,False,
1203,harmomo,Sefrou,Fès-Meknès,1,Ahermoumou,0.706,Ahermoumou,0.706,Sefrou,96.83860232945092,False,
1204,hamria,Taounate,Fès-Meknès,1,Zarkat,0.5,Lamrija,0.769,Guercif,96.85940099833611,False,
1205,Trifa II,Berkane,Oriental,1,Saidia,0.286,Tifariti,0.75,Es-Semara,96.88019966722129,False,
1206,Bozamlane,Taza,Fès-Meknès,1,Bouyablane,0.737,Bouyablane,0.737,Taza,96.90099833610648,False,
1207,had mssila,Taza,Fès-Meknès,1,Msila,0.667,H'Ssyia,0.706,Zagora,96.92179700499167,False,
1208,ghorm El Alem,Béni Mellal,Béni Mellal-Khénifra,1,Foum El Anceur,0.593,Laghoualem,0.609,Benslimane,96.94259567387687,False,
1209,ghigou,Sefrou,Fès-Meknès,1,Aït Seghrouchen,0.381,Guigou,0.833,Boulemane,96.96339434276206,False,
1210,farkhana,Nador,Oriental,1,Arekmane,0.625,Argana,0.714,Taroudant,96.98419301164725,False,
1211,dépisté à azrou,Larache,Tanger-Tétouan-Al Hoceïma,1,Rissana Janoubia,0.452,Ait Sebaa Lajrouf,0.438,Ifrane,97.00499168053244,False,
1212,imzoudar,Tinghir,Drâa-Tafilalet,1,Imider,0.571,Mzoudia,0.8,Chichaoua,97.02579034941763,False,
1213,iminifri,Azilal,Béni Mellal-Khénifra,1,Tifni,0.462,Sidi Ifni,0.471,Sidi Ifni,97.04658901830283,False,
1214,imghrane,Tinghir,Drâa-Tafilalet,1,Tinghir,0.533,Ighzrane,0.875,Taza,97.06738768718802,False,
1215,ighrmloune,Tinghir,Drâa-Tafilalet,1,Aghbalou N'Kerdous,0.5,Tighedouine,0.667,Al Haouz,97.08818635607321,False,
1216,Bouyafer,Nador,Oriental,1,Bouarg,0.714,Sbouya,0.714,Sidi Ifni,97.1089850249584,False,
1217,Dar-Louhra,Taounate,Fès-Meknès,1,Mançoura,0.556,Daoura,0.75,Tarfaya,97.12978369384359,False,
1218,DD Mohamed,Driouch,Oriental,1,M'Hajer,0.471,Mohammédia,0.7,Mohammedia,97.15058236272878,False,
1219,ighmnigrane,Tinghir,Drâa-Tafilalet,1,Tinghir,0.556,Ighzrane,0.737,Taza,97.17138103161398,False,
1220,D.Tabarine,Tiznit,Souss-Massa,1,Ibdar,0.4,Tazarine,0.778,Taza,97.19217970049917,False,
1221,igherme,Taroudant,Souss-Massa,1,Irherm,0.769,Irherm,0.769,Taroudant,97.21297836938436,False,
1222,D.Jihadia,Tata,Souss-Massa,1,Adis,0.462,Bni Hadifa,0.632,Al Hoceïma,97.23377703826955,False,
1223,igermaouas,Driouch,Oriental,1,Amejjaou,0.444,Ijarmaouas,0.8,Al Hoceïma,97.25457570715474,False,
1224,idaogaylat,Taroudant,Souss-Massa,1,Ida Ou Gailal,0.696,Ida Ou Gailal,0.696,Taroudant,97.27537437603993,False,
1225,D.Jihadia,Al Haouz,Marrakech-Safi,1,Sti Fadma,0.444,Bni Hadifa,0.632,Al Hoceïma,97.29617304492513,False,
1226,D.Irahalen,Ouarzazate,Drâa-Tafilalet,1,Siroua,0.375,Irohalen,0.778,Chichaoua,97.31697171381032,False,
1227,ibrghosne,Tinghir,Drâa-Tafilalet,1,Tinghir,0.375,Tighedouine,0.6,Al Haouz,97.33777038269551,False,
1228,lhart,Tinghir,Drâa-Tafilalet,1,Aït Elfarsi,0.375,Lahdar,0.727,Youssoufia,97.3585690515807,False,
1229,lbour,Tinghir,Drâa-Tafilalet,1,Outerbat,0.462,Bourd,0.8,Al Hoceïma,97.3793677204659,False,
1230,lamzem,El Kelâa des Sraghna,Marrakech-Safi,1,Oulad Amer,0.5,Talzemt,0.615,Boulemane,97.40016638935109,False,
1231,laksir,El Hajeb,Fès-Meknès,1,Iqaddar,0.308,Laqsir,0.833,Moulay Yacoub,97.42096505823628,False,
1232,lagnat,Béni Mellal,Béni Mellal-Khénifra,1,Oulad Gnaou,0.588,Lagnadiz,0.714,Khouribga,97.44176372712147,False,
1233,D ouar Bénimalek,Ouezzane,Tanger-Tétouan-Al Hoceïma,1,Beni Malek,0.692,Beni Malek,0.692,Ouezzane,97.46256239600666,False,
1234,kolla,Larache,Tanger-Tétouan-Al Hoceïma,1,Souk Tolba,0.533,Kechoula,0.615,Chichaoua,97.48336106489185,False,
1235,D G,Sidi Kacem,Rabat-Salé-Kénitra,1,Sidi Kacem,0.308,Madagh,0.444,Berkane,97.50415973377704,False,
1236,kella,Tinghir,Drâa-Tafilalet,1,Toudgha El Oulia,0.381,Mellila,0.667,Benslimane,97.52495840266224,False,
1237,karia ba med,Taounate,Fès-Meknès,1,Ras El Oued,0.435,Karia Ba Mohamed,0.857,Moulay Yacoub,97.54575707154743,False,
1238,karia ba ahmd,Taounate,Fès-Meknès,1,Aïn Aïcha,0.455,Karia Ba Mohamed,0.828,Moulay Yacoub,97.56655574043262,False,
1239,Corona,Driouch,Oriental,1,Ourdana,0.615,Ourdana,0.615,Driouch,97.5873544093178,False,
1240,Coelma,Tétouan,Tanger-Tétouan-Al Hoceïma,1,Oued Laou,0.533,Goulmima,0.571,Errachidia,97.60815307820299,False,
1241,jnan ward,Fès,Fès-Meknès,1,Ain Kansra,0.421,Ain Harrouda,0.571,Médiouna,97.62895174708818,False,
1242,jmaat abdellah,Al Haouz,Marrakech-Safi,1,Tameslouht,0.167,Ait Abdellah,0.846,Chtouka-Aït Baha,97.64975041597337,False,
1243,izourka,Tinghir,Drâa-Tafilalet,1,Outerbat,0.533,Ourika,0.769,Al Haouz,97.67054908485856,False,
1244,nakhla,Tétouan,Tanger-Tétouan-Al Hoceïma,1,Azla,0.6,Dakhla,0.833,Oued Ed-Dahab,97.69134775374376,False,
1245,Cite Scolaire,Tétouan,Tanger-Tétouan-Al Hoceïma,1,Bni Said,0.476,Ain Chair,0.364,Figuig,97.71214642262895,False,
1246,my abdelkrim,Taounate,Fès-Meknès,1,Moulay Ahmed Cherif,0.516,Moulay Abdelkrim,0.857,Moulay Yacoub,97.73294509151414,False,
1247,my abdelkader,Sidi Kacem,Rabat-Salé-Kénitra,1,Sidi Kacem,0.348,Moulay Abdelkader,0.867,Ouezzane,97.75374376039933,False,
1248,municipalité nador,Nador,Oriental,1,Nador,0.435,Sidi Ali Ben Hamdouche,0.5,El Jadida,97.77454242928452,False,
1249,moujjou,Sefrou,Fès-Meknès,1,Ahermoumou,0.588,Boujdour,0.667,Boujdour,97.79534109816971,False,
1250,moqrisat,Ouezzane,Tanger-Tétouan-Al Hoceïma,1,Brikcha,0.4,Moqrisset,0.824,Chefchaouen,97.8161397670549,False,
1251,mirna,Tinghir,Drâa-Tafilalet,1,Imider,0.545,Smià,0.667,Taza,97.8369384359401,False,
1252,mezguitem,Taza,Fès-Meknès,1,El Gouzate,0.421,Mezguita,0.824,Ouarzazate,97.85773710482529,False,
1253,Chourfa,Fquih Ben Salah,Béni Mellal-Khénifra,1,Tachraft,0.533,Chouafaa,0.8,Larache,97.87853577371048,False,
1254,Chjahaid baha,Sefrou,Fès-Meknès,1,Ahl Sidi Lahcen,0.5,Ait Baha,0.667,Chtouka-Aït Baha,97.89933444259567,False,
1255,menzel,Sefrou,Fès-Meknès,1,El Menzel,0.8,El Menzel,0.8,Sefrou,97.92013311148087,False,
1256,"Chatre III,Ait Taoukte",Agadir-Ida Ou Tanane,Souss-Massa,1,Ida Ou Kazzou,0.286,Tataoute,0.467,Taroudant,97.94093178036606,False,
1257,marnissa,Taounate,Fès-Meknès,1,Tissa,0.615,Massa,0.769,Tiznit,97.96173044925125,False,
1258,Douar Chaoui Onarqui,El Kelâa des Sraghna,Marrakech-Safi,1,Oulad Cherki,0.438,Dar Chaoui,0.667,Tanger-Assilah,97.98252911813644,False,
1259,lharte,Tinghir,Drâa-Tafilalet,1,Aït Elfarsi,0.353,Lahdar,0.667,Youssoufia,98.00332778702163,False,
1260,Douar Bouzgar Sidi Boushab,Agadir-Ida Ou Tanane,Souss-Massa,1,Ait Aissi Ihahane,0.372,Sidi Boushab,0.632,Chtouka-Aït Baha,98.02412645590682,False,
1261,regragua,Essaouira,Marrakech-Safi,1,Sidi Aissa Regragui,0.519,Reggada,0.667,Tiznit,98.04492512479202,False,
1262,regraga,Al Haouz,Marrakech-Safi,1,Agafay,0.462,Reggada,0.714,Tiznit,98.06572379367721,False,
1263,rass lma,Nador,Oriental,1,Hassi Berkane,0.476,Ras El Ma,0.824,Berkane,98.0865224625624,False,
1264,rahouana,Nador,Oriental,1,Selouane,0.5,Lahouaza,0.75,Settat,98.10732113144759,False,
1265,qd ben aouda,Kénitra,Rabat-Salé-Kénitra,1,Ben Mansour,0.609,Kariat Ben Aouda,0.714,Ouezzane,98.12811980033278,False,
1266,ouledamghar,Driouch,Oriental,1,Ourdana,0.556,Oulad Amghar,0.87,Al Hoceïma,98.14891846921797,False,
1267,oued fes,Fès,Fès-Meknès,1,Fès,0.545,Oued Zem,0.75,Khouribga,98.16971713810317,False,
1268,oued Kasaba,Taounate,Fès-Meknès,1,Oued Jemaa,0.667,Ouled Aissa,0.727,Taroudant,98.19051580698836,False,
1269,Douar Bahi,Azilal,Béni Mellal-Khénifra,1,Zaouiat Ahansal,0.48,Moulay Brahim,0.696,Al Haouz,98.21131447587355,False,
1270,omyache,Tinghir,Drâa-Tafilalet,1,Imilchil,0.4,Rouached,0.667,Fquih Ben Salah,98.23211314475874,False,
1271,oled mhala,Taroudant,Souss-Massa,1,Ouled Aissa,0.667,Oued Malha,0.7,Chefchaouen,98.25291181364393,False,
1272,oled bouchair,Settat,Casablanca-Settat,1,Oulad Abbou,0.583,Oulad Boughadi,0.741,Khouribga,98.27371048252911,False,
1273,oled bouaziri,Settat,Casablanca-Settat,1,Oulad Abbou,0.583,Oulad Bourima,0.692,Taza,98.2945091514143,False,
1274,Douar Asserssif,Agadir-Ida Ou Tanane,Souss-Massa,1,Aqesri,0.286,Moulay Aissa Ben Driss,0.595,Azilal,98.3153078202995,False,
1275,o ghalem,Settat,Casablanca-Settat,1,Toualet,0.533,Ouled Ghanem,0.7,Sidi Bennour,98.33610648918469,False,
1276,sidi kamel,Larache,Tanger-Tétouan-Al Hoceïma,1,Sidi Lyamani,0.636,Sidi Al Kamel,0.87,Sidi Slimane,98.35690515806988,False,
1277,Douar Ait Bousset,Chtouka-Aït Baha,Souss-Massa,1,Arbaa Aït Ahmed,0.5,Oulad Ali Youssef,0.706,Boulemane,98.37770382695507,False,
1278,Douar Agafay,Agadir-Ida Ou Tanane,Souss-Massa,1,Adaghas,0.421,Dar Jamaa,0.667,Al Haouz,98.39850249584026,False,
1279,sidi ahmed tadli,Meknès,Fès-Meknès,1,Oued Jdida,0.308,Sidi Ahmed El Khadir,0.778,El Kelâa des Sraghna,98.41930116472545,False,
1280,sidi ahmed hamed,Essaouira,Marrakech-Safi,1,Sidi H'Mad Ou Hamed,0.743,Sidi H'Mad Ou Hamed,0.743,Essaouira,98.44009983361065,False,
1281,sidi A Tadeli Lalal yaza,Sefrou,Fès-Meknès,1,Dar El Hamra,0.389,Sidi Allal Tazi,0.667,Kénitra,98.46089850249584,False,
1282,sidi A Tadeli,Sefrou,Fès-Meknès,1,Ahl Sidi Lahcen,0.5,Sidi Al Kamel,0.769,Sidi Slimane,98.48169717138103,False,
1283,sghanghan,Nador,Oriental,1,Zeghanghane,0.8,Zeghanghane,0.8,Nador,98.50249584026622,False,
1284,"Douar Afa, Azrarague",Agadir-Ida Ou Tanane,Souss-Massa,1,Ida Ou Kazzou,0.424,Ouarzazate,0.533,Ouarzazate,98.52329450915141,False,
1285,DiourEssalam,Sidi Kacem,Rabat-Salé-Kénitra,1,Zirara,0.444,Sidi Moussa Lhamri,0.667,Taroudant,98.5440931780366,False,
1286,Diour sabone,Al Haouz,Marrakech-Safi,1,Ouirgane,0.6,Douirane,0.7,Chichaoua,98.5648918469218,False,
1287,sebte tafraoutene,Taroudant,Souss-Massa,1,Tafraouten,0.741,Tafraouten,0.741,Taroudant,98.58569051580699,False,
1288,Demna,Taounate,Fès-Meknès,1,Oued Jemaa,0.533,Demnate,0.833,Azilal,98.60648918469218,False,
1289,sais,Fès,Fès-Meknès,1,Ain Kansra,0.429,Assais,0.8,Taroudant,98.62728785357737,False,
1290,sahel,Tiznit,Souss-Massa,1,Arbaa Sahel,0.625,Salé,0.667,Salé,98.64808652246256,False,
1291,saghro,Tinghir,Drâa-Tafilalet,1,Tinghir,0.462,Maghraoua,0.667,Taza,98.66888519134775,False,
1292,tazakhte,Tinghir,Drâa-Tafilalet,1,Taghzoute N'Ait Atta,0.357,Taznakht,0.875,Ouarzazate,98.68968386023295,False,
1293,taynza,Tinghir,Drâa-Tafilalet,1,Tinejdad,0.286,Taza,0.8,Taza,98.71048252911814,False,
1294,tassouit,Tinghir,Drâa-Tafilalet,1,Assoul,0.714,Tassousfi,0.824,Tata,98.73128119800333,False,
1295,tasouite,Tinghir,Drâa-Tafilalet,1,Assoul,0.571,Tagounite,0.824,Zagora,98.75207986688852,False,
1296,De Passage,Ouarzazate,Drâa-Tafilalet,1,Idelsane,0.556,Sidi Aissa,0.6,Safi,98.77287853577371,False,
1297,tarmouchte,Tinghir,Drâa-Tafilalet,1,Outerbat,0.444,Tabaroucht,0.8,Béni Mellal,98.7936772046589,False,
1298,De Passage,Agadir-Ida Ou Tanane,Souss-Massa,1,Ait Aissi Ihahane,0.444,Sidi Aissa,0.6,Safi,98.8144758735441,False,
1299,taoujtat,El Hajeb,Fès-Meknès,1,Agourai,0.533,Tazouta,0.8,Sefrou,98.83527454242929,False,
1300,taouima,Nador,Oriental,1,Al Aroui,0.533,Touama,0.769,Marrakech,98.85607321131448,False,
1301,Dchar Ben Dibane,Larache,Tanger-Tétouan-Al Hoceïma,1,Ksar el-Kebir,0.345,Dar El Kebdani,0.533,Driouch,98.87687188019967,False,
1302,Douar sidi saoud,Taounate,Fès-Meknès,1,Oulad Daoud,0.667,Ait Sidi Daoud,0.733,Marrakech,98.89767054908486,False,
1303,tamlalte,Tinghir,Drâa-Tafilalet,1,Imilchil,0.375,Tamallalt,0.824,El Kelâa des Sraghna,98.91846921797006,False,
1304,takkad,Chtouka-Aït Baha,Souss-Massa,1,Tabia,0.545,Akka,0.8,Tata,98.93926788685525,False,
1305,Douar ouled salem ain gdah,Taounate,Fès-Meknès,1,Oued Jemaa,0.5,Dar Oulad Zidouh,0.571,Fquih Ben Salah,98.96006655574043,False,
1306,Douar dar lakhchab,Moulay Yacoub,Fès-Meknès,1,Bouchabel,0.444,Oued Lakhdar,0.6,El Kelâa des Sraghna,98.98086522462562,False,
1307,"sidi med b,lahcen",Taounate,Fès-Meknès,1,Sidi M'Hamed Ben Lahcen,0.8,Sidi M'Hamed Ben Lahcen,0.8,Taounate,99.00166389351081,False,
1308,A S jbel olia,Tinghir,Drâa-Tafilalet,1,Ait Sedrate Jbel El Oulia,0.684,Ait Sedrate Jbel El Oulia,0.684,Tinghir,99.022462562396,False,
1309,A S jbel,Tinghir,Drâa-Tafilalet,1,Ait Sedrate Jbel El Oulia,0.485,Bni Sidel Jbel,0.636,Nador,99.04326123128119,False,
1310,A S gbel sofla,Tinghir,Drâa-Tafilalet,1,Ait Sedrate Jbel El Soufla,0.65,Ait Sedrate Jbel El Soufla,0.65,Tinghir,99.06405990016638,False,
1311,A S Scharkia,Tinghir,Drâa-Tafilalet,1,Ait Sedrate Sahl Charkia,0.667,Assaki,0.667,Al Haouz,99.08485856905158,False,
1312,Douar bni zgyiene,Taounate,Fès-Meknès,1,Bni Rzine,0.615,Bni Rzine,0.615,Taounate,99.10565723793677,False,
1313,A S S charkia,Tinghir,Drâa-Tafilalet,1,Ait Sedrate Sahl Charkia,0.703,Ait Sedrate Sahl Charkia,0.703,Tinghir,99.12645590682196,False,
1314,A S Jbel olia,Tinghir,Drâa-Tafilalet,1,Ait Sedrate Jbel El Oulia,0.684,Ait Sedrate Jbel El Oulia,0.684,Tinghir,99.14725457570715,False,
1315,Douar amghizide,Azilal,Béni Mellal-Khénifra,1,Zaouiat Ahansal,0.4,Oulad Amghar,0.593,Al Hoceïma,99.16805324459234,False,
1316,A S J soufla,Tinghir,Drâa-Tafilalet,1,Ferkla Es-Soufla,0.714,Ferkla Es-Soufla,0.714,Tinghir,99.18885191347754,False,
1317,Douar ait ichout,Sefrou,Fès-Meknès,1,Aït Seghrouchen,0.387,Ait Ichou,0.72,Khemisset,99.20965058236273,False,
1318,"Douar Tahchoucht, Tamraght",Agadir-Ida Ou Tanane,Souss-Massa,1,Ida Ou Kazzou,0.308,Houara Oulad Raho,0.372,Guercif,99.23044925124792,False,
1319,tighmatine,Tinghir,Drâa-Tafilalet,1,Tilmi,0.533,Tighmi,0.75,Tiznit,99.25124792013311,False,
1320,Douar Skhira moulay bouchta,Taounate,Fès-Meknès,1,Bni Bouchibet,0.4,Moulay Bouchta,0.683,Moulay Yacoub,99.2720465890183,False,
1321,Douar Matil,Chichaoua,Marrakech-Safi,1,Oulad M'Rabet,0.583,Dar Jamaa,0.6,Al Haouz,99.2928452579035,False,
1322,Douar Lhouari,Sidi Kacem,Rabat-Salé-Kénitra,1,Oulad Nouel,0.5,Dar Chaoui,0.696,Tanger-Assilah,99.31364392678869,False,
1323,tazintest,Taroudant,Souss-Massa,1,Tizi N'Test,0.8,Tizi N'Test,0.8,Taroudant,99.33444259567388,False,
1324,,Chtouka-Aït Baha,Souss-Massa,1,Toumliline,0.0,,0.0,,99.35524126455907,False,
1325,,Tiznit,Souss-Massa,1,Tnine Aglou,0.0,,0.0,,99.37603993344426,False,
1326,Douar Lazrak,Inezgane-Aït Melloul,Souss-Massa,1,Ouad Essafa,0.522,Dar El Hamra,0.667,Sefrou,99.39683860232945,False,
1327,Douar Ibzazn,Al Hoceïma,Tanger-Tétouan-Al Hoceïma,1,Rouadi,0.444,Ouarzazate,0.636,Ouarzazate,99.41763727121464,False,
1328,,Taroudant,Souss-Massa,1,Zaouia Sidi Tahar,0.0,,0.0,,99.43843594009984,False,
1329,Douar Elmchaâ oudka,Taounate,Fès-Meknès,1,Ras El Oued,0.533,Dar Chaoui,0.621,Tanger-Assilah,99.45923460898503,False,
1330,Douar Elhomane,Inezgane-Aït Melloul,Souss-Massa,1,Ouad Essafa,0.48,Oulad El Garne,0.643,El Kelâa des Sraghna,99.48003327787022,False,
1331,Elguenzra,Khemisset,Rabat-Salé-Kénitra,1,El Kansera,0.526,El Guerdane,0.6,Taroudant,99.50083194675541,False,
1332,,Sidi Kacem,Rabat-Salé-Kénitra,1,Zirara,0.0,,0.0,,99.5216306156406,False,
1333,,Sefrou,Fès-Meknès,1,Tazouta,0.0,,0.0,,99.5424292845258,False,
1334,,Safi,Marrakech-Safi,1,Talmest,0.0,,0.0,,99.56322795341099,False,
1335,El wahda,Taza,Fès-Meknès,1,Outat El Haj,0.4,Lahdar,0.714,Youssoufia,99.58402662229618,False,
1336,El bahri,Nador,Oriental,1,Al Aroui,0.625,El Aamria,0.706,El Kelâa des Sraghna,99.60482529118137,False,
1337,zgangan,Nador,Oriental,1,Zeghanghane,0.778,Zeghanghane,0.778,Nador,99.62562396006656,False,
1338,zegota,Sidi Kacem,Rabat-Salé-Kénitra,1,Zaggota,0.769,Zaggota,0.769,Sidi Kacem,99.64642262895175,False,
1339,15 Gar,Taza,Fès-Meknès,1,Ras Laksar,0.375,M'Garto,0.615,Khouribga,99.66722129783693,False,
1340,El Yasmine,Sidi Kacem,Rabat-Salé-Kénitra,1,Ain Jemaa,0.421,Lahsinate,0.632,Essaouira,99.68801996672212,False,
1341,El Qods,El Kelâa des Sraghna,Marrakech-Safi,1,El Marbouh,0.471,El Mers,0.571,Boulemane,99.70881863560732,False,
1342,,Chefchaouen,Tanger-Tétouan-Al Hoceïma,1,Tizgane,0.0,,0.0,,99.7296173044925,False,
1343,El Hana,El Kelâa des Sraghna,Marrakech-Safi,1,El Aamria,0.625,El Hanchane,0.778,Essaouira,99.7504159733777,False,
1344,,Boulemane,Fès-Meknès,1,Talzemt,0.0,,0.0,,99.77121464226289,False,
1345,A S J oulia,Tinghir,Drâa-Tafilalet,1,Ferkla El Oulia,0.615,Rass Oumlil,0.636,Tan-Tan,99.79201331114808,False,
1346,A H yahya,Tinghir,Drâa-Tafilalet,1,Aït Hani,0.471,Ait Yahya,0.778,Midelt,99.81281198003327,False,
1347,El Bassatine,Meknès,Fès-Meknès,1,Mrhassiyine,0.522,El Bibane,0.667,Taounate,99.83361064891847,False,
1348,Ehahane,Essaouira,Marrakech-Safi,1,El Hanchane,0.778,Zeghanghane,0.778,Nador,99.85440931780366,False,
1349,7eme BISI,Taza,Fès-Meknès,1,Msila,0.429,Mesti,0.429,Sidi Ifni,99.87520798668885,False,
1350,7Eme Bsi Melitaire,Taza,Fès-Meknès,1,Msila,0.435,Ameur Seflia,0.533,Kénitra,99.89600665557404,False,
1351,7Eme Bsi,Taza,Fès-Meknès,1,Msila,0.462,Mesti,0.615,Sidi Ifni,99.91680532445923,False,
1352,6éme BSI,Taza,Fès-Meknès,1,Msila,0.462,Mesti,0.615,Sidi Ifni,99.93760399334442,False,
1353,Dr lagraa,Rehamna,Marrakech-Safi,1,Sidi Ali Labrahla,0.538,Dar Jamaa,0.667,Al Haouz,99.95840266222962,False,
1354,15Eme Gare,Taza,Fès-Meknès,1,El Gouzate,0.5,M'Garto,0.588,Khouribga,99.97920133111481,False,
1355,hamria,Ouezzane,Tanger-Tétouan-Al Hoceïma,1,Lamrabih,0.571,Lamrija,0.769,Guercif,100.0,False,
