rang,Commune,Province,n_cas,suggestion_meme_province,score_meme_province,suggestion_globale,score_globale,province_suggestion_globale,cumsum_pct,DECISION_HUMAINE
1,Lamzem,El Kelâa des Sraghna,28,Oulad Amer,0.5,Talzemt,0.615,Boulemane,1.0104655359076147,
2,Bourmane,Ouarzazate,23,Toundoute,0.471,Boulemane,0.824,Boulemane,1.8404907975460123,
3,ait tazarine,Tinghir,22,Aït Elfarsi,0.609,Tazarine,0.8,Taza,2.634428004330567,
4,Ghdira Hamra,Béni Mellal,22,Sidi Hammadi,0.583,Al Hamra,0.7,Chefchaouen,3.428365211115121,
5,Bouachiba,Azilal,20,Ouaoula,0.5,Boughriba,0.778,Berkane,4.150126308191989,
6,Boutaghrar,Tinghir,19,Outerbat,0.444,Boughriba,0.737,Berkane,4.835799350415012,
7,Skour,Boulemane,18,Missour,0.667,Meskoura,0.769,Khouribga,5.485384337784193,
8,Tassouit,Tinghir,18,Assoul,0.714,Tassousfi,0.824,Tata,6.134969325153374,
9,Tassouite,Tinghir,17,Assoul,0.667,Tassousfi,0.778,Tata,6.748466257668712,
10,Chahid Baha,Sefrou,17,Ahl Sidi Lahcen,0.538,Ait Baha,0.737,Chtouka-Aït Baha,7.361963190184049,
11,""" """,Taounate,17,M'tioua,0.2,N'Kob,0.25,Tinghir,7.975460122699387,
12,Ait tazarine,Tinghir,17,Aït Elfarsi,0.609,Tazarine,0.8,Taza,8.588957055214724,
13,Tislit,Azilal,15,Tisqi,0.727,Tiglit,0.833,Guelmim,9.130277878022374,
14,Bani Saden,Sefrou,15,Aït Seghrouchen,0.48,Bni Said,0.778,Tétouan,9.671598700830025,
15,Fariata,Béni Mellal,14,Had Bradia,0.471,Fraita,0.769,El Kelâa des Sraghna,10.176831468783833,
16,"S,A,B,B",Azilal,14,Aït Abbas,0.125,Sabbah,0.615,Skhirate-Témara,10.68206423673764,
17,Mzem,El Kelâa des Sraghna,13,Zemrane,0.545,Zemrane,0.545,El Kelâa des Sraghna,11.151208949837605,
18,Timolilte,Azilal,13,Imlil,0.714,Timoulilt,0.889,Béni Mellal,11.620353662937568,
19,Beni Sadden,Sefrou,13,Aït Seghrouchen,0.154,Bni Said,0.737,Tétouan,12.08949837603753,
20,Tdili,Azilal,12,Tisqi,0.6,Tilmi,0.8,Tinghir,12.522555034283652,
21,boutghrar,Tinghir,12,Outerbat,0.588,Boughriba,0.778,Berkane,12.955611692529773,
22,Iaazazen,Nador,12,Iaazzanene,0.778,Iaazzanene,0.778,Nador,13.388668350775893,
23,Aderj,Sefrou,12,Ahermoumou,0.4,Adrej,0.8,Boulemane,13.821725009022014,
24,Kouacem,Fquih Ben Salah,11,Rouached,0.667,Kouzemt,0.714,Essaouira,14.218693612414292,
25,My Bouchta,Taounate,11,Bni Bouchibet,0.609,Moulay Bouchta,0.833,Moulay Yacoub,14.615662215806568,
26,"A,Chefk",Al Haouz,11,Ahl Tifnoute,0.316,Tancherfi,0.625,Jerada,15.012630819198845,
27,Tirest,Azilal,11,Tisqi,0.545,Tiflet,0.667,Khemisset,15.409599422591123,
28,Yasmine,Sidi Kacem,11,Ain Jemaa,0.5,Lahsinate,0.625,Essaouira,15.806568025983399,
29,kabdani,Driouch,11,Dar El Kebdani,0.571,Tabant,0.615,Azilal,16.203536629375677,
30,Iminoulaouen,Ouarzazate,11,Toundoute,0.476,Imi N'Oulaoune,0.846,Azilal,16.600505232767954,
31,Ighilamgone,Tinghir,11,Kalaat M'Gouna,0.48,Ighil N'Oumgoun,0.692,Azilal,16.997473836160232,
32,Tibihit,Béni Mellal,10,Taghzirt,0.4,Tighirt,0.714,Tiznit,17.358354384698664,
33,Neknafa,Essaouira,10,Meskala,0.571,Tekna,0.667,Sidi Kacem,17.7192349332371,
34,lekhmiss,Tinghir,10,Souk Lakhmis Dades,0.538,Khémisset,0.706,Khemisset,18.080115481775533,
35,"A,Mediona",Taounate,10,Ain Mediouna,0.762,Médiouna,0.824,Nouaceur,18.440996030313965,
36,Boujediane,Larache,10,Souaken,0.471,Bou Jedyane,0.857,Ouezzane,18.8018765788524,
37,Bani saden,Sefrou,10,Aït Seghrouchen,0.48,Bni Said,0.778,Tétouan,19.162757127390833,
38,Ourbiaa,Béni Mellal,10,Naour,0.5,Ourika,0.769,Al Haouz,19.52363767592927,
39,tassouite,Tinghir,9,Assoul,0.667,Tassousfi,0.778,Tata,19.84843016961386,
40,Mesker,Sidi Kacem,9,Sidi Kacem,0.125,Meskoura,0.714,Khouribga,20.17322266329845,
41,Tisi ousli,Taza,9,Oued Amlil,0.4,Tizi Ouzli,0.8,Driouch,20.498015156983037,
42,"B,Oulid",Taounate,9,Bni Oulid,0.75,Bni Oulid,0.75,Taounate,20.822807650667627,
43,Bouzmlne,Taza,9,Bouyablane,0.667,Boulemane,0.706,Boulemane,21.147600144352218,
44,Kansara,Moulay Yacoub,9,Laajajra,0.533,Mkansa,0.769,Sidi Kacem,21.47239263803681,
45,Ait guirte,Azilal,9,Ait Taguella,0.636,Ait Ourir,0.737,Marrakech,21.7971851317214,
46,Amsa,Tétouan,9,Azla,0.5,Assa,0.75,Assa-Zag,22.12197762540599,
47,Lakhemis,Tinghir,9,Souk Lakhmis Dades,0.538,Khémisset,0.706,Khemisset,22.44677011909058,
48,Ain Doreij,Ouezzane,9,Ain Dfali,0.632,Aïn Orma,0.667,Meknès,22.77156261277517,
49,Assg,Tinghir,8,Assoul,0.6,Assa,0.75,Assa-Zag,23.06026705160592,
50,Zaouia,Sidi Kacem,8,Zaggota,0.615,Mzoudia,0.769,Chichaoua,23.348971490436664,
51,Taouloklot,Chichaoua,8,Taouloukoult,0.818,Taouloukoult,0.818,Chichaoua,23.637675929267413,
52,Tizqui,Azilal,8,Tisqi,0.727,Tisqi,0.727,Azilal,23.926380368098158,
53,Beni hassen,Azilal,8,Bni Hassane,0.818,Bni Hassane,0.818,Azilal,24.215084806928907,
54,Daour Jdid,Fquih Ben Salah,8,Dar Oulad Zidouh,0.538,Oued Jdida,0.7,Meknès,24.503789245759652,
55,El Kelaa,El Kelâa des Sraghna,8,El Aamria,0.588,Hel Merbaa,0.667,Fquih Ben Salah,24.7924936845904,
56,Ouad Elbour,Chichaoua,8,Oued L'Bour,0.818,Oued L'Bour,0.818,Chichaoua,25.081198123421146,
57,"Od, Naceur",Fquih Ben Salah,8,Oulad Nacer,0.762,Oulad Nacer,0.762,Fquih Ben Salah,25.369902562251895,
58,Sahraoua,Sidi Kacem,8,Bab Tiouka,0.444,Maghraoua,0.824,Taza,25.658607001082643,
59,S K,Sidi Kacem,8,Sidi Kacem,0.462,Saka,0.571,Guercif,25.94731143991339,
60,tabrkhachte,Tinghir,7,Souk Lakhmis Dades,0.345,Tamchachate,0.727,El Hajeb,26.19992782389029,
61,ait yassine,Tinghir,7,Ait Ouassif,0.727,Ait Yadine,0.857,Khemisset,26.452544207867195,
62,hanchan,Essaouira,7,El Hanchane,0.778,El Hanchane,0.778,Essaouira,26.7051605918441,
63,imzilne,Tinghir,7,Imider,0.615,Idmine,0.769,Agadir-Ida Ou Tanane,26.957776975821,
64,Tikiouine,Agadir-Ida Ou Tanane,7,Imsouane,0.588,Tizounine,0.778,Tata,27.21039335979791,
65,Sebbab,Taza,7,Smià,0.4,Assebbab,0.857,Guercif,27.463009743774812,
66,Chtioui,Fquih Ben Salah,7,Bni Oukil,0.5,Tiouli,0.769,Jerada,27.715626127751715,
67,Somaa,Béni Mellal,7,Oulad Gnaou,0.375,Smara,0.8,Es-Semara,27.96824251172862,
68,Lakhmiss Dadès,Ouarzazate,7,Ghassate,0.455,Souk Lakhmis Dades,0.812,Tinghir,28.220858895705522,
69,Menara,Al Haouz,7,Amghras,0.462,Mnasra,0.833,Kénitra,28.473475279682425,
70,S Y B Z,Taounate,7,Sidi Yahya Bni Zeroual,0.483,Sidi Yahya Bni Zeroual,0.483,Taounate,28.72609166365933,
71,"Q,militaire",Taza,7,Msila,0.5,Mzilate,0.556,Chichaoua,28.978708047636232,
72,Ighilnoumgoune,Tinghir,7,Ikniouen,0.455,Ighil N'Oumgoun,0.897,Azilal,29.231324431613135,
73,Dar kebdani,Nador,7,Arekmane,0.526,Dar El Kebdani,0.88,Driouch,29.48394081559004,
74,Bab Wandar,Taounate,7,Jbabra,0.5,Bab Taza,0.667,Chefchaouen,29.736557199566942,
75,Beni sadden,Sefrou,7,Aït Seghrouchen,0.154,Bni Said,0.737,Tétouan,29.989173583543845,
76,Hsseya,Tinghir,7,Toudgha Essoufla,0.364,H'Ssyia,0.769,Zagora,30.241789967520752,
77,Sk,Sidi Kacem,6,Sidi Kacem,0.333,Saka,0.667,Guercif,30.45831829664381,
78,amajaw,Driouch,6,Amejjaou,0.571,Majjat,0.667,Chichaoua,30.67484662576687,
79,Tizentest,Taroudant,6,Tizi N'Test,0.8,Tizi N'Test,0.8,Taroudant,30.89137495488993,
80,slilou,Tinghir,6,Assoul,0.5,Smimou,0.667,Essaouira,31.10790328401299,
81,"s,redouane",Ouezzane,6,Sidi Redouane,0.783,Sidi Redouane,0.783,Ouezzane,31.324431613136053,
82,A S Jbel sofla,Tinghir,6,Ait Sedrate Jbel El Soufla,0.7,Ait Sedrate Jbel El Soufla,0.7,Tinghir,31.54095994225911,
83,"A,chefk",Al Haouz,6,Ahl Tifnoute,0.316,Tancherfi,0.625,Jerada,31.757488271382172,
84,Ghar Nhal,Béni Mellal,6,Had Bradia,0.421,Hjar Ennhal,0.8,Tanger-Assilah,31.974016600505234,
85,Ghorm El Alem,Béni Mellal,6,Foum El Anceur,0.593,Laghoualem,0.609,Benslimane,32.190544929628295,
86,M.B.Mellal,Béni Mellal,6,Beni Mellal,0.667,Beni Mellal,0.667,Béni Mellal,32.40707325875135,
87,Municipalité,Tétouan,6,Mallalienne,0.435,Mzilate,0.526,Chichaoua,32.62360158787441,
88,Ras Alma,Moulay Yacoub,6,Moulay Abdelkrim,0.417,Ras El Ma,0.824,Berkane,32.840129916997476,
89,"S,Redoune",Ouezzane,6,Sidi Redouane,0.727,Sidi Redouane,0.727,Ouezzane,33.056658246120534,
90,O Akalay,Agadir-Ida Ou Tanane,6,Adaghas,0.4,Saadla,0.571,Safi,33.27318657524359,
91,"Bouzemlane,c",Taza,6,Bouyablane,0.636,Boulemane,0.762,Boulemane,33.48971490436666,
92,Bin jradi,Taza,6,Bab Boudir,0.421,Bir Jdid,0.706,Nouaceur,33.706243233489715,
93,Bouazayer,Azilal,6,Taounza,0.5,Ouazzane,0.706,Ouezzane,33.92277156261277,
94,Boutaghrar,Fquih Ben Salah,6,Tachraft,0.556,Boughriba,0.737,Berkane,34.13929989173584,
95,B.bouayach,Al Hoceïma,6,Bni Bouayach,0.818,Bni Bouayach,0.818,Al Hoceïma,34.355828220858896,
96,B.Mellal,Béni Mellal,6,Beni Mellal,0.737,Beni Mellal,0.737,Béni Mellal,34.572356549981954,
97,B.Bouayach,Al Hoceïma,6,Bni Bouayach,0.818,Bni Bouayach,0.818,Al Hoceïma,34.78888487910502,
98,Ajdir,Taza,6,Bab Boudir,0.533,Ajdir 2,0.833,Al Hoceïma,35.00541320822808,
99,Al wahda,Taza,6,Outat El Haj,0.4,Lahdar,0.714,Youssoufia,35.221941537351135,
100,tighrmatine,Tinghir,5,Tilmi,0.5,Ighzrane,0.737,Taza,35.40238181162035,
101,kansara,Moulay Yacoub,5,Laajajra,0.533,Mkansa,0.769,Sidi Kacem,35.58282208588957,
102,Ait Tazarin,Tinghir,5,Aït Elfarsi,0.636,Tazarine,0.737,Taza,35.76326236015879,
103,Kabdani,Driouch,5,Dar El Kebdani,0.571,Tabant,0.615,Azilal,35.94370263442801,
104,Kelaa,El Kelâa des Sraghna,5,El Aamria,0.571,Melaab,0.727,Errachidia,36.12414290869722,
105,ait brahim,Tinghir,5,Aït Hani,0.667,Ait Baha,0.778,Chtouka-Aït Baha,36.30458318296644,
106,Dhar,Essaouira,5,Had Dra,0.545,Adar,0.75,Tata,36.485023457235656,
107,sekoura,Sefrou,5,Sefrou,0.615,Meskoura,0.8,Khouribga,36.66546373150487,
108,Al quods,Taza,5,Bab Boudir,0.444,Al Oued,0.667,Chefchaouen,36.84590400577409,
109,Al ouhda,Taza,5,El Gouzate,0.556,Al Oued,0.8,Chefchaouen,37.026344280043304,
110,H K,Sidi Kacem,5,Sidi Kacem,0.308,N'Kob,0.5,Tinghir,37.20678455431252,
111,Taghgigt,Guelmim,5,Tiglit,0.571,Taghzirt,0.75,Béni Mellal,37.387224828581736,
112,Bibane,Taounate,5,El Bibane,0.8,El Bibane,0.8,Taounate,37.56766510285096,
113,Taouima,Nador,5,Al Aroui,0.533,Touama,0.769,Marrakech,37.748105377120176,
114,"A,Maatouf",Taounate,5,Ain Maatouf,0.8,Ain Maatouf,0.8,Taounate,37.92854565138939,
115,A.Medouna,Taounate,5,Ain Mediouna,0.762,Médiouna,0.824,Nouaceur,38.10898592565861,
116,A.Y.Ouali,Al Hoceïma,5,Rouadi,0.533,Oualili,0.625,Meknès,38.289426199927824,
117,Beni Garfat,Larache,5,Bni Garfett,0.818,Bni Garfett,0.818,Larache,38.46986647419704,
118,A.Taourirt,Al Hoceïma,5,Arbaa Taourirt,0.75,Taourirt,0.889,Taourirt,38.65030674846626,
119,Bouzmlane,Taza,5,Bouyablane,0.737,Boulemane,0.778,Boulemane,38.83074702273547,
120,Bssabssa,Taounate,5,Messassa,0.75,Messassa,0.75,Taounate,39.01118729700469,
121,Farkhana,Nador,5,Arekmane,0.625,Argana,0.714,Taroudant,39.191627571273905,
122,Menara,Chichaoua,5,Majjat,0.5,Mnasra,0.833,Kénitra,39.37206784554313,
123,Oulad Harti,Larache,5,Oulad Ouchih,0.696,Oulad Chrif,0.818,Taza,39.552508119812344,
124,Rhouazi,Taounate,5,Rghioua,0.714,Ghouazi,0.857,Moulay Yacoub,39.73294839408156,
125,B.E.O,Azilal,5,Bin El Ouidane,0.316,Bzou,0.444,El Kelâa des Sraghna,39.91338866835078,
126,c boumalne,Tinghir,5,Boumalne Dadès,0.667,Boulemane,0.737,Boulemane,40.09382894261999,
127,Ait Atab,Azilal,5,Aït Abbas,0.706,Ait Taleb,0.824,Rehamna,40.27426921688921,
128,Alouahda,Taza,4,Oulad Zbair,0.526,Lounasda,0.75,El Kelâa des Sraghna,40.41862143630458,
129,"A,Aicha",Taounate,4,Aïn Aïcha,0.75,Ayacha,0.769,Larache,40.56297365571996,
130,Bkakcha,Settat,4,Dar Chaffai,0.444,Brikcha,0.714,Ouezzane,40.70732587513533,
131,"A,Mediouna",Taounate,4,Ain Mediouna,0.818,Médiouna,0.889,Nouaceur,40.85167809455071,
132,Skoura,Taounate,4,Ourtzagh,0.571,Meskoura,0.857,Khouribga,40.996030313966074,
133,AS jberl,Tinghir,4,Assoul,0.429,Sidi Jaber,0.667,Béni Mellal,41.14038253338145,
134,Ait h said,Tinghir,4,Aït Hani,0.778,Ait Said,0.889,Essaouira,41.28473475279682,
135,Beni Aros,Larache,4,Bni Garfett,0.6,Bni Arouss,0.842,Tétouan,41.4290869722122,
136,Babmrouj,Taza,4,Bab Marzouka,0.7,Bab Marzouka,0.7,Taza,41.57343919162757,
137,Binlwidane,Azilal,4,Bin El Ouidane,0.75,Bin El Ouidane,0.75,Azilal,41.717791411042946,
138,Hajra,Béni Mellal,4,Had Bradia,0.533,Anjra,0.8,Fahs-Anjra,41.86214363045832,
139,Ighilamgoune,Tinghir,4,Kalaat M'Gouna,0.538,Ighil N'Oumgoun,0.741,Azilal,42.006495849873694,
140,Hcia,Tinghir,4,M'Ssici,0.364,Zghira,0.6,Ouezzane,42.15084806928907,
141,A S S gharbia,Tinghir,4,Ait Sedrate Sahl El Gharbia,0.65,Had Al Gharbia,0.741,Tanger-Assilah,42.295200288704436,
142,Syba,Al Haouz,4,Sidi Badhaj,0.4,Sbouya,0.6,Sidi Ifni,42.43955250811981,
143,Takerkoust,Al Haouz,4,Lalla Takarkoust,0.692,Tamegroute,0.7,Zagora,42.583904727535185,
144,Tigoudar,Essaouira,4,Lagdadra,0.5,Tigouga,0.8,Taroudant,42.72825694695056,
145,Alqods,Agadir-Ida Ou Tanane,4,Aqesri,0.5,Al Oued,0.615,Chefchaouen,42.87260916636593,
146,Ait Hamou Ousaid,Tinghir,4,Ait Ouassif,0.593,Ait Haddou Youssef,0.706,Taroudant,43.01696138578131,
147,Guéliz,Tinghir,4,Ouaklim,0.462,Guelmim,0.769,Guelmim,43.16131360519668,
148,Iwariden,Azilal,4,Aït Majden,0.556,Mibladen,0.625,Midelt,43.305665824612056,
149,15 Eme Gare,Taza,4,El Gouzate,0.476,Oulad El Garne,0.56,El Kelâa des Sraghna,43.45001804402742,
150,Kolla,Larache,4,Souk Tolba,0.533,Kechoula,0.615,Chichaoua,43.5943702634428,
151,Jyarine,Taza,4,Barkine,0.714,Barkine,0.714,Taza,43.73872248285817,
152,tabrkhcht,Tinghir,4,Outerbat,0.353,Tabaroucht,0.737,Béni Mellal,43.88307470227355,
153,ait h ousaid,Tinghir,4,Aït Hani,0.7,Ait Said,0.8,Essaouira,44.02742692168892,
154,Ouled Mbarek,Fquih Ben Salah,4,Oulad Zmam,0.636,Oulad M'Barek,0.88,Béni Mellal,44.171779141104295,
155,Passage,Chichaoua,4,Gmassa,0.615,Assa,0.727,Assa-Zag,44.31613136051967,
156,Boumlne,Ouarzazate,4,Toundoute,0.5,Boulemane,0.75,Boulemane,44.460483579935044,
157,laamarcha,Settat,4,Dar Chaffai,0.5,Laamamra,0.824,Chichaoua,44.60483579935042,
158,Agoudid,Azilal,4,Agoudi N'Lkhair,0.545,Agoudim,0.857,Midelt,44.749188018765786,
159,M.I.B.D,Azilal,4,Moulay Aissa Ben Driss,0.276,Mibladen,0.533,Midelt,44.89354023818116,
160,Lahmadna,El Kelâa des Sraghna,4,Hiadna,0.714,Lahsasna,0.75,Berrechid,45.037892457596534,
161,ighilnoumgoune,Tinghir,4,Ikniouen,0.455,Ighil N'Oumgoun,0.897,Azilal,45.18224467701191,
162,Sarghin,Tinghir,4,Tinghir,0.429,Serghina,0.8,Boulemane,45.32659689642728,
163,Ait brahim,Tinghir,4,Aït Hani,0.667,Ait Baha,0.778,Chtouka-Aït Baha,45.47094911584266,
164,ait abdoune,Tinghir,4,Ait Youl,0.632,Ait Yadine,0.762,Khemisset,45.61530133525803,
165,Skhinate,Fès,4,Sidi Hrazem,0.421,Skhirate,0.875,Skhirate-Témara,45.759653554673406,
166,"S,Redouane",Ouezzane,4,Sidi Redouane,0.783,Sidi Redouane,0.783,Ouezzane,45.90400577408877,
167,Boutghrah,Tinghir,4,Outerbat,0.588,Boughriba,0.778,Berkane,46.04835799350415,
168,B.S.jbel,Nador,4,Bni Sidel Jbel,0.545,Jbiel,0.615,El Kelâa des Sraghna,46.19271021291952,
169,Ras lma,Moulay Yacoub,4,Sidi El Abed,0.105,Ras El Ma,0.875,Berkane,46.337062432334896,
170,Ouled Abdellah,Fquih Ben Salah,4,Oulad Fares El Halla,0.588,Oulad Salah,0.72,Nouaceur,46.48141465175027,
171,Rk,Guercif,4,Saka,0.333,Zarkat,0.5,Taounate,46.625766871165645,
172,boukerra,Ouezzane,4,Bou Jedyane,0.526,Boukraa,0.8,Laâyoune,46.77011909058102,
173,Z . Cheikh,Béni Mellal,4,Oulad M'Barek,0.348,Zaouiat Cheikh,0.667,Khénifra,46.914471309996394,
174,Bourached,Taza,4,Bouchfaa,0.588,Rouached,0.824,Fquih Ben Salah,47.05882352941177,
175,Ghorm El Alam,Béni Mellal,4,Foum El Anceur,0.519,Sour El Aaz,0.667,El Kelâa des Sraghna,47.203175748827135,
176,tazitount,Chichaoua,4,Ain Tazitounte,0.783,Ain Tazitounte,0.783,Chichaoua,47.34752796824251,
177,Tichibite,Azilal,4,Tisqi,0.429,Chaibate,0.706,El Jadida,47.491880187657884,
178,tabrkhacht,Tinghir,4,Outerbat,0.333,Tabaroucht,0.7,Béni Mellal,47.63623240707326,
179,As jbel olia,Tinghir,3,Ferkla El Oulia,0.667,Ras El Ma,0.667,Berkane,47.74449657163479,
180,Kamoune,Béni Mellal,3,Naour,0.5,Zaïtoune,0.667,Tétouan,47.852760736196316,
181,Jnan ward,Fès,3,Ain Kansra,0.421,Ain Harrouda,0.571,Médiouna,47.96102490075785,
182,Ait mraou,Tinghir,3,Ait Youl,0.706,Aït Kamra,0.778,Al Hoceïma,48.06928906531938,
183,Kebdani,Driouch,3,Dar El Kebdani,0.667,Dar El Kebdani,0.667,Driouch,48.17755322988091,
184,Ait Tazarine,Tinghir,3,Aït Elfarsi,0.609,Tazarine,0.8,Taza,48.28581739444244,
185,Ait yassine,Tinghir,3,Ait Ouassif,0.727,Ait Yadine,0.857,Khemisset,48.39408155900397,
186,Hdr,Guercif,3,Debdou,0.222,Lahdar,0.667,Youssoufia,48.5023457235655,
187,A h said,Tinghir,3,Ferkla Es-Soufla,0.417,Ait Said,0.75,Essaouira,48.61060988812703,
188,zte sidi kacem,Tétouan,3,Zaouiat Sidi Kacem,0.812,Sidi Kacem,0.833,Sidi Kacem,48.71887405268856,
189,Iknioune,Ouarzazate,3,Toundoute,0.471,Ikniouen,0.875,Tinghir,48.82713821725009,
190,Jiyarine,Taza,3,Barkine,0.667,Bni Yagrine,0.737,Settat,48.93540238181162,
191,Ihchach,Agadir-Ida Ou Tanane,3,Ait Aissi Ihahane,0.333,Tichla,0.615,Aousserd,49.04366654637315,
192,Gouzat,Taza,3,El Gouzate,0.75,El Gouzate,0.75,Taza,49.15193071093468,
193,Jamila,Fquih Ben Salah,3,Bejaad,0.5,Msila,0.727,Taza,49.26019487549621,
194,Ben cheikh,Al Haouz,3,Ouneine,0.353,Beni Chiker,0.762,Nador,49.36845904005774,
195,B.chiker,Nador,3,Beni Chiker,0.737,Beni Chiker,0.737,Nador,49.47672320461927,
196,Safsaf,Sidi Kacem,3,Selfat,0.333,Sefsaf,0.833,Sidi Slimane,49.5849873691808,
197,S/R,Ouezzane,3,Sidi Bousber,0.4,Smara,0.5,Es-Semara,49.693251533742334,
198,Sais,Fès,3,Ain Kansra,0.429,Assais,0.8,Taroudant,49.80151569830386,
199,B.ensar,Nador,3,Beni Ansar,0.706,Beni Ansar,0.706,Nador,49.90977986286539,
200,Bab M'rouj,Taza,3,Bab Marzouka,0.727,Bab Marzouka,0.727,Taza,50.018044027426924,
201,B.Abdellah,Al Hoceïma,3,Bni Abdellah,0.818,Bni Abdellah,0.818,Al Hoceïma,50.12630819198845,
202,R'Ghiwa,Taounate,3,Rghioua,0.714,Rghioua,0.714,Taounate,50.23457235654998,
203,Ouizghet,Taounate,3,Ourtzagh,0.625,Ouizeght,0.875,Midelt,50.342836521111515,
204,Oulad L'Harti,Larache,3,Oulad Ouchih,0.64,Oulad Chrif,0.75,Taza,50.45110068567304,
205,"Ol,DAOUD",Taounate,3,Oulad Daoud,0.737,Oulad Daoud,0.737,Taounate,50.55936485023457,
206,ait idr,Tinghir,3,Aït Hani,0.667,Ait Said,0.8,Essaouira,50.667629014796105,
207,Rquen,Tinghir,3,Ikniouen,0.462,Tafraouten,0.533,Taroudant,50.77589317935763,
208,Laanoucer,Sefrou,3,Laanoussar,0.737,Laanoussar,0.737,Sefrou,50.88415734391916,
209,Foum er,Béni Mellal,3,Foum El Anceur,0.667,Foum Jemaa,0.706,El Kelâa des Sraghna,50.992421508480696,
210,Mesmoda,Ouezzane,3,Masmouda,0.8,Masmouda,0.8,Ouezzane,51.10068567304222,
211,Mbarek El bakay,Sefrou,3,Dar El Hamra,0.593,Dar El Hamra,0.593,Sefrou,51.208949837603754,
212,ighrmloulne,Tinghir,3,Aghbalou N'Kerdous,0.483,Tighedouine,0.636,Al Haouz,51.31721400216529,
213,boutaghrar,Tinghir,3,Outerbat,0.444,Boughriba,0.737,Berkane,51.42547816672681,
214,Medina,Al Haouz,3,Oukaimeden,0.5,Médiouna,0.857,Nouaceur,51.533742331288344,
215,MunicipalitéBM,Béni Mellal,3,Tilougguite,0.32,Bni Tadjite,0.48,Errachidia,51.64200649584988,
216,Municipalité,Nador,3,Beni Chiker,0.435,Mzilate,0.526,Chichaoua,51.7502706604114,
217,Menara,Tinghir,3,Imider,0.5,Mnasra,0.833,Kénitra,51.858534824972935,
218,Od Youssef,Settat,3,Guisser,0.471,Ouled Youssef,0.87,Fquih Ben Salah,51.96679898953447,
219,My Idriss,Meknès,3,Moulay Idriss Zarhoun,0.6,Moulay Idriss Zarhoun,0.6,Meknès,52.07506315409599,
220,Oued Laabid,Azilal,3,Agoudi N'Lkhair,0.538,Oued Naam,0.7,Errachidia,52.183327318657525,
221,ait slimane,Tinghir,3,Aït Hani,0.632,Sidi Slimane,0.783,Sidi Slimane,52.29159148321906,
222,b.chiker,Nador,3,Beni Chiker,0.737,Beni Chiker,0.737,Nador,52.39985564778058,
223,ait s jbel,Tinghir,3,Ait Sedrate Jbel El Oulia,0.571,Bni Sidel Jbel,0.667,Nador,52.508119812342116,
224,boumalne k,Tinghir,3,Boumalne Dadès,0.75,Boumalne Dadès,0.75,Tinghir,52.61638397690364,
225,berraka,Nador,3,Hassi Berkane,0.5,Braksa,0.769,Khouribga,52.724648141465174,
226,Mansoura,Chefchaouen,3,Bni Mansour,0.737,Mançoura,0.875,Taounate,52.83291230602671,
227,Lalla Aicha,Sidi Kacem,3,Bab Tiouka,0.19,Laagagcha,0.7,Sidi Bennour,52.94117647058823,
228,"M,Bouchta",Taounate,3,Bouhouda,0.588,Bouchfaa,0.706,Taza,53.049440635149764,
229,Barraca,Nador,3,Bouarg,0.462,Brachoua,0.667,Skhirate-Témara,53.1577047997113,
230,A. taourirt,Al Hoceïma,3,Arbaa Taourirt,0.8,Taourirt,0.842,Taourirt,53.26596896427282,
231,Tibihite,Béni Mellal,3,Tilougguite,0.526,Tighirt,0.667,Tiznit,53.374233128834355,
232,S.Kacem,Sidi Kacem,3,Sidi Kacem,0.706,Sidi Kacem,0.706,Sidi Kacem,53.48249729339589,
233,agouidir,Chichaoua,3,Ighoud,0.571,Agoudim,0.8,Midelt,53.59076145795741,
234,Sidi A Tadeli,Sefrou,3,Ahl Sidi Lahcen,0.5,Sidi Al Kamel,0.769,Sidi Slimane,53.699025622518946,
235,Sidi Ahmed Bouheddane,Ouezzane,3,Sidi Redouane,0.706,Sidi Ahmed Ou Amar,0.718,Taroudant,53.80728978708048,
236,Sekoura,Sefrou,3,Sefrou,0.615,Meskoura,0.8,Khouribga,53.915553951642,
237,Senhaja,Sefrou,3,Dar El Hamra,0.421,Senada,0.769,Al Hoceïma,54.023818116203536,
238,Bouazier,Azilal,3,Bin El Ouidane,0.455,Bouarg,0.714,Nador,54.13208228076507,
239,Si a ben brahim,Azilal,3,Aït Abbas,0.5,Si Hsaien Ben Abderrahmane,0.683,El Jadida,54.240346445326594,
240,Bouargane,Agadir-Ida Ou Tanane,3,Imsouane,0.588,Ouirgane,0.824,Al Haouz,54.34861060988813,
241,Slilou,Tinghir,3,Assoul,0.5,Smimou,0.667,Essaouira,54.45687477444966,
242,Beni Gorfat,Larache,3,Bni Garfett,0.727,Bni Garfett,0.727,Larache,54.565138939011185,
243,Walili,Meknès,3,Oualili,0.769,Talilit,0.769,Driouch,54.67340310357272,
244,"A,chefkaoui",Al Haouz,3,Askaouen,0.526,Dar Chaoui,0.667,Tanger-Assilah,54.78166726813425,
245,Tassouite,Ouarzazate,3,Tansifte,0.706,Tassousfi,0.778,Tata,54.889931432695775,
246,Tighboula,Béni Mellal,3,Timoulilt,0.556,Tigouga,0.75,Taroudant,54.99819559725731,
247,Bit goulem,Taza,3,Bni Lent,0.556,Sebt Gzoula,0.667,Safi,55.10645976181884,
248,Sidi ahmed tadli,Sefrou,3,Sidi Youssef Ben Ahmed,0.526,Sidi Ahmed El Khadir,0.778,El Kelâa des Sraghna,55.214723926380366,
249,Taddert,Guercif,3,Tissaf,0.308,Taddart,0.857,Taza,55.3229880909419,
250,wardana,Driouch,3,Ourdana,0.714,Argana,0.769,Taroudant,55.43125225550343,
251,tansgharte,Tinghir,3,Tinghir,0.588,Tamanarte,0.737,Assa-Zag,55.539516420064956,
252,Hay mohamadi,Agadir-Ida Ou Tanane,3,Agadir,0.444,Mohammédia,0.636,Mohammedia,55.64778058462649,
253,Ghorm el alam,Béni Mellal,3,Foum El Anceur,0.519,Sour El Aaz,0.667,El Kelâa des Sraghna,55.75604474918802,
254,Hay Mohamadi,Agadir-Ida Ou Tanane,3,Agadir,0.444,Mohammédia,0.636,Mohammedia,55.86430891374955,
255,Haouafate,Sidi Kacem,3,Chbanate,0.588,Al Haouafate,0.857,Sidi Slimane,55.97257307831108,
256,segangan,Nador,3,Zeghanghane,0.737,Zeghanghane,0.737,Nador,56.08083724287261,
257,15éme GARE,Taza,3,El Gouzate,0.5,M'Garto,0.588,Khouribga,56.18910140743414,
258,tlat boubker,Driouch,2,Oulad Boubker,0.8,Oulad Boubker,0.8,Driouch,56.26127751714183,
259,tazzakht,Tinghir,2,Outerbat,0.375,Taznakht,0.875,Ouarzazate,56.33345362684951,
260,tibihite,Béni Mellal,2,Tilougguite,0.526,Tighirt,0.667,Tiznit,56.4056297365572,
261,A S Jbel,Tinghir,2,Ait Sedrate Jbel El Oulia,0.485,Bni Sidel Jbel,0.636,Nador,56.477805846264886,
262,senhaja,Sefrou,2,Dar El Hamra,0.421,Senada,0.769,Al Hoceïma,56.54998195597258,
263,tansghart,Tinghir,2,Tinghir,0.625,Tanougha,0.706,Béni Mellal,56.62215806568026,
264,sidi ahmed tadli,Sefrou,2,Sidi Youssef Ben Ahmed,0.526,Sidi Ahmed El Khadir,0.778,El Kelâa des Sraghna,56.694334175387944,
265,sidi h o hamd,Essaouira,2,Sidi H'Mad Ou Hamed,0.812,Sidi H'Mad Ou Hamed,0.812,Essaouira,56.766510285095634,
266,Hay Elmohammadi,Agadir-Ida Ou Tanane,2,Agadir,0.381,Mohammédia,0.64,Mohammedia,56.83868639480332,
267,Hamria,Moulay Yacoub,2,Charqaoua,0.533,Lamrija,0.769,Guercif,56.91086250451101,
268,Ghorm Alem,Béni Mellal,2,Oulad M'Barek,0.435,Laghoualem,0.7,Benslimane,56.98303861421869,
269,zaouit nogart,Tinghir,2,Ait Ouassif,0.5,Zaouiat Saiss,0.615,Sidi Bennour,57.05521472392638,
270,tarmoucht,Tinghir,2,Bou Azmou,0.444,Tabaroucht,0.842,Béni Mellal,57.12739083363407,
271,Tasouit,Tinghir,2,Assoul,0.615,Tarsouat,0.8,Chtouka-Aït Baha,57.19956694334175,
272,Tadout,Boulemane,2,Talzemt,0.462,Tazouta,0.769,Sefrou,57.27174305304944,
273,Taglafte,Azilal,2,Tanant,0.571,Tagleft,0.8,Béni Mellal,57.343919162757125,
274,Ait majber,Tinghir,2,Aït Elfarsi,0.571,Aït Majden,0.8,Azilal,57.416095272464815,
275,Bensergao,Ouarzazate,2,Amerzgane,0.444,El Kansera,0.632,Khemisset,57.4882713821725,
276,Takerkouste,Al Haouz,2,Lalla Takarkoust,0.667,Tamegroute,0.762,Zagora,57.56044749188019,
277,Souk laarbaa,Kénitra,2,Oulad Slama,0.522,Souk Tolba,0.727,Larache,57.63262360158787,
278,Syba,Chichaoua,2,Saidate,0.364,Sbouya,0.6,Sidi Ifni,57.704799711295564,
279,Tabrkhachet,Tinghir,2,Souk Lakhmis Dades,0.345,Tabaroucht,0.667,Béni Mellal,57.77697582100325,
280,Timskalte,Tinghir,2,Tilmi,0.429,Takate,0.667,Essaouira,57.84915193071093,
281,Taoujtat,El Hajeb,2,Agourai,0.533,Tazouta,0.8,Sefrou,57.92132804041862,
282,Tarmast,Fquih Ben Salah,2,Tachraft,0.667,Tarmigt,0.714,Ouarzazate,57.993504150126306,
283,Bit Ghoulam,Taza,2,Tahla,0.5,Sebt Gzoula,0.727,Safi,58.065680259834,
284,Bencharrou,Béni Mellal,2,Naour,0.533,Ben Maachou,0.667,El Jadida,58.13785636954168,
285,Beni Gorfet,Larache,2,Bni Garfett,0.818,Bni Garfett,0.818,Larache,58.21003247924937,
286,Toufist,Al Hoceïma,2,Targuist,0.667,Tounfit,0.857,Midelt,58.282208588957054,
287,Tizagui,Azilal,2,Tisqi,0.5,Touizgui,0.8,Assa-Zag,58.354384698664745,
288,Bensergao,Agadir-Ida Ou Tanane,2,Idmine,0.133,El Kansera,0.632,Khemisset,58.42656080837243,
289,A.taourirt,Al Hoceïma,2,Arbaa Taourirt,0.75,Taourirt,0.889,Taourirt,58.49873691808011,
290,Tessa,Taounate,2,Tissa,0.8,Tissa,0.8,Taounate,58.5709130277878,
291,Skhinat,Fès,2,Ain Bida,0.4,Skhirate,0.8,Skhirate-Témara,58.64308913749549,
292,Somâa,Béni Mellal,2,Oulad Gnaou,0.375,Smara,0.8,Es-Semara,58.71526524720318,
293,Aait adel,Al Haouz,2,Sti Fadma,0.444,Ait Aadel,0.889,El Kelâa des Sraghna,58.78744135691086,
294,Ait atab,Azilal,2,Aït Abbas,0.706,Ait Taleb,0.824,Rehamna,58.85961746661855,
295,"Sidi A,Tadli",Sefrou,2,Ahl Sidi Lahcen,0.444,Sidi Ali,0.8,Zagora,58.931793576326235,
296,Sidi Abdelaziz,Sidi Slimane,2,Sidi Al Kamel,0.593,Sidi Abdeljalil,0.828,Safi,59.003969686033926,
297,Sbab,Guercif,2,Assebbab,0.667,Assebbab,0.667,Guercif,59.07614579574161,
298,Sebab,Guercif,2,Assebbab,0.769,Assebbab,0.769,Guercif,59.14832190544929,
299,Boukora,Ouezzane,2,Bni Oual,0.533,Bouskoura,0.875,Nouaceur,59.220498015156984,
300,Boukorra,Ouezzane,2,Kalaat Booqorra,0.522,Bouskoura,0.824,Nouaceur,59.29267412486467,
301,Boukourra,Ouezzane,2,Kalaat Booqorra,0.5,Bouskoura,0.889,Nouaceur,59.36485023457236,
302,Bni wanjel,Taounate,2,Bni Rzine,0.632,Bni Zrantel,0.762,Béni Mellal,59.43702634428004,
303,Bnisadden,Sefrou,2,Ahl Sidi Lahcen,0.333,Bni Said,0.706,Tétouan,59.50920245398773,
304,Segangan,Nador,2,Zeghanghane,0.737,Zeghanghane,0.737,Nador,59.58137856369542,
305,Sgangan,Nador,2,Zeghanghane,0.667,Sgamna,0.769,Khouribga,59.6535546734031,
306,S.M.B.L,Taounate,2,Bouadel,0.286,Mibladen,0.4,Midelt,59.72573078311079,
307,S.Redouane,Sidi Kacem,2,Oulad Nouel,0.476,Sidi Redouane,0.783,Ouezzane,59.797906892818474,
308,ain bziz,Meknès,2,Aïn Orma,0.5,Ain Sbit,0.75,Khemisset,59.870083002526165,
309,ait boamrane,Tinghir,2,Aït Hani,0.6,Ait Naamane,0.783,El Hajeb,59.94225911223385,
310,ait boullal,Tinghir,2,Ait Youl,0.737,Ait Ouallal,0.909,Zagora,60.01443522194154,
311,Z'Rizar,Taounate,2,Zrizer,0.769,Zrizer,0.769,Taounate,60.08661133164922,
312,Barraka,Nador,2,Arekmane,0.4,Braksa,0.769,Khouribga,60.158787441356914,
313,Bel,Sidi Kacem,2,Selfat,0.444,Jbiel,0.75,El Kelâa des Sraghna,60.2309635510646,
314,Ben Yazgha,Sefrou,2,Mtarnagha,0.526,Beni Ftah,0.632,Taza,60.30313966077228,
315,B.S. louta,Nador,2,Bni Sidel Louta,0.64,Louta,0.667,Al Hoceïma,60.37531577047997,
316,B.bouayach II,Al Hoceïma,2,Bni Bouayach,0.72,Bni Bouayach,0.72,Al Hoceïma,60.447491880187656,
317,Zerhoune,Meknès,2,Ouislane,0.5,Mzefroune,0.824,Ouezzane,60.519667989895346,
318,Sab,Azilal,2,Tabia,0.5,Sabbah,0.667,Skhirate-Témara,60.59184409960303,
319,Sab,Moulay Yacoub,2,Sidi El Abed,0.4,Sabbah,0.667,Skhirate-Témara,60.66402020931072,
320,S A Hamd,Essaouira,2,Sidi H'Mad Ou Hamed,0.593,Ras Ain Rhamna,0.636,Marrakech,60.736196319018404,
321,S'Rima,Taounate,2,Rghioua,0.462,Rima,0.8,Settat,60.808372428726095,
322,Bouzemalne,Taza,2,Bouyablane,0.7,Boulemane,0.842,Boulemane,60.88054853843378,
323,Bouhmed,Chefchaouen,2,Tabouda,0.571,Bouhmame,0.8,Sidi Bennour,60.95272464814146,
324,"S,Fasma",Al Haouz,2,Sti Fadma,0.625,Sti Fadma,0.625,Al Haouz,61.02490075784915,
325,S-A-Ouhamd,Essaouira,2,Sidi H'Mad Ou Hamed,0.69,Sidi H'Mad Ou Hamed,0.69,Essaouira,61.09707686755684,
326,ait wahi,Tinghir,2,Aït Hani,0.75,Ait Said,0.75,Essaouira,61.16925297726453,
327,akdim,Tinghir,2,Ouaklim,0.667,Aklim,0.8,Berkane,61.24142908697221,
328,ait driss,Tinghir,2,Ait Ouassif,0.6,Ait Oumdis,0.737,Ouarzazate,61.3136051966799,
329,ait gmate,Tinghir,2,Aït Hani,0.588,Ait Mait,0.824,Driouch,61.385781306387585,
330,B.hadifa,Al Hoceïma,2,Bni Hadifa,0.778,Bni Hadifa,0.778,Al Hoceïma,61.457957416095276,
331,B.Bch,Al Hoceïma,2,Bni Bouayach,0.471,Sabbah,0.545,Skhirate-Témara,61.53013352580296,
332,B.Boufrah,Al Hoceïma,2,Bni Boufrah,0.8,Bni Boufrah,0.8,Al Hoceïma,61.60230963551064,
333,ait h said,Tinghir,2,Aït Hani,0.778,Ait Said,0.889,Essaouira,61.674485745218334,
334,ait hamou oussaid,Tinghir,2,Ait Ouassif,0.643,Ait Haddou Youssef,0.743,Taroudant,61.74666185492602,
335,ait harouit,Tinghir,2,Aït Hani,0.737,Ait Hammou,0.762,Rehamna,61.81883796463371,
336,RassLoued,Taounate,2,Ras El Oued,0.8,Ras El Oued,0.8,Taounate,61.89101407434139,
337,Chouiter,Al Haouz,2,Tighedouine,0.526,Aïn Chouater,0.7,Errachidia,61.96319018404908,
338,Cmsu,Agadir-Ida Ou Tanane,2,Imsouane,0.5,Missour,0.545,Boulemane,62.035366293756766,
339,Ribat Elkher,Sefrou,2,Dar El Hamra,0.5,Mers El Kheir,0.64,Skhirate-Témara,62.10754240346445,
340,"Q,Industriel",Agadir-Ida Ou Tanane,2,Aqesri,0.444,Tindine,0.526,Taroudant,62.17971851317214,
341,Qods,Taza,2,Oued Amlil,0.286,Adis,0.5,Tata,62.251894622879824,
342,Qods1,Taza,2,Oued Amlil,0.267,Adis,0.444,Tata,62.324070732587515,
343,Ras Alam,Moulay Yacoub,2,Sebt Loudaya,0.2,Ras Al Ain,0.778,Settat,62.3962468422952,
344,Ouled Boukhadou,Fquih Ben Salah,2,Ouled Bourahmoune,0.75,Oulad Boughadi,0.759,Khouribga,62.46842295200289,
345,Oum bakht,Béni Mellal,2,Oulad M'Barek,0.636,Ait Oum El Bekht,0.64,Khénifra,62.54059906171057,
346,Ourbiâa,Béni Mellal,2,Naour,0.5,Ourika,0.769,Al Haouz,62.612775171418264,
347,Ouidane,Al Haouz,2,Ouirgane,0.8,Al Ouidane,0.824,Marrakech,62.68495128112595,
348,Darksdani,Driouch,2,Dar El Kebdani,0.696,Dar El Kebdani,0.696,Driouch,62.75712739083363,
349,Dg,Sidi Kacem,2,Zaggota,0.222,Madagh,0.5,Berkane,62.82930350054132,
350,Oulad-Tahar,Taounate,2,Oulad Daoud,0.636,Oulad Amghar,0.87,Al Hoceïma,62.901479610249005,
351,Oel Bousalham,Taounate,2,El Bsabsa,0.636,Moulay Bousselham,0.733,Larache,62.973655719956696,
352,Oled Bder,Ouezzane,2,Moulay Abdelkader,0.538,Ouled Zidane,0.667,Berrechid,63.04583182966438,
353,Ouald Bder,Ouezzane,2,Moulay Abdelkader,0.593,Oulad Berhil,0.727,Taroudant,63.11800793937207,
354,chahid baha,Sefrou,2,Ahl Sidi Lahcen,0.538,Ait Baha,0.737,Chtouka-Aït Baha,63.190184049079754,
355,bni enssar,Nador,2,Beni Ansar,0.8,Beni Ansar,0.8,Nador,63.262360158787445,
356,B.Hmed,Chefchaouen,2,Bni Ahmed Gharbia,0.435,Ben Ahmed,0.667,Khouribga,63.33453626849513,
357,B S jbel,Nador,2,Bni Sidel Jbel,0.727,Bni Sidel Jbel,0.727,Nador,63.40671237820281,
358,bouchair,Settat,2,Oulad Sghir,0.526,Bouqachmir,0.778,Khemisset,63.4788884879105,
359,boumardoul,Tinghir,2,Bou Azmou,0.632,Bouarouss,0.737,Taounate,63.551064597618186,
360,akdim ait mraou,Tinghir,2,Ait Youl,0.522,Sebt Aït Rahou,0.621,Khemisset,63.62324070732588,
361,ait kassi,Tinghir,2,Ait Ouassif,0.8,Ait Ouassif,0.8,Tinghir,63.69541681703356,
362,ait ouffi,Tinghir,2,Ait Youl,0.706,Ait Ourir,0.778,Marrakech,63.76759292674125,
363,Oued Romman,Meknès,2,Oued Jdida,0.571,Oued Ifrane,0.727,Khénifra,63.839769036448935,
364,Oued elabid,Azilal,2,Ouaoula,0.444,Oued Laou,0.7,Tétouan,63.911945146156626,
365,Douar Chems,Ouarzazate,2,Skoura Ahl El Oust,0.483,Rouached,0.632,Fquih Ben Salah,63.98412125586431,
366,Od Mbark,Béni Mellal,2,Oulad M'Barek,0.762,Oulad M'Barek,0.762,Béni Mellal,64.056297365572,
367,Od Soltane,Sidi Kacem,2,Oulad Nouel,0.476,Dar Oum Soltane,0.72,Meknès,64.12847347527968,
368,Od Tahar,Taounate,2,Oued Jemaa,0.556,Oulad Amghar,0.7,Al Hoceïma,64.20064958498737,
369,Od Ziane,Fquih Ben Salah,2,Oulad Zmam,0.556,Ouled Zidane,0.8,Berrechid,64.27282569469506,
370,Médina,Al Haouz,2,Oukaimeden,0.5,Médiouna,0.857,Nouaceur,64.34500180440274,
371,"N°6830,Sidi Belkacem",Inezgane-Aït Melloul,2,Sidi Bibi,0.429,Sidi Kacem,0.69,Sidi Kacem,64.41717791411043,
372,Od Barkate,Fquih Ben Salah,2,Ouled Bourahmoune,0.444,Oulad Amrane,0.636,Youssoufia,64.48935402381812,
373,My thami,Ouezzane,2,Masmouda,0.375,Tamri,0.615,Agadir-Ida Ou Tanane,64.5615301335258,
374,"My,Bouchta",Taounate,2,Bouhouda,0.556,Moulay Bouchta,0.75,Moulay Yacoub,64.63370624323349,
375,Mezguitem,Guercif,2,Mazguitam,0.778,Mezguita,0.824,Ouarzazate,64.70588235294117,
376,Mly Hassan,Tétouan,2,Bni Arouss,0.4,Massa,0.667,Tiznit,64.77805846264886,
377,Mokrissat,Chefchaouen,2,Moqrisset,0.778,Moqrisset,0.778,Chefchaouen,64.85023457235656,
378,Draa,Azilal,2,Rfala,0.667,Drargua,0.727,Inezgane-Aït Melloul,64.92241068206424,
379,Mokrisset,Ouezzane,2,Lamrabih,0.353,Moqrisset,0.889,Chefchaouen,64.99458679177192,
380,Menara,Béni Mellal,2,Naour,0.545,Mnasra,0.833,Kénitra,65.0667629014796,
381,Menara,Ouarzazate,2,Afra,0.6,Mnasra,0.833,Kénitra,65.13893901118729,
382,Menara,Taroudant,2,Lamhara,0.615,Mnasra,0.833,Kénitra,65.21111512089499,
383,Mesker,Ouezzane,2,Moulay Abdelkader,0.435,Meskoura,0.714,Khouribga,65.28329123060267,
384,"k,militaire",Taza,2,Msila,0.5,Mzilate,0.556,Chichaoua,65.35546734031035,
385,hadkouret,Sidi Kacem,2,Taoughilt,0.444,Had Kourt,0.889,Ouezzane,65.42764345001804,
386,B'Sabsa,Taounate,2,El Bsabsa,0.75,El Bsabsa,0.75,Taounate,65.49981955972574,
387,B'sabsa,Taounate,2,El Bsabsa,0.75,El Bsabsa,0.75,Taounate,65.57199566943342,
388,"B,Ounjel",Taounate,2,Bouadel,0.667,Bouadel,0.667,Taounate,65.6441717791411,
389,Aoulos,Taroudant,2,Aoulouz,0.769,Aoulouz,0.769,Taroudant,65.71634788884879,
390,Arroui,Nador,2,Al Aroui,0.714,Azrou,0.727,Ifrane,65.78852399855647,
391,As Jbel,Tinghir,2,Assoul,0.462,Jbiel,0.667,El Kelâa des Sraghna,65.86070010826417,
392,hay salam kelaa,Tinghir,2,Ait Sedrate Sahl El Gharbia,0.476,Had Al Gharbia,0.483,Tanger-Assilah,65.93287621797185,
393,iazaneen,Nador,2,Iaazzanene,0.778,Iaazzanene,0.778,Nador,66.00505232767954,
394,ibrghoussne,Tinghir,2,Ait Ouassif,0.455,Tighedouine,0.636,Al Haouz,66.07722843738722,
395,ida ouguerd,Essaouira,2,Aguerd,0.706,Ida Ougoummad,0.75,Al Haouz,66.14940454709492,
396,bouzmlane,Taza,2,Bouyablane,0.737,Boulemane,0.778,Boulemane,66.2215806568026,
397,Medina,El Kelâa des Sraghna,2,Hiadna,0.5,Médiouna,0.857,Nouaceur,66.29375676651028,
398,Meghasseine,Meknès,2,Mrhassiyine,0.727,Mrhassiyine,0.727,Meknès,66.36593287621797,
399,Meknassa,Taza,2,Meknassa Acharqia,0.64,Massa,0.769,Tiznit,66.43810898592565,
400,Marenienne,Fès,2,Louadaine,0.421,Mallalienne,0.667,Tétouan,66.51028509563335,
401,Marigha,Al Haouz,2,Amghras,0.571,Mtarnagha,0.75,Sefrou,66.58246120534103,
402,Ennakhil,Al Haouz,2,Ighil,0.462,Ben Khlil,0.706,Tan-Tan,66.65463731504872,
403,Douar Oulad Mkadem,Guelmim,2,Aouint Yghomane,0.242,Houara Oulad Raho,0.686,Guercif,66.7268134247564,
404,Marinienne,Fès,2,Ain Bida,0.444,Mallalienne,0.667,Tétouan,66.7989895344641,
405,Marjane,Meknès,2,Majjate,0.714,Zemrane,0.714,El Kelâa des Sraghna,66.87116564417178,
406,Mazrawa,Taounate,2,Mezraoua,0.667,Smara,0.667,Es-Semara,66.94334175387947,
407,M'kanssa,Taounate,2,Kissane,0.533,Mkansa,0.857,Sidi Kacem,67.01551786358715,
408,M.Bmellal,Béni Mellal,2,Beni Mellal,0.7,Beni Mellal,0.7,Béni Mellal,67.08769397329483,
409,Lkhmis,Tinghir,2,Tilmi,0.545,Khémisset,0.667,Khemisset,67.15987008300253,
410,Lkrakra,Settat,2,Oulad Freiha,0.316,Laqraqra,0.667,Fquih Ben Salah,67.23204619271021,
411,M kellat magouna,Tinghir,2,Kalaat M'Gouna,0.733,Kalaat M'Gouna,0.733,Tinghir,67.3042223024179,
412,Laamoucha,Settat,2,Lahouaza,0.588,Laaouama,0.706,Tanger-Assilah,67.37639841212558,
413,Fansseur,Béni Mellal,2,Foum El Anceur,0.545,Aousserd,0.625,Aousserd,67.44857452183328,
414,Feriata,Béni Mellal,2,Boutferda,0.5,Fraita,0.769,El Kelâa des Sraghna,67.52075063154096,
415,Fersiou,Ouezzane,2,Teroual,0.571,Tafersit,0.667,Driouch,67.59292674124865,
416,El Kassam,Settat,2,Oulad Saïd,0.421,El Kansera,0.737,Khemisset,67.66510285095633,
417,Laaouina,Azilal,2,Taounza,0.667,Laaouinate,0.889,Jerada,67.73727896066401,
418,Lakmis,Tinghir,2,Tilmi,0.545,Lamssid,0.615,Boujdour,67.80945507037171,
419,Khlalta,Fquih Ben Salah,2,Fkih Ben Salah,0.381,Khlalfa,0.857,Taounate,67.8816311800794,
420,khmiss dadaes,Tinghir,2,Souk Lakhmis Dades,0.71,Souk Lakhmis Dades,0.71,Tinghir,67.95380728978708,
421,magaz kelaa,Tinghir,2,Aït Elfarsi,0.455,Melaab,0.588,Errachidia,68.02598339949476,
422,mecheraa laine,Taroudant,2,Machraa El Ain,0.786,Machraa El Ain,0.786,Taroudant,68.09815950920246,
423,igheram amazdar,Tinghir,2,Ait Sedrate Sahl Charkia,0.41,M'Saada,0.545,Sidi Slimane,68.17033561891014,
424,ighramloule,Tinghir,2,Toudgha El Oulia,0.519,Ighzrane,0.632,Taza,68.24251172861783,
425,As jbel sofla,Tinghir,2,Ait Sedrate Jbel El Soufla,0.667,Ait Sedrate Jbel El Soufla,0.667,Tinghir,68.31468783832551,
426,As s charkia,Tinghir,2,Ait Sedrate Sahl Charkia,0.611,Meknassa Acharqia,0.621,Taza,68.3868639480332,
427,Azlaf,Driouch,2,Tleta Azlef,0.5,Azla,0.889,Tétouan,68.45904005774089,
428,Alhaouz,Al Haouz,2,Tahannaout,0.588,Haouza,0.769,Es-Semara,68.53121616744858,
429,Alouhda,Taza,2,Bouchfaa,0.533,Tabouda,0.714,Chefchaouen,68.60339227715626,
430,ighramloulne,Tinghir,2,Aghbalou N'Kerdous,0.533,Ighzrane,0.7,Taza,68.67556838686394,
431,Koka si Moussa,Settat,2,Zaouiat Sidi Ben Hamdoun,0.474,Sidi Moussa,0.72,El Kelâa des Sraghna,68.74774449657164,
432,Kolea,Inezgane-Aït Melloul,2,Ouled Teima,0.5,Boulemane,0.571,Boulemane,68.81992060627933,
433,Krakra,Settat,2,Rima,0.4,Hrara,0.727,Safi,68.89209671598701,
434,Krona,Driouch,2,Ourdana,0.5,Tekna,0.6,Sidi Kacem,68.96427282569469,
435,Ait Sawane,Ouarzazate,2,Ait Zineb,0.632,Ait Naamane,0.762,El Hajeb,69.03644893540238,
436,Ennakhil,Rehamna,2,Ait Taleb,0.118,Ben Khlil,0.706,Tan-Tan,69.10862504511007,
437,F.Anceur,Béni Mellal,2,Foum El Anceur,0.636,Foum El Anceur,0.636,Béni Mellal,69.18080115481776,
438,ouarchdik,Tinghir,2,Ouaklim,0.5,Rouached,0.706,Fquih Ben Salah,69.25297726452544,
439,"s,yahya/zeroual",Taounate,2,Sidi Yahya Bni Zeroual,0.757,Sidi Yahya Bni Zeroual,0.757,Taounate,69.32515337423312,
440,saiss,Fès,2,Ain Kansra,0.4,Assaisse,0.769,Ouarzazate,69.39732948394082,
441,merna,Tinghir,2,Imider,0.545,Merija,0.727,Jerada,69.4695055936485,
442,mezguitem,Guercif,2,Mazguitam,0.778,Mezguita,0.824,Ouarzazate,69.54168170335619,
443,Alwahda,Taza,2,Tahla,0.5,Lahdar,0.769,Youssoufia,69.61385781306387,
444,Amria,Béni Mellal,2,Had Bradia,0.533,Lamrija,0.833,Guercif,69.68603392277156,
445,Amria 2,Béni Mellal,2,Had Bradia,0.471,Lamrija,0.714,Guercif,69.75821003247925,
446,zouagha,Fès,2,Louadaine,0.5,Ounagha,0.857,Essaouira,69.83038614218694,
447,Ait oum bakht,Béni Mellal,2,Ait Ouqabli,0.583,Ait Oum El Bekht,0.828,Khénifra,69.90256225189462,
448,my bouchta,Taounate,2,Bni Bouchibet,0.609,Moulay Bouchta,0.833,Moulay Yacoub,69.9747383616023,
449,old taher,Taounate,2,Oulad Daoud,0.5,Oulad Amer,0.737,El Kelâa des Sraghna,70.04691447130999,
450,J Melha,Sidi Kacem,2,Selfat,0.462,Jorf El Melha,0.7,Ouezzane,70.11909058101769,
451,Guèliz,Tinghir,2,Ouaklim,0.462,Guelmim,0.769,Guelmim,70.19126669072537,
452,Gfifat,Taroudant,2,Freija,0.5,Lagfifat,0.857,Chtouka-Aït Baha,70.26344280043305,
453,Jiyarin,Taza,2,Jbarna,0.615,Bni Yagrine,0.667,Settat,70.33561891014074,
454,Igraouen,Khouribga,2,Mrizigue,0.5,Imaouen,0.8,Taroudant,70.40779501984844,
455,Ikaouen,Al Hoceïma,2,Imzouren,0.667,Imaouen,0.857,Taroudant,70.47997112955612,
456,Isskssi,Azilal,2,Tisqi,0.5,Isseksi,0.857,Béni Mellal,70.5521472392638,
457,tasouit,Tinghir,2,Assoul,0.615,Tarsouat,0.8,Chtouka-Aït Baha,70.62432334897149,
458,A chefk,Al Haouz,2,Ahl Tifnoute,0.316,Ain Chkef,0.75,Fès,70.69649945867917,
459,tissli,Tinghir,2,Tilmi,0.727,Tissint,0.769,Tata,70.76867556838687,
460,"A, kansara",Moulay Yacoub,2,Laajajra,0.556,Ain Kansra,0.8,Fès,70.84085167809455,
461,tigoudar,Essaouira,2,Lagdadra,0.5,Tigouga,0.8,Taroudant,70.91302778780224,
462,A H oyahya,Tinghir,2,Aït Hani,0.444,Ait Yahya,0.737,Midelt,70.98520389750992,
463,A H Said,Tinghir,2,Ferkla Es-Soufla,0.417,Ait Said,0.75,Essaouira,71.05738000721762,
464,A S Jbel olia,Tinghir,1,Ait Sedrate Jbel El Oulia,0.684,Ait Sedrate Jbel El Oulia,0.684,Tinghir,71.09346806207145,
465,7Eme Bsi Melitaire,Taza,1,Msila,0.435,Ameur Seflia,0.533,Kénitra,71.1295561169253,
466,Akch hsiya,Tinghir,1,Aït Hani,0.444,Lakhsas,0.588,Tiznit,71.16564417177914,
467,Akdim,Tinghir,1,Ouaklim,0.667,Aklim,0.8,Berkane,71.20173222663298,
468,Al Boustane,Meknès,1,Dar Oum Soltane,0.692,Al Ouidane,0.762,Marrakech,71.23782028148683,
469,Al Wahda,Taza,1,Outat El Haj,0.4,Lahdar,0.714,Youssoufia,71.27390833634067,
470,Al masjid,Nador,1,Al Aroui,0.588,Al Mahbass,0.632,Assa-Zag,71.30999639119452,
471,Al qods,Nador,1,Al Aroui,0.533,Al Oued,0.714,Chefchaouen,71.34608444604835,
472,Al qods,Taza,1,Bab Boudir,0.471,Al Oued,0.714,Chefchaouen,71.3821725009022,
473,tamlalte,Tinghir,1,Imilchil,0.375,Tamallalt,0.824,El Kelâa des Sraghna,71.41826055575605,
474,A S S charkia,Tinghir,1,Ait Sedrate Sahl Charkia,0.703,Ait Sedrate Sahl Charkia,0.703,Tinghir,71.45434861060988,
475,A S Scharkia,Tinghir,1,Ait Sedrate Sahl Charkia,0.667,Assaki,0.667,Al Haouz,71.49043666546373,
476,A S gbel sofla,Tinghir,1,Ait Sedrate Jbel El Soufla,0.65,Ait Sedrate Jbel El Soufla,0.65,Tinghir,71.52652472031758,
477,A S jbel,Tinghir,1,Ait Sedrate Jbel El Oulia,0.485,Bni Sidel Jbel,0.636,Nador,71.56261277517142,
478,sidi ahmed hamed,Essaouira,1,Sidi H'Mad Ou Hamed,0.743,Sidi H'Mad Ou Hamed,0.743,Essaouira,71.59870083002527,
479,sidi ahmed tadli,Meknès,1,Oued Jdida,0.308,Sidi Ahmed El Khadir,0.778,El Kelâa des Sraghna,71.6347888848791,
480,sidi kamel,Larache,1,Sidi Lyamani,0.636,Sidi Al Kamel,0.87,Sidi Slimane,71.67087693973295,
481,"sidi med b,lahcen",Taounate,1,Sidi M'Hamed Ben Lahcen,0.8,Sidi M'Hamed Ben Lahcen,0.8,Taounate,71.7069649945868,
482,Ghiyata gharb,Taza,1,Ghiata Al Gharbia,0.8,Ghiata Al Gharbia,0.8,Taza,71.74305304944063,
483,Hay Sidi Daoud,Inezgane-Aït Melloul,1,Oulad Dahou,0.56,Ait Sidi Daoud,0.857,Marrakech,71.77914110429448,
484,Hay Taslouine,Agadir-Ida Ou Tanane,1,Imsouane,0.476,Taliouine,0.727,Tata,71.81522915914832,
485,Hay eljadid,Larache,1,Bahhara Oulad Ayad,0.483,El Jadida,0.7,El Jadida,71.85131721400217,
486,Hay elyasmine,Sidi Kacem,1,Chbanate,0.286,Ras El Ain,0.609,Youssoufia,71.88740526885601,
487,Hay hassani,Al Haouz,1,Assaki,0.588,Bni Hassane,0.636,Azilal,71.92349332370985,
488,Hay khatabi rue 4 n°32,Nador,1,Hassi Berkane,0.353,Al Kharroub,0.375,Tétouan,71.9595813785637,
489,Hdida,Tinghir,1,Tinejdad,0.462,Haddada,0.667,Kénitra,71.99566943341753,
490,H.Mohamadi,Béni Mellal,1,Sidi Hammadi,0.545,Mohammédia,0.7,Mohammedia,72.03175748827138,
491,H.Mohmadi,Béni Mellal,1,Sidi Hammadi,0.571,Mohammédia,0.632,Mohammedia,72.06784554312523,
492,Hachane,Essaouira,1,El Hanchane,0.778,El Hanchane,0.778,Essaouira,72.10393359797906,
493,Had Sidi Abdellah,Rehamna,1,Sidi Abdallah,0.8,Sidi Abdallah,0.8,Rehamna,72.14002165283291,
494,Had msila,Taza,1,Msila,0.714,Msila,0.714,Taza,72.17610970768675,
495,7Eme Bsi,Taza,1,Msila,0.462,Mesti,0.615,Sidi Ifni,72.2121977625406,
496,tlat louta,Nador,1,Bni Sidel Louta,0.56,Tazouta,0.706,Sefrou,72.24828581739445,
497,trik alwahda,Taza,1,Tahla,0.471,Sti Fadma,0.476,Al Haouz,72.28437387224828,
498,Ighrmloulne,Tinghir,1,Aghbalou N'Kerdous,0.483,Tighedouine,0.636,Al Haouz,72.32046192710213,
499,Hay Jadid,Sidi Kacem,1,Ain Jemaa,0.444,El Jadida,0.667,El Jadida,72.35654998195598,
500,Hay Korsi Rue Almasjid,Taroudant,1,Sidi Abdellah Ou Said,0.419,Ksar al Majaz,0.457,Fahs-Anjra,72.39263803680981,
501,Hay Maurice,Inezgane-Aït Melloul,1,Ait Melloul,0.364,Ait Ouribel,0.545,Khemisset,72.42872609166366,
502,Hay Mohammadi,Béni Mellal,1,Sidi Hammadi,0.64,Mohammédia,0.696,Mohammedia,72.4648141465175,
503,Hay Salam,Meknès,1,Ait Yaazem,0.526,Had Soualem,0.7,Nouaceur,72.50090220137135,
504,Hal Merbea,Fquih Ben Salah,1,Hel Merbaa,0.8,Hel Merbaa,0.8,Fquih Ben Salah,72.5369902562252,
505,Hamd,Tinghir,1,Imider,0.4,Tamda,0.667,Rehamna,72.57307831107903,
506,Hamria,Taounate,1,Zarkat,0.5,Lamrija,0.769,Guercif,72.60916636593288,
507,Hana,El Kelâa des Sraghna,1,Hiadna,0.8,Hiadna,0.8,El Kelâa des Sraghna,72.64525442078671,
508,Haouara,Taza,1,Maghraoua,0.625,Laouamra,0.8,Larache,72.68134247564056,
509,Haoura,Guercif,1,Bouchaouene,0.471,Harhoura,0.857,Skhirate-Témara,72.71743053049441,
510,Hay Alfarah Im 14 N°5,Agadir-Ida Ou Tanane,1,Ait Aissi Ihahane,0.216,Moulay Brahim,0.485,Al Haouz,72.75351858534825,
511,Ait ali imider,Tinghir,1,Imider,0.6,Ait Amira,0.696,Inezgane-Aït Melloul,72.7896066402021,
512,Ait amar ouissa,Tinghir,1,Ait Ouassif,0.615,Aït Kamra,0.583,Al Hoceïma,72.82569469505593,
513,Ghafsey,Taounate,1,Ghafsai,0.714,Ghafsai,0.714,Taounate,72.86178274990978,
514,Imzilne,Tinghir,1,Imider,0.615,Idmine,0.769,Agadir-Ida Ou Tanane,72.89787080476363,
515,Irguita,Taroudant,1,Igli,0.545,Tizguite,0.667,Ifrane,72.93395885961746,
516,Issakssi,Azilal,1,Tisqi,0.462,Isseksi,0.8,Béni Mellal,72.97004691447131,
517,Hed Mssila,Taza,1,Msila,0.667,H'Ssyia,0.706,Zagora,73.00613496932516,
518,Hey Mohammadi,Béni Mellal,1,Sidi Hammadi,0.64,Mohammédia,0.696,Mohammedia,73.042223024179,
519,Hidar,Driouch,1,Midar,0.8,Midar,0.8,Driouch,73.07831107903284,
520,Hk,Sidi Kacem,1,Tekna,0.286,Chbika,0.5,Tan-Tan,73.11439913388668,
521,Hkmiss,Tinghir,1,M'Ssici,0.462,Khémisset,0.667,Khemisset,73.15048718874053,
522,Hmer Iglalcha,Taroudant,1,Ahmar Laglalcha,0.786,Ahmar Laglalcha,0.786,Taroudant,73.18657524359438,
523,Hors Province,Settat,1,Ras Al Ain,0.435,Sid Zouine,0.348,Marrakech,73.22266329844821,
524,Houara od rahou,Taza,1,Oulad Bourima,0.5,Houara Oulad Raho,0.875,Guercif,73.25875135330206,
525,Houciema,Al Hoceïma,1,Al Hoceïma,0.667,Haouzia,0.667,El Jadida,73.2948394081559,
526,Idaouguelloule,Essaouira,1,Sidi El Jazouli,0.483,Ida Ou Guelloul,0.897,Agadir-Ida Ou Tanane,73.33092746300974,
527,Idaouzemzeme,Essaouira,1,Ida Ou Aazza,0.583,Ida Ou Moumen,0.64,Taroudant,73.36701551786359,
528,Idaouzemzème,Essaouira,1,Ida Ou Aazza,0.583,Ida Ou Moumen,0.64,Taroudant,73.40310357271743,
529,Ighrem Amazdar,Tinghir,1,Taghzoute N'Ait Atta,0.412,Ighrem N'Ougdal,0.621,Ouarzazate,73.43919162757128,
530,Ait Rouadi,Béni Mellal,1,Ait Ouqabli,0.762,Ait Ouadrim,0.857,Chtouka-Aït Baha,73.47527968242511,
531,Jemeât old mimoun,Moulay Yacoub,1,Oulad Mimoun,0.621,Oulad Mimoun,0.621,Moulay Yacoub,73.51136773727896,
532,Jerf lmlha,Sidi Kacem,1,Ain Jemaa,0.421,Jorf El Melha,0.783,Ouezzane,73.54745579213281,
533,Jida,Tinghir,1,Tinejdad,0.5,Jaidate,0.727,Marrakech,73.58354384698664,
534,Jiha-Soufla,Taounate,1,Thar Es-Souk,0.522,Toudgha Essoufla,0.667,Tinghir,73.61963190184049,
535,Jnan Ward,Fès,1,Ain Kansra,0.421,Ain Harrouda,0.571,Médiouna,73.65571995669434,
536,Jnan kastiyine,Larache,1,Ksar el-Kebir,0.296,Mrhassiyine,0.56,Meknès,73.69180801154818,
537,Jnan nokbi,Fès,1,Ain Bida,0.556,Jnane Bouih,0.667,Youssoufia,73.72789606640202,
538,Ihchach,Essaouira,1,El Hanchane,0.444,Tichla,0.615,Aousserd,73.76398412125586,
539,Ihoudjine,Azilal,1,Imi N'Oulaoune,0.435,Bigoudine,0.778,Taroudant,73.80007217610971,
540,Ihoudjjine,Azilal,1,Imi N'Oulaoune,0.417,Bigoudine,0.737,Taroudant,73.83616023096356,
541,Ijfi,Driouch,1,Ifarni,0.6,Tifni,0.667,Azilal,73.87224828581739,
542,Ikhourba,Béni Mellal,1,Boutferda,0.471,Khouribga,0.824,Khouribga,73.90833634067124,
543,Imgharne,Ouarzazate,1,Idelsane,0.5,Ighzrane,0.75,Taza,73.94442439552508,
544,Imgoune,Taroudant,1,Bigoudine,0.75,Imsouane,0.8,Agadir-Ida Ou Tanane,73.98051245037892,
545,Imouzar Kendr,Sefrou,1,Imouzzer Kandar,0.786,Imouzzer Kandar,0.786,Sefrou,74.01660050523277,
546,Kcebia,Sidi Slimane,1,Kceibya,0.769,Kceibya,0.769,Sidi Slimane,74.05268856008661,
547,Kebdani,Nador,1,Iksane,0.462,Dar El Kebdani,0.667,Driouch,74.08877661494046,
548,Iwareden,Azilal,1,Aït Majden,0.556,Mibladen,0.625,Midelt,74.12486466979429,
549,Jabriénne,Ouezzane,1,Aïn Béida,0.333,Jabria,0.667,Sidi Bennour,74.16095272464814,
550,Jamaat Lamrasla,Safi,1,Lamrasla,0.696,Lamrasla,0.696,Safi,74.19704077950199,
551,Jamat sidi ghayat,Al Haouz,1,Sidi Badhaj,0.5,Zaouiat Sidi Hamza,0.686,Midelt,74.23312883435582,
552,Gourziana,Taounate,1,Ourtzagh,0.588,Ourdana,0.75,Driouch,74.26921688920967,
553,Gueldaman,Taza,1,Galdamane,0.778,Galdamane,0.778,Taza,74.30530494406352,
554,Guèliz,Al Haouz,1,Iguidi,0.5,Guelmim,0.769,Guelmim,74.34139299891736,
555,Guéliz,Al Haouz,1,Iguidi,0.5,Guelmim,0.769,Guelmim,74.3774810537712,
556,Guéliz,Al Hoceïma,1,Targuist,0.429,Guelmim,0.769,Guelmim,74.41356910862504,
557,Guéliz,Taza,1,Oued Amlil,0.5,Guelmim,0.769,Guelmim,74.44965716347889,
558,Fraoua,Sidi Kacem,1,Zirara,0.5,Arbaoua,0.769,Larache,74.48574521833274,
559,Ait Iaala,Tinghir,1,Aït Elfarsi,0.5,Ait Iaaza,0.889,Taroudant,74.52183327318657,
560,Ait Moumen,Taza,1,Bab Marzouka,0.455,Ait Mimoune,0.762,Khemisset,74.55792132804042,
561,Ait Moussa Fadma,Ouarzazate,1,Ait Oumdis,0.538,Ait Ouaarda,0.741,Azilal,74.59400938289426,
562,Kalaa Magoune,Ouarzazate,1,Amerzgane,0.364,Kalaat M'Gouna,0.815,Tinghir,74.6300974377481,
563,Ait Sadrat J oulioa,Tinghir,1,Ait Sedrate Jbel El Oulia,0.773,Ait Sedrate Jbel El Oulia,0.773,Tinghir,74.66618549260195,
564,Ait Sdrat Ghrbia,Ouarzazate,1,Ait Oumdis,0.385,Ait Sedrate Sahl El Gharbia,0.744,Tinghir,74.70227354745579,
565,Ait Sdrat Shel Charqia,Ouarzazate,1,Skoura Ahl El Oust,0.4,Ait Sedrate Sahl Charkia,0.87,Tinghir,74.73836160230964,
566,Ait Tislit,Béni Mellal,1,Ait Ouqabli,0.571,Ait Tamlil,0.7,Azilal,74.77444965716347,
567,Ait Tisslit,Béni Mellal,1,Ait Ouqabli,0.545,Tissint,0.667,Tata,74.81053771201732,
568,Ait aabou,Tinghir,1,Ait Youl,0.706,Ait Daoud,0.778,Essaouira,74.84662576687117,
569,Ennakhil,Ouarzazate,1,Taznakht,0.5,Ben Khlil,0.706,Tan-Tan,74.882713821725,
570,Ess ville,Essaouira,1,Essaouira,0.444,Guers Tiaallaline,0.538,Errachidia,74.91880187657885,
571,F.B.Salah,Fquih Ben Salah,1,Fkih Ben Salah,0.609,Bni Salah,0.667,Chefchaouen,74.95488993143269,
572,Fahs Anjra,Fahs-Anjra,1,Anjra,0.667,Lahsasna,0.667,Berrechid,74.99097798628654,
573,Fahs anjra,Fahs-Anjra,1,Anjra,0.667,Lahsasna,0.667,Berrechid,75.02706604114039,
574,Kalaa Sraghna,El Kelâa des Sraghna,1,El Kelâat Es-Sraghna,0.727,El Kelâat Es-Sraghna,0.727,El Kelâa des Sraghna,75.06315409599422,
575,Kalaa-Ourache,Taounate,1,Abdelghaya Souahel,0.645,Larache,0.7,Larache,75.09924215084807,
576,Karoil,Azilal,1,Azilal,0.5,Martil,0.667,Tétouan,75.13533020570192,
577,Karouel,Azilal,1,Taounza,0.429,Tazroute,0.667,Chefchaouen,75.17141826055575,
578,Labita od said,Settat,1,Oulad Saïd,0.667,Ait Said,0.727,Essaouira,75.2075063154096,
579,Lakrakra,Settat,1,Lahouaza,0.5,Laqraqra,0.75,Fquih Ben Salah,75.24359437026344,
580,Lakrimat,Essaouira,1,Korimate,0.75,Korimate,0.75,Essaouira,75.27968242511729,
581,"Kelaat M,",Tinghir,1,Kalaat M'Gouna,0.609,Kalaat M'Gouna,0.609,Tinghir,75.31577047997114,
582,Khandak Zeboua,Tétouan,1,Al Kharroub,0.4,Had Boumoussa,0.593,Fquih Ben Salah,75.35185853482497,
583,Kharba,Chtouka-Aït Baha,1,Tabia,0.545,Hrara,0.727,Safi,75.38794658967882,
584,Khmalca,Taounate,1,Khlalfa,0.714,Khlalfa,0.714,Taounate,75.42403464453265,
585,Khmis Anjra,Fahs-Anjra,1,Anjra,0.625,Khmis Ksiba,0.636,Rehamna,75.4601226993865,
586,Khmiss AitAmira,Chtouka-Aït Baha,1,Ait Mzal,0.348,Ait Amira,0.667,Inezgane-Aït Melloul,75.49621075424035,
587,Khmiss Anjra,Chefchaouen,1,Bni Mansour,0.348,Kissane,0.632,Taounate,75.53229880909419,
588,Khmiss anjra,Fahs-Anjra,1,Anjra,0.588,Kissane,0.632,Taounate,75.56838686394804,
589,Kmis Anjra,Fahs-Anjra,1,Anjra,0.667,Anjra,0.667,Fahs-Anjra,75.60447491880187,
590,Kssibat,Chefchaouen,1,Tassift,0.571,Khmis Ksiba,0.667,Rehamna,75.64056297365572,
591,K.Tadla,Béni Mellal,1,Kasba Tadla,0.667,Tamda,0.667,Rehamna,75.67665102850957,
592,K_Ba_Mohamed,Taounate,1,Sidi Haj M’hamed,0.519,Karia Ba Mohamed,0.714,Moulay Yacoub,75.7127390833634,
593,Kaa Assrass,Chefchaouen,1,Al Hamra,0.421,Assaisse,0.632,Ouarzazate,75.74882713821725,
594,L'Habita,Sefrou,1,Dar El Hamra,0.5,Lgharbia,0.75,Sidi Bennour,75.7849151930711,
595,Laabiate,Sidi Slimane,1,Nouirate,0.5,Laaouinate,0.778,Jerada,75.82100324792493,
596,Laai chikh,Nador,1,Beni Chiker,0.571,Zaouiat Cheikh,0.667,Khénifra,75.85709130277878,
597,Far,Tinghir,1,Aït Elfarsi,0.429,Ifarni,0.667,Driouch,75.89317935763262,
598,Fokra,Settat,1,Mzoura,0.545,Boukraa,0.667,Laâyoune,75.92926741248647,
599,Foum Anseur,Béni Mellal,1,Foum El Anceur,0.8,Foum El Anceur,0.8,Béni Mellal,75.96535546734032,
600,Foum anseur,Béni Mellal,1,Foum El Anceur,0.8,Foum El Anceur,0.8,Béni Mellal,76.00144352219415,
601,Ehahane,Essaouira,1,El Hanchane,0.778,Zeghanghane,0.778,Nador,76.037531577048,
602,El Bassatine,Meknès,1,Mrhassiyine,0.522,El Bibane,0.667,Taounate,76.07361963190183,
603,El Hana,El Kelâa des Sraghna,1,El Aamria,0.625,El Hanchane,0.778,Essaouira,76.10970768675568,
604,El Qods,El Kelâa des Sraghna,1,El Marbouh,0.471,El Mers,0.571,Boulemane,76.14579574160953,
605,El Yasmine,Sidi Kacem,1,Ain Jemaa,0.421,Lahsinate,0.632,Essaouira,76.18188379646337,
606,El bahri,Nador,1,Al Aroui,0.625,El Aamria,0.706,El Kelâa des Sraghna,76.21797185131722,
607,Laari Chikh,Taounate,1,Aïn Aïcha,0.5,Zaouiat Cheikh,0.64,Khénifra,76.25405990617105,
608,Laayayta,Béni Mellal,1,Kasba Tadla,0.211,Oulad Ayyad,0.526,Sefrou,76.2901479610249,
609,Laazib,Taroudant,1,Lamhadi,0.615,Melaab,0.667,Errachidia,76.32623601587875,
610,Maimouna,Kénitra,1,Ait Malek,0.235,Médiouna,0.75,Nouaceur,76.36232407073258,
611,Maksouline,Al Hoceïma,1,Tifarouine,0.6,Bni Gmil Maksouline,0.69,Taounate,76.39841212558643,
612,Lalla Aicha,Ouezzane,1,Lamrabih,0.526,Laagagcha,0.7,Sidi Bennour,76.43450018044028,
613,Lalla aicha,Ouezzane,1,Lamrabih,0.526,Laagagcha,0.7,Sidi Bennour,76.47058823529412,
614,Lari Chiekh,Nador,1,Beni Chiker,0.545,Larache,0.667,Larache,76.50667629014796,
615,Lbour,Tinghir,1,Outerbat,0.462,Bourd,0.8,Al Hoceïma,76.5427643450018,
616,Lemzar,Zagora,1,Zagora,0.5,Témara,0.667,Skhirate-Témara,76.57885239985565,
617,Lhote,Tinghir,1,Outerbat,0.462,Tlite,0.6,Ouarzazate,76.6149404547095,
618,Lhotte,Tinghir,1,Outerbat,0.429,Hattane,0.615,Khouribga,76.65102850956333,
619,Lmzam*,Azilal,1,Ait M'Hamed,0.353,Mazguitam,0.533,Guercif,76.68711656441718,
620,Lmzem,El Kelâa des Sraghna,1,Zemrane,0.5,Talzemt,0.667,Boulemane,76.72320461927102,
621,M Bakay,Sefrou,1,Matmata,0.429,M'Haya,0.615,Moulay Yacoub,76.75929267412486,
622,M bekay,Sefrou,1,Imouzzer Kandar,0.364,M'Haya,0.615,Moulay Yacoub,76.79538072897871,
623,M'Hannech,Tétouan,1,Mallalienne,0.5,M'Hajer,0.625,Driouch,76.83146878383255,
624,Kssibiya,Sidi Kacem,1,Sidi Kacem,0.444,Kceibya,0.667,Sidi Slimane,76.8675568386864,
625,L Foukani,Driouch,1,Ifarni,0.533,El Gouraani,0.7,Youssoufia,76.90364489354023,
626,Marjane,Boulemane,1,Boulemane,0.5,Zemrane,0.714,El Kelâa des Sraghna,76.93973294839408,
627,Massira,Ouezzane,1,Masmouda,0.533,Massa,0.833,Tiznit,76.97582100324793,
628,Massira,Taza,1,Msila,0.667,Massa,0.833,Tiznit,77.01190905810176,
629,Massira 2,Béni Mellal,1,Kasba Tadla,0.4,Massa,0.714,Tiznit,77.04799711295561,
630,Massira 2,Taza,1,Msila,0.571,Massa,0.714,Tiznit,77.08408516780945,
631,Massira I,Taza,1,Msila,0.571,Massa,0.714,Tiznit,77.1201732226633,
632,M'Hirija,Guercif,1,Lamrija,0.667,Merija,0.714,Jerada,77.15626127751715,
633,M'Sasa,Taounate,1,Messassa,0.714,M'Saada,0.769,Sidi Slimane,77.19234933237098,
634,M'sasa,Taounate,1,Messassa,0.714,M'Saada,0.769,Sidi Slimane,77.22843738722483,
635,"M, Bakay",Sefrou,1,Matmata,0.4,M'Haya,0.571,Moulay Yacoub,77.26452544207868,
636,"M,Bouchta M,Bouchta",Taounate,1,Bouhouda,0.519,Bouabout,0.593,Chichaoua,77.30061349693251,
637,M/bouchta,Taounate,1,Bni Bouchibet,0.636,Moulay Bouchta,0.783,Moulay Yacoub,77.33670155178636,
638,Maayach,Tinghir,1,Imilchil,0.4,Ayacha,0.769,Larache,77.3727896066402,
639,Machouar,Al Haouz,1,Aghouatim,0.588,Mançoura,0.75,Taounate,77.40887766149405,
640,Machouar,Tinghir,1,Assoul,0.429,Mançoura,0.75,Taounate,77.4449657163479,
641,Mahrek Melak,Settat,1,Ain Blal,0.4,Machraa El Ain,0.615,Taroudant,77.48105377120173,
642,Mallaha centre,Settat,1,Machraa Ben Abbou,0.452,Mallalienne,0.64,Tétouan,77.51714182605558,
643,Marenniene,Fès,1,Louadaine,0.421,Bni Marghnine,0.609,Driouch,77.55322988090941,
644,El wahda,Taza,1,Outat El Haj,0.4,Lahdar,0.714,Youssoufia,77.58931793576326,
645,Elguenzra,Khemisset,1,El Kansera,0.526,El Guerdane,0.6,Taroudant,77.62540599061711,
646,Elhajeb II,El Hajeb,1,El Hajeb,0.778,El Hajeb,0.778,El Hajeb,77.66149404547095,
647,Elkodia,Taroudant,1,El Koudia El Beida,0.56,El Ksiba,0.667,Béni Mellal,77.6975821003248,
648,Eloualja,Taounate,1,Khlalfa,0.533,Loulja,0.857,Fès,77.73367015517863,
649,Elqods,Guelmim,1,Guelmim,0.308,Loulad,0.5,Khouribga,77.76975821003248,
650,Elwafae,Larache,1,Larache,0.143,Selfat,0.615,Sidi Kacem,77.80584626488633,
651,Ennakhil,Chichaoua,1,Ahdil,0.615,Ben Khlil,0.706,Tan-Tan,77.84193431974016,
652,Douar Skhira moulay bouchta,Taounate,1,Bni Bouchibet,0.4,Moulay Bouchta,0.683,Moulay Yacoub,77.87802237459401,
653,"Douar Tahchoucht, Tamraght",Agadir-Ida Ou Tanane,1,Ida Ou Kazzou,0.308,Houara Oulad Raho,0.372,Guercif,77.91411042944786,
654,Douar ait ichout,Sefrou,1,Aït Seghrouchen,0.387,Ait Ichou,0.72,Khemisset,77.9501984843017,
655,Douar amghizide,Azilal,1,Zaouiat Ahansal,0.4,Oulad Amghar,0.593,Al Hoceïma,77.98628653915554,
656,Douar bni zgyiene,Taounate,1,Bni Rzine,0.615,Bni Rzine,0.615,Taounate,78.02237459400938,
657,Douar dar lakhchab,Moulay Yacoub,1,Bouchabel,0.444,Oued Lakhdar,0.6,El Kelâa des Sraghna,78.05846264886323,
658,Merna,Tinghir,1,Imider,0.545,Merija,0.727,Jerada,78.09455070371708,
659,Mesnana,Guercif,1,Saka,0.545,Meskala,0.714,Essaouira,78.13063875857091,
660,Mestitef,Sidi Kacem,1,Selfat,0.286,Mesti,0.769,Sidi Ifni,78.16672681342476,
661,Mbarek El Bakay,Sefrou,1,Dar El Hamra,0.593,Dar El Hamra,0.593,Sefrou,78.2028148682786,
662,Mbarek bakay,Sefrou,1,Mtarnagha,0.476,Al Barkanyene,0.48,Berkane,78.23890292313244,
663,Mbarek lbkay,Sefrou,1,Dar El Hamra,0.417,Majmaa Tolba,0.25,Khemisset,78.27499097798629,
664,Mdiq Fnideq,M'diq-Fnideq,1,Fnideq,0.706,Fnideq,0.706,M'diq-Fnideq,78.31107903284013,
665,Medina,Essaouira,1,Tafedna,0.615,Médiouna,0.857,Nouaceur,78.34716708769398,
666,Meghater,Larache,1,Sidi Mohamed Lahmar,0.37,Ghmate,0.714,Al Haouz,78.38325514254781,
667,Meghrawa,Taza,1,Maghraoua,0.706,Maghraoua,0.706,Taza,78.41934319740166,
668,Mellaha,Settat,1,Lahouaza,0.533,Melaab,0.769,Errachidia,78.45543125225551,
669,Mellaha,Tétouan,1,Mallalienne,0.444,Melaab,0.769,Errachidia,78.49151930710934,
670,Mellala,Settat,1,Mniaa,0.5,Mellila,0.857,Benslimane,78.52760736196319,
671,Menara,Azilal,1,Demnate,0.462,Mnasra,0.833,Kénitra,78.56369541681704,
672,Malhart,Settat,1,Mniaa,0.5,Al Hamra,0.667,Chefchaouen,78.59978347167088,
673,Mallaha,Settat,1,Lahouaza,0.533,Tamallalt,0.625,El Kelâa des Sraghna,78.63587152652472,
674,Douar Agafay,Agadir-Ida Ou Tanane,1,Adaghas,0.421,Dar Jamaa,0.667,Al Haouz,78.67195958137856,
675,Douar Ait Bousset,Chtouka-Aït Baha,1,Arbaa Aït Ahmed,0.5,Oulad Ali Youssef,0.706,Boulemane,78.70804763623241,
676,Douar Asserssif,Agadir-Ida Ou Tanane,1,Aqesri,0.286,Moulay Aissa Ben Driss,0.595,Azilal,78.74413569108626,
677,Douar Bahi,Azilal,1,Zaouiat Ahansal,0.48,Moulay Brahim,0.696,Al Haouz,78.78022374594009,
678,Moujahidin,Ouezzane,1,Bou Jedyane,0.476,Mouarid,0.706,Chichaoua,78.81631180079394,
679,Mouklata,Tétouan,1,Oued Laou,0.471,Oulad Mtaa,0.667,Al Haouz,78.85239985564777,
680,Moulay Bouchebla,Taounate,1,Moulay Ahmed Cherif,0.571,Moulay Bouchta,0.867,Moulay Yacoub,78.88848791050162,
681,Mrabih,Sidi Kacem,1,Bab Tiouka,0.375,Lamrabih,0.857,Ouezzane,78.92457596535547,
682,Mtiwa,Chefchaouen,1,Amtar,0.6,Smià,0.667,Taza,78.96066402020931,
683,My AHMED CHRIF,Al Hoceïma,1,Bni Hadifa,0.417,Moulay Ahmed Cherif,0.848,Taounate,78.99675207506316,
684,Menara,Boulemane,1,Ermila,0.333,Mnasra,0.833,Kénitra,79.03284012991699,
685,Menara,El Kelâa des Sraghna,1,Lamharra,0.571,Mnasra,0.833,Kénitra,79.06892818477084,
686,Menara,Fquih Ben Salah,1,Hel Merbaa,0.5,Mnasra,0.833,Kénitra,79.10501623962469,
687,Menara,Taounate,1,Mezraoua,0.571,Mnasra,0.833,Kénitra,79.14110429447852,
688,Menara,Tiznit,1,Massa,0.545,Mnasra,0.833,Kénitra,79.17719234933237,
689,Menzel,Sefrou,1,El Menzel,0.8,El Menzel,0.8,Sefrou,79.21328040418621,
690,Ait Guirte,Azilal,1,Ait Taguella,0.636,Ait Ourir,0.737,Marrakech,79.24936845904006,
691,Mezdglia jorf,Sefrou,1,El Menzel,0.364,Mezguita,0.571,Ouarzazate,79.2854565138939,
692,Mghassyne,Meknès,1,Mrhassiyine,0.8,Mrhassiyine,0.8,Meknès,79.32154456874774,
693,Mhamid 1 N°31,Al Haouz,1,Oukaimeden,0.273,M'Hamid El Ghizlane,0.581,Zagora,79.35763262360159,
694,Mly El Hassane,Tétouan,1,Mallalienne,0.4,Fam El Hisn,0.64,Assa-Zag,79.39372067845544,
695,Douar ouled salem ain gdah,Taounate,1,Oued Jemaa,0.5,Dar Oulad Zidouh,0.571,Fquih Ben Salah,79.42980873330927,
696,Douar sidi saoud,Taounate,1,Oulad Daoud,0.667,Ait Sidi Daoud,0.733,Marrakech,79.46589678816312,
697,Douar tarouate,Ouezzane,1,Teroual,0.476,Ouarzazate,0.667,Ouarzazate,79.50198484301696,
698,Douar tiaret bni frassen,Taza,1,Oulad Chrif,0.343,Bni Frassen,0.629,Taounate,79.5380728978708,
699,Douar zrarda,Taounate,1,Oulad Daoud,0.522,Zrarda,0.667,Taza,79.57416095272465,
700,Dr Lamharig,Sidi Kacem,1,Zirara,0.353,Lamhara,0.667,Taroudant,79.61024900757849,
701,Dr Zhair Bouata,Sidi Kacem,1,Zirara,0.476,Dar Bouazza,0.692,Casablanca,79.64633706243234,
702,Dr lagraa,Rehamna,1,Sidi Ali Labrahla,0.538,Dar Jamaa,0.667,Al Haouz,79.68242511728617,
703,Diour sabone,Al Haouz,1,Ouirgane,0.6,Douirane,0.7,Chichaoua,79.71851317214002,
704,DiourEssalam,Sidi Kacem,1,Zirara,0.444,Sidi Moussa Lhamri,0.667,Taroudant,79.75460122699387,
705,"Douar Afa, Azrarague",Agadir-Ida Ou Tanane,1,Ida Ou Kazzou,0.424,Ouarzazate,0.533,Ouarzazate,79.7906892818477,
706,My youssef,Meknès,1,Ouislane,0.444,Ouled Youssef,0.696,Fquih Ben Salah,79.82677733670155,
707,Mzioukat Chiadma,Essaouira,1,Zaouiat Ben Hmida,0.545,Zaouiat Cheikh,0.6,Khénifra,79.86286539155539,
708,Mzlat,Tiznit,1,Massa,0.4,Mzilate,0.833,Chichaoua,79.89895344640924,
709,My Abdelkader,Sidi Kacem,1,Sidi Kacem,0.348,Moulay Abdelkader,0.867,Ouezzane,79.93504150126309,
710,Agouidir,Chichaoua,1,Ighoud,0.571,Agoudim,0.8,Midelt,79.97112955611692,
711,Aguidir,Chichaoua,1,Ait Hadi,0.533,Iguidi,0.769,Al Haouz,80.00721761097077,
712,Ai Boussalef,Taza,1,Bouyablane,0.545,Ait Ouassif,0.696,Tinghir,80.04330566582462,
713,Ain Chgaga,Sefrou,1,Mtarnagha,0.526,Ain Cheggag,0.857,Fès,80.07939372067845,
714,Ain Chifa,Sefrou,1,Ain Timguenai,0.545,Ain Chkef,0.778,Fès,80.1154817755323,
715,Ain K ara,Moulay Yacoub,1,Ain Taoujdate,0.545,Ain Kansra,0.842,Fès,80.15156983038614,
716,Ain Taoujtat,El Hajeb,1,Ait Boubidmane,0.462,Ain Taoujdate,0.88,Moulay Yacoub,80.18765788523999,
717,AinDoreij,Ouezzane,1,Ain Dfali,0.556,Adrej,0.714,Boulemane,80.22374594009383,
718,Ainchgag,Sefrou,1,Ain Timguenai,0.476,Ain Cheggag,0.842,Fès,80.25983399494767,
719,Ainjamaa,Meknès,1,Aïn Orma,0.625,Ain Jemaa,0.824,Sidi Kacem,80.29592204980152,
720,Ait Abou,Khemisset,1,Ait Ikkou,0.706,Ait Daoud,0.824,Essaouira,80.33201010465535,
721,Ait Guirt,Azilal,1,Ait Ouaarda,0.6,Ait Ourir,0.778,Marrakech,80.3680981595092,
722,"N°80,Lot Almostakbal,Bloc3",Inezgane-Aït Melloul,1,Ait Melloul,0.167,Talmakante,0.4,Taroudant,80.40418621436305,
723,O Akalay,Taroudant,1,Oualqadi,0.5,Saadla,0.571,Safi,80.44027426921689,
724,O S B,Al Haouz,1,Sidi Badhaj,0.375,Oulad Sbih,0.533,El Kelâa des Sraghna,80.47636232407073,
725,"O, Daoud",Taounate,1,Oulad Daoud,0.737,Oulad Daoud,0.737,Taounate,80.51245037892457,
726,Od Belahcen,Larache,1,Souaken,0.444,Ain Lahcen,0.667,Tétouan,80.54853843377842,
727,Od Belhcen,Larache,1,Moulay Bousselham,0.444,Ain Lahcen,0.6,Tétouan,80.58462648863227,
728,My Abdelkarim,Taounate,1,Moulay Ahmed Cherif,0.5,Moulay Abdelkrim,0.828,Moulay Yacoub,80.6207145434861,
729,My Abdelkrim,Taounate,1,Moulay Ahmed Cherif,0.516,Moulay Abdelkrim,0.857,Moulay Yacoub,80.65680259833995,
730,My Abdellah Chrif,Ouezzane,1,Moulay Abdelkader,0.588,Moulay Abdellah Amghar,0.718,El Jadida,80.6928906531938,
731,My Abdlkrim,Taounate,1,Moulay Ahmed Cherif,0.467,Moulay Abdelkrim,0.815,Moulay Yacoub,80.72897870804763,
732,My Bouaazza,Khénifra,1,Ouaoumana,0.5,Moulay Bouazza,0.8,Khemisset,80.76506676290148,
733,My Dris,Meknès,1,Moulay Idriss Zarhoun,0.5,M'Diq,0.667,M'diq-Fnideq,80.80115481775532,
734,My Driss,Meknès,1,Moulay Idriss Zarhoun,0.552,M'Diq,0.615,M'diq-Fnideq,80.83724287260917,
735,My El Hassan,Tétouan,1,Bni Arouss,0.364,Fam El Hisn,0.696,Assa-Zag,80.87333092746302,
736,My abdellah cherif,Ouezzane,1,Moulay Abdelkader,0.629,Moulay Abdellah Amghar,0.7,El Jadida,80.90941898231685,
737,My driss,Meknès,1,Moulay Idriss Zarhoun,0.552,M'Diq,0.615,M'diq-Fnideq,80.9455070371707,
738,D ouar Bénimalek,Ouezzane,1,Beni Malek,0.692,Beni Malek,0.692,Ouezzane,80.98159509202453,
739,D.Irahalen,Ouarzazate,1,Siroua,0.375,Irohalen,0.778,Chichaoua,81.01768314687838,
740,D.Jihadia,Al Haouz,1,Sti Fadma,0.444,Bni Hadifa,0.632,Al Hoceïma,81.05377120173223,
741,D.Jihadia,Tata,1,Adis,0.462,Bni Hadifa,0.632,Al Hoceïma,81.08985925658607,
742,D.Tabarine,Tiznit,1,Ibdar,0.4,Tazarine,0.778,Taza,81.12594731143992,
743,Od Noual,Sidi Kacem,1,Oulad Nouel,0.737,Oulad Nouel,0.737,Sidi Kacem,81.16203536629375,
744,Od Rahou Benaissa,Nador,1,Beni Ansar,0.444,Sidi Ahmed Benaissa,0.722,Ouezzane,81.1981234211476,
745,Od Sghair,Settat,1,Oulad Sghir,0.8,Oulad Sghir,0.8,Settat,81.23421147600145,
746,Od Teima,Taroudant,1,Oulad Berhil,0.5,Ouled Teima,0.842,Inezgane-Aït Melloul,81.27029953085528,
747,Médina,Meknès,1,Oued Jdida,0.5,Médiouna,0.857,Nouaceur,81.30638758570913,
748,Médina,Safi,1,Loualidia,0.4,Médiouna,0.857,Nouaceur,81.34247564056298,
749,"N 222,Hay Alfalah",Chtouka-Aït Baha,1,Ait Abdellah,0.483,Ait Harz Allah,0.581,El Hajeb,81.37856369541682,
750,Nkheila,Settat,1,Mniaa,0.5,N'khila,0.857,Khouribga,81.41465175027066,
751,N°114 H Biranzarane,Taroudant,1,Tinzart,0.4,Bir Anzarane,0.733,Oued Ed-Dahab,81.4507398051245,
752,"N°20, Rue 958,Hay Salam",Agadir-Ida Ou Tanane,1,Ait Aissi Ihahane,0.256,Oulad Slama,0.424,Kénitra,81.48682785997835,
753,"N°39,Akniss",Taroudant,1,Lakhnafif,0.421,Lakhsas,0.471,Tiznit,81.5229159148322,
754,Od Brhil,Taroudant,1,Oulad Berhil,0.8,Oulad Berhil,0.8,Taroudant,81.55900396968603,
755,Od Ghalem,Settat,1,Toualet,0.5,Ouled Ghanem,0.762,Sidi Bennour,81.59509202453988,
756,Od Illoul,Béni Mellal,1,Timoulilt,0.444,Oulad Imloul,0.762,El Kelâa des Sraghna,81.63118007939372,
757,Od Kasaba,Taounate,1,Oudka,0.571,Ouled Aissa,0.6,Taroudant,81.66726813424756,
758,Od Malrk,Sidi Kacem,1,Oulad Nouel,0.421,Oulad M'Barek,0.667,Béni Mellal,81.70335618910141,
759,Od Mbarek,Béni Mellal,1,Oulad M'Barek,0.818,Oulad M'Barek,0.818,Béni Mellal,81.73944424395525,
760,Douar Bouzgar Sidi Boushab,Agadir-Ida Ou Tanane,1,Ait Aissi Ihahane,0.372,Sidi Boushab,0.632,Chtouka-Aït Baha,81.7755322988091,
761,Douar Chaoui Onarqui,El Kelâa des Sraghna,1,Oulad Cherki,0.438,Dar Chaoui,0.667,Tanger-Assilah,81.81162035366293,
762,Douar Elhomane,Inezgane-Aït Melloul,1,Ouad Essafa,0.48,Oulad El Garne,0.643,El Kelâa des Sraghna,81.84770840851678,
763,Douar Elmchaâ oudka,Taounate,1,Ras El Oued,0.533,Dar Chaoui,0.621,Tanger-Assilah,81.88379646337063,
764,Douar Ibzazn,Al Hoceïma,1,Rouadi,0.444,Ouarzazate,0.636,Ouarzazate,81.91988451822446,
765,Douar Lazrak,Inezgane-Aït Melloul,1,Ouad Essafa,0.522,Dar El Hamra,0.667,Sefrou,81.95597257307831,
766,Douar Lhouari,Sidi Kacem,1,Oulad Nouel,0.5,Dar Chaoui,0.696,Tanger-Assilah,81.99206062793215,
767,Douar Matil,Chichaoua,1,Oulad M'Rabet,0.583,Dar Jamaa,0.6,Al Haouz,82.028148682786,
768,Corona,Driouch,1,Ourdana,0.615,Ourdana,0.615,Driouch,82.06423673763985,
769,D G,Sidi Kacem,1,Sidi Kacem,0.308,Madagh,0.444,Berkane,82.10032479249368,
770,Oulad Jerrar,Tiznit,1,Ait Erkha,0.476,Oulad Zarrad,0.75,El Kelâa des Sraghna,82.13641284734753,
771,Oulad Tahar,Taounate,1,Oulad Daoud,0.636,Oulad Amghar,0.87,Al Hoceïma,82.17250090220138,
772,Oulad allal,Meknès,1,Ait Ouallal,0.636,Oulad Salah,0.818,Nouaceur,82.20858895705521,
773,Oulad-Boundar,Taounate,1,Oulad Daoud,0.75,Oulad Moumna,0.8,Chichaoua,82.24467701190906,
774,"Oulad-Kadour,",Taounate,1,Oulad Daoud,0.75,Oulad Mkoudou,0.769,Sefrou,82.2807650667629,
775,Oulad-Taher,Taounate,1,Oulad Daoud,0.636,Oulad Amer,0.857,El Kelâa des Sraghna,82.31685312161675,
776,Old Ayad,Béni Mellal,1,Ouled Yaïch,0.632,Oulad Ayad,0.889,Fquih Ben Salah,82.3529411764706,
777,Old Bader,Ouezzane,1,Moulay Abdelkader,0.538,Oulad Berhil,0.667,Taroudant,82.38902923132443,
778,Ouaadia,Al Hoceïma,1,Rouadi,0.769,Oualqadi,0.8,Taroudant,82.42511728617828,
779,Ouad Almakhazine,Kénitra,1,Oulad Slama,0.593,Oued El Makhazine,0.848,Ouezzane,82.46120534103211,
780,Ouad elabid,Azilal,1,Ouaoula,0.556,Oulad Saïd,0.762,Settat,82.49729339588596,
781,Ouadelabid,Azilal,1,Ouaoula,0.588,Bouadel,0.706,Taounate,82.53338145073981,
782,Ouald Rahou,Guercif,1,Houara Oulad Raho,0.714,Oulad Dahou,0.818,Inezgane-Aït Melloul,82.56946950559364,
783,Oued Lahmer,Taza,1,Oued Amlil,0.571,Oued Lakhdar,0.783,El Kelâa des Sraghna,82.6055575604475,
784,Oued kasaba,Taounate,1,Oued Jemaa,0.667,Ouled Aissa,0.727,Taroudant,82.64164561530133,
785,Od Bouchour,Settat,1,Oulad Abbou,0.545,Bouhlou,0.667,Taza,82.67773367015518,
786,Oughroud,Tinghir,1,Bou Azmou,0.471,Bouhouda,0.75,Taounate,82.71382172500903,
787,Ouidane,El Kelâa des Sraghna,1,Taouzint,0.533,Al Ouidane,0.824,Marrakech,82.74990977986286,
788,Oulaayoune,Essaouira,1,Moulay Bouzarqtoune,0.621,Laâyoune,0.889,Laâyoune,82.78599783471671,
789,DD Mohamed,Driouch,1,M'Hajer,0.471,Mohammédia,0.7,Mohammedia,82.82208588957056,
790,Dar-Louhra,Taounate,1,Mançoura,0.556,Daoura,0.75,Tarfaya,82.8581739444244,
791,Dchar Ben Dibane,Larache,1,Ksar el-Kebir,0.345,Dar El Kebdani,0.533,Driouch,82.89426199927824,
792,De Passage,Agadir-Ida Ou Tanane,1,Ait Aissi Ihahane,0.444,Sidi Aissa,0.6,Safi,82.93035005413208,
793,De Passage,Ouarzazate,1,Idelsane,0.556,Sidi Aissa,0.6,Safi,82.96643810898593,
794,Demna,Taounate,1,Oued Jemaa,0.533,Demnate,0.833,Azilal,83.00252616383978,
795,Béni assifan,Chefchaouen,1,Bni Selmane,0.609,Bni Hassane,0.783,Azilal,83.03861421869361,
796,Béninsser,Nador,1,Beni Ansar,0.737,Beni Ansar,0.737,Nador,83.07470227354746,
797,C boumalne,Tinghir,1,Boumalne Dadès,0.667,Boulemane,0.737,Boulemane,83.1107903284013,
798,Cab,Chtouka-Aït Baha,1,Tabia,0.5,Chtaiba,0.6,El Kelâa des Sraghna,83.14687838325514,
799,Chahid Baba,Sefrou,1,Azzaba,0.471,Chahda,0.706,Safi,83.18296643810899,
800,Chahid Baha Rfaif,Sefrou,1,Ahl Sidi Lahcen,0.438,Had Bradia,0.519,Béni Mellal,83.21905449296283,
801,Chahid baha,Sefrou,1,Ahl Sidi Lahcen,0.538,Ait Baha,0.737,Chtouka-Aït Baha,83.25514254781667,
802,Ras Aghil,Meknès,1,Ras Ijerri,0.526,Ras Al Ain,0.632,Settat,83.29123060267051,
803,Ras Aghil,Sidi Kacem,1,Taoughilt,0.556,Ras Al Ain,0.632,Settat,83.32731865752436,
804,Ras brouj,Settat,1,Machraa Ben Abbou,0.462,Ras Tabouda,0.7,Sefrou,83.36340671237821,
805,Ouled Hammou,Fquih Ben Salah,1,Ouled Bourahmoune,0.69,Oued Laou,0.762,Tétouan,83.39949476723204,
806,Ouled Jarrar,Tiznit,1,Ouijjane,0.4,Oulad Zarrad,0.75,El Kelâa des Sraghna,83.43558282208589,
807,Ouled Jirar,Tiznit,1,Ouijjane,0.316,Oued Jdida,0.762,Meknès,83.47167087693974,
808,Ouled aarfa,Taroudant,1,Ouled Aissa,0.727,Oulad Aarrad,0.783,El Kelâa des Sraghna,83.50775893179357,
809,Ouled jameâ,Moulay Yacoub,1,Oulad Mimoun,0.522,Oulad Amer,0.762,El Kelâa des Sraghna,83.54384698664742,
810,Oulkadi,Al Haouz,1,Ourika,0.615,Oualqadi,0.8,Taroudant,83.57993504150126,
811,Oum Rabii,Meknès,1,Oualili,0.625,Oum Rabia,0.889,Khénifra,83.61602309635511,
812,Oum Rbie,Meknès,1,Ouislane,0.5,Oum Rabia,0.824,Khénifra,83.65211115120896,
813,Ourbâa,Béni Mellal,1,Naour,0.545,Ourdana,0.769,Driouch,83.68819920606279,
814,Ouriaa,Béni Mellal,1,Naour,0.545,Ourika,0.833,Al Haouz,83.72428726091664,
815,Ousikiss,Tinghir,1,Ouaklim,0.4,Boukhrisse,0.667,Béni Mellal,83.76037531577047,
816,Oued kassaba,Taounate,1,Oued Jemaa,0.636,Ouled Aissa,0.783,Taroudant,83.79646337062432,
817,Oued laabid,Azilal,1,Agoudi N'Lkhair,0.538,Oued Naam,0.7,Errachidia,83.83255142547817,
818,Boumalne kcer,Tinghir,1,Boumalne Dadès,0.741,Boumalne Dadès,0.741,Tinghir,83.868639480332,
819,Boumardoul,Tinghir,1,Bou Azmou,0.632,Bouarouss,0.737,Taounate,83.90472753518586,
820,Boumya,Khénifra,1,Oum Rabia,0.533,Sbouya,0.833,Sidi Ifni,83.94081559003969,
821,Ribat El Kheir,Sefrou,1,Dar El Hamra,0.538,Mers El Kheir,0.741,Skhirate-Témara,83.97690364489354,
822,Ribat El kheir,Sefrou,1,Dar El Hamra,0.538,Mers El Kheir,0.741,Skhirate-Témara,84.01299169974739,
823,Rue 309 Hay Moulay Rachid,Taroudant,1,Oulad Berhil,0.432,Moulay Brahim,0.579,Al Haouz,84.04907975460122,
824,"Rue 516,Masdoura Inzgane",Inezgane-Aït Melloul,1,Inezgane,0.438,El Mansouria,0.5,Mohammedia,84.08516780945507,
825,S / K,Sidi Kacem,1,Sidi Kacem,0.462,Saka,0.571,Guercif,84.1212558643089,
826,S A El Hadi,Sidi Kacem,1,Selfat,0.471,Sidi Ahmed El Khadir,0.71,El Kelâa des Sraghna,84.15734391916276,
827,Pres de lecole 6 novombre,Fès,1,Sidi Hrazem,0.167,Ras El Oued,0.222,Taounate,84.1934319740166,
828,Q-Industriel,Agadir-Ida Ou Tanane,1,Aqesri,0.444,Tindine,0.526,Taroudant,84.22952002887044,
829,QUARTIER NAJMA RUE Espagne,Tanger-Assilah,1,Al Bahraoyine,0.256,Ait Naamane,0.486,El Hajeb,84.26560808372429,
830,Quartier Benkirane,Béni Mellal,1,Bni Zrantel,0.414,Hassi Berkane,0.581,Nador,84.30169613857814,
831,Quolla,Larache,1,Souk Tolba,0.5,Bni Quolla,0.75,Ouezzane,84.33778419343197,
832,R kheir,Sefrou,1,Kandar Sidi Khiar,0.5,Mers El Kheir,0.7,Skhirate-Témara,84.37387224828582,
833,"R,Kheir",Sefrou,1,Kandar Sidi Khiar,0.417,Khenifra,0.667,Khénifra,84.40996030313966,
834,S.H. M'ed,Taounate,1,Sidi Haj M’hamed,0.5,Sidi Haj M’hamed,0.5,Taounate,84.4460483579935,
835,S.H.M'd,Taounate,1,Ras El Oued,0.333,M'Diq,0.5,M'diq-Fnideq,84.48213641284735,
836,Rbat El khier,Sefrou,1,Dar El Hamra,0.56,Rbaa El Fouki,0.692,Taza,84.51822446770119,
837,Remla,Larache,1,Khemis Sahel,0.353,Ermila,0.727,Boulemane,84.55431252255504,
838,Retba,Taounate,1,Ratba,0.8,Ratba,0.8,Taounate,84.59040057740887,
839,Riad Kostani,Meknès,1,Dar Oum Soltane,0.519,Had Kourt,0.571,Ouezzane,84.62648863226272,
840,Charf Souani,Tanger-Assilah,1,Dar Chaoui,0.545,Charqaoua,0.667,Moulay Yacoub,84.66257668711657,
841,Charrate,Taounate,1,Zarkat,0.571,Cherrat,0.8,Benslimane,84.6986647419704,
842,"Chatre III,Ait Taoukte",Agadir-Ida Ou Tanane,1,Ida Ou Kazzou,0.286,Tataoute,0.467,Taroudant,84.73475279682425,
843,Chjahaid baha,Sefrou,1,Ahl Sidi Lahcen,0.5,Ait Baha,0.667,Chtouka-Aït Baha,84.77084085167809,
844,Chourfa,Fquih Ben Salah,1,Tachraft,0.533,Chouafaa,0.8,Larache,84.80692890653194,
845,Cite Scolaire,Tétouan,1,Bni Said,0.476,Ain Chair,0.364,Figuig,84.84301696138579,
846,Coelma,Tétouan,1,Oued Laou,0.533,Goulmima,0.571,Errachidia,84.87910501623962,
847,Boulaajat,Taroudant,1,Ouled Aissa,0.5,Loulja,0.667,Fès,84.91519307109347,
848,Boumalene,Ouarzazate,1,Toundoute,0.333,Boulemane,0.778,Boulemane,84.95128112594732,
849,Boumalne k,Tinghir,1,Boumalne Dadès,0.75,Boumalne Dadès,0.75,Tinghir,84.98736918080115,
850,"S,A,Chrif",Sidi Kacem,1,Taoughilt,0.333,Oulad Chrif,0.6,Taza,85.023457235655,
851,"S,A,Ouhamed",Essaouira,1,Sidi H'Mad Ou Hamed,0.6,Bouhmame,0.632,Sidi Bennour,85.05954529050884,
852,Bouyafer,Nador,1,Bouarg,0.714,Sbouya,0.714,Sidi Ifni,85.09563334536269,
853,Bozamlane,Taza,1,Bouyablane,0.737,Bouyablane,0.737,Taza,85.13172140021653,
854,Brakt Lamine,Safi,1,Sebt Gzoula,0.435,Ras El Ain,0.636,Youssoufia,85.16780945507037,
855,Bureau Ikaouen,Tinghir,1,Ikniouen,0.545,Askaouen,0.636,Al Haouz,85.20389750992422,
856,Bouderbala,Sefrou,1,Imouzzer Kandar,0.48,Boukraa,0.706,Laâyoune,85.23998556477805,
857,Bouezgar,Essaouira,1,Bouzemmour,0.556,Bouarg,0.714,Nador,85.2760736196319,
858,Bougaala,Guelmim,1,Bouizakarne,0.526,Jouala,0.714,El Kelâa des Sraghna,85.31216167448575,
859,Bougumez,Azilal,1,Ouaouizaght,0.316,Aouguenz,0.75,Chtouka-Aït Baha,85.34824972933959,
860,Bouhaira,Essaouira,1,Essaouira,0.588,Bouarfa,0.8,Figuig,85.38433778419343,
861,Bouhamza,Azilal,1,Taounza,0.533,Bouhmame,0.75,Sidi Bennour,85.42042583904727,
862,"S,Abder",Taounate,1,Jbabra,0.462,Sidi Jaber,0.588,Béni Mellal,85.45651389390112,
863,S.A.Elhadi,Sidi Kacem,1,Selfat,0.5,Sahel Chamali,0.609,Larache,85.49260194875497,
864,S.A.S,Essaouira,1,Meskala,0.333,Sfassif,0.5,Khemisset,85.5286900036088,
865,S.Abderhma,Taounate,1,Jbabra,0.5,Sidi Abdelkrim,0.583,Berrechid,85.56477805846265,
866,Sebt Bni Guerfet,Larache,1,Bni Garfett,0.667,Bni Garfett,0.667,Larache,85.6008661133165,
867,Sebt Kdim,Tétouan,1,Bni Karrich,0.4,Souk Kdim,0.667,Fahs-Anjra,85.63695416817033,
868,Sebt Lagfifat,Taroudant,1,Lakhnafif,0.455,Lagfifat,0.762,Chtouka-Aït Baha,85.67304222302418,
869,Sebt lgardane,Taroudant,1,El Guerdane,0.667,El Guerdane,0.667,Taroudant,85.70913027787802,
870,Sekour,Boulemane,1,Missour,0.615,Nekkour,0.769,Al Hoceïma,85.74521833273187,
871,S.Sebt,Béni Mellal,1,Semguet,0.462,Assebbab,0.571,Guercif,85.78130638758572,
872,S/Abdelah Cherif,Ouezzane,1,Sidi Ahmed Cherif,0.667,Sidi Ahmed Cherif,0.667,Ouezzane,85.81739444243955,
873,S;Mokhfi,Taounate,1,Sidi El Mokhfi,0.636,Sidi El Mokhfi,0.636,Taounate,85.8534824972934,
874,SI sidi yahya,Sidi Slimane,1,Sidi Al Kamel,0.538,Khemis Sidi Yahya,0.8,Khemisset,85.88957055214723,
875,Sabati,Fès,1,Louadaine,0.4,Rabat,0.727,Rabat,85.92565860700108,
876,Sahrij,Azilal,1,Aït Majden,0.375,Assahrij,0.857,El Kelâa des Sraghna,85.96174666185493,
877,Samsa,Tétouan,1,Saddina,0.5,Sgamna,0.727,Khouribga,85.99783471670877,
878,Sanit Rmel,Tétouan,1,Sahtryine,0.421,Ait Ouribel,0.667,Khemisset,86.03392277156262,
879,S H O hamdtidzi,Essaouira,1,Sidi H'Mad Ou Hamed,0.588,Sidi H'Mad Ou Hamed,0.588,Essaouira,86.07001082641645,
880,S Y B A,Al Haouz,1,Sidi Badhaj,0.444,Sidi M'Bark,0.556,Sidi Ifni,86.1060988812703,
881,"S,A,Benaissa",Sidi Kacem,1,Mkansa,0.444,Sidi Ahmed Benaissa,0.645,Ouezzane,86.14218693612415,
882,Sidi Yahia,Taounate,1,Sidi El Mokhfi,0.583,Sidi Aissa,0.8,Safi,86.17827499097798,
883,Sarsar,Larache,1,Ksar Bjir,0.533,Smara,0.727,Es-Semara,86.21436304583183,
884,Sas,Essaouira,1,Meskala,0.4,Sfassif,0.6,Khemisset,86.25045110068567,
885,Sbt Lagfifat,Taroudant,1,Lakhnafif,0.476,Lagfifat,0.8,Chtouka-Aït Baha,86.28653915553951,
886,Sebt,Taroudant,1,Sidi Borja,0.286,Settat,0.6,Settat,86.32262721039336,
887,Bouigra,Chtouka-Aït Baha,1,Tizoughrane,0.556,Biougra,0.857,Inezgane-Aït Melloul,86.3587152652472,
888,Boujarrah,Tétouan,1,Bni Karrich,0.5,Bouarfa,0.75,Figuig,86.39480332010105,
889,Boujdian,Larache,1,Souaken,0.533,Oujda,0.769,Oujda-Angad,86.4308913749549,
890,Boukhalef,Guercif,1,Bouchaouene,0.6,Bouhmame,0.706,Sidi Bennour,86.46697942980873,
891,Boukora,Chefchaouen,1,Bni Bouzra,0.588,Bouskoura,0.875,Nouaceur,86.50306748466258,
892,Boukorra,Chefchaouen,1,Bni Bouzra,0.556,Bouskoura,0.824,Nouaceur,86.53915553951641,
893,Bni ahmed,Al Hoceïma,1,Bni Hadifa,0.632,Ben Ahmed,0.889,Khouribga,86.57524359437026,
894,Bnimaati,Settat,1,Mniaa,0.615,Bni Ayat,0.75,Azilal,86.61133164922411,
895,Bojediane,Larache,1,Sidi Lyamani,0.381,Bou Jedyane,0.8,Ouezzane,86.64741970407795,
896,Bolaajlat,Taroudant,1,Lamhara,0.5,Sidi Boulaalam,0.609,Essaouira,86.6835077589318,
897,Borj Mechkouk,Taounate,1,Bouhouda,0.476,Bir Mezoui,0.609,Khouribga,86.71959581378563,
898,Afellaisen,Chichaoua,1,Afalla Issen,0.818,Afalla Issen,0.818,Chichaoua,86.75568386863948,
899,Agdal,Fès,1,Ain Bida,0.462,Imgdal,0.727,Al Haouz,86.79177192349333,
900,Agdime,Tinghir,1,Imider,0.5,Agoudim,0.769,Midelt,86.82785997834716,
901,Aghbalo K,Sefrou,1,Aghbalou Aqorar,0.667,Aghbalou,0.824,Khénifra,86.86394803320101,
902,Aghwatime,Al Haouz,1,Aghouatim,0.778,Aghouatim,0.778,Al Haouz,86.90003608805485,
903,Aglou,Agadir-Ida Ou Tanane,1,Taghazout,0.571,Aghbalou,0.769,Khénifra,86.9361241429087,
904,Sidi Abdellah Rhamna,Settat,1,Sidi Abdelkhaleq,0.667,Sidi Abdallah Ghiat,0.769,Marrakech,86.97221219776254,
905,Sidi Ahmed Tadli,Sefrou,1,Sidi Youssef Ben Ahmed,0.526,Sidi Ahmed El Khadir,0.778,El Kelâa des Sraghna,87.00830025261638,
906,Sidi Ahmed Zerrouk,Taza,1,Bab Marzouka,0.4,Sidi Ahmed Cherif,0.743,Ouezzane,87.04438830747023,
907,Sidi Amer,Meknès,1,Nzala Bni Ammar,0.417,Sidi Amar,0.889,Khénifra,87.08047636232408,
908,Sidi Amer Hadi,Sidi Kacem,1,Sidi Kacem,0.583,Sidi Ameur Al Hadi,0.875,Ouezzane,87.11656441717791,
909,Sidi Brahim,Fès,1,Sidi Hrazem,0.727,Sidi Borja,0.762,Taroudant,87.15265247203176,
910,Sidi Driss,El Kelâa des Sraghna,1,Sidi Moussa,0.667,Sidi Aissa,0.8,Safi,87.1887405268856,
911,Sidi Ghayat,Al Haouz,1,Sidi Badhaj,0.636,Sidi Aayad,0.762,Midelt,87.22482858173944,
912,Sidi Khyar,Sefrou,1,Kandar Sidi Khiar,0.667,Sidi Amar,0.737,Khénifra,87.2609166365933,
913,Sidi Mbraek,Sidi Ifni,1,Sidi M'Bark,0.818,Sidi M'Bark,0.818,Sidi Ifni,87.29700469144713,
914,Abdellah Chefchaouni,Agadir-Ida Ou Tanane,1,Adaghas,0.37,Chefchaouen,0.645,Chefchaouen,87.33309274630098,
915,Abdellah Chefchaouni,Ouarzazate,1,Afella N'Dra,0.438,Chefchaouen,0.645,Chefchaouen,87.36918080115481,
916,Bouallou,Taounate,1,Bouarouss,0.706,Bouhlou,0.8,Taza,87.40526885600866,
917,Bouaziar,Azilal,1,Azilal,0.571,Aziar,0.769,Agadir-Ida Ou Tanane,87.44135691086251,
918,Bouazoune,Taounate,1,Ouaouzgane,0.737,Boulaouane,0.842,Sidi Bennour,87.47744496571634,
919,Boubaan,Nador,1,Bouarg,0.615,Boukraa,0.714,Laâyoune,87.5135330205702,
920,Boubria,Berkane,1,Boughriba,0.75,Ourika,0.769,Al Haouz,87.54962107542403,
921,Bouchamate,Taounate,1,Bouadel,0.588,Bouhmame,0.778,Sidi Bennour,87.58570913027788,
922,Bouchibat,Al Hoceïma,1,Boudinar,0.588,Boughriba,0.778,Berkane,87.62179718513173,
923,Bni Saden,Sefrou,1,Bir Tamtam,0.421,Bni Said,0.824,Tétouan,87.65788523998556,
924,Ait boyoussef,Tinghir,1,Ait Ouassif,0.75,Ait Haddou Youssef,0.774,Taroudant,87.69397329483941,
925,Ait gmat,Tinghir,1,Aït Hani,0.625,Ait Mait,0.875,Driouch,87.73006134969326,
926,Ait hadouch,Tinghir,1,Ait Youl,0.632,Ait Hammou,0.762,Rehamna,87.7661494045471,
927,Abdellah Chefchaouni,Tinghir,1,Ferkla El Oulia,0.4,Chefchaouen,0.645,Chefchaouen,87.80223745940094,
928,Ad Sayeh,Essaouira,1,Sidi Ahmed Essayeh,0.615,Aday,0.667,Assa-Zag,87.83832551425478,
929,Admam,Al Hoceïma,1,Senada,0.545,Oulad Zmam,0.667,Fquih Ben Salah,87.87441356910863,
930,Tabarrant,Al Hoceïma,1,Chakran,0.5,Tabant,0.8,Azilal,87.91050162396247,
931,Tabolkhirte,Tinghir,1,Tinghir,0.444,Taourirt,0.632,Taourirt,87.94658967881631,
932,Tabrent,Al Hoceïma,1,Targuist,0.533,Tabant,0.769,Azilal,87.98267773367016,
933,Sidi ahmed Tadeli,Sefrou,1,Sidi Youssef Ben Ahmed,0.513,Sidi Ahmed Ou Abdellah,0.769,Taroudant,88.018765788524,
934,Sidi boujida,Fès,1,Ain Bida,0.6,Sidi Bouhria,0.833,Berkane,88.05485384337784,
935,Sidi ghiate,Al Haouz,1,Ghmate,0.588,Sidi Ghanem,0.818,Chichaoua,88.09094189823169,
936,Sidi khyar,Sefrou,1,Kandar Sidi Khiar,0.667,Sidi Amar,0.737,Khénifra,88.12702995308553,
937,Sidi ouabdellah,Taroudant,1,Sidi Ahmed Ou Abdellah,0.811,Sidi Bouabdelli,0.867,Tiznit,88.16311800793937,
938,Sidi-Yahia,Taounate,1,Sidi El Mokhfi,0.583,Sidi Aissa,0.8,Safi,88.19920606279321,
939,Sidi-Yahia Ben,Taounate,1,Sidi Yahya Bni Zeroual,0.667,Sidi Yahya Zaer,0.759,Skhirate-Témara,88.23529411764706,
940,SidiAhmed Tadli,Sefrou,1,Sidi Youssef Ben Ahmed,0.486,Sidi Ahmed El Khadir,0.743,El Kelâa des Sraghna,88.2713821725009,
941,Smd,Chichaoua,1,Saidate,0.4,Smià,0.571,Taza,88.30747022735474,
942,Souk Lhad,Chefchaouen,1,Oued Malha,0.632,Souk Tolba,0.737,Larache,88.34355828220859,
943,Sidi Yahya,Sidi Slimane,1,Sidi Al Kamel,0.609,Sidi Yahya Zaer,0.8,Skhirate-Témara,88.37964633706243,
944,A/ Chefk,Al Haouz,1,Ahl Tifnoute,0.316,Ain Chkef,0.75,Fès,88.41573439191627,
945,A/Hmmou,Al Hoceïma,1,Izemmouren,0.471,Ait Hammou,0.824,Rehamna,88.45182244677012,
946,Takyout,El Kelâa des Sraghna,1,Taouzint,0.667,Takoucht,0.8,Essaouira,88.48791050162396,
947,Tamadite,Taounate,1,Tamedit,0.8,Tamedit,0.8,Taounate,88.5239985564778,
948,Tamait Oufella,Agadir-Ida Ou Tanane,1,Ida Ou Guelloul,0.483,Ait Ouallal,0.72,Zagora,88.56008661133166,
949,Tamaounza,Agadir-Ida Ou Tanane,1,Taghazout,0.556,Taounza,0.875,Azilal,88.59617466618549,
950,Tamassint,Al Hoceïma,1,Targuist,0.471,Tissint,0.75,Tata,88.63226272103934,
951,Tamsemen,Driouch,1,Temsamane,0.471,Tamezmoute,0.667,Zagora,88.66835077589317,
952,Tamsslout,Taroudant,1,Tamaloukte,0.737,Tameslouht,0.842,Al Haouz,88.70443883074702,
953,Souk Tlat,Sidi Kacem,1,Selfat,0.533,Souk Tolba,0.842,Larache,88.74052688560087,
954,Souk laarbia,Taounate,1,Oudka,0.471,Souk Tolba,0.636,Larache,88.7766149404547,
955,Sraghna,Sefrou,1,Mtarnagha,0.625,Serghina,0.8,Boulemane,88.81270299530856,
956,Syba,Agadir-Ida Ou Tanane,1,Imsouane,0.333,Sbouya,0.6,Sidi Ifni,88.84879105016239,
957,Syba,Azilal,1,Tabant,0.4,Sbouya,0.6,Sidi Ifni,88.88487910501624,
958,Syba,Essaouira,1,Bizdad,0.4,Sbouya,0.6,Sidi Ifni,88.92096715987009,
959,Syba,Tinghir,1,Outerbat,0.333,Sbouya,0.6,Sidi Ifni,88.95705521472392,
960,TAOUNATEDouar,Taounate,1,Taounate,0.762,Taounate,0.762,Taounate,88.99314326957777,
961,Tabarante,Taounate,1,Tafrant,0.75,Targante,0.824,Essaouira,89.0292313244316,
962,Tahar Souk,Taounate,1,Thar Es-Souk,0.818,Thar Es-Souk,0.818,Taounate,89.06531937928546,
963,Tahar-Souk,Taounate,1,Thar Es-Souk,0.818,Thar Es-Souk,0.818,Taounate,89.1014074341393,
964,Taienest,Taza,1,Taïnaste,0.75,Taïnaste,0.75,Taza,89.13749548899314,
965,Ait halli ait Daoud,Khemisset,1,Sebt Aït Rahou,0.545,Ait Sidi Daoud,0.727,Marrakech,89.17358354384699,
966,Ait hamou yahya,Boulemane,1,Almis Marmoucha,0.533,Ait Yahya,0.75,Midelt,89.20967159870084,
967,Ait hamoyahya,Tinghir,1,Aït Hani,0.571,Ait Yahya,0.818,Midelt,89.24575965355467,
968,Ait kassi,Tinghir,1,Ait Ouassif,0.8,Ait Ouassif,0.8,Tinghir,89.28184770840852,
969,Ait kassi ouali,Tinghir,1,Ait Ouassif,0.615,Aït Youssef Ou Ali,0.727,Al Hoceïma,89.31793576326235,
970,Ait maala,Azilal,1,Ait Blal,0.706,Ait Mzal,0.824,Chtouka-Aït Baha,89.3540238181162,
971,Ait mahdi,Tinghir,1,Aït Hani,0.706,Ait Mait,0.824,Driouch,89.39011187297005,
972,Ait moussa,Zagora,1,Ait Ouallal,0.667,Sidi Moussa,0.762,El Kelâa des Sraghna,89.42619992782389,
973,Bensheikh,Al Haouz,1,Ouneine,0.375,Beni Chiker,0.6,Nador,89.46228798267774,
974,Berraca,Nador,1,Beni Ansar,0.353,Errachidia,0.706,Errachidia,89.49837603753157,
975,Berraka,Nador,1,Hassi Berkane,0.5,Braksa,0.769,Khouribga,89.53446409238542,
976,Biban,Taounate,1,El Bibane,0.714,El Bibane,0.714,Taounate,89.57055214723927,
977,Bin Jradi,Taza,1,Bab Boudir,0.421,Bir Jdid,0.706,Nouaceur,89.6066402020931,
978,Taoujdate,El Hajeb,1,Ait Boubidmane,0.522,Taounate,0.824,Taounate,89.64272825694695,
979,Targha,Chefchaouen,1,Amtar,0.545,Mtarnagha,0.8,Sefrou,89.67881631180079,
980,Bit Ghouleme,Taza,1,Bni Lent,0.5,Boulemane,0.667,Boulemane,89.71490436665464,
981,Bit ghoulem,Taza,1,Bni Lent,0.526,Bni Faghloum,0.696,Chefchaouen,89.75099242150849,
982,Bkakacha,Settat,1,Dar Chaffai,0.421,Ayacha,0.714,Larache,89.78708047636232,
983,Bni Amer,El Kelâa des Sraghna,1,Oulad Amer,0.556,Bni Ammart,0.778,Taounate,89.82316853121617,
984,Bni Koulla,Ouezzane,1,Bni Quolla,0.8,Bni Quolla,0.8,Ouezzane,89.85925658607002,
985,Bendib,Sidi Slimane,1,Kceibya,0.462,Ben Taïeb,0.667,Driouch,89.89534464092385,
986,Bengrir,El Kelâa des Sraghna,1,Errafiaya,0.375,Ben Guerir,0.824,Rehamna,89.9314326957777,
987,Tasouite,Tinghir,1,Assoul,0.571,Tagounite,0.824,Zagora,89.96752075063154,
988,Tassaltant,Al Haouz,1,Taouyalte,0.526,Tasoultante,0.762,Marrakech,90.00360880548538,
989,Tassaltant,Azilal,1,Tabant,0.625,Tasoultante,0.762,Marrakech,90.03969686033923,
990,Tassaltant,Marrakech,1,Tasoultante,0.762,Tasoultante,0.762,Marrakech,90.07578491519307,
991,Tassaltnt,Al Haouz,1,Taouyalte,0.556,Tasoultante,0.7,Marrakech,90.11187297004692,
992,Taughmerte,Taroudant,1,Toughmart,0.737,Toughmart,0.737,Taroudant,90.14796102490075,
993,Tazitount,Chichaoua,1,Ain Tazitounte,0.783,Ain Tazitounte,0.783,Chichaoua,90.1840490797546,
994,A. Taorirt,Al Hoceïma,1,Arbaa Taourirt,0.75,Taourirt,0.778,Taourirt,90.22013713460845,
995,A.D.C,Sidi Kacem,1,Sidi Kacem,0.267,Agdz,0.444,Ouarzazate,90.25622518946228,
996,A.Gdah,Taounate,1,Ain Legdah,0.625,Madagh,0.667,Berkane,90.29231324431613,
997,A.ali Youssef,Al Hoceïma,1,Aït Youssef Ou Ali,0.645,Oulad Ali Youssef,0.8,Boulemane,90.32840129916997,
998,Tazourakht,Al Hoceïma,1,Arbaa Taourirt,0.5,Taznakht,0.778,Ouarzazate,90.36448935402382,
999,Tidrara,Al Haouz,1,Tisrasse,0.533,Tendrara,0.8,Jerada,90.40057740887767,
1000,Tifirte,Azilal,1,Tifni,0.667,Tighirt,0.714,Tiznit,90.4366654637315,
1001,Tighrmatine,Tinghir,1,Tilmi,0.5,Ighzrane,0.737,Taza,90.47275351858535,
1002,Tiguenziouine,Al Haouz,1,Tighedouine,0.75,Tinzouline,0.783,Zagora,90.5088415734392,
1003,Tikiouine,Marrakech,1,Sid Zouine,0.632,Tizounine,0.778,Tata,90.54492962829303,
1004,Tinzerte,Taroudant,1,Tinzart,0.8,Tigzmerte,0.824,Tata,90.58101768314688,
1005,Tirset,Azilal,1,Tisqi,0.545,Tisrasse,0.714,Al Haouz,90.61710573800072,
1006,Tisi Ousli,Taza,1,Oued Amlil,0.4,Tizi Ouzli,0.8,Driouch,90.65319379285457,
1007,Tislite,Azilal,1,Tisqi,0.667,Tlite,0.833,Ouarzazate,90.68928184770841,
1008,Tamzirt,Ouarzazate,1,Tarmigt,0.714,Taghzirt,0.8,Béni Mellal,90.72536990256225,
1009,Taouiyalt,Taroudant,1,Taroudant,0.667,Taouyalte,0.889,Al Haouz,90.7614579574161,
1010,Tizi Oussli,Taza,1,Oued Amlil,0.381,Tizi Ouzli,0.857,Driouch,90.79754601226993,
1011,"A,Y,Ouali",Al Hoceïma,1,Rouadi,0.533,Oualili,0.625,Meknès,90.83363406712378,
1012,"A,taourirt",Al Hoceïma,1,Arbaa Taourirt,0.75,Taourirt,0.889,Taourirt,90.86972212197763,
1013,Beni Makada,Larache,1,Bni Garfett,0.455,Beni Malek,0.762,Ouezzane,90.90581017683147,
1014,Beni Maraaz,Meknès,1,Nzala Bni Ammar,0.538,Bni Mathar,0.667,Jerada,90.94189823168531,
1015,Beni Meraaz,Meknès,1,Ait Yaazem,0.476,Beni Mellal,0.727,Béni Mellal,90.97798628653915,
1016,Beni Saden,Sefrou,1,Bir Tamtam,0.4,Bni Said,0.778,Tétouan,91.014074341393,
1017,Beni guerfet,Larache,1,Bni Garfett,0.783,Bni Garfett,0.783,Larache,91.05016239624685,
1018,Beni-Kissane,Taounate,1,Kissane,0.737,Bni Hassane,0.783,Azilal,91.08625045110068,
1019,Beni-Ounjel,Taounate,1,Bni Oulid,0.7,Bni Oual,0.737,Ouezzane,91.12233850595453,
1020,Bensergao,Azilal,1,Demnate,0.375,El Kansera,0.632,Khemisset,91.15842656080837,
1021,Bab tété,Ouarzazate,1,Télouet,0.4,Bab Berred,0.667,Chefchaouen,91.19451461566221,
1022,Bab wandar,Taounate,1,Jbabra,0.5,Bab Taza,0.667,Chefchaouen,91.23060267051606,
1023,Bani sadden,Sefrou,1,Aït Seghrouchen,0.462,Bni Said,0.737,Tétouan,91.2666907253699,
1024,Baraacca,Taza,1,Jbarna,0.571,Brachoua,0.5,Skhirate-Témara,91.30277878022375,
1025,Baracca,Ouarzazate,1,Afra,0.545,Brachoua,0.667,Skhirate-Témara,91.3388668350776,
1026,Zerhounia,Meknès,1,Ouislane,0.353,El Hagounia,0.7,Es-Semara,91.37495488993143,
1027,Zouagha,Fès,1,Louadaine,0.5,Ounagha,0.857,Essaouira,91.41104294478528,
1028,Tizki Akesri Tamraght,Agadir-Ida Ou Tanane,1,Aqesri,0.37,Sidi Ali Labrahla,0.526,Rehamna,91.44713099963911,
1029,Tlat Lamzam,Azilal,1,Ait Blal,0.421,Nzalat Laadam,0.667,Rehamna,91.48321905449296,
1030,Tlat louta,Nador,1,Bni Sidel Louta,0.56,Tazouta,0.706,Sefrou,91.51930710934681,
1031,Tmaloust,Ouezzane,1,Masmouda,0.5,Tamaloukte,0.778,Taroudant,91.55539516420065,
1032,Tnin Ait Rkha,Tiznit,1,Ait Erkha,0.727,Ait Erkha,0.727,Tiznit,91.5914832190545,
1033,Tnine el ouleja,Taounate,1,Ras El Oued,0.538,Tnine Amellou,0.714,Sidi Ifni,91.62757127390833,
1034,Touelaa,Tétouan,1,Oued Laou,0.625,Toufelaazt,0.824,Chtouka-Aït Baha,91.66365932876218,
1035,Touibla,Tétouan,1,Tétouan,0.571,Toulal,0.769,Meknès,91.69974738361603,
1036,Touilaa,Tétouan,1,Tétouan,0.571,Toulal,0.769,Meknès,91.73583543846986,
1037,Tozrigutte,Tinghir,1,Outerbat,0.444,Tizguite,0.667,Ifrane,91.77192349332371,
1038,Trifa II,Berkane,1,Saidia,0.286,Tifariti,0.75,Es-Semara,91.80801154817755,
1039,Trik Alouahda,Taza,1,Tahla,0.444,Tabouda,0.6,Chefchaouen,91.8440996030314,
1040,Urbaine,Chefchaouen,1,Bni Selmane,0.444,Barkine,0.714,Taza,91.88018765788524,
1041,Wawirzagh,Azilal,1,Ouaouizaght,0.6,Ouaouizaght,0.6,Azilal,91.91627571273908,
1042,Z.S.A.Kader,Al Hoceïma,1,Zouaiat sidi Abdelkader,0.471,Saka,0.533,Guercif,91.95236376759293,
1043,Zaazaa,Larache,1,Zaaroura,0.571,Azzaba,0.5,Sefrou,91.98845182244678,
1044,Becheine,Taza,1,Barkine,0.533,Bouchaouene,0.632,Guercif,92.02453987730061,
1045,Ben CHEIKH,Al Haouz,1,Ouneine,0.353,Beni Chiker,0.762,Nador,92.06062793215446,
1046,Ben Charrou,Béni Mellal,1,Bni Bataou,0.571,Ben Maachou,0.727,El Jadida,92.0967159870083,
1047,Ben Tayeb,Nador,1,Beni Ansar,0.526,Ben Taïeb,0.889,Driouch,92.13280404186214,
1048,Ben Zit,Marrakech,1,Jbilate,0.286,Bni Zoli,0.667,Zagora,92.168892096716,
1049,B.S jbel,Nador,1,Bni Sidel Jbel,0.636,Bni Sidel Jbel,0.636,Nador,92.20498015156983,
1050,B.bouayach I,Al Hoceïma,1,Bni Bouayach,0.75,Bni Bouayach,0.75,Al Hoceïma,92.24106820642368,
1051,B.bounsar,Al Hoceïma,1,Boudinar,0.706,Bni Bounsar,0.8,Taounate,92.27715626127751,
1052,Zagmouzne,Taroudant,1,Talgjount,0.556,Zagmouzen,0.889,Al Haouz,92.31324431613136,
1053,Zaouia Nezzaghia,Settat,1,Oulad Sghir,0.519,Zaouia Annahlia,0.774,Chichaoua,92.34933237098521,
1054,Zaouia S K,Tétouan,1,Zaouiat Sidi Kacem,0.714,Zaouiat Sidi Kacem,0.714,Tétouan,92.38542042583904,
1055,Zaouite ait Ishaq,Khénifra,1,Aït Ishaq,0.692,Aït Ishaq,0.692,Khénifra,92.42150848069289,
1056,Zeagngan,Nador,1,Zeghanghane,0.737,Zaggota,0.667,Sidi Kacem,92.45759653554673,
1057,Zelten,Essaouira,1,Tahelouante,0.471,Zerkten,0.769,Al Haouz,92.49368459040058,
1058,ait iaala,Tinghir,1,Aït Elfarsi,0.5,Ait Iaaza,0.889,Taroudant,92.52977264525443,
1059,ait idit,Tinghir,1,Aït Hani,0.625,Ait Said,0.75,Essaouira,92.56586070010826,
1060,Zoualet,Meknès,1,Toulal,0.615,Toualet,0.857,Settat,92.60194875496211,
1061,agouti,Tinghir,1,Assoul,0.5,Aghouatim,0.8,Al Haouz,92.63803680981596,
1062,ain chaib,Taroudant,1,Lamhadi,0.5,Ain Chair,0.889,Figuig,92.67412486466979,
1063,ainzora,Nador,1,Zaïo,0.545,Aïn Zohra,0.875,Driouch,92.71021291952364,
1064,ait aatab,Azilal,1,Ait Ouaarda,0.7,Ait Taleb,0.778,Rehamna,92.74630097437748,
1065,ait aliyahya,Tinghir,1,Aït Hani,0.6,Ait Yahya,0.857,Midelt,92.78238902923133,
1066,ait alouane,Tinghir,1,Ait Ouassif,0.636,Zaïtoune,0.737,Tétouan,92.81847708408517,
1067,ait amer,Tinghir,1,Aït Elfarsi,0.632,Aït Kamra,0.824,Al Hoceïma,92.85456513893901,
1068,ait bouallal,Tinghir,1,Ait Youl,0.7,Ait Ouallal,0.957,Zagora,92.89065319379286,
1069,ait boubker,Tinghir,1,Ait Youl,0.632,Sidi Boubker,0.783,Oujda-Angad,92.92674124864669,
1070,ait boulmane,Tinghir,1,Ait Youl,0.7,Ait Boubidmane,0.846,El Hajeb,92.96282930350054,
1071,Z .cheikh,Béni Mellal,1,Ouled Yaïch,0.3,Zaouiat Cheikh,0.696,Khénifra,92.99891735835439,
1072,Z'Mamra,Taounate,1,Zarkat,0.615,Zemamra,0.857,Sidi Bennour,93.03500541320822,
1073,Z'Rarka,Taounate,1,Zarkat,0.769,Zrarda,0.769,Taza,93.07109346806207,
1074,ait bouyossef,Tinghir,1,Ait Ouassif,0.75,Ait Haddou Youssef,0.774,Taroudant,93.10718152291591,
1075,ait boyousef,Tinghir,1,Ait Youl,0.7,Ait Haddou Youssef,0.733,Taroudant,93.14326957776976,
1076,ait boyoysef,Tinghir,1,Ait Ouassif,0.609,Ait Haddou Youssef,0.667,Taroudant,93.1793576326236,
1077,B.sidel,Nador,1,Bni Sidel Jbel,0.571,Jbiel,0.667,El Kelâa des Sraghna,93.21544568747744,
1078,B.sidel jbal,Nador,1,Bni Sidel Jbel,0.769,Bni Sidel Jbel,0.769,Nador,93.25153374233129,
1079,B/jbel,Nador,1,Bni Sidel Jbel,0.6,Jbiel,0.727,El Kelâa des Sraghna,93.28762179718512,
1080,BEN Maraaz,Meknès,1,Aïn Orma,0.444,El Marsa,0.667,Laâyoune,93.32370985203897,
1081,Bab Mrouje,Taza,1,Bab Marzouka,0.727,Bab Marzouka,0.727,Taza,93.35979790689282,
1082,Bab ramla,Taza,1,Bab Marzouka,0.571,Bab Taza,0.706,Chefchaouen,93.39588596174666,
1083,B. ensar,Nador,1,Beni Ansar,0.667,Bir Ennasr,0.667,Benslimane,93.4319740166005,
1084,B.Bchir,Al Hoceïma,1,Chakran,0.429,Beni Bechir,0.667,Taounate,93.46806207145436,
1085,B.Bouayach II,Al Hoceïma,1,Bni Bouayach,0.72,Bni Bouayach,0.72,Al Hoceïma,93.50415012630819,
1086,B.Bouchibat,Al Hoceïma,1,Boudinar,0.526,Bni Bouchibet,0.75,Taounate,93.54023818116204,
1087,ait hdouch,Tinghir,1,Ait Youl,0.667,Ait Daoud,0.737,Essaouira,93.57632623601587,
1088,ait hmed,Tinghir,1,Aït Hani,0.625,Ait M'Hamed,0.842,Azilal,93.61241429086972,
1089,ait hmoudene,Tinghir,1,Ait Youl,0.6,Ait Mimoune,0.783,Khemisset,93.64850234572357,
1090,"b,s,louta",Nador,1,Selouane,0.588,Louta,0.714,Al Hoceïma,93.6845904005774,
1091,b.bouayach,Al Hoceïma,1,Bni Bouayach,0.818,Bni Bouayach,0.818,Al Hoceïma,93.72067845543125,
1092,bab merzk,Taza,1,Bab Marzouka,0.762,Bab Marzouka,0.762,Taza,93.75676651028509,
1093,bab zitouba,Taza,1,Bab Marzouka,0.696,Bab Tiouka,0.762,Sidi Kacem,93.79285456513894,
1094,bani Saden,Sefrou,1,Aït Seghrouchen,0.48,Bni Said,0.778,Tétouan,93.82894261999279,
1095,ben souda,Fès,1,Ain Bou Ali,0.5,Bni Oual,0.706,Ouezzane,93.86503067484662,
1096,ait mahdi,Tinghir,1,Aït Hani,0.706,Ait Mait,0.824,Driouch,93.90111872970047,
1097,ait messoud,Tinghir,1,Ait Youl,0.632,Ait Melloul,0.727,Inezgane-Aït Melloul,93.9372067845543,
1098,ait oglif,Tinghir,1,Ait Youl,0.706,Aglif,0.714,Essaouira,93.97329483940815,
1099,ait ouglif,Tinghir,1,Ait Youl,0.778,Ait Youl,0.778,Tinghir,94.009382894262,
1100,ait sakri,Tinghir,1,Aït Hani,0.706,Ait Said,0.824,Essaouira,94.04547094911584,
1101,ait tazarin,Tinghir,1,Aït Elfarsi,0.636,Tazarine,0.737,Taza,94.08155900396969,
1102,ait tazrine,Tinghir,1,Aït Hani,0.632,Ait Zineb,0.8,Ouarzazate,94.11764705882354,
1103,ait zelten,Essaouira,1,Tahelouante,0.476,Ait El Man,0.7,Boulemane,94.15373511367737,
1104,ait ziad,Tinghir,1,Aït Hani,0.625,Ait Said,0.75,Essaouira,94.18982316853122,
1105,aitali oyahya,Tinghir,1,Aït Hani,0.476,Ait Yahya,0.818,Midelt,94.22591122338505,
1106,B K,Sidi Kacem,1,Bab Tiouka,0.462,N'Kob,0.5,Tinghir,94.2619992782389,
1107,B Sidel,Nador,1,Bni Sidel Jbel,0.667,Jbiel,0.667,El Kelâa des Sraghna,94.29808733309275,
1108,B' sabsa,Taounate,1,El Bsabsa,0.75,El Bsabsa,0.75,Taounate,94.33417538794659,
1109,bohrou,Tinghir,1,Bou Azmou,0.533,Bouhlou,0.769,Taza,94.37026344280044,
1110,booujediane,Larache,1,Souaken,0.444,Bou Jedyane,0.818,Ouezzane,94.40635149765427,
1111,bouachiba,Azilal,1,Ouaoula,0.5,Boughriba,0.778,Berkane,94.44243955250812,
1112,boujdian,Larache,1,Souaken,0.533,Oujda,0.769,Oujda-Angad,94.47852760736197,
1113,boujdiane,Larache,1,Souaken,0.5,Bou Jedyane,0.8,Ouezzane,94.5146156622158,
1114,almasjid,Nador,1,Al Aroui,0.5,Lamssid,0.667,Boujdour,94.55070371706965,
1115,alouahda,Taza,1,Oulad Zbair,0.526,Lounasda,0.75,El Kelâa des Sraghna,94.58679177192349,
1116,amassine tondout,Tinghir,1,Assoul,0.455,Imintanoute,0.593,Chichaoua,94.62287982677734,
1117,amdnagh,Tinghir,1,Tinghir,0.429,Madagh,0.769,Berkane,94.65896788163118,
1118,amejjaw,Driouch,1,Amejjaou,0.8,Amejjaou,0.8,Driouch,94.69505593648502,
1119,amsa,Tétouan,1,Azla,0.5,Assa,0.75,Assa-Zag,94.73114399133887,
1120,anonizme,Tinghir,1,Alnif,0.462,Tagounite,0.588,Zagora,94.76723204619272,
1121,arroui,Nador,1,Al Aroui,0.714,Azrou,0.727,Ifrane,94.80332010104655,
1122,ghigou,Sefrou,1,Aït Seghrouchen,0.381,Guigou,0.833,Boulemane,94.8394081559004,
1123,beni bouyafrour,Nador,1,Bni Bouifrou,0.815,Bni Bouifrou,0.815,Nador,94.87549621075424,
1124,bibane,Taounate,1,El Bibane,0.8,El Bibane,0.8,Taounate,94.91158426560808,
1125,bin jradi,Taza,1,Bab Boudir,0.421,Bir Jdid,0.706,Nouaceur,94.94767232046193,
1126,bizamame,Ouarzazate,1,Ouarzazate,0.444,Bir Tamtam,0.667,Sefrou,94.98376037531577,
1127,bni enssar,Agadir-Ida Ou Tanane,1,Aziar,0.4,Beni Ansar,0.8,Nador,95.01984843016962,
1128,B.Bouyafroun,Nador,1,Bni Bouifrou,0.667,Bouarouss,0.667,Taounate,95.05593648502345,
1129,B.Elain,Chefchaouen,1,Bni Selmane,0.556,Belfaa,0.615,Chtouka-Aït Baha,95.0920245398773,
1130,B.Ensar,Nador,1,Beni Ansar,0.706,Beni Ansar,0.706,Nador,95.12811259473115,
1131,B.Gmil Maksouline,Al Hoceïma,1,Tifarouine,0.519,Bni Gmil Maksouline,0.889,Taounate,95.16420064958498,
1132,B.Louta,Nador,1,Bouarg,0.615,Louta,0.833,Al Hoceïma,95.20028870443883,
1133,B.M,Béni Mellal,1,Beni Mellal,0.286,Boumia,0.444,Midelt,95.23637675929267,
1134,B.S Jbel,Nador,1,Bni Sidel Jbel,0.636,Bni Sidel Jbel,0.636,Nador,95.27246481414652,
1135,Azlaf,Nador,1,Al Aroui,0.462,Azla,0.889,Tétouan,95.30855286900037,
1136,Azou,Tinghir,1,Assoul,0.6,Azrou,0.889,Ifrane,95.3446409238542,
1137,B Bouyafrou,Nador,1,Bni Bouifrou,0.783,Bni Bouifrou,0.783,Nador,95.38072897870805,
1138,hay dari,Agadir-Ida Ou Tanane,1,Tadrart,0.533,Had Dra,0.667,Essaouira,95.41681703356188,
1139,hdida,Tinghir,1,Tinejdad,0.462,Haddada,0.667,Kénitra,95.45290508841573,
1140,iatachne,Tinghir,1,Aït Hani,0.375,Tafetachte,0.667,Essaouira,95.48899314326958,
1141,iazanenn,Nador,1,Iaazzanene,0.778,Iaazzanene,0.778,Nador,95.52508119812342,
1142,ibrghosne,Tinghir,1,Tinghir,0.375,Tighedouine,0.6,Al Haouz,95.56116925297727,
1143,bouqorra,Ouezzane,1,Kalaat Booqorra,0.609,Bouskoura,0.706,Nouaceur,95.59725730783111,
1144,bouramana,Driouch,1,Ourdana,0.75,Ouaoumana,0.778,Khénifra,95.63334536268495,
1145,bouzlne,Taza,1,Bouyablane,0.706,Boulemane,0.75,Boulemane,95.6694334175388,
1146,centre,El Kelâa des Sraghna,1,Zemrane,0.462,Metrane,0.615,Sidi Bennour,95.70552147239263,
1147,dalas,Béni Mellal,1,Dir El Ksiba,0.235,Dakhla,0.727,Oued Ed-Dahab,95.74160952724648,
1148,douar OUDAD,Taounate,1,Oulad Daoud,0.636,Ouaoula,0.667,Azilal,95.77769758210033,
1149,douar ain sora,Taounate,1,Oulad Daoud,0.48,Oulad Ali Mansour,0.645,Chefchaouen,95.81378563695417,
1150,dr Afra,Ouarzazate,1,Afra,0.727,Afra,0.727,Ouarzazate,95.84987369180801,
1151,dr doultma,Essaouira,1,Sidi Boulaalam,0.5,Dar Oum Soltane,0.64,Meknès,95.88596174666185,
1152,dépisté à azrou,Larache,1,Rissana Janoubia,0.452,Ait Sebaa Lajrouf,0.438,Ifrane,95.9220498015157,
1153,farkhana,Nador,1,Arekmane,0.625,Argana,0.714,Taroudant,95.95813785636955,
1154,ghorm El Alem,Béni Mellal,1,Foum El Anceur,0.593,Laghoualem,0.609,Benslimane,95.99422591122338,
1155,had mssila,Taza,1,Msila,0.667,H'Ssyia,0.706,Zagora,96.03031396607723,
1156,hamria,Ouezzane,1,Lamrabih,0.571,Lamrija,0.769,Guercif,96.06640202093106,
1157,hamria,Taounate,1,Zarkat,0.5,Lamrija,0.769,Guercif,96.10249007578491,
1158,harmomo,Sefrou,1,Ahermoumou,0.706,Ahermoumou,0.706,Sefrou,96.13857813063876,
1159,harmomou,Sefrou,1,Ahermoumou,0.778,Ahermoumou,0.778,Sefrou,96.1746661854926,
1160,"B,M",Béni Mellal,1,Beni Mellal,0.286,Boumia,0.444,Midelt,96.21075424034645,
1161,"B,Maraghnine",Driouch,1,Bni Marghnine,0.8,Bni Marghnine,0.8,Driouch,96.2468422952003,
1162,"B,bouayach",Al Hoceïma,1,Bni Bouayach,0.818,Bni Bouayach,0.818,Al Hoceïma,96.28293035005413,
1163,"B,chiker",Nador,1,Beni Chiker,0.737,Beni Chiker,0.737,Nador,96.31901840490798,
1164,"B,enssar",Nador,1,Beni Ansar,0.667,Beni Ansar,0.667,Nador,96.35510645976181,
1165,B. Bounsar,Al Hoceïma,1,Boudinar,0.667,Bni Bounsar,0.857,Taounate,96.39119451461566,
1166,Amsernat,Agadir-Ida Ou Tanane,1,Tamri,0.462,Ternata,0.667,Zagora,96.42728256946951,
1167,Anamer,Taroudant,1,Argana,0.5,Ameur,0.727,Salé,96.46337062432335,
1168,Aolos,Taroudant,1,Aoulouz,0.667,Aoulouz,0.667,Taroudant,96.4994586791772,
1169,Aruit,Nador,1,Al Aroui,0.615,Targuist,0.769,Al Hoceïma,96.53554673403103,
1170,igherme,Taroudant,1,Irherm,0.769,Irherm,0.769,Taroudant,96.57163478888488,
1171,ighmnigrane,Tinghir,1,Tinghir,0.556,Ighzrane,0.737,Taza,96.60772284373873,
1172,As jbel oulia,Tinghir,1,Ferkla El Oulia,0.714,Ferkla El Oulia,0.714,Tinghir,96.64381089859256,
1173,As s Gharbia,Tinghir,1,Ait Sedrate Sahl El Gharbia,0.564,Had Al Gharbia,0.769,Tanger-Assilah,96.67989895344641,
1174,Assifane,Chefchaouen,1,Tassift,0.667,Ifrane,0.714,Ifrane,96.71598700830025,
1175,Attaouia Chaaibia,El Kelâa des Sraghna,1,Laattaouia Ech-Chaybia,0.769,Laattaouia Ech-Chaybia,0.769,El Kelâa des Sraghna,96.7520750631541,
1176,Aychtoume,Taounate,1,Taounate,0.471,Chtouka,0.625,El Jadida,96.78816311800794,
1177,Albassatine,Meknès,1,Mrhassiyine,0.545,Al Bahraoyine,0.667,Tanger-Assilah,96.82425117286178,
1178,Alhouda Bloc B N° 545,Agadir-Ida Ou Tanane,1,Ida Ou Kazzou,0.303,El Koudia El Beida,0.474,Taroudant,96.86033922771563,
1179,Alqods,Taza,1,Galdamane,0.4,Al Oued,0.615,Chefchaouen,96.89642728256948,
1180,ighrmloune,Tinghir,1,Aghbalou N'Kerdous,0.5,Tighedouine,0.667,Al Haouz,96.93251533742331,
1181,imghrane,Tinghir,1,Tinghir,0.533,Ighzrane,0.875,Taza,96.96860339227716,
1182,imzoudar,Tinghir,1,Imider,0.571,Mzoudia,0.8,Chichaoua,97.004691447131,
1183,izourka,Tinghir,1,Outerbat,0.533,Ourika,0.769,Al Haouz,97.04077950198484,
1184,jmaat abdellah,Al Haouz,1,Tameslouht,0.167,Ait Abdellah,0.846,Chtouka-Aït Baha,97.07686755683869,
1185,jnan ward,Fès,1,Ain Kansra,0.421,Ain Harrouda,0.571,Médiouna,97.11295561169253,
1186,o ghalem,Settat,1,Toualet,0.533,Ouled Ghanem,0.7,Sidi Bennour,97.14904366654638,
1187,oled bouaziri,Settat,1,Oulad Abbou,0.583,Oulad Bourima,0.692,Taza,97.18513172140021,
1188,oled bouchair,Settat,1,Oulad Abbou,0.583,Oulad Boughadi,0.741,Khouribga,97.22121977625406,
1189,karia ba ahmd,Taounate,1,Aïn Aïcha,0.455,Karia Ba Mohamed,0.828,Moulay Yacoub,97.25730783110791,
1190,karia ba med,Taounate,1,Ras El Oued,0.435,Karia Ba Mohamed,0.857,Moulay Yacoub,97.29339588596174,
1191,kella,Tinghir,1,Toudgha El Oulia,0.381,Mellila,0.667,Benslimane,97.32948394081559,
1192,kolla,Larache,1,Souk Tolba,0.533,Kechoula,0.615,Chichaoua,97.36557199566943,
1193,lagnat,Béni Mellal,1,Oulad Gnaou,0.588,Lagnadiz,0.714,Khouribga,97.40166005052328,
1194,laksir,El Hajeb,1,Iqaddar,0.308,Laqsir,0.833,Moulay Yacoub,97.43774810537712,
1195,lamzem,El Kelâa des Sraghna,1,Oulad Amer,0.5,Talzemt,0.615,Boulemane,97.47383616023096,
1196,lbour,Tinghir,1,Outerbat,0.462,Bourd,0.8,Al Hoceïma,97.50992421508481,
1197,lhart,Tinghir,1,Aït Elfarsi,0.375,Lahdar,0.727,Youssoufia,97.54601226993866,
1198,lharte,Tinghir,1,Aït Elfarsi,0.353,Lahdar,0.667,Youssoufia,97.58210032479249,
1199,marnissa,Taounate,1,Tissa,0.615,Massa,0.769,Tiznit,97.61818837964634,
1200,idaogaylat,Taroudant,1,Ida Ou Gailal,0.696,Ida Ou Gailal,0.696,Taroudant,97.65427643450018,
1201,igermaouas,Driouch,1,Amejjaou,0.444,Ijarmaouas,0.8,Al Hoceïma,97.69036448935402,
1202,mirna,Tinghir,1,Imider,0.545,Smià,0.667,Taza,97.72645254420787,
1203,moqrisat,Ouezzane,1,Brikcha,0.4,Moqrisset,0.824,Chefchaouen,97.76254059906171,
1204,moujjou,Sefrou,1,Ahermoumou,0.588,Boujdour,0.667,Boujdour,97.79862865391556,
1205,Alquds,Agadir-Ida Ou Tanane,1,Aqesri,0.5,Al Oued,0.615,Chefchaouen,97.83471670876939,
1206,Alquods,Taza,1,Galdamane,0.375,Aquermoud,0.625,Essaouira,97.87080476362324,
1207,Alwafae,Larache,1,Larache,0.429,Ahlaf,0.667,Benslimane,97.90689281847709,
1208,Amallal,Chefchaouen,1,Amtar,0.5,Tamallalt,0.875,El Kelâa des Sraghna,97.94298087333092,
1209,Amdnagh,Tinghir,1,Tinghir,0.429,Madagh,0.769,Berkane,97.97906892818477,
1210,Amkhlij,Al Haouz,1,Assaki,0.462,Mkhalif,0.714,Safi,98.01515698303861,
1211,Ait s jbel,Tinghir,1,Ait Sedrate Jbel El Oulia,0.571,Bni Sidel Jbel,0.667,Nador,98.05124503789246,
1212,Ait sedrat jbel,Tinghir,1,Ait Sedrate Jbel El Oulia,0.75,Ait Sedrate Jbel El Oulia,0.75,Tinghir,98.0873330927463,
1213,Aity wassif,Tinghir,1,Ait Ouassif,0.818,Ait Ouassif,0.818,Tinghir,98.12342114760014,
1214,municipalité nador,Nador,1,Nador,0.435,Sidi Ali Ben Hamdouche,0.5,El Jadida,98.15950920245399,
1215,my abdelkader,Sidi Kacem,1,Sidi Kacem,0.348,Moulay Abdelkader,0.867,Ouezzane,98.19559725730782,
1216,my abdelkrim,Taounate,1,Moulay Ahmed Cherif,0.516,Moulay Abdelkrim,0.857,Moulay Yacoub,98.23168531216167,
1217,nakhla,Tétouan,1,Azla,0.6,Dakhla,0.833,Oued Ed-Dahab,98.26777336701552,
1218,takkad,Chtouka-Aït Baha,1,Tabia,0.545,Akka,0.8,Tata,98.30386142186936,
1219,oled mhala,Taroudant,1,Ouled Aissa,0.667,Oued Malha,0.7,Chefchaouen,98.3399494767232,
1220,omyache,Tinghir,1,Imilchil,0.4,Rouached,0.667,Fquih Ben Salah,98.37603753157705,
1221,oued Kasaba,Taounate,1,Oued Jemaa,0.667,Ouled Aissa,0.727,Taroudant,98.41212558643089,
1222,oued fes,Fès,1,Fès,0.545,Oued Zem,0.75,Khouribga,98.44821364128474,
1223,ouledamghar,Driouch,1,Ourdana,0.556,Oulad Amghar,0.87,Al Hoceïma,98.48430169613857,
1224,qd ben aouda,Kénitra,1,Ben Mansour,0.609,Kariat Ben Aouda,0.714,Ouezzane,98.52038975099242,
1225,rahouana,Nador,1,Selouane,0.5,Lahouaza,0.75,Settat,98.55647780584627,
1226,rass lma,Nador,1,Hassi Berkane,0.476,Ras El Ma,0.824,Berkane,98.5925658607001,
1227,regraga,Al Haouz,1,Agafay,0.462,Reggada,0.714,Tiznit,98.62865391555395,
1228,regragua,Essaouira,1,Sidi Aissa Regragui,0.519,Reggada,0.667,Tiznit,98.66474197040779,
1229,saghro,Tinghir,1,Tinghir,0.462,Maghraoua,0.667,Taza,98.70083002526164,
1230,sahel,Tiznit,1,Arbaa Sahel,0.625,Salé,0.667,Salé,98.73691808011549,
1231,sais,Fès,1,Ain Kansra,0.429,Assais,0.8,Taroudant,98.77300613496932,
1232,menzel,Sefrou,1,El Menzel,0.8,El Menzel,0.8,Sefrou,98.80909418982317,
1233,mezguitem,Taza,1,El Gouzate,0.421,Mezguita,0.824,Ouarzazate,98.845182244677,
1234,7eme BISI,Taza,1,Msila,0.429,Mesti,0.429,Sidi Ifni,98.88127029953085,
1235,15 Gar,Taza,1,Ras Laksar,0.375,M'Garto,0.615,Khouribga,98.9173583543847,
1236,15Eme Gare,Taza,1,El Gouzate,0.5,M'Garto,0.588,Khouribga,98.95344640923854,
1237,tisli,Tinghir,1,Tilmi,0.8,Tisqi,0.8,Azilal,98.98953446409239,
1238,6éme BSI,Taza,1,Msila,0.462,Mesti,0.615,Sidi Ifni,99.02562251894624,
1239,tizitounte,Chichaoua,1,Ain Tazitounte,0.75,Tiztoutine,0.8,Driouch,99.06171057380007,
1240,tkhabecht,Driouch,1,Tafersit,0.471,Tafetachte,0.632,Essaouira,99.09779862865392,
1241,tassouit,Tinghir,1,Assoul,0.714,Tassousfi,0.824,Tata,99.13388668350775,
1242,taynza,Tinghir,1,Tinejdad,0.286,Taza,0.8,Taza,99.1699747383616,
1243,tazakhte,Tinghir,1,Taghzoute N'Ait Atta,0.357,Taznakht,0.875,Ouarzazate,99.20606279321545,
1244,tazintest,Taroudant,1,Tizi N'Test,0.8,Tizi N'Test,0.8,Taroudant,99.24215084806929,
1245,tighmatine,Tinghir,1,Tilmi,0.533,Tighmi,0.75,Tiznit,99.27823890292314,
1246,sebte tafraoutene,Taroudant,1,Tafraouten,0.741,Tafraouten,0.741,Taroudant,99.31432695777697,
1247,sghanghan,Nador,1,Zeghanghane,0.8,Zeghanghane,0.8,Nador,99.35041501263082,
1248,sidi A Tadeli,Sefrou,1,Ahl Sidi Lahcen,0.5,Sidi Al Kamel,0.769,Sidi Slimane,99.38650306748467,
1249,sidi A Tadeli Lalal yaza,Sefrou,1,Dar El Hamra,0.389,Sidi Allal Tazi,0.667,Kénitra,99.4225911223385,
1250,z elbir,Tinghir,1,M'Semrir,0.533,Ksar el-Kebir,0.6,Larache,99.45867917719235,
1251,zayo,Nador,1,Zaïo,0.75,Zaïo,0.75,Nador,99.49476723204619,
1252,zegota,Sidi Kacem,1,Zaggota,0.769,Zaggota,0.769,Sidi Kacem,99.53085528690004,
1253,zgangan,Nador,1,Zeghanghane,0.778,Zeghanghane,0.778,Nador,99.56694334175388,
1254,taouima,Nador,1,Al Aroui,0.533,Touama,0.769,Marrakech,99.60303139660772,
1255,taoujtat,El Hajeb,1,Agourai,0.533,Tazouta,0.8,Sefrou,99.63911945146157,
1256,tarmouchte,Tinghir,1,Outerbat,0.444,Tabaroucht,0.8,Béni Mellal,99.67520750631542,
1257,tasouite,Tinghir,1,Assoul,0.571,Tagounite,0.824,Zagora,99.71129556116925,
1258,A S jbel olia,Tinghir,1,Ait Sedrate Jbel El Oulia,0.684,Ait Sedrate Jbel El Oulia,0.684,Tinghir,99.7473836160231,
1259,A S jbel sofla,Tinghir,1,Ait Sedrate Jbel El Soufla,0.7,Ait Sedrate Jbel El Soufla,0.7,Tinghir,99.78347167087693,
1260,A s jbel,Tinghir,1,Ait Sedrate Jbel El Oulia,0.485,Bni Sidel Jbel,0.636,Nador,99.81955972573078,
1261,A s s charkia,Tinghir,1,Ait Sedrate Sahl Charkia,0.703,Ait Sedrate Sahl Charkia,0.703,Tinghir,99.85564778058463,
1262,"A, Mediona A ,Medoina",Taounate,1,Ain Mediouna,0.545,Ain Mediouna,0.545,Taounate,99.89173583543847,
1263,A S J soufla,Tinghir,1,Ferkla Es-Soufla,0.714,Ferkla Es-Soufla,0.714,Tinghir,99.92782389029232,
1264,A S J oulia,Tinghir,1,Ferkla El Oulia,0.615,Rass Oumlil,0.636,Tan-Tan,99.96391194514615,
1265,A H yahya,Tinghir,1,Aït Hani,0.471,Ait Yahya,0.778,Midelt,100.0,
