{"type": "FeatureCollection", "features": [{"type": "Feature", "properties": {"commune_id": 1, "name": "Aarab Sebbah Gheris"}, "geometry": {"type": "Polygon", "coordinates": [[[-4.473419, 31.367241], [-4.373419, 31.367241], [-4.373419, 31.467241], [-4.473419, 31.467241], [-4.473419, 31.367241]]]}}, {"type": "Feature", "properties": {"commune_id": 2, "name": "Aarab Sebbah Ziz"}, "geometry": {"type": "Polygon", "coordinates": [[[-4.044553, 31.437229], [-3.944553, 31.437229], [-3.944553, 31.537229], [-4.044553, 31.537229], [-4.044553, 31.437229]]]}}, {"type": "Feature", "properties": {"commune_id": 3, "name": "Abadou"}, "geometry": {"type": "Polygon", "coordinates": [[[-7.354719, 31.549657], [-7.254719000000001, 31.549657], [-7.254719000000001, 31.649657], [-7.354719, 31.649657], [-7.354719, 31.549657]]]}}, {"type": "Feature", "properties": {"commune_id": 4, "name": "Abaynou"}, "geometry": {"type": "Polygon", "coordinates": [[[-9.983778000000001, 29.034087], [-9.883778, 29.034087], [-9.883778, 29.134087], [-9.983778000000001, 29.134087], [-9.983778000000001, 29.034087]]]}}, {"type": "Feature", "properties": {"commune_id": 5, "name": "Abdelghaya Souahel"}, "geometry": {"type": "Polygon", "coordinates": [[[-4.702793, 34.73584], [-4.602793, 34.73584], [-4.602793, 34.83584], [-4.702793, 34.83584], [-4.702793, 34.73584]]]}}, {"type": "Feature", "properties": {"commune_id": 6, "name": "Abou Lakhal"}, "geometry": {"type": "Polygon", "coordinates": [[[-1.561013, 32.239215], [-1.461013, 32.239215], [-1.461013, 32.339214999999996], [-1.561013, 32.339214999999996], [-1.561013, 32.239215]]]}}, {"type": "Feature", "properties": {"commune_id": 7, "name": "Abteh"}, "geometry": {"type": "Polygon", "coordinates": [[[-11.420393, 27.897122], [-11.320393, 27.897122], [-11.320393, 27.997122], [-11.420393, 27.997122], [-11.420393, 27.897122]]]}}, {"type": "Feature", "properties": {"commune_id": 8, "name": "Adaghas"}, "geometry": {"type": "Polygon", "coordinates": [[[-9.39438, 30.846999], [-9.294379999999999, 30.846999], [-9.294379999999999, 30.946999], [-9.39438, 30.946999], [-9.39438, 30.846999]]]}}, {"type": "Feature", "properties": {"commune_id": 9, "name": "Adar"}, "geometry": {"type": "Polygon", "coordinates": [[[-8.377102, 30.113767], [-8.277102, 30.113767], [-8.277102, 30.213767], [-8.377102, 30.213767], [-8.377102, 30.113767]]]}}, {"type": "Feature", "properties": {"commune_id": 10, "name": "Adassil"}, "geometry": {"type": "Polygon", "coordinates": [[[-8.530288, 31.092728], [-8.430288, 31.092728], [-8.430288, 31.192728000000002], [-8.530288, 31.192728000000002], [-8.530288, 31.092728]]]}}, {"type": "Feature", "properties": {"commune_id": 11, "name": "Aday"}, "geometry": {"type": "Polygon", "coordinates": [[[-9.352674, 29.156899], [-9.252673999999999, 29.156899], [-9.252673999999999, 29.256899], [-9.352674, 29.256899], [-9.352674, 29.156899]]]}}, {"type": "Feature", "properties": {"commune_id": 12, "name": "Adis"}, "geometry": {"type": "Polygon", "coordinates": [[[-8.154511000000001, 29.509643], [-8.054511, 29.509643], [-8.054511, 29.609643000000002], [-8.154511000000001, 29.609643000000002], [-8.154511000000001, 29.509643]]]}}, {"type": "Feature", "properties": {"commune_id": 13, "name": "Adrej"}, "geometry": {"type": "Polygon", "coordinates": [[[-4.494717, 33.593094], [-4.394717, 33.593094], [-4.394717, 33.693093999999995], [-4.494717, 33.693093999999995], [-4.494717, 33.593094]]]}}, {"type": "Feature", "properties": {"commune_id": 14, "name": "Afalla Issen"}, "geometry": {"type": "Polygon", "coordinates": [[[-8.977767, 30.987167], [-8.877766999999999, 30.987167], [-8.877766999999999, 31.087167], [-8.977767, 31.087167], [-8.977767, 30.987167]]]}}, {"type": "Feature", "properties": {"commune_id": 15, "name": "Afella Ighir"}, "geometry": {"type": "Polygon", "coordinates": [[[-8.827766, 29.516395], [-8.727765999999999, 29.516395], [-8.727765999999999, 29.616395], [-8.827766, 29.616395], [-8.827766, 29.516395]]]}}, {"type": "Feature", "properties": {"commune_id": 16, "name": "Afella N'Dra"}, "geometry": {"type": "Polygon", "coordinates": [[[-6.557592, 30.757946], [-6.457592, 30.757946], [-6.457592, 30.857946000000002], [-6.557592, 30.857946000000002], [-6.557592, 30.757946]]]}}, {"type": "Feature", "properties": {"commune_id": 17, "name": "Aferkat"}, "geometry": {"type": "Polygon", "coordinates": [[[-10.420969000000001, 28.634497], [-10.320969, 28.634497], [-10.320969, 28.734497], [-10.420969000000001, 28.734497], [-10.420969000000001, 28.634497]]]}}, {"type": "Feature", "properties": {"commune_id": 18, "name": "Afourar"}, "geometry": {"type": "Polygon", "coordinates": [[[-6.568305, 32.145152], [-6.468305, 32.145152], [-6.468305, 32.245152], [-6.568305, 32.245152], [-6.568305, 32.145152]]]}}, {"type": "Feature", "properties": {"commune_id": 19, "name": "Afra"}, "geometry": {"type": "Polygon", "coordinates": [[[-6.328328, 30.757317999999998], [-6.228328, 30.757317999999998], [-6.228328, 30.857318], [-6.328328, 30.857318], [-6.328328, 30.757317999999998]]]}}, {"type": "Feature", "properties": {"commune_id": 20, "name": "Afsou"}, "geometry": {"type": "Polygon", "coordinates": [[[-3.1890349999999996, 34.769776], [-3.089035, 34.769776], [-3.089035, 34.869775999999995], [-3.1890349999999996, 34.869775999999995], [-3.1890349999999996, 34.769776]]]}}, {"type": "Feature", "properties": {"commune_id": 21, "name": "Agadir"}, "geometry": {"type": "Polygon", "coordinates": [[[-9.630328, 30.372039], [-9.530327999999999, 30.372039], [-9.530327999999999, 30.472039000000002], [-9.630328, 30.472039000000002], [-9.630328, 30.372039]]]}}, {"type": "Feature", "properties": {"commune_id": 22, "name": "Agadir Melloul"}, "geometry": {"type": "Polygon", "coordinates": [[[-7.802828, 30.198456999999998], [-7.702828, 30.198456999999998], [-7.702828, 30.298457], [-7.802828, 30.298457], [-7.802828, 30.198456999999998]]]}}, {"type": "Feature", "properties": {"commune_id": 23, "name": "Agafay"}, "geometry": {"type": "Polygon", "coordinates": [[[-8.264114000000001, 31.419922], [-8.164114, 31.419922], [-8.164114, 31.519922], [-8.264114000000001, 31.519922], [-8.264114000000001, 31.419922]]]}}, {"type": "Feature", "properties": {"commune_id": 24, "name": "Agdz"}, "geometry": {"type": "Polygon", "coordinates": [[[-6.522104, 30.650772], [-6.422104, 30.650772], [-6.422104, 30.750772], [-6.522104, 30.750772], [-6.522104, 30.650772]]]}}, {"type": "Feature", "properties": {"commune_id": 25, "name": "Aghbal"}, "geometry": {"type": "Polygon", "coordinates": [[[-2.188465, 34.888984], [-2.0884650000000002, 34.888984], [-2.0884650000000002, 34.988983999999995], [-2.188465, 34.988983999999995], [-2.188465, 34.888984]]]}}, {"type": "Feature", "properties": {"commune_id": 26, "name": "Aghbala"}, "geometry": {"type": "Polygon", "coordinates": [[[-5.662154, 32.364256000000005], [-5.5621540000000005, 32.364256000000005], [-5.5621540000000005, 32.464256], [-5.662154, 32.464256], [-5.662154, 32.364256000000005]]]}}, {"type": "Feature", "properties": {"commune_id": 27, "name": "Aghbalou"}, "geometry": {"type": "Polygon", "coordinates": [[[-5.309295, 32.614360000000005], [-5.209295, 32.614360000000005], [-5.209295, 32.71436], [-5.309295, 32.71436], [-5.309295, 32.614360000000005]]]}}, {"type": "Feature", "properties": {"commune_id": 28, "name": "Aghbalou Aqorar"}, "geometry": {"type": "Polygon", "coordinates": [[[-4.839562, 33.8412], [-4.739562, 33.8412], [-4.739562, 33.941199999999995], [-4.839562, 33.941199999999995], [-4.839562, 33.8412]]]}}, {"type": "Feature", "properties": {"commune_id": 29, "name": "Aghbalou N'Kerdous"}, "geometry": {"type": "Polygon", "coordinates": [[[-5.356748, 31.626792], [-5.256748, 31.626792], [-5.256748, 31.726792], [-5.356748, 31.726792], [-5.356748, 31.626792]]]}}, {"type": "Feature", "properties": {"commune_id": 30, "name": "Aghbar"}, "geometry": {"type": "Polygon", "coordinates": [[[-8.543933, 30.861876], [-8.443933, 30.861876], [-8.443933, 30.961876], [-8.543933, 30.961876], [-8.543933, 30.861876]]]}}, {"type": "Feature", "properties": {"commune_id": 31, "name": "Aghouatim"}, "geometry": {"type": "Polygon", "coordinates": [[[-7.992429, 31.325211], [-7.892429, 31.325211], [-7.892429, 31.425211], [-7.992429, 31.425211], [-7.992429, 31.325211]]]}}, {"type": "Feature", "properties": {"commune_id": 32, "name": "Aghouinite"}, "geometry": {"type": "Polygon", "coordinates": [[[-13.782572, 22.422411], [-13.682571999999999, 22.422411], [-13.682571999999999, 22.522411], [-13.782572, 22.522411], [-13.782572, 22.422411]]]}}, {"type": "Feature", "properties": {"commune_id": 33, "name": "Aglif"}, "geometry": {"type": "Polygon", "coordinates": [[[-9.439432, 31.037243999999998], [-9.339431999999999, 31.037243999999998], [-9.339431999999999, 31.137244], [-9.439432, 31.137244], [-9.439432, 31.037243999999998]]]}}, {"type": "Feature", "properties": {"commune_id": 34, "name": "Agoudi N'Lkhair"}, "geometry": {"type": "Polygon", "coordinates": [[[-6.544068, 31.929971], [-6.444068000000001, 31.929971], [-6.444068000000001, 32.029970999999996], [-6.544068, 32.029970999999996], [-6.544068, 31.929971]]]}}, {"type": "Feature", "properties": {"commune_id": 35, "name": "Agoudim"}, "geometry": {"type": "Polygon", "coordinates": [[[-5.086018999999999, 32.326137], [-4.986019, 32.326137], [-4.986019, 32.426137], [-5.086018999999999, 32.426137], [-5.086018999999999, 32.326137]]]}}, {"type": "Feature", "properties": {"commune_id": 36, "name": "Agourai"}, "geometry": {"type": "Polygon", "coordinates": [[[-5.642601, 33.584925000000005], [-5.542601, 33.584925000000005], [-5.542601, 33.684925], [-5.642601, 33.684925], [-5.642601, 33.584925000000005]]]}}, {"type": "Feature", "properties": {"commune_id": 37, "name": "Aguelmam Azegza"}, "geometry": {"type": "Polygon", "coordinates": [[[-5.476845, 32.880806], [-5.376845, 32.880806], [-5.376845, 32.980805999999994], [-5.476845, 32.980805999999994], [-5.476845, 32.880806]]]}}, {"type": "Feature", "properties": {"commune_id": 38, "name": "Aguelmouss"}, "geometry": {"type": "Polygon", "coordinates": [[[-5.890773, 33.082785], [-5.790773000000001, 33.082785], [-5.790773000000001, 33.182784999999996], [-5.890773, 33.182784999999996], [-5.890773, 33.082785]]]}}, {"type": "Feature", "properties": {"commune_id": 39, "name": "Aguerd"}, "geometry": {"type": "Polygon", "coordinates": [[[-9.679902, 31.371454], [-9.579901999999999, 31.371454], [-9.579901999999999, 31.471454], [-9.679902, 31.471454], [-9.679902, 31.371454]]]}}, {"type": "Feature", "properties": {"commune_id": 40, "name": "Aguinane"}, "geometry": {"type": "Polygon", "coordinates": [[[-7.499224, 30.058683], [-7.399224, 30.058683], [-7.399224, 30.158683], [-7.499224, 30.158683], [-7.499224, 30.058683]]]}}, {"type": "Feature", "properties": {"commune_id": 41, "name": "Ahdil"}, "geometry": {"type": "Polygon", "coordinates": [[[-8.914272, 31.563788], [-8.814271999999999, 31.563788], [-8.814271999999999, 31.663788], [-8.914272, 31.663788], [-8.914272, 31.563788]]]}}, {"type": "Feature", "properties": {"commune_id": 42, "name": "Ahermoumou"}, "geometry": {"type": "Polygon", "coordinates": [[[-4.468265, 33.767518], [-4.368265, 33.767518], [-4.368265, 33.867518], [-4.468265, 33.867518], [-4.468265, 33.767518]]]}}, {"type": "Feature", "properties": {"commune_id": 43, "name": "Ahfir"}, "geometry": {"type": "Polygon", "coordinates": [[[-2.147042, 34.903502], [-2.0470420000000003, 34.903502], [-2.0470420000000003, 35.003502], [-2.147042, 35.003502], [-2.147042, 34.903502]]]}}, {"type": "Feature", "properties": {"commune_id": 44, "name": "Ahl Angad"}, "geometry": {"type": "Polygon", "coordinates": [[[-1.899202, 34.642196000000006], [-1.799202, 34.642196000000006], [-1.799202, 34.742196], [-1.899202, 34.742196], [-1.899202, 34.642196000000006]]]}}, {"type": "Feature", "properties": {"commune_id": 45, "name": "Ahl Oued Za"}, "geometry": {"type": "Polygon", "coordinates": [[[-2.856737, 34.241714], [-2.756737, 34.241714], [-2.756737, 34.341713999999996], [-2.856737, 34.341713999999996], [-2.856737, 34.241714]]]}}, {"type": "Feature", "properties": {"commune_id": 46, "name": "Ahl Ramel"}, "geometry": {"type": "Polygon", "coordinates": [[[-9.171799, 30.237733], [-9.071798999999999, 30.237733], [-9.071798999999999, 30.337733], [-9.171799, 30.337733], [-9.171799, 30.237733]]]}}, {"type": "Feature", "properties": {"commune_id": 47, "name": "Ahl Sidi Lahcen"}, "geometry": {"type": "Polygon", "coordinates": [[[-4.700138, 33.718974], [-4.600138, 33.718974], [-4.600138, 33.818974], [-4.700138, 33.818974], [-4.700138, 33.718974]]]}}, {"type": "Feature", "properties": {"commune_id": 48, "name": "Ahl Tifnoute"}, "geometry": {"type": "Polygon", "coordinates": [[[-7.909331, 30.914141], [-7.809331, 30.914141], [-7.809331, 31.014141000000002], [-7.909331, 31.014141000000002], [-7.909331, 30.914141]]]}}, {"type": "Feature", "properties": {"commune_id": 49, "name": "Ahlaf"}, "geometry": {"type": "Polygon", "coordinates": [[[-7.13046, 33.22843], [-7.030460000000001, 33.22843], [-7.030460000000001, 33.32843], [-7.13046, 33.32843], [-7.13046, 33.22843]]]}}, {"type": "Feature", "properties": {"commune_id": 50, "name": "Ahmar Laglalcha"}, "geometry": {"type": "Polygon", "coordinates": [[[-9.020463000000001, 30.438869], [-8.920463, 30.438869], [-8.920463, 30.538869000000002], [-9.020463000000001, 30.538869000000002], [-9.020463000000001, 30.438869]]]}}, {"type": "Feature", "properties": {"commune_id": 51, "name": "Ain Bida"}, "geometry": {"type": "Polygon", "coordinates": [[[-4.942569, 33.936698], [-4.842569, 33.936698], [-4.842569, 34.036697999999994], [-4.942569, 34.036697999999994], [-4.942569, 33.936698]]]}}, {"type": "Feature", "properties": {"commune_id": 52, "name": "Ain Blal"}, "geometry": {"type": "Polygon", "coordinates": [[[-7.703925, 32.480134], [-7.603925, 32.480134], [-7.603925, 32.580133999999994], [-7.703925, 32.580133999999994], [-7.703925, 32.480134]]]}}, {"type": "Feature", "properties": {"commune_id": 53, "name": "Ain Bni Mathar"}, "geometry": {"type": "Polygon", "coordinates": [[[-2.076809, 33.968872000000005], [-1.976809, 33.968872000000005], [-1.976809, 34.068872], [-2.076809, 34.068872], [-2.076809, 33.968872000000005]]]}}, {"type": "Feature", "properties": {"commune_id": 54, "name": "Ain Bou Ali"}, "geometry": {"type": "Polygon", "coordinates": [[[-5.0444059999999995, 34.080276000000005], [-4.944406, 34.080276000000005], [-4.944406, 34.180276], [-5.0444059999999995, 34.180276], [-5.0444059999999995, 34.080276000000005]]]}}, {"type": "Feature", "properties": {"commune_id": 55, "name": "Ain Chair"}, "geometry": {"type": "Polygon", "coordinates": [[[-2.559739, 32.170611], [-2.4597390000000003, 32.170611], [-2.4597390000000003, 32.270610999999995], [-2.559739, 32.270610999999995], [-2.559739, 32.170611]]]}}, {"type": "Feature", "properties": {"commune_id": 56, "name": "Ain Cheggag"}, "geometry": {"type": "Polygon", "coordinates": [[[-5.108957, 33.815829], [-5.0089570000000005, 33.815829], [-5.0089570000000005, 33.915828999999995], [-5.108957, 33.915828999999995], [-5.108957, 33.815829]]]}}, {"type": "Feature", "properties": {"commune_id": 57, "name": "Ain Chkef"}, "geometry": {"type": "Polygon", "coordinates": [[[-5.134967, 33.914255000000004], [-5.034967, 33.914255000000004], [-5.034967, 34.014255], [-5.134967, 34.014255], [-5.134967, 33.914255000000004]]]}}, {"type": "Feature", "properties": {"commune_id": 58, "name": "Ain Dfali"}, "geometry": {"type": "Polygon", "coordinates": [[[-5.606266, 34.557712], [-5.506266, 34.557712], [-5.506266, 34.657712], [-5.606266, 34.657712], [-5.606266, 34.557712]]]}}, {"type": "Feature", "properties": {"commune_id": 59, "name": "Ain Dorbane-Lahlaf"}, "geometry": {"type": "Polygon", "coordinates": [[[-7.26858, 32.979451000000005], [-7.16858, 32.979451000000005], [-7.16858, 33.079451], [-7.26858, 33.079451], [-7.26858, 32.979451000000005]]]}}, {"type": "Feature", "properties": {"commune_id": 60, "name": "Ain El Aouda"}, "geometry": {"type": "Polygon", "coordinates": [[[-6.84687, 33.752331000000005], [-6.74687, 33.752331000000005], [-6.74687, 33.852331], [-6.84687, 33.852331], [-6.84687, 33.752331000000005]]]}}, {"type": "Feature", "properties": {"commune_id": 61, "name": "Ain Harrouda"}, "geometry": {"type": "Polygon", "coordinates": [[[-7.508642, 33.594338], [-7.408642, 33.594338], [-7.408642, 33.694337999999995], [-7.508642, 33.694337999999995], [-7.508642, 33.594338]]]}}, {"type": "Feature", "properties": {"commune_id": 62, "name": "Ain Jemaa"}, "geometry": {"type": "Polygon", "coordinates": [[[-5.834557, 34.02863], [-5.734557000000001, 34.02863], [-5.734557000000001, 34.128629999999994], [-5.834557, 34.128629999999994], [-5.834557, 34.02863]]]}}, {"type": "Feature", "properties": {"commune_id": 63, "name": "Ain Johra-Sidi Boukhalkhal"}, "geometry": {"type": "Polygon", "coordinates": [[[-6.451752, 33.964906000000006], [-6.351752, 33.964906000000006], [-6.351752, 34.064906], [-6.451752, 34.064906], [-6.451752, 33.964906000000006]]]}}, {"type": "Feature", "properties": {"commune_id": 64, "name": "Ain Kaicher"}, "geometry": {"type": "Polygon", "coordinates": [[[-6.596089, 32.718318000000004], [-6.4960890000000004, 32.718318000000004], [-6.4960890000000004, 32.818318], [-6.596089, 32.818318], [-6.596089, 32.718318000000004]]]}}, {"type": "Feature", "properties": {"commune_id": 65, "name": "Ain Kansra"}, "geometry": {"type": "Polygon", "coordinates": [[[-4.895055999999999, 34.062982000000005], [-4.795056, 34.062982000000005], [-4.795056, 34.162982], [-4.895055999999999, 34.162982], [-4.895055999999999, 34.062982000000005]]]}}, {"type": "Feature", "properties": {"commune_id": 66, "name": "Ain Karma-Oued Rommane"}, "geometry": {"type": "Polygon", "coordinates": [[[-5.733235, 34.018824], [-5.633235, 34.018824], [-5.633235, 34.118824], [-5.733235, 34.118824], [-5.733235, 34.018824]]]}}, {"type": "Feature", "properties": {"commune_id": 67, "name": "Ain Lahcen"}, "geometry": {"type": "Polygon", "coordinates": [[[-5.624099999999999, 35.511202000000004], [-5.5241, 35.511202000000004], [-5.5241, 35.611202], [-5.624099999999999, 35.611202], [-5.624099999999999, 35.511202000000004]]]}}, {"type": "Feature", "properties": {"commune_id": 68, "name": "Ain Legdah"}, "geometry": {"type": "Polygon", "coordinates": [[[-4.616414, 34.120882], [-4.516414, 34.120882], [-4.516414, 34.220881999999996], [-4.616414, 34.220881999999996], [-4.616414, 34.120882]]]}}, {"type": "Feature", "properties": {"commune_id": 69, "name": "Ain Lehjer"}, "geometry": {"type": "Polygon", "coordinates": [[[-2.527501, 34.448035000000004], [-2.4275010000000004, 34.448035000000004], [-2.4275010000000004, 34.548035], [-2.527501, 34.548035], [-2.527501, 34.448035000000004]]]}}, {"type": "Feature", "properties": {"commune_id": 70, "name": "Ain Maatouf"}, "geometry": {"type": "Polygon", "coordinates": [[[-4.578995, 34.370324000000004], [-4.478995, 34.370324000000004], [-4.478995, 34.470324], [-4.578995, 34.470324], [-4.578995, 34.370324000000004]]]}}, {"type": "Feature", "properties": {"commune_id": 71, "name": "Ain Mediouna"}, "geometry": {"type": "Polygon", "coordinates": [[[-4.580098, 34.435574], [-4.480098, 34.435574], [-4.480098, 34.535574], [-4.580098, 34.535574], [-4.580098, 34.435574]]]}}, {"type": "Feature", "properties": {"commune_id": 72, "name": "Ain Sbit"}, "geometry": {"type": "Polygon", "coordinates": [[[-6.525539, 33.440878000000005], [-6.4255390000000006, 33.440878000000005], [-6.4255390000000006, 33.540878], [-6.525539, 33.540878], [-6.525539, 33.440878000000005]]]}}, {"type": "Feature", "properties": {"commune_id": 73, "name": "Ain Sfa"}, "geometry": {"type": "Polygon", "coordinates": [[[-2.1866499999999998, 34.713878], [-2.08665, 34.713878], [-2.08665, 34.813877999999995], [-2.1866499999999998, 34.813877999999995], [-2.1866499999999998, 34.713878]]]}}, {"type": "Feature", "properties": {"commune_id": 74, "name": "Ain Taoujdate"}, "geometry": {"type": "Polygon", "coordinates": [[[-5.259984, 33.887485000000005], [-5.159984000000001, 33.887485000000005], [-5.159984000000001, 33.987485], [-5.259984, 33.987485], [-5.259984, 33.887485000000005]]]}}, {"type": "Feature", "properties": {"commune_id": 75, "name": "Ain Tazitounte"}, "geometry": {"type": "Polygon", "coordinates": [[[-8.932665, 31.058445], [-8.832664999999999, 31.058445], [-8.832664999999999, 31.158445], [-8.932665, 31.158445], [-8.932665, 31.058445]]]}}, {"type": "Feature", "properties": {"commune_id": 76, "name": "Ain Timguenai"}, "geometry": {"type": "Polygon", "coordinates": [[[-4.536947, 33.82166], [-4.436947, 33.82166], [-4.436947, 33.921659999999996], [-4.536947, 33.921659999999996], [-4.536947, 33.82166]]]}}, {"type": "Feature", "properties": {"commune_id": 77, "name": "Ain Tizgha"}, "geometry": {"type": "Polygon", "coordinates": [[[-7.153308, 33.602277], [-7.053308, 33.602277], [-7.053308, 33.702276999999995], [-7.153308, 33.702276999999995], [-7.153308, 33.602277]]]}}, {"type": "Feature", "properties": {"commune_id": 78, "name": "Ait Aadel"}, "geometry": {"type": "Polygon", "coordinates": [[[-7.2737169999999995, 31.547511999999998], [-7.173717, 31.547511999999998], [-7.173717, 31.647512], [-7.2737169999999995, 31.647512], [-7.2737169999999995, 31.547511999999998]]]}}, {"type": "Feature", "properties": {"commune_id": 79, "name": "Ait Abdellah"}, "geometry": {"type": "Polygon", "coordinates": [[[-8.786585, 29.772342], [-8.686585, 29.772342], [-8.686585, 29.872342], [-8.786585, 29.872342], [-8.786585, 29.772342]]]}}, {"type": "Feature", "properties": {"commune_id": 80, "name": "Ait Aissi Ihahane"}, "geometry": {"type": "Polygon", "coordinates": [[[-9.474827000000001, 30.856863999999998], [-9.374827, 30.856863999999998], [-9.374827, 30.956864], [-9.474827000000001, 30.956864], [-9.474827000000001, 30.856863999999998]]]}}, {"type": "Feature", "properties": {"commune_id": 81, "name": "Ait Ali Ou Lahcen"}, "geometry": {"type": "Polygon", "coordinates": [[[-6.544866, 33.980611], [-6.444866, 33.980611], [-6.444866, 34.080611], [-6.544866, 34.080611], [-6.544866, 33.980611]]]}}, {"type": "Feature", "properties": {"commune_id": 82, "name": "Ait Amira"}, "geometry": {"type": "Polygon", "coordinates": [[[-9.516072000000001, 30.104039], [-9.416072, 30.104039], [-9.416072, 30.204039], [-9.516072000000001, 30.204039], [-9.516072000000001, 30.104039]]]}}, {"type": "Feature", "properties": {"commune_id": 83, "name": "Ait Ammar"}, "geometry": {"type": "Polygon", "coordinates": [[[-6.688359999999999, 32.988244], [-6.58836, 32.988244], [-6.58836, 33.088243999999996], [-6.688359999999999, 33.088243999999996], [-6.688359999999999, 32.988244]]]}}, {"type": "Feature", "properties": {"commune_id": 84, "name": "Ait Ayach"}, "geometry": {"type": "Polygon", "coordinates": [[[-4.980322999999999, 32.638765], [-4.880323, 32.638765], [-4.880323, 32.738764999999994], [-4.980322999999999, 32.738764999999994], [-4.980322999999999, 32.638765]]]}}, {"type": "Feature", "properties": {"commune_id": 85, "name": "Ait Baha"}, "geometry": {"type": "Polygon", "coordinates": [[[-9.207944000000001, 30.01923], [-9.107944, 30.01923], [-9.107944, 30.11923], [-9.207944000000001, 30.11923], [-9.207944000000001, 30.01923]]]}}, {"type": "Feature", "properties": {"commune_id": 86, "name": "Ait Bazza"}, "geometry": {"type": "Polygon", "coordinates": [[[-4.261951, 33.349054], [-4.161951, 33.349054], [-4.161951, 33.449054], [-4.261951, 33.449054], [-4.261951, 33.349054]]]}}, {"type": "Feature", "properties": {"commune_id": 87, "name": "Ait Belkacem"}, "geometry": {"type": "Polygon", "coordinates": [[[-6.425009, 33.778397000000005], [-6.3250090000000005, 33.778397000000005], [-6.3250090000000005, 33.878397], [-6.425009, 33.878397], [-6.425009, 33.778397000000005]]]}}, {"type": "Feature", "properties": {"commune_id": 88, "name": "Ait Ben Yacoub"}, "geometry": {"type": "Polygon", "coordinates": [[[-4.920296, 32.950263], [-4.820296, 32.950263], [-4.820296, 33.050262999999994], [-4.920296, 33.050262999999994], [-4.920296, 32.950263]]]}}, {"type": "Feature", "properties": {"commune_id": 89, "name": "Ait Blal"}, "geometry": {"type": "Polygon", "coordinates": [[[-6.749474, 31.627415], [-6.6494740000000006, 31.627415], [-6.6494740000000006, 31.727415], [-6.749474, 31.727415], [-6.749474, 31.627415]]]}}, {"type": "Feature", "properties": {"commune_id": 90, "name": "Ait Bou Oulli"}, "geometry": {"type": "Polygon", "coordinates": [[[-6.680486, 31.515143], [-6.5804860000000005, 31.515143], [-6.5804860000000005, 31.615143], [-6.680486, 31.615143], [-6.680486, 31.515143]]]}}, {"type": "Feature", "properties": {"commune_id": 91, "name": "Ait Boubidmane"}, "geometry": {"type": "Polygon", "coordinates": [[[-5.382302, 33.800185000000006], [-5.2823020000000005, 33.800185000000006], [-5.2823020000000005, 33.900185], [-5.382302, 33.900185], [-5.382302, 33.800185000000006]]]}}, {"type": "Feature", "properties": {"commune_id": 92, "name": "Ait Boudaoud"}, "geometry": {"type": "Polygon", "coordinates": [[[-5.534947, 30.564227], [-5.434947, 30.564227], [-5.434947, 30.664227], [-5.534947, 30.664227], [-5.534947, 30.564227]]]}}, {"type": "Feature", "properties": {"commune_id": 93, "name": "Ait Boufoulen"}, "geometry": {"type": "Polygon", "coordinates": [[[-9.791066, 29.187115], [-9.691066, 29.187115], [-9.691066, 29.287115], [-9.791066, 29.287115], [-9.791066, 29.187115]]]}}, {"type": "Feature", "properties": {"commune_id": 94, "name": "Ait Bouyahya El Hajjama"}, "geometry": {"type": "Polygon", "coordinates": [[[-6.348320999999999, 33.825571000000004], [-6.248321, 33.825571000000004], [-6.248321, 33.925571], [-6.348320999999999, 33.925571], [-6.348320999999999, 33.825571000000004]]]}}, {"type": "Feature", "properties": {"commune_id": 95, "name": "Ait Daoud"}, "geometry": {"type": "Polygon", "coordinates": [[[-9.394891000000001, 31.045239], [-9.294891, 31.045239], [-9.294891, 31.145239], [-9.394891000000001, 31.145239], [-9.394891000000001, 31.045239]]]}}, {"type": "Feature", "properties": {"commune_id": 96, "name": "Ait El Man"}, "geometry": {"type": "Polygon", "coordinates": [[[-4.362285, 33.399287], [-4.262285, 33.399287], [-4.262285, 33.499286999999995], [-4.362285, 33.499286999999995], [-4.362285, 33.399287]]]}}, {"type": "Feature", "properties": {"commune_id": 97, "name": "Ait Erkha"}, "geometry": {"type": "Polygon", "coordinates": [[[-9.688013000000002, 29.297223], [-9.588013, 29.297223], [-9.588013, 29.397223], [-9.688013000000002, 29.397223], [-9.688013000000002, 29.297223]]]}}, {"type": "Feature", "properties": {"commune_id": 98, "name": "Ait Faska"}, "geometry": {"type": "Polygon", "coordinates": [[[-7.74759, 31.491111], [-7.64759, 31.491111], [-7.64759, 31.591111], [-7.74759, 31.591111], [-7.74759, 31.491111]]]}}, {"type": "Feature", "properties": {"commune_id": 99, "name": "Ait Haddou Youssef"}, "geometry": {"type": "Polygon", "coordinates": [[[-8.749833, 30.83917], [-8.649833, 30.83917], [-8.649833, 30.93917], [-8.749833, 30.93917], [-8.749833, 30.83917]]]}}, {"type": "Feature", "properties": {"commune_id": 100, "name": "Ait Hadi"}, "geometry": {"type": "Polygon", "coordinates": [[[-8.835365000000001, 31.338482], [-8.735365, 31.338482], [-8.735365, 31.438482], [-8.835365000000001, 31.438482], [-8.835365000000001, 31.338482]]]}}, {"type": "Feature", "properties": {"commune_id": 101, "name": "Ait Hammou"}, "geometry": {"type": "Polygon", "coordinates": [[[-8.299586000000001, 32.16481], [-8.199586, 32.16481], [-8.199586, 32.26481], [-8.299586000000001, 32.26481], [-8.299586000000001, 32.16481]]]}}, {"type": "Feature", "properties": {"commune_id": 102, "name": "Ait Harz Allah"}, "geometry": {"type": "Polygon", "coordinates": [[[-5.370544, 33.696008000000006], [-5.270544, 33.696008000000006], [-5.270544, 33.796008], [-5.370544, 33.796008], [-5.370544, 33.696008000000006]]]}}, {"type": "Feature", "properties": {"commune_id": 103, "name": "Ait Hkim - Ait Yzid"}, "geometry": {"type": "Polygon", "coordinates": [[[-7.2609319999999995, 31.430467], [-7.160932, 31.430467], [-7.160932, 31.530467], [-7.2609319999999995, 31.530467], [-7.2609319999999995, 31.430467]]]}}, {"type": "Feature", "properties": {"commune_id": 104, "name": "Ait Iaaza"}, "geometry": {"type": "Polygon", "coordinates": [[[-8.850539000000001, 30.453031], [-8.750539, 30.453031], [-8.750539, 30.553031], [-8.850539000000001, 30.553031], [-8.850539000000001, 30.453031]]]}}, {"type": "Feature", "properties": {"commune_id": 105, "name": "Ait Ichou"}, "geometry": {"type": "Polygon", "coordinates": [[[-6.089912, 33.482156], [-5.989912, 33.482156], [-5.989912, 33.582156], [-6.089912, 33.582156], [-6.089912, 33.482156]]]}}, {"type": "Feature", "properties": {"commune_id": 106, "name": "Ait Igas"}, "geometry": {"type": "Polygon", "coordinates": [[[-8.770421, 30.537306], [-8.670421, 30.537306], [-8.670421, 30.637306000000002], [-8.770421, 30.637306000000002], [-8.770421, 30.537306]]]}}, {"type": "Feature", "properties": {"commune_id": 107, "name": "Ait Ikkou"}, "geometry": {"type": "Polygon", "coordinates": [[[-6.134796, 33.604406000000004], [-6.034796, 33.604406000000004], [-6.034796, 33.704406], [-6.134796, 33.704406], [-6.134796, 33.604406000000004]]]}}, {"type": "Feature", "properties": {"commune_id": 108, "name": "Ait Imour"}, "geometry": {"type": "Polygon", "coordinates": [[[-8.393696, 31.498793], [-8.293695999999999, 31.498793], [-8.293695999999999, 31.598793], [-8.393696, 31.598793], [-8.393696, 31.498793]]]}}, {"type": "Feature", "properties": {"commune_id": 109, "name": "Ait Issafen"}, "geometry": {"type": "Polygon", "coordinates": [[[-9.37499, 29.521202], [-9.274989999999999, 29.521202], [-9.274989999999999, 29.621202], [-9.37499, 29.621202], [-9.37499, 29.521202]]]}}, {"type": "Feature", "properties": {"commune_id": 110, "name": "Ait Izdeg"}, "geometry": {"type": "Polygon", "coordinates": [[[-4.794624, 32.598649], [-4.694624, 32.598649], [-4.694624, 32.698648999999996], [-4.794624, 32.698648999999996], [-4.794624, 32.598649]]]}}, {"type": "Feature", "properties": {"commune_id": 111, "name": "Ait M'Hamed"}, "geometry": {"type": "Polygon", "coordinates": [[[-6.564304, 31.804783], [-6.464304, 31.804783], [-6.464304, 31.904783000000002], [-6.564304, 31.904783000000002], [-6.564304, 31.804783]]]}}, {"type": "Feature", "properties": {"commune_id": 112, "name": "Ait Mait"}, "geometry": {"type": "Polygon", "coordinates": [[[-3.3967799999999997, 35.026320000000005], [-3.29678, 35.026320000000005], [-3.29678, 35.12632], [-3.3967799999999997, 35.12632], [-3.3967799999999997, 35.026320000000005]]]}}, {"type": "Feature", "properties": {"commune_id": 113, "name": "Ait Makhlouf"}, "geometry": {"type": "Polygon", "coordinates": [[[-8.967076, 30.55771], [-8.867075999999999, 30.55771], [-8.867075999999999, 30.65771], [-8.967076, 30.65771], [-8.967076, 30.55771]]]}}, {"type": "Feature", "properties": {"commune_id": 114, "name": "Ait Malek"}, "geometry": {"type": "Polygon", "coordinates": [[[-6.5224329999999995, 33.899809000000005], [-6.422433, 33.899809000000005], [-6.422433, 33.999809], [-6.5224329999999995, 33.999809], [-6.5224329999999995, 33.899809000000005]]]}}, {"type": "Feature", "properties": {"commune_id": 115, "name": "Ait Mazigh"}, "geometry": {"type": "Polygon", "coordinates": [[[-6.404025, 31.957869999999996], [-6.304025, 31.957869999999996], [-6.304025, 32.057869999999994], [-6.404025, 32.057869999999994], [-6.404025, 31.957869999999996]]]}}, {"type": "Feature", "properties": {"commune_id": 116, "name": "Ait Melloul"}, "geometry": {"type": "Polygon", "coordinates": [[[-9.548141000000001, 30.289251], [-9.448141, 30.289251], [-9.448141, 30.389251], [-9.548141000000001, 30.389251], [-9.548141000000001, 30.289251]]]}}, {"type": "Feature", "properties": {"commune_id": 117, "name": "Ait Milk"}, "geometry": {"type": "Polygon", "coordinates": [[[-9.47363, 29.90568], [-9.373629999999999, 29.90568], [-9.373629999999999, 30.00568], [-9.47363, 30.00568], [-9.47363, 29.90568]]]}}, {"type": "Feature", "properties": {"commune_id": 118, "name": "Ait Mimoune"}, "geometry": {"type": "Polygon", "coordinates": [[[-5.887589999999999, 33.613547000000004], [-5.78759, 33.613547000000004], [-5.78759, 33.713547], [-5.887589999999999, 33.713547], [-5.887589999999999, 33.613547000000004]]]}}, {"type": "Feature", "properties": {"commune_id": 119, "name": "Ait Mzal"}, "geometry": {"type": "Polygon", "coordinates": [[[-9.176369000000001, 29.985231], [-9.076369, 29.985231], [-9.076369, 30.085231], [-9.176369000000001, 30.085231], [-9.176369000000001, 29.985231]]]}}, {"type": "Feature", "properties": {"commune_id": 120, "name": "Ait Naamane"}, "geometry": {"type": "Polygon", "coordinates": [[[-5.342433, 33.622044], [-5.242433, 33.622044], [-5.242433, 33.722044], [-5.342433, 33.722044], [-5.342433, 33.622044]]]}}, {"type": "Feature", "properties": {"commune_id": 121, "name": "Ait Ouaarda"}, "geometry": {"type": "Polygon", "coordinates": [[[-6.58308, 32.091378000000006], [-6.48308, 32.091378000000006], [-6.48308, 32.191378], [-6.58308, 32.191378], [-6.58308, 32.091378000000006]]]}}, {"type": "Feature", "properties": {"commune_id": 122, "name": "Ait Ouabelli"}, "geometry": {"type": "Polygon", "coordinates": [[[-8.643791, 29.093656], [-8.543790999999999, 29.093656], [-8.543790999999999, 29.193656], [-8.643791, 29.193656], [-8.643791, 29.093656]]]}}, {"type": "Feature", "properties": {"commune_id": 123, "name": "Ait Ouadrim"}, "geometry": {"type": "Polygon", "coordinates": [[[-9.304324000000001, 29.968535], [-9.204324, 29.968535], [-9.204324, 30.068535], [-9.304324000000001, 30.068535], [-9.304324000000001, 29.968535]]]}}, {"type": "Feature", "properties": {"commune_id": 124, "name": "Ait Ouafqa"}, "geometry": {"type": "Polygon", "coordinates": [[[-9.172400000000001, 29.359163], [-9.0724, 29.359163], [-9.0724, 29.459163], [-9.172400000000001, 29.459163], [-9.172400000000001, 29.359163]]]}}, {"type": "Feature", "properties": {"commune_id": 125, "name": "Ait Ouallal"}, "geometry": {"type": "Polygon", "coordinates": [[[-5.9599, 30.832948], [-5.8599000000000006, 30.832948], [-5.8599000000000006, 30.932948], [-5.9599, 30.932948], [-5.9599, 30.832948]]]}}, {"type": "Feature", "properties": {"commune_id": 126, "name": "Ait Ouallal"}, "geometry": {"type": "Polygon", "coordinates": [[[-5.732362999999999, 33.807121], [-5.632363, 33.807121], [-5.632363, 33.907121], [-5.732362999999999, 33.907121], [-5.732362999999999, 33.807121]]]}}, {"type": "Feature", "properties": {"commune_id": 127, "name": "Ait Ouassif"}, "geometry": {"type": "Polygon", "coordinates": [[[-6.258646, 31.240637], [-6.158646, 31.240637], [-6.158646, 31.340637], [-6.258646, 31.340637], [-6.258646, 31.240637]]]}}, {"type": "Feature", "properties": {"commune_id": 128, "name": "Ait Ouikhalfen"}, "geometry": {"type": "Polygon", "coordinates": [[[-5.785952, 33.567091000000005], [-5.685952, 33.567091000000005], [-5.685952, 33.667091], [-5.785952, 33.667091], [-5.785952, 33.567091000000005]]]}}, {"type": "Feature", "properties": {"commune_id": 129, "name": "Ait Oullal Bitit"}, "geometry": {"type": "Polygon", "coordinates": [[[-5.179175, 33.773066], [-5.079175, 33.773066], [-5.079175, 33.873065999999994], [-5.179175, 33.873065999999994], [-5.179175, 33.773066]]]}}, {"type": "Feature", "properties": {"commune_id": 130, "name": "Ait Oum El Bekht"}, "geometry": {"type": "Polygon", "coordinates": [[[-5.979227, 32.605311], [-5.879227, 32.605311], [-5.879227, 32.705310999999995], [-5.979227, 32.705310999999995], [-5.979227, 32.605311]]]}}, {"type": "Feature", "properties": {"commune_id": 131, "name": "Ait Oumdis"}, "geometry": {"type": "Polygon", "coordinates": [[[-7.125357999999999, 31.439372], [-7.025358, 31.439372], [-7.025358, 31.539372], [-7.125357999999999, 31.539372], [-7.125357999999999, 31.439372]]]}}, {"type": "Feature", "properties": {"commune_id": 132, "name": "Ait Ouqabli"}, "geometry": {"type": "Polygon", "coordinates": [[[-6.062975, 32.270219000000004], [-5.962975, 32.270219000000004], [-5.962975, 32.370219], [-6.062975, 32.370219], [-6.062975, 32.270219000000004]]]}}, {"type": "Feature", "properties": {"commune_id": 133, "name": "Ait Ouribel"}, "geometry": {"type": "Polygon", "coordinates": [[[-6.1678299999999995, 33.720706], [-6.06783, 33.720706], [-6.06783, 33.820705999999994], [-6.1678299999999995, 33.820705999999994], [-6.1678299999999995, 33.720706]]]}}, {"type": "Feature", "properties": {"commune_id": 134, "name": "Ait Ourir"}, "geometry": {"type": "Polygon", "coordinates": [[[-7.722963, 31.511443], [-7.622963, 31.511443], [-7.622963, 31.611443], [-7.722963, 31.611443], [-7.722963, 31.511443]]]}}, {"type": "Feature", "properties": {"commune_id": 135, "name": "Ait Saadelli"}, "geometry": {"type": "Polygon", "coordinates": [[[-5.411433, 32.575503000000005], [-5.311433, 32.575503000000005], [-5.311433, 32.675503], [-5.411433, 32.675503], [-5.411433, 32.575503000000005]]]}}, {"type": "Feature", "properties": {"commune_id": 136, "name": "Ait Said"}, "geometry": {"type": "Polygon", "coordinates": [[[-9.511202, 31.386665999999998], [-9.411202, 31.386665999999998], [-9.411202, 31.486666], [-9.511202, 31.486666], [-9.511202, 31.386665999999998]]]}}, {"type": "Feature", "properties": {"commune_id": 137, "name": "Ait Sebaa Lajrouf"}, "geometry": {"type": "Polygon", "coordinates": [[[-5.094262, 33.687336], [-4.994262, 33.687336], [-4.994262, 33.787335999999996], [-5.094262, 33.787335999999996], [-5.094262, 33.687336]]]}}, {"type": "Feature", "properties": {"commune_id": 138, "name": "Ait Sedrate Jbel El Oulia"}, "geometry": {"type": "Polygon", "coordinates": [[[-6.003975, 31.591507], [-5.903975, 31.591507], [-5.903975, 31.691507], [-6.003975, 31.691507], [-6.003975, 31.591507]]]}}, {"type": "Feature", "properties": {"commune_id": 139, "name": "Ait Sedrate Jbel El Soufla"}, "geometry": {"type": "Polygon", "coordinates": [[[-6.008674, 31.460677], [-5.908674, 31.460677], [-5.908674, 31.560677000000002], [-6.008674, 31.560677000000002], [-6.008674, 31.460677]]]}}, {"type": "Feature", "properties": {"commune_id": 140, "name": "Ait Sedrate Sahl Charkia"}, "geometry": {"type": "Polygon", "coordinates": [[[-6.1047709999999995, 31.12429], [-6.004771, 31.12429], [-6.004771, 31.22429], [-6.1047709999999995, 31.22429], [-6.1047709999999995, 31.12429]]]}}, {"type": "Feature", "properties": {"commune_id": 141, "name": "Ait Sedrate Sahl El Gharbia"}, "geometry": {"type": "Polygon", "coordinates": [[[-6.1990289999999995, 31.039057], [-6.099029, 31.039057], [-6.099029, 31.139057], [-6.1990289999999995, 31.139057], [-6.1990289999999995, 31.039057]]]}}, {"type": "Feature", "properties": {"commune_id": 142, "name": "Ait Siberne"}, "geometry": {"type": "Polygon", "coordinates": [[[-5.915401999999999, 33.798132], [-5.815402, 33.798132], [-5.815402, 33.898132], [-5.915401999999999, 33.898132], [-5.915401999999999, 33.798132]]]}}, {"type": "Feature", "properties": {"commune_id": 143, "name": "Ait Sidi Daoud"}, "geometry": {"type": "Polygon", "coordinates": [[[-7.721967, 31.560031], [-7.621967000000001, 31.560031], [-7.621967000000001, 31.660031], [-7.721967, 31.660031], [-7.721967, 31.560031]]]}}, {"type": "Feature", "properties": {"commune_id": 144, "name": "Ait Taguella"}, "geometry": {"type": "Polygon", "coordinates": [[[-6.789461999999999, 31.885466], [-6.689462, 31.885466], [-6.689462, 31.985466000000002], [-6.789461999999999, 31.985466000000002], [-6.789461999999999, 31.885466]]]}}, {"type": "Feature", "properties": {"commune_id": 145, "name": "Ait Taleb"}, "geometry": {"type": "Polygon", "coordinates": [[[-8.235672000000001, 32.333541000000004], [-8.135672, 32.333541000000004], [-8.135672, 32.433541], [-8.235672000000001, 32.433541], [-8.235672000000001, 32.333541000000004]]]}}, {"type": "Feature", "properties": {"commune_id": 146, "name": "Ait Tamlil"}, "geometry": {"type": "Polygon", "coordinates": [[[-6.898471, 31.433706], [-6.798471, 31.433706], [-6.798471, 31.533706000000002], [-6.898471, 31.533706000000002], [-6.898471, 31.433706]]]}}, {"type": "Feature", "properties": {"commune_id": 147, "name": "Ait Yaazem"}, "geometry": {"type": "Polygon", "coordinates": [[[-5.6651929999999995, 33.694491], [-5.565193, 33.694491], [-5.565193, 33.794490999999994], [-5.6651929999999995, 33.794490999999994], [-5.6651929999999995, 33.694491]]]}}, {"type": "Feature", "properties": {"commune_id": 148, "name": "Ait Yadine"}, "geometry": {"type": "Polygon", "coordinates": [[[-6.0446219999999995, 33.897603000000004], [-5.944622, 33.897603000000004], [-5.944622, 33.997603], [-6.0446219999999995, 33.997603], [-6.0446219999999995, 33.897603000000004]]]}}, {"type": "Feature", "properties": {"commune_id": 149, "name": "Ait Yahya"}, "geometry": {"type": "Polygon", "coordinates": [[[-5.225913, 32.202935000000004], [-5.125913000000001, 32.202935000000004], [-5.125913000000001, 32.302935], [-5.225913, 32.302935], [-5.225913, 32.202935000000004]]]}}, {"type": "Feature", "properties": {"commune_id": 150, "name": "Ait Youl"}, "geometry": {"type": "Polygon", "coordinates": [[[-6.029211, 31.261535], [-5.9292110000000005, 31.261535], [-5.9292110000000005, 31.361535], [-6.029211, 31.361535], [-6.029211, 31.261535]]]}}, {"type": "Feature", "properties": {"commune_id": 151, "name": "Ait Zineb"}, "geometry": {"type": "Polygon", "coordinates": [[[-7.174266, 30.949631999999998], [-7.074266000000001, 30.949631999999998], [-7.074266000000001, 31.049632], [-7.174266, 31.049632], [-7.174266, 30.949631999999998]]]}}, {"type": "Feature", "properties": {"commune_id": 152, "name": "Ajdir"}, "geometry": {"type": "Polygon", "coordinates": [[[-3.9903389999999996, 34.719951], [-3.890339, 34.719951], [-3.890339, 34.819950999999996], [-3.9903389999999996, 34.819950999999996], [-3.9903389999999996, 34.719951]]]}}, {"type": "Feature", "properties": {"commune_id": 153, "name": "Ajdir"}, "geometry": {"type": "Polygon", "coordinates": [[[-3.962523, 35.147139], [-3.8625230000000004, 35.147139], [-3.8625230000000004, 35.247139], [-3.962523, 35.247139], [-3.962523, 35.147139]]]}}, {"type": "Feature", "properties": {"commune_id": 154, "name": "Akarma"}, "geometry": {"type": "Polygon", "coordinates": [[[-7.682837, 31.849763], [-7.5828370000000005, 31.849763], [-7.5828370000000005, 31.949763], [-7.682837, 31.949763], [-7.682837, 31.849763]]]}}, {"type": "Feature", "properties": {"commune_id": 155, "name": "Akhfennir"}, "geometry": {"type": "Polygon", "coordinates": [[[-11.951876, 27.886774], [-11.851875999999999, 27.886774], [-11.851875999999999, 27.986774], [-11.951876, 27.986774], [-11.951876, 27.886774]]]}}, {"type": "Feature", "properties": {"commune_id": 156, "name": "Akka"}, "geometry": {"type": "Polygon", "coordinates": [[[-8.203306000000001, 29.289261], [-8.103306, 29.289261], [-8.103306, 29.389261], [-8.203306000000001, 29.389261], [-8.203306000000001, 29.289261]]]}}, {"type": "Feature", "properties": {"commune_id": 157, "name": "Akka Ighane"}, "geometry": {"type": "Polygon", "coordinates": [[[-7.646021999999999, 29.914907], [-7.546022, 29.914907], [-7.546022, 30.014907], [-7.646021999999999, 30.014907], [-7.646021999999999, 29.914907]]]}}, {"type": "Feature", "properties": {"commune_id": 158, "name": "Aklim"}, "geometry": {"type": "Polygon", "coordinates": [[[-2.571129, 34.83388], [-2.4711290000000004, 34.83388], [-2.4711290000000004, 34.933879999999995], [-2.571129, 34.933879999999995], [-2.571129, 34.83388]]]}}, {"type": "Feature", "properties": {"commune_id": 159, "name": "Aknoul"}, "geometry": {"type": "Polygon", "coordinates": [[[-3.9157979999999997, 34.602819000000004], [-3.815798, 34.602819000000004], [-3.815798, 34.702819], [-3.9157979999999997, 34.702819], [-3.9157979999999997, 34.602819000000004]]]}}, {"type": "Feature", "properties": {"commune_id": 160, "name": "Al Aioun"}, "geometry": {"type": "Polygon", "coordinates": [[[-2.5535229999999998, 34.527477000000005], [-2.453523, 34.527477000000005], [-2.453523, 34.627477], [-2.5535229999999998, 34.627477], [-2.5535229999999998, 34.527477000000005]]]}}, {"type": "Feature", "properties": {"commune_id": 161, "name": "Al Aroui"}, "geometry": {"type": "Polygon", "coordinates": [[[-3.045705, 34.971062], [-2.9457050000000002, 34.971062], [-2.9457050000000002, 35.071062], [-3.045705, 35.071062], [-3.045705, 34.971062]]]}}, {"type": "Feature", "properties": {"commune_id": 162, "name": "Al Bahraoyine"}, "geometry": {"type": "Polygon", "coordinates": [[[-5.7638929999999995, 35.707193000000004], [-5.663893, 35.707193000000004], [-5.663893, 35.807193], [-5.7638929999999995, 35.807193], [-5.7638929999999995, 35.707193000000004]]]}}, {"type": "Feature", "properties": {"commune_id": 163, "name": "Al Barkanyene"}, "geometry": {"type": "Polygon", "coordinates": [[[-2.612727, 35.007037000000004], [-2.5127270000000004, 35.007037000000004], [-2.5127270000000004, 35.107037], [-2.612727, 35.107037], [-2.612727, 35.007037000000004]]]}}, {"type": "Feature", "properties": {"commune_id": 164, "name": "Al Hamra"}, "geometry": {"type": "Polygon", "coordinates": [[[-5.412013, 35.299107], [-5.312013, 35.299107], [-5.312013, 35.399106999999994], [-5.412013, 35.399106999999994], [-5.412013, 35.299107]]]}}, {"type": "Feature", "properties": {"commune_id": 165, "name": "Al Haouafate"}, "geometry": {"type": "Polygon", "coordinates": [[[-6.041918, 34.412169000000006], [-5.941918, 34.412169000000006], [-5.941918, 34.512169], [-6.041918, 34.512169], [-6.041918, 34.412169000000006]]]}}, {"type": "Feature", "properties": {"commune_id": 166, "name": "Al Hoceïma"}, "geometry": {"type": "Polygon", "coordinates": [[[-3.988905, 35.186042], [-3.8889050000000003, 35.186042], [-3.8889050000000003, 35.286041999999995], [-3.988905, 35.286041999999995], [-3.988905, 35.186042]]]}}, {"type": "Feature", "properties": {"commune_id": 167, "name": "Al Khalfia"}, "geometry": {"type": "Polygon", "coordinates": [[[-6.584738, 32.488998], [-6.484738, 32.488998], [-6.484738, 32.588998], [-6.584738, 32.588998], [-6.584738, 32.488998]]]}}, {"type": "Feature", "properties": {"commune_id": 168, "name": "Al Kharroub"}, "geometry": {"type": "Polygon", "coordinates": [[[-5.7326, 35.354995], [-5.6326, 35.354995], [-5.6326, 35.454995], [-5.7326, 35.454995], [-5.7326, 35.354995]]]}}, {"type": "Feature", "properties": {"commune_id": 169, "name": "Al Machouar Stinia"}, "geometry": {"type": "Polygon", "coordinates": [[[-5.6100769999999995, 33.83682], [-5.510077, 33.83682], [-5.510077, 33.93682], [-5.6100769999999995, 33.93682], [-5.6100769999999995, 33.83682]]]}}, {"type": "Feature", "properties": {"commune_id": 170, "name": "Al Mahbass"}, "geometry": {"type": "Polygon", "coordinates": [[[-9.042992, 27.515503], [-8.942991999999998, 27.515503], [-8.942991999999998, 27.615503], [-9.042992, 27.615503], [-9.042992, 27.515503]]]}}, {"type": "Feature", "properties": {"commune_id": 171, "name": "Al Manzla"}, "geometry": {"type": "Polygon", "coordinates": [[[-5.897322, 35.499065], [-5.797322, 35.499065], [-5.797322, 35.599064999999996], [-5.897322, 35.599064999999996], [-5.897322, 35.499065]]]}}, {"type": "Feature", "properties": {"commune_id": 172, "name": "Al Oued"}, "geometry": {"type": "Polygon", "coordinates": [[[-5.370284, 35.215003], [-5.270284, 35.215003], [-5.270284, 35.315003], [-5.370284, 35.315003], [-5.370284, 35.215003]]]}}, {"type": "Feature", "properties": {"commune_id": 173, "name": "Al Ouidane"}, "geometry": {"type": "Polygon", "coordinates": [[[-7.886058, 31.580347], [-7.786058000000001, 31.580347], [-7.786058000000001, 31.680347], [-7.886058, 31.680347], [-7.886058, 31.580347]]]}}, {"type": "Feature", "properties": {"commune_id": 174, "name": "Allougoum"}, "geometry": {"type": "Polygon", "coordinates": [[[-6.8749709999999995, 29.905454], [-6.774971, 29.905454], [-6.774971, 30.005454], [-6.8749709999999995, 30.005454], [-6.8749709999999995, 29.905454]]]}}, {"type": "Feature", "properties": {"commune_id": 175, "name": "Allyène"}, "geometry": {"type": "Polygon", "coordinates": [[[-5.464194, 35.678378], [-5.364194, 35.678378], [-5.364194, 35.778378], [-5.464194, 35.778378], [-5.464194, 35.678378]]]}}, {"type": "Feature", "properties": {"commune_id": 176, "name": "Almis Marmoucha"}, "geometry": {"type": "Polygon", "coordinates": [[[-4.214299, 33.191015], [-4.114299, 33.191015], [-4.114299, 33.291014999999994], [-4.214299, 33.291014999999994], [-4.214299, 33.191015]]]}}, {"type": "Feature", "properties": {"commune_id": 177, "name": "Alnif"}, "geometry": {"type": "Polygon", "coordinates": [[[-5.189801, 31.063154], [-5.0898010000000005, 31.063154], [-5.0898010000000005, 31.163154000000002], [-5.189801, 31.163154000000002], [-5.189801, 31.063154]]]}}, {"type": "Feature", "properties": {"commune_id": 178, "name": "Amalou"}, "geometry": {"type": "Polygon", "coordinates": [[[-8.801825000000001, 30.130436], [-8.701825, 30.130436], [-8.701825, 30.230436], [-8.801825000000001, 30.230436], [-8.801825000000001, 30.130436]]]}}, {"type": "Feature", "properties": {"commune_id": 179, "name": "Amejjaou"}, "geometry": {"type": "Polygon", "coordinates": [[[-3.2917229999999997, 35.08794], [-3.191723, 35.08794], [-3.191723, 35.18794], [-3.2917229999999997, 35.18794], [-3.2917229999999997, 35.08794]]]}}, {"type": "Feature", "properties": {"commune_id": 180, "name": "Amellagou"}, "geometry": {"type": "Polygon", "coordinates": [[[-4.986591, 31.973269], [-4.886591, 31.973269], [-4.886591, 32.073268999999996], [-4.986591, 32.073268999999996], [-4.986591, 31.973269]]]}}, {"type": "Feature", "properties": {"commune_id": 181, "name": "Amersid"}, "geometry": {"type": "Polygon", "coordinates": [[[-4.537887, 32.628844], [-4.437887, 32.628844], [-4.437887, 32.728843999999995], [-4.537887, 32.728843999999995], [-4.537887, 32.628844]]]}}, {"type": "Feature", "properties": {"commune_id": 182, "name": "Amerzgane"}, "geometry": {"type": "Polygon", "coordinates": [[[-7.328353, 30.908967], [-7.228353, 30.908967], [-7.228353, 31.008967000000002], [-7.328353, 31.008967000000002], [-7.328353, 30.908967]]]}}, {"type": "Feature", "properties": {"commune_id": 183, "name": "Ameur"}, "geometry": {"type": "Polygon", "coordinates": [[[-6.715704, 34.042255000000004], [-6.615704, 34.042255000000004], [-6.615704, 34.142255], [-6.715704, 34.142255], [-6.715704, 34.042255000000004]]]}}, {"type": "Feature", "properties": {"commune_id": 184, "name": "Ameur Chamalia"}, "geometry": {"type": "Polygon", "coordinates": [[[-6.2541329999999995, 34.324793], [-6.154133, 34.324793], [-6.154133, 34.424792999999994], [-6.2541329999999995, 34.424792999999994], [-6.2541329999999995, 34.324793]]]}}, {"type": "Feature", "properties": {"commune_id": 185, "name": "Ameur Seflia"}, "geometry": {"type": "Polygon", "coordinates": [[[-6.400384, 34.225716000000006], [-6.300384, 34.225716000000006], [-6.300384, 34.325716], [-6.400384, 34.325716], [-6.400384, 34.225716000000006]]]}}, {"type": "Feature", "properties": {"commune_id": 186, "name": "Amgala"}, "geometry": {"type": "Polygon", "coordinates": [[[-11.748286, 26.30451], [-11.648285999999999, 26.30451], [-11.648285999999999, 26.404510000000002], [-11.748286, 26.404510000000002], [-11.748286, 26.30451]]]}}, {"type": "Feature", "properties": {"commune_id": 187, "name": "Amghras"}, "geometry": {"type": "Polygon", "coordinates": [[[-8.222545, 31.165429], [-8.122544999999999, 31.165429], [-8.122544999999999, 31.265429], [-8.222545, 31.265429], [-8.222545, 31.165429]]]}}, {"type": "Feature", "properties": {"commune_id": 188, "name": "Amizmiz"}, "geometry": {"type": "Polygon", "coordinates": [[[-8.301466000000001, 31.170478], [-8.201466, 31.170478], [-8.201466, 31.270478], [-8.301466000000001, 31.270478], [-8.301466000000001, 31.170478]]]}}, {"type": "Feature", "properties": {"commune_id": 189, "name": "Ammelne"}, "geometry": {"type": "Polygon", "coordinates": [[[-9.017560000000001, 29.682095], [-8.91756, 29.682095], [-8.91756, 29.782095], [-9.017560000000001, 29.782095], [-9.017560000000001, 29.682095]]]}}, {"type": "Feature", "properties": {"commune_id": 190, "name": "Amouguer"}, "geometry": {"type": "Polygon", "coordinates": [[[-4.96284, 32.217530000000004], [-4.86284, 32.217530000000004], [-4.86284, 32.31753], [-4.96284, 32.31753], [-4.96284, 32.217530000000004]]]}}, {"type": "Feature", "properties": {"commune_id": 191, "name": "Amskroud"}, "geometry": {"type": "Polygon", "coordinates": [[[-9.431609, 30.436031], [-9.331608999999998, 30.436031], [-9.331608999999998, 30.536031], [-9.431609, 30.536031], [-9.431609, 30.436031]]]}}, {"type": "Feature", "properties": {"commune_id": 192, "name": "Amtar"}, "geometry": {"type": "Polygon", "coordinates": [[[-4.816257, 35.13488], [-4.716257000000001, 35.13488], [-4.716257000000001, 35.23488], [-4.816257, 35.23488], [-4.816257, 35.13488]]]}}, {"type": "Feature", "properties": {"commune_id": 193, "name": "Amtdi"}, "geometry": {"type": "Polygon", "coordinates": [[[-9.248894, 29.152794999999998], [-9.148893999999999, 29.152794999999998], [-9.148893999999999, 29.252795], [-9.248894, 29.252795], [-9.248894, 29.152794999999998]]]}}, {"type": "Feature", "properties": {"commune_id": 194, "name": "Anemzi"}, "geometry": {"type": "Polygon", "coordinates": [[[-5.434223, 32.234742000000004], [-5.334223000000001, 32.234742000000004], [-5.334223000000001, 32.334742], [-5.434223, 32.334742], [-5.434223, 32.234742000000004]]]}}, {"type": "Feature", "properties": {"commune_id": 195, "name": "Anergui"}, "geometry": {"type": "Polygon", "coordinates": [[[-5.978429, 32.022165], [-5.878429000000001, 32.022165], [-5.878429000000001, 32.122164999999995], [-5.978429, 32.122164999999995], [-5.978429, 32.022165]]]}}, {"type": "Feature", "properties": {"commune_id": 196, "name": "Anezi"}, "geometry": {"type": "Polygon", "coordinates": [[[-9.409851000000002, 29.626661], [-9.309851, 29.626661], [-9.309851, 29.726661], [-9.409851000000002, 29.726661], [-9.409851000000002, 29.626661]]]}}, {"type": "Feature", "properties": {"commune_id": 197, "name": "Anfeg"}, "geometry": {"type": "Polygon", "coordinates": [[[-9.300318, 29.369951], [-9.200318, 29.369951], [-9.200318, 29.469951000000002], [-9.300318, 29.469951000000002], [-9.300318, 29.369951]]]}}, {"type": "Feature", "properties": {"commune_id": 198, "name": "Anjra"}, "geometry": {"type": "Polygon", "coordinates": [[[-5.588052, 35.640961000000004], [-5.488052000000001, 35.640961000000004], [-5.488052000000001, 35.740961], [-5.588052, 35.740961], [-5.588052, 35.640961000000004]]]}}, {"type": "Feature", "properties": {"commune_id": 199, "name": "Anougal"}, "geometry": {"type": "Polygon", "coordinates": [[[-8.328811, 31.069495], [-8.228810999999999, 31.069495], [-8.228810999999999, 31.169495], [-8.328811, 31.169495], [-8.328811, 31.069495]]]}}, {"type": "Feature", "properties": {"commune_id": 200, "name": "Anzou"}, "geometry": {"type": "Polygon", "coordinates": [[[-7.284898, 31.625953], [-7.1848980000000005, 31.625953], [-7.1848980000000005, 31.725953], [-7.284898, 31.725953], [-7.284898, 31.625953]]]}}, {"type": "Feature", "properties": {"commune_id": 201, "name": "Aoufous"}, "geometry": {"type": "Polygon", "coordinates": [[[-4.182452, 31.680460999999998], [-4.082452, 31.680460999999998], [-4.082452, 31.780461], [-4.182452, 31.780461], [-4.182452, 31.680460999999998]]]}}, {"type": "Feature", "properties": {"commune_id": 202, "name": "Aouguenz"}, "geometry": {"type": "Polygon", "coordinates": [[[-9.212928000000002, 29.775989], [-9.112928, 29.775989], [-9.112928, 29.875989], [-9.212928000000002, 29.875989], [-9.212928000000002, 29.775989]]]}}, {"type": "Feature", "properties": {"commune_id": 203, "name": "Aouint Lahna"}, "geometry": {"type": "Polygon", "coordinates": [[[-9.820313, 28.487724], [-9.720312999999999, 28.487724], [-9.720312999999999, 28.587724], [-9.820313, 28.587724], [-9.820313, 28.487724]]]}}, {"type": "Feature", "properties": {"commune_id": 204, "name": "Aouint Yghomane"}, "geometry": {"type": "Polygon", "coordinates": [[[-10.450177, 28.419608], [-10.350176999999999, 28.419608], [-10.350176999999999, 28.519608], [-10.450177, 28.519608], [-10.450177, 28.419608]]]}}, {"type": "Feature", "properties": {"commune_id": 205, "name": "Aoulouz"}, "geometry": {"type": "Polygon", "coordinates": [[[-8.235286, 30.610865999999998], [-8.135285999999999, 30.610865999999998], [-8.135285999999999, 30.710866], [-8.235286, 30.710866], [-8.235286, 30.610865999999998]]]}}, {"type": "Feature", "properties": {"commune_id": 206, "name": "Aourir"}, "geometry": {"type": "Polygon", "coordinates": [[[-9.660881, 30.471139], [-9.560880999999998, 30.471139], [-9.560880999999998, 30.571139000000002], [-9.660881, 30.571139000000002], [-9.660881, 30.471139]]]}}, {"type": "Feature", "properties": {"commune_id": 207, "name": "Aousserd"}, "geometry": {"type": "Polygon", "coordinates": [[[-14.684455000000002, 22.665409], [-14.584455, 22.665409], [-14.584455, 22.765409000000002], [-14.684455000000002, 22.765409000000002], [-14.684455000000002, 22.665409]]]}}, {"type": "Feature", "properties": {"commune_id": 208, "name": "Aqesri"}, "geometry": {"type": "Polygon", "coordinates": [[[-9.566125000000001, 30.542379], [-9.466125, 30.542379], [-9.466125, 30.642379000000002], [-9.566125000000001, 30.642379000000002], [-9.566125000000001, 30.542379]]]}}, {"type": "Feature", "properties": {"commune_id": 209, "name": "Aquermoud"}, "geometry": {"type": "Polygon", "coordinates": [[[-9.588393, 31.721497], [-9.488392999999999, 31.721497], [-9.488392999999999, 31.821497], [-9.588393, 31.821497], [-9.588393, 31.721497]]]}}, {"type": "Feature", "properties": {"commune_id": 210, "name": "Aquouass Briech"}, "geometry": {"type": "Polygon", "coordinates": [[[-6.008055, 35.501651], [-5.908055, 35.501651], [-5.908055, 35.601651], [-6.008055, 35.601651], [-6.008055, 35.501651]]]}}, {"type": "Feature", "properties": {"commune_id": 211, "name": "Arazane"}, "geometry": {"type": "Polygon", "coordinates": [[[-8.583076, 30.416883], [-8.483075999999999, 30.416883], [-8.483075999999999, 30.516883], [-8.583076, 30.516883], [-8.583076, 30.416883]]]}}, {"type": "Feature", "properties": {"commune_id": 212, "name": "Arbaa Aït Abdellah"}, "geometry": {"type": "Polygon", "coordinates": [[[-9.928277000000001, 29.284416999999998], [-9.828277, 29.284416999999998], [-9.828277, 29.384417], [-9.928277000000001, 29.384417], [-9.928277000000001, 29.284416999999998]]]}}, {"type": "Feature", "properties": {"commune_id": 213, "name": "Arbaa Aït Ahmed"}, "geometry": {"type": "Polygon", "coordinates": [[[-9.394184000000001, 29.715059], [-9.294184, 29.715059], [-9.294184, 29.815059], [-9.394184000000001, 29.815059], [-9.394184000000001, 29.715059]]]}}, {"type": "Feature", "properties": {"commune_id": 214, "name": "Arbaa Rasmouka"}, "geometry": {"type": "Polygon", "coordinates": [[[-9.575534000000001, 29.753286], [-9.475534, 29.753286], [-9.475534, 29.853286], [-9.575534000000001, 29.853286], [-9.575534000000001, 29.753286]]]}}, {"type": "Feature", "properties": {"commune_id": 215, "name": "Arbaa Sahel"}, "geometry": {"type": "Polygon", "coordinates": [[[-9.981382, 29.562253], [-9.881381999999999, 29.562253], [-9.881381999999999, 29.662253], [-9.981382, 29.662253], [-9.981382, 29.562253]]]}}, {"type": "Feature", "properties": {"commune_id": 216, "name": "Arbaa Taourirt"}, "geometry": {"type": "Polygon", "coordinates": [[[-3.961639, 34.854653000000006], [-3.8616390000000003, 34.854653000000006], [-3.8616390000000003, 34.954653], [-3.961639, 34.954653], [-3.961639, 34.854653000000006]]]}}, {"type": "Feature", "properties": {"commune_id": 217, "name": "Arbaoua"}, "geometry": {"type": "Polygon", "coordinates": [[[-5.989344, 34.863497], [-5.889344, 34.863497], [-5.889344, 34.963497], [-5.989344, 34.963497], [-5.989344, 34.863497]]]}}, {"type": "Feature", "properties": {"commune_id": 218, "name": "Arekmane"}, "geometry": {"type": "Polygon", "coordinates": [[[-2.751566, 35.009828000000006], [-2.6515660000000003, 35.009828000000006], [-2.6515660000000003, 35.109828], [-2.751566, 35.109828], [-2.751566, 35.009828000000006]]]}}, {"type": "Feature", "properties": {"commune_id": 219, "name": "Argana"}, "geometry": {"type": "Polygon", "coordinates": [[[-9.11068, 30.685598], [-9.010679999999999, 30.685598], [-9.010679999999999, 30.785598], [-9.11068, 30.785598], [-9.11068, 30.685598]]]}}, {"type": "Feature", "properties": {"commune_id": 220, "name": "Asjen"}, "geometry": {"type": "Polygon", "coordinates": [[[-5.69852, 34.831360000000004], [-5.598520000000001, 34.831360000000004], [-5.598520000000001, 34.93136], [-5.69852, 34.93136], [-5.69852, 34.831360000000004]]]}}, {"type": "Feature", "properties": {"commune_id": 221, "name": "Askaouen"}, "geometry": {"type": "Polygon", "coordinates": [[[-7.833883, 30.644026], [-7.7338830000000005, 30.644026], [-7.7338830000000005, 30.744026], [-7.833883, 30.744026], [-7.833883, 30.644026]]]}}, {"type": "Feature", "properties": {"commune_id": 222, "name": "Asni"}, "geometry": {"type": "Polygon", "coordinates": [[[-7.970543, 31.106313999999998], [-7.8705430000000005, 31.106313999999998], [-7.8705430000000005, 31.206314], [-7.970543, 31.206314], [-7.970543, 31.106313999999998]]]}}, {"type": "Feature", "properties": {"commune_id": 223, "name": "Asrir"}, "geometry": {"type": "Polygon", "coordinates": [[[-10.162357, 28.765781999999998], [-10.062356999999999, 28.765781999999998], [-10.062356999999999, 28.865782], [-10.162357, 28.865782], [-10.162357, 28.765781999999998]]]}}, {"type": "Feature", "properties": {"commune_id": 224, "name": "Assa"}, "geometry": {"type": "Polygon", "coordinates": [[[-9.473054000000001, 28.565563], [-9.373054, 28.565563], [-9.373054, 28.665563000000002], [-9.473054000000001, 28.665563000000002], [-9.473054000000001, 28.565563]]]}}, {"type": "Feature", "properties": {"commune_id": 225, "name": "Assads"}, "geometry": {"type": "Polygon", "coordinates": [[[-8.939566000000001, 30.156951], [-8.839566, 30.156951], [-8.839566, 30.256951], [-8.939566000000001, 30.256951], [-8.939566000000001, 30.156951]]]}}, {"type": "Feature", "properties": {"commune_id": 226, "name": "Assahrij"}, "geometry": {"type": "Polygon", "coordinates": [[[-7.2040679999999995, 31.738886], [-7.104068, 31.738886], [-7.104068, 31.838886000000002], [-7.2040679999999995, 31.838886000000002], [-7.2040679999999995, 31.738886]]]}}, {"type": "Feature", "properties": {"commune_id": 227, "name": "Assais"}, "geometry": {"type": "Polygon", "coordinates": [[[-9.267291, 30.872298], [-9.167290999999999, 30.872298], [-9.167290999999999, 30.972298000000002], [-9.267291, 30.972298000000002], [-9.267291, 30.872298]]]}}, {"type": "Feature", "properties": {"commune_id": 228, "name": "Assaisse"}, "geometry": {"type": "Polygon", "coordinates": [[[-7.6741779999999995, 30.518617], [-7.574178, 30.518617], [-7.574178, 30.618617], [-7.6741779999999995, 30.618617], [-7.6741779999999995, 30.518617]]]}}, {"type": "Feature", "properties": {"commune_id": 229, "name": "Assaki"}, "geometry": {"type": "Polygon", "coordinates": [[[-8.088249000000001, 30.504904], [-7.988249000000001, 30.504904], [-7.988249000000001, 30.604904], [-8.088249000000001, 30.604904], [-8.088249000000001, 30.504904]]]}}, {"type": "Feature", "properties": {"commune_id": 230, "name": "Assebbab"}, "geometry": {"type": "Polygon", "coordinates": [[[-3.6058369999999997, 33.890624], [-3.505837, 33.890624], [-3.505837, 33.990624], [-3.6058369999999997, 33.990624], [-3.6058369999999997, 33.890624]]]}}, {"type": "Feature", "properties": {"commune_id": 231, "name": "Assif El Mal"}, "geometry": {"type": "Polygon", "coordinates": [[[-8.510893000000001, 31.211935], [-8.410893, 31.211935], [-8.410893, 31.311935000000002], [-8.510893000000001, 31.311935000000002], [-8.510893000000001, 31.211935]]]}}, {"type": "Feature", "properties": {"commune_id": 232, "name": "Assilah"}, "geometry": {"type": "Polygon", "coordinates": [[[-6.071511, 35.426958000000006], [-5.9715110000000005, 35.426958000000006], [-5.9715110000000005, 35.526958], [-6.071511, 35.526958], [-6.071511, 35.426958000000006]]]}}, {"type": "Feature", "properties": {"commune_id": 233, "name": "Assoul"}, "geometry": {"type": "Polygon", "coordinates": [[[-5.220158, 31.915247], [-5.120158, 31.915247], [-5.120158, 32.015247], [-5.220158, 32.015247], [-5.220158, 31.915247]]]}}, {"type": "Feature", "properties": {"commune_id": 234, "name": "Atiamim"}, "geometry": {"type": "Polygon", "coordinates": [[[-8.598272000000001, 32.027867], [-8.498272, 32.027867], [-8.498272, 32.127866999999995], [-8.598272000000001, 32.127866999999995], [-8.598272000000001, 32.027867]]]}}, {"type": "Feature", "properties": {"commune_id": 235, "name": "Atouabet"}, "geometry": {"type": "Polygon", "coordinates": [[[-9.342693, 31.898442], [-9.242693, 31.898442], [-9.242693, 31.998442], [-9.342693, 31.998442], [-9.342693, 31.898442]]]}}, {"type": "Feature", "properties": {"commune_id": 236, "name": "Ayacha"}, "geometry": {"type": "Polygon", "coordinates": [[[-5.8845339999999995, 35.335214], [-5.784534, 35.335214], [-5.784534, 35.435213999999995], [-5.8845339999999995, 35.435213999999995], [-5.8845339999999995, 35.335214]]]}}, {"type": "Feature", "properties": {"commune_id": 237, "name": "Ayir"}, "geometry": {"type": "Polygon", "coordinates": [[[-9.137257, 32.554729], [-9.037256999999999, 32.554729], [-9.037256999999999, 32.654728999999996], [-9.137257, 32.654728999999996], [-9.137257, 32.554729]]]}}, {"type": "Feature", "properties": {"commune_id": 238, "name": "Azaghar N'Irs"}, "geometry": {"type": "Polygon", "coordinates": [[[-8.221986000000001, 30.137815], [-8.121986, 30.137815], [-8.121986, 30.237815], [-8.221986000000001, 30.237815], [-8.221986000000001, 30.137815]]]}}, {"type": "Feature", "properties": {"commune_id": 239, "name": "Azemmour"}, "geometry": {"type": "Polygon", "coordinates": [[[-8.39826, 33.236865], [-8.298259999999999, 33.236865], [-8.298259999999999, 33.336864999999996], [-8.39826, 33.336864999999996], [-8.39826, 33.236865]]]}}, {"type": "Feature", "properties": {"commune_id": 240, "name": "Azghar"}, "geometry": {"type": "Polygon", "coordinates": [[[-5.955287, 34.125562], [-5.855287000000001, 34.125562], [-5.855287000000001, 34.225562], [-5.955287, 34.225562], [-5.955287, 34.125562]]]}}, {"type": "Feature", "properties": {"commune_id": 241, "name": "Azgour"}, "geometry": {"type": "Polygon", "coordinates": [[[-8.402737, 31.072801], [-8.302736999999999, 31.072801], [-8.302736999999999, 31.172801], [-8.402737, 31.172801], [-8.402737, 31.072801]]]}}, {"type": "Feature", "properties": {"commune_id": 242, "name": "Aziar"}, "geometry": {"type": "Polygon", "coordinates": [[[-9.624129, 30.735576], [-9.524128999999999, 30.735576], [-9.524128999999999, 30.835576], [-9.624129, 30.835576], [-9.624129, 30.735576]]]}}, {"type": "Feature", "properties": {"commune_id": 243, "name": "Azilal"}, "geometry": {"type": "Polygon", "coordinates": [[[-6.629074999999999, 31.908355], [-6.529075, 31.908355], [-6.529075, 32.008355], [-6.629074999999999, 32.008355], [-6.629074999999999, 31.908355]]]}}, {"type": "Feature", "properties": {"commune_id": 244, "name": "Azla"}, "geometry": {"type": "Polygon", "coordinates": [[[-5.333984, 35.479797000000005], [-5.233984, 35.479797000000005], [-5.233984, 35.579797], [-5.333984, 35.579797], [-5.333984, 35.479797000000005]]]}}, {"type": "Feature", "properties": {"commune_id": 245, "name": "Aznaguen"}, "geometry": {"type": "Polygon", "coordinates": [[[-7.493042, 30.273350999999998], [-7.393042, 30.273350999999998], [-7.393042, 30.373351], [-7.493042, 30.373351], [-7.493042, 30.273350999999998]]]}}, {"type": "Feature", "properties": {"commune_id": 246, "name": "Azrar"}, "geometry": {"type": "Polygon", "coordinates": [[[-8.080534, 30.163947999999998], [-7.980534, 30.163947999999998], [-7.980534, 30.263948], [-8.080534, 30.263948], [-8.080534, 30.163947999999998]]]}}, {"type": "Feature", "properties": {"commune_id": 247, "name": "Azrou"}, "geometry": {"type": "Polygon", "coordinates": [[[-5.272665, 33.391332000000006], [-5.172665, 33.391332000000006], [-5.172665, 33.491332], [-5.272665, 33.491332], [-5.272665, 33.391332000000006]]]}}, {"type": "Feature", "properties": {"commune_id": 248, "name": "Azzaba"}, "geometry": {"type": "Polygon", "coordinates": [[[-4.730753, 33.768908], [-4.630753, 33.768908], [-4.630753, 33.868908], [-4.730753, 33.868908], [-4.730753, 33.768908]]]}}, {"type": "Feature", "properties": {"commune_id": 249, "name": "Azzinate"}, "geometry": {"type": "Polygon", "coordinates": [[[-5.832892, 35.582042], [-5.7328920000000005, 35.582042], [-5.7328920000000005, 35.682041999999996], [-5.832892, 35.682041999999996], [-5.832892, 35.582042]]]}}, {"type": "Feature", "properties": {"commune_id": 250, "name": "Aïn Attig"}, "geometry": {"type": "Polygon", "coordinates": [[[-7.015241, 33.834491], [-6.915241, 33.834491], [-6.915241, 33.934490999999994], [-7.015241, 33.934490999999994], [-7.015241, 33.834491]]]}}, {"type": "Feature", "properties": {"commune_id": 251, "name": "Aïn Aïcha"}, "geometry": {"type": "Polygon", "coordinates": [[[-4.714287, 34.360025], [-4.614287, 34.360025], [-4.614287, 34.460024999999995], [-4.714287, 34.460024999999995], [-4.714287, 34.360025]]]}}, {"type": "Feature", "properties": {"commune_id": 252, "name": "Aïn Béida"}, "geometry": {"type": "Polygon", "coordinates": [[[-5.515212, 34.885357000000006], [-5.415212, 34.885357000000006], [-5.415212, 34.985357], [-5.515212, 34.985357], [-5.515212, 34.885357000000006]]]}}, {"type": "Feature", "properties": {"commune_id": 253, "name": "Aïn Chouater"}, "geometry": {"type": "Polygon", "coordinates": [[[-3.1004449999999997, 31.805664999999998], [-3.000445, 31.805664999999998], [-3.000445, 31.905665], [-3.1004449999999997, 31.905665], [-3.1004449999999997, 31.805664999999998]]]}}, {"type": "Feature", "properties": {"commune_id": 254, "name": "Aïn Leuh"}, "geometry": {"type": "Polygon", "coordinates": [[[-5.366709999999999, 33.217420000000004], [-5.26671, 33.217420000000004], [-5.26671, 33.31742], [-5.366709999999999, 33.31742], [-5.366709999999999, 33.217420000000004]]]}}, {"type": "Feature", "properties": {"commune_id": 255, "name": "Aïn Orma"}, "geometry": {"type": "Polygon", "coordinates": [[[-5.77924, 33.861173], [-5.67924, 33.861173], [-5.67924, 33.961172999999995], [-5.77924, 33.961172999999995], [-5.77924, 33.861173]]]}}, {"type": "Feature", "properties": {"commune_id": 256, "name": "Aïn Reggada"}, "geometry": {"type": "Polygon", "coordinates": [[[-2.280102, 34.885981], [-2.180102, 34.885981], [-2.180102, 34.985980999999995], [-2.280102, 34.985980999999995], [-2.280102, 34.885981]]]}}, {"type": "Feature", "properties": {"commune_id": 257, "name": "Aïn Zohra"}, "geometry": {"type": "Polygon", "coordinates": [[[-3.5683819999999997, 34.616743], [-3.468382, 34.616743], [-3.468382, 34.716742999999994], [-3.5683819999999997, 34.716742999999994], [-3.5683819999999997, 34.616743]]]}}, {"type": "Feature", "properties": {"commune_id": 258, "name": "Aït Abbas"}, "geometry": {"type": "Polygon", "coordinates": [[[-6.665391, 31.690033], [-6.565391, 31.690033], [-6.565391, 31.790033], [-6.665391, 31.790033], [-6.665391, 31.690033]]]}}, {"type": "Feature", "properties": {"commune_id": 259, "name": "Aït Bourzouine"}, "geometry": {"type": "Polygon", "coordinates": [[[-5.542733999999999, 33.589163000000006], [-5.442734, 33.589163000000006], [-5.442734, 33.689163], [-5.542733999999999, 33.689163], [-5.542733999999999, 33.589163000000006]]]}}, {"type": "Feature", "properties": {"commune_id": 260, "name": "Aït Elfarsi"}, "geometry": {"type": "Polygon", "coordinates": [[[-5.394127, 31.238809], [-5.2941270000000005, 31.238809], [-5.2941270000000005, 31.338809], [-5.394127, 31.338809], [-5.394127, 31.238809]]]}}, {"type": "Feature", "properties": {"commune_id": 261, "name": "Aït Hani"}, "geometry": {"type": "Polygon", "coordinates": [[[-5.620171, 31.688368], [-5.520171, 31.688368], [-5.520171, 31.788368000000002], [-5.620171, 31.788368000000002], [-5.620171, 31.688368]]]}}, {"type": "Feature", "properties": {"commune_id": 262, "name": "Aït Ishaq"}, "geometry": {"type": "Polygon", "coordinates": [[[-5.852793, 32.669227], [-5.7527930000000005, 32.669227], [-5.7527930000000005, 32.769226999999994], [-5.852793, 32.769226999999994], [-5.852793, 32.669227]]]}}, {"type": "Feature", "properties": {"commune_id": 263, "name": "Aït Kamra"}, "geometry": {"type": "Polygon", "coordinates": [[[-4.054800999999999, 35.099771000000004], [-3.954801, 35.099771000000004], [-3.954801, 35.199771], [-4.054800999999999, 35.199771], [-4.054800999999999, 35.099771000000004]]]}}, {"type": "Feature", "properties": {"commune_id": 264, "name": "Aït Majden"}, "geometry": {"type": "Polygon", "coordinates": [[[-6.968951, 31.764463], [-6.868951, 31.764463], [-6.868951, 31.864463], [-6.968951, 31.864463], [-6.968951, 31.764463]]]}}, {"type": "Feature", "properties": {"commune_id": 265, "name": "Aït Seghrouchen"}, "geometry": {"type": "Polygon", "coordinates": [[[-4.539789, 33.928904], [-4.439789, 33.928904], [-4.439789, 34.028904], [-4.539789, 34.028904], [-4.539789, 33.928904]]]}}, {"type": "Feature", "properties": {"commune_id": 266, "name": "Aït Youssef Ou Ali"}, "geometry": {"type": "Polygon", "coordinates": [[[-3.925172, 35.115957], [-3.8251720000000002, 35.115957], [-3.8251720000000002, 35.215956999999996], [-3.925172, 35.215956999999996], [-3.925172, 35.115957]]]}}, {"type": "Feature", "properties": {"commune_id": 267, "name": "Bab Berred"}, "geometry": {"type": "Polygon", "coordinates": [[[-4.972007, 34.951005], [-4.872007, 34.951005], [-4.872007, 35.051004999999996], [-4.972007, 35.051004999999996], [-4.972007, 34.951005]]]}}, {"type": "Feature", "properties": {"commune_id": 268, "name": "Bab Boudir"}, "geometry": {"type": "Polygon", "coordinates": [[[-4.142583, 34.043473000000006], [-4.0425830000000005, 34.043473000000006], [-4.0425830000000005, 34.143473], [-4.142583, 34.143473], [-4.142583, 34.043473000000006]]]}}, {"type": "Feature", "properties": {"commune_id": 269, "name": "Bab Marzouka"}, "geometry": {"type": "Polygon", "coordinates": [[[-4.12612, 34.149687], [-4.026120000000001, 34.149687], [-4.026120000000001, 34.249686999999994], [-4.12612, 34.249686999999994], [-4.12612, 34.149687]]]}}, {"type": "Feature", "properties": {"commune_id": 270, "name": "Bab Taza"}, "geometry": {"type": "Polygon", "coordinates": [[[-5.28299, 35.047204], [-5.18299, 35.047204], [-5.18299, 35.147203999999995], [-5.28299, 35.147203999999995], [-5.28299, 35.047204]]]}}, {"type": "Feature", "properties": {"commune_id": 271, "name": "Bab Tiouka"}, "geometry": {"type": "Polygon", "coordinates": [[[-5.670557, 34.164041000000005], [-5.570557, 34.164041000000005], [-5.570557, 34.264041], [-5.670557, 34.264041], [-5.670557, 34.164041000000005]]]}}, {"type": "Feature", "properties": {"commune_id": 272, "name": "Bahhara Oulad Ayad"}, "geometry": {"type": "Polygon", "coordinates": [[[-6.333455, 34.707752000000006], [-6.233455, 34.707752000000006], [-6.233455, 34.807752], [-6.333455, 34.807752], [-6.333455, 34.707752000000006]]]}}, {"type": "Feature", "properties": {"commune_id": 273, "name": "Barkine"}, "geometry": {"type": "Polygon", "coordinates": [[[-3.9174569999999997, 33.679474000000006], [-3.817457, 33.679474000000006], [-3.817457, 33.779474], [-3.9174569999999997, 33.779474], [-3.9174569999999997, 33.679474000000006]]]}}, {"type": "Feature", "properties": {"commune_id": 274, "name": "Bejaad"}, "geometry": {"type": "Polygon", "coordinates": [[[-6.439226, 32.718450000000004], [-6.339226, 32.718450000000004], [-6.339226, 32.81845], [-6.439226, 32.81845], [-6.439226, 32.718450000000004]]]}}, {"type": "Feature", "properties": {"commune_id": 275, "name": "Belfaa"}, "geometry": {"type": "Polygon", "coordinates": [[[-9.562871000000001, 29.930301999999998], [-9.462871, 29.930301999999998], [-9.462871, 30.030302], [-9.562871000000001, 30.030302], [-9.562871000000001, 29.930301999999998]]]}}, {"type": "Feature", "properties": {"commune_id": 276, "name": "Belyounech"}, "geometry": {"type": "Polygon", "coordinates": [[[-5.446465, 35.830526000000006], [-5.346465, 35.830526000000006], [-5.346465, 35.930526], [-5.446465, 35.930526], [-5.446465, 35.830526000000006]]]}}, {"type": "Feature", "properties": {"commune_id": 277, "name": "Ben Ahmed"}, "geometry": {"type": "Polygon", "coordinates": [[[-7.284247, 33.019146000000006], [-7.184247, 33.019146000000006], [-7.184247, 33.119146], [-7.284247, 33.119146], [-7.284247, 33.019146000000006]]]}}, {"type": "Feature", "properties": {"commune_id": 278, "name": "Ben Guerir"}, "geometry": {"type": "Polygon", "coordinates": [[[-7.993472, 32.182326], [-7.893472, 32.182326], [-7.893472, 32.282326], [-7.993472, 32.282326], [-7.993472, 32.182326]]]}}, {"type": "Feature", "properties": {"commune_id": 279, "name": "Ben Khlil"}, "geometry": {"type": "Polygon", "coordinates": [[[-11.182345000000002, 28.516268], [-11.082345, 28.516268], [-11.082345, 28.616268], [-11.182345000000002, 28.616268], [-11.182345000000002, 28.516268]]]}}, {"type": "Feature", "properties": {"commune_id": 280, "name": "Ben Maachou"}, "geometry": {"type": "Polygon", "coordinates": [[[-8.096015000000001, 33.137728], [-7.996015000000001, 33.137728], [-7.996015000000001, 33.237728], [-8.096015000000001, 33.237728], [-8.096015000000001, 33.137728]]]}}, {"type": "Feature", "properties": {"commune_id": 281, "name": "Ben Mansour"}, "geometry": {"type": "Polygon", "coordinates": [[[-6.454019, 34.547579000000006], [-6.354019, 34.547579000000006], [-6.354019, 34.647579], [-6.454019, 34.647579], [-6.454019, 34.547579000000006]]]}}, {"type": "Feature", "properties": {"commune_id": 282, "name": "Ben Smim"}, "geometry": {"type": "Polygon", "coordinates": [[[-5.262500999999999, 33.418209000000004], [-5.162501, 33.418209000000004], [-5.162501, 33.518209], [-5.262500999999999, 33.518209], [-5.262500999999999, 33.418209000000004]]]}}, {"type": "Feature", "properties": {"commune_id": 283, "name": "Ben Taïeb"}, "geometry": {"type": "Polygon", "coordinates": [[[-3.501461, 34.986726000000004], [-3.4014610000000003, 34.986726000000004], [-3.4014610000000003, 35.086726], [-3.501461, 35.086726], [-3.501461, 34.986726000000004]]]}}, {"type": "Feature", "properties": {"commune_id": 284, "name": "Beni Ansar"}, "geometry": {"type": "Polygon", "coordinates": [[[-2.975777, 35.222961000000005], [-2.8757770000000002, 35.222961000000005], [-2.8757770000000002, 35.322961], [-2.975777, 35.322961], [-2.975777, 35.222961000000005]]]}}, {"type": "Feature", "properties": {"commune_id": 285, "name": "Beni Bechir"}, "geometry": {"type": "Polygon", "coordinates": [[[-4.377536, 34.729397000000006], [-4.2775360000000004, 34.729397000000006], [-4.2775360000000004, 34.829397], [-4.377536, 34.829397], [-4.377536, 34.729397000000006]]]}}, {"type": "Feature", "properties": {"commune_id": 286, "name": "Beni Chiker"}, "geometry": {"type": "Polygon", "coordinates": [[[-3.06649, 35.267225], [-2.9664900000000003, 35.267225], [-2.9664900000000003, 35.367225], [-3.06649, 35.367225], [-3.06649, 35.267225]]]}}, {"type": "Feature", "properties": {"commune_id": 287, "name": "Beni Ftah"}, "geometry": {"type": "Polygon", "coordinates": [[[-4.057105, 34.469491000000005], [-3.9571050000000003, 34.469491000000005], [-3.9571050000000003, 34.569491], [-4.057105, 34.569491], [-4.057105, 34.469491000000005]]]}}, {"type": "Feature", "properties": {"commune_id": 288, "name": "Beni Malek"}, "geometry": {"type": "Polygon", "coordinates": [[[-6.063205, 34.658762], [-5.963205, 34.658762], [-5.963205, 34.758762], [-6.063205, 34.758762], [-6.063205, 34.658762]]]}}, {"type": "Feature", "properties": {"commune_id": 289, "name": "Beni Mellal"}, "geometry": {"type": "Polygon", "coordinates": [[[-6.417166, 32.280671000000005], [-6.317166, 32.280671000000005], [-6.317166, 32.380671], [-6.417166, 32.380671], [-6.417166, 32.280671000000005]]]}}, {"type": "Feature", "properties": {"commune_id": 290, "name": "Benslimane"}, "geometry": {"type": "Polygon", "coordinates": [[[-7.1878839999999995, 33.56092], [-7.087884, 33.56092], [-7.087884, 33.66092], [-7.1878839999999995, 33.66092], [-7.1878839999999995, 33.56092]]]}}, {"type": "Feature", "properties": {"commune_id": 291, "name": "Berkane"}, "geometry": {"type": "Polygon", "coordinates": [[[-2.3749219999999998, 34.87388], [-2.274922, 34.87388], [-2.274922, 34.973879999999994], [-2.3749219999999998, 34.973879999999994], [-2.3749219999999998, 34.87388]]]}}, {"type": "Feature", "properties": {"commune_id": 292, "name": "Berrechid"}, "geometry": {"type": "Polygon", "coordinates": [[[-7.629586, 33.214379], [-7.529586, 33.214379], [-7.529586, 33.314378999999995], [-7.629586, 33.314378999999995], [-7.629586, 33.214379]]]}}, {"type": "Feature", "properties": {"commune_id": 293, "name": "Bghaghza"}, "geometry": {"type": "Polygon", "coordinates": [[[-5.653936, 35.406684000000006], [-5.553936, 35.406684000000006], [-5.553936, 35.506684], [-5.653936, 35.506684], [-5.653936, 35.406684000000006]]]}}, {"type": "Feature", "properties": {"commune_id": 294, "name": "Bhalil"}, "geometry": {"type": "Polygon", "coordinates": [[[-4.921108, 33.805947], [-4.821108000000001, 33.805947], [-4.821108000000001, 33.905947], [-4.921108, 33.905947], [-4.921108, 33.805947]]]}}, {"type": "Feature", "properties": {"commune_id": 295, "name": "Bigoudine"}, "geometry": {"type": "Polygon", "coordinates": [[[-9.283387000000001, 30.65577], [-9.183387, 30.65577], [-9.183387, 30.755770000000002], [-9.283387000000001, 30.755770000000002], [-9.283387000000001, 30.65577]]]}}, {"type": "Feature", "properties": {"commune_id": 296, "name": "Bin El Ouidane"}, "geometry": {"type": "Polygon", "coordinates": [[[-6.520435, 32.067967], [-6.420435, 32.067967], [-6.420435, 32.167967], [-6.520435, 32.167967], [-6.520435, 32.067967]]]}}, {"type": "Feature", "properties": {"commune_id": 297, "name": "Biougra"}, "geometry": {"type": "Polygon", "coordinates": [[[-9.420802, 30.162959999999998], [-9.320801999999999, 30.162959999999998], [-9.320801999999999, 30.26296], [-9.420802, 30.26296], [-9.420802, 30.162959999999998]]]}}, {"type": "Feature", "properties": {"commune_id": 298, "name": "Bir Anzarane"}, "geometry": {"type": "Polygon", "coordinates": [[[-14.790117, 24.068904], [-14.690116999999999, 24.068904], [-14.690116999999999, 24.168904], [-14.790117, 24.168904], [-14.790117, 24.068904]]]}}, {"type": "Feature", "properties": {"commune_id": 299, "name": "Bir Ennasr"}, "geometry": {"type": "Polygon", "coordinates": [[[-6.96643, 33.2819], [-6.86643, 33.2819], [-6.86643, 33.381899999999995], [-6.96643, 33.381899999999995], [-6.96643, 33.2819]]]}}, {"type": "Feature", "properties": {"commune_id": 300, "name": "Bir Gandouz"}, "geometry": {"type": "Polygon", "coordinates": [[[-16.425022000000002, 21.785238], [-16.325022, 21.785238], [-16.325022, 21.885238], [-16.425022000000002, 21.885238], [-16.425022000000002, 21.785238]]]}}, {"type": "Feature", "properties": {"commune_id": 301, "name": "Bir Jdid"}, "geometry": {"type": "Polygon", "coordinates": [[[-8.045846000000001, 33.324101000000006], [-7.945846, 33.324101000000006], [-7.945846, 33.424101], [-8.045846000000001, 33.424101], [-8.045846000000001, 33.324101000000006]]]}}, {"type": "Feature", "properties": {"commune_id": 302, "name": "Bir Mezoui"}, "geometry": {"type": "Polygon", "coordinates": [[[-6.829035, 32.800652], [-6.7290350000000005, 32.800652], [-6.7290350000000005, 32.900651999999994], [-6.829035, 32.900651999999994], [-6.829035, 32.800652]]]}}, {"type": "Feature", "properties": {"commune_id": 303, "name": "Bir Taleb"}, "geometry": {"type": "Polygon", "coordinates": [[[-5.706693, 34.288451], [-5.606693, 34.288451], [-5.606693, 34.388450999999996], [-5.706693, 34.388450999999996], [-5.706693, 34.288451]]]}}, {"type": "Feature", "properties": {"commune_id": 304, "name": "Bir Tamtam"}, "geometry": {"type": "Polygon", "coordinates": [[[-4.694108, 33.928709000000005], [-4.594108, 33.928709000000005], [-4.594108, 34.028709], [-4.694108, 34.028709], [-4.694108, 33.928709000000005]]]}}, {"type": "Feature", "properties": {"commune_id": 305, "name": "Bizdad"}, "geometry": {"type": "Polygon", "coordinates": [[[-9.384649000000001, 31.232612], [-9.284649, 31.232612], [-9.284649, 31.332612], [-9.384649000000001, 31.332612], [-9.384649000000001, 31.232612]]]}}, {"type": "Feature", "properties": {"commune_id": 306, "name": "Bleida"}, "geometry": {"type": "Polygon", "coordinates": [[[-6.432134, 30.202288], [-6.332134, 30.202288], [-6.332134, 30.302288], [-6.432134, 30.302288], [-6.432134, 30.202288]]]}}, {"type": "Feature", "properties": {"commune_id": 307, "name": "Bni Abdellah"}, "geometry": {"type": "Polygon", "coordinates": [[[-4.108207, 34.990761000000006], [-4.0082070000000005, 34.990761000000006], [-4.0082070000000005, 35.090761], [-4.108207, 35.090761], [-4.108207, 34.990761000000006]]]}}, {"type": "Feature", "properties": {"commune_id": 308, "name": "Bni Ahmed Charqia"}, "geometry": {"type": "Polygon", "coordinates": [[[-5.120748, 34.790346], [-5.020748, 34.790346], [-5.020748, 34.890345999999994], [-5.120748, 34.890345999999994], [-5.120748, 34.790346]]]}}, {"type": "Feature", "properties": {"commune_id": 309, "name": "Bni Ahmed Gharbia"}, "geometry": {"type": "Polygon", "coordinates": [[[-5.187235, 34.765948], [-5.087235000000001, 34.765948], [-5.087235000000001, 34.865947999999996], [-5.187235, 34.865947999999996], [-5.187235, 34.765948]]]}}, {"type": "Feature", "properties": {"commune_id": 310, "name": "Bni Ahmed Imoukzan"}, "geometry": {"type": "Polygon", "coordinates": [[[-4.48843, 34.713138], [-4.3884300000000005, 34.713138], [-4.3884300000000005, 34.813137999999995], [-4.48843, 34.813137999999995], [-4.48843, 34.713138]]]}}, {"type": "Feature", "properties": {"commune_id": 311, "name": "Bni Ammart"}, "geometry": {"type": "Polygon", "coordinates": [[[-4.254448, 34.756176], [-4.154448, 34.756176], [-4.154448, 34.856176], [-4.254448, 34.856176], [-4.254448, 34.756176]]]}}, {"type": "Feature", "properties": {"commune_id": 312, "name": "Bni Arouss"}, "geometry": {"type": "Polygon", "coordinates": [[[-5.684221, 35.266642000000004], [-5.584221, 35.266642000000004], [-5.584221, 35.366642], [-5.684221, 35.366642], [-5.684221, 35.266642000000004]]]}}, {"type": "Feature", "properties": {"commune_id": 313, "name": "Bni Ayat"}, "geometry": {"type": "Polygon", "coordinates": [[[-6.715729, 32.151445], [-6.615729, 32.151445], [-6.615729, 32.251445], [-6.715729, 32.251445], [-6.715729, 32.151445]]]}}, {"type": "Feature", "properties": {"commune_id": 314, "name": "Bni Bataou"}, "geometry": {"type": "Polygon", "coordinates": [[[-6.294989, 32.837457], [-6.1949890000000005, 32.837457], [-6.1949890000000005, 32.937456999999995], [-6.294989, 32.937456999999995], [-6.294989, 32.837457]]]}}, {"type": "Feature", "properties": {"commune_id": 315, "name": "Bni Bouayach"}, "geometry": {"type": "Polygon", "coordinates": [[[-3.899863, 35.053332000000005], [-3.799863, 35.053332000000005], [-3.799863, 35.153332], [-3.899863, 35.153332], [-3.899863, 35.053332000000005]]]}}, {"type": "Feature", "properties": {"commune_id": 316, "name": "Bni Bouchibet"}, "geometry": {"type": "Polygon", "coordinates": [[[-4.5541, 34.659363000000006], [-4.4541, 34.659363000000006], [-4.4541, 34.759363], [-4.5541, 34.759363], [-4.5541, 34.659363000000006]]]}}, {"type": "Feature", "properties": {"commune_id": 317, "name": "Bni Boufrah"}, "geometry": {"type": "Polygon", "coordinates": [[[-4.358529, 35.020005000000005], [-4.258529, 35.020005000000005], [-4.258529, 35.120005], [-4.358529, 35.120005], [-4.358529, 35.020005000000005]]]}}, {"type": "Feature", "properties": {"commune_id": 318, "name": "Bni Bouifrou"}, "geometry": {"type": "Polygon", "coordinates": [[[-3.0498239999999996, 35.098288000000004], [-2.949824, 35.098288000000004], [-2.949824, 35.198288], [-3.0498239999999996, 35.198288], [-3.0498239999999996, 35.098288000000004]]]}}, {"type": "Feature", "properties": {"commune_id": 319, "name": "Bni Bounsar"}, "geometry": {"type": "Polygon", "coordinates": [[[-4.488346, 34.815039000000006], [-4.388346, 34.815039000000006], [-4.388346, 34.915039], [-4.488346, 34.915039], [-4.488346, 34.815039000000006]]]}}, {"type": "Feature", "properties": {"commune_id": 320, "name": "Bni Bouzra"}, "geometry": {"type": "Polygon", "coordinates": [[[-4.940961, 35.219903], [-4.840961, 35.219903], [-4.840961, 35.319903], [-4.940961, 35.319903], [-4.940961, 35.219903]]]}}, {"type": "Feature", "properties": {"commune_id": 321, "name": "Bni Chegdale"}, "geometry": {"type": "Polygon", "coordinates": [[[-6.975938, 32.392026], [-6.8759380000000005, 32.392026], [-6.8759380000000005, 32.492025999999996], [-6.975938, 32.492025999999996], [-6.975938, 32.392026]]]}}, {"type": "Feature", "properties": {"commune_id": 322, "name": "Bni Darkoul"}, "geometry": {"type": "Polygon", "coordinates": [[[-5.142923, 34.994883], [-5.042923, 34.994883], [-5.042923, 35.094882999999996], [-5.142923, 35.094882999999996], [-5.142923, 34.994883]]]}}, {"type": "Feature", "properties": {"commune_id": 323, "name": "Bni Drar"}, "geometry": {"type": "Polygon", "coordinates": [[[-2.039793, 34.810196000000005], [-1.9397929999999999, 34.810196000000005], [-1.9397929999999999, 34.910196], [-2.039793, 34.910196], [-2.039793, 34.810196000000005]]]}}, {"type": "Feature", "properties": {"commune_id": 324, "name": "Bni Faghloum"}, "geometry": {"type": "Polygon", "coordinates": [[[-5.187755, 34.858387], [-5.0877550000000005, 34.858387], [-5.0877550000000005, 34.958386999999995], [-5.187755, 34.958386999999995], [-5.187755, 34.858387]]]}}, {"type": "Feature", "properties": {"commune_id": 325, "name": "Bni Frassen"}, "geometry": {"type": "Polygon", "coordinates": [[[-4.434648, 34.312529000000005], [-4.3346480000000005, 34.312529000000005], [-4.3346480000000005, 34.412529], [-4.434648, 34.412529], [-4.434648, 34.312529000000005]]]}}, {"type": "Feature", "properties": {"commune_id": 326, "name": "Bni Garfett"}, "geometry": {"type": "Polygon", "coordinates": [[[-5.89809, 35.183407], [-5.79809, 35.183407], [-5.79809, 35.283407], [-5.89809, 35.283407], [-5.89809, 35.183407]]]}}, {"type": "Feature", "properties": {"commune_id": 327, "name": "Bni Gmil"}, "geometry": {"type": "Polygon", "coordinates": [[[-4.462575999999999, 35.013971000000005], [-4.362576, 35.013971000000005], [-4.362576, 35.113971], [-4.462575999999999, 35.113971], [-4.462575999999999, 35.013971000000005]]]}}, {"type": "Feature", "properties": {"commune_id": 328, "name": "Bni Gmil Maksouline"}, "geometry": {"type": "Polygon", "coordinates": [[[-4.493126, 34.970925], [-4.3931260000000005, 34.970925], [-4.3931260000000005, 35.070924999999995], [-4.493126, 35.070924999999995], [-4.493126, 34.970925]]]}}, {"type": "Feature", "properties": {"commune_id": 329, "name": "Bni Guil"}, "geometry": {"type": "Polygon", "coordinates": [[[-1.84068, 32.398134000000006], [-1.74068, 32.398134000000006], [-1.74068, 32.498134], [-1.84068, 32.498134], [-1.84068, 32.398134000000006]]]}}, {"type": "Feature", "properties": {"commune_id": 330, "name": "Bni Hadifa"}, "geometry": {"type": "Polygon", "coordinates": [[[-4.237683, 34.947616000000004], [-4.137683, 34.947616000000004], [-4.137683, 35.047616], [-4.237683, 35.047616], [-4.237683, 34.947616000000004]]]}}, {"type": "Feature", "properties": {"commune_id": 331, "name": "Bni Harchen"}, "geometry": {"type": "Polygon", "coordinates": [[[-5.702037, 35.471899], [-5.602037, 35.471899], [-5.602037, 35.571898999999995], [-5.702037, 35.571898999999995], [-5.702037, 35.471899]]]}}, {"type": "Feature", "properties": {"commune_id": 332, "name": "Bni Hassane"}, "geometry": {"type": "Polygon", "coordinates": [[[-6.973799, 31.984734999999997], [-6.873799, 31.984734999999997], [-6.873799, 32.084734999999995], [-6.973799, 32.084734999999995], [-6.973799, 31.984734999999997]]]}}, {"type": "Feature", "properties": {"commune_id": 333, "name": "Bni Hilal"}, "geometry": {"type": "Polygon", "coordinates": [[[-8.428644, 32.753281], [-8.328643999999999, 32.753281], [-8.328643999999999, 32.853280999999996], [-8.428644, 32.853280999999996], [-8.428644, 32.753281]]]}}, {"type": "Feature", "properties": {"commune_id": 334, "name": "Bni Idder"}, "geometry": {"type": "Polygon", "coordinates": [[[-5.57833, 35.39226], [-5.478330000000001, 35.39226], [-5.478330000000001, 35.492259999999995], [-5.57833, 35.492259999999995], [-5.57833, 35.39226]]]}}, {"type": "Feature", "properties": {"commune_id": 335, "name": "Bni Karrich"}, "geometry": {"type": "Polygon", "coordinates": [[[-5.472365, 35.464406000000004], [-5.372365, 35.464406000000004], [-5.372365, 35.564406], [-5.472365, 35.564406], [-5.472365, 35.464406000000004]]]}}, {"type": "Feature", "properties": {"commune_id": 336, "name": "Bni Khaled"}, "geometry": {"type": "Polygon", "coordinates": [[[-2.05701, 34.814929], [-1.9570100000000001, 34.814929], [-1.9570100000000001, 34.914928999999994], [-2.05701, 34.914928999999994], [-2.05701, 34.814929]]]}}, {"type": "Feature", "properties": {"commune_id": 337, "name": "Bni Khloug"}, "geometry": {"type": "Polygon", "coordinates": [[[-7.438922, 32.596977], [-7.338922, 32.596977], [-7.338922, 32.696977], [-7.438922, 32.696977], [-7.438922, 32.596977]]]}}, {"type": "Feature", "properties": {"commune_id": 338, "name": "Bni Leit"}, "geometry": {"type": "Polygon", "coordinates": [[[-5.482619, 35.253146], [-5.382619, 35.253146], [-5.382619, 35.353145999999995], [-5.482619, 35.353145999999995], [-5.482619, 35.253146]]]}}, {"type": "Feature", "properties": {"commune_id": 339, "name": "Bni Lent"}, "geometry": {"type": "Polygon", "coordinates": [[[-4.23444, 34.289484], [-4.134440000000001, 34.289484], [-4.134440000000001, 34.389483999999996], [-4.23444, 34.389483999999996], [-4.23444, 34.289484]]]}}, {"type": "Feature", "properties": {"commune_id": 340, "name": "Bni M'Hamed Sijelmassa"}, "geometry": {"type": "Polygon", "coordinates": [[[-4.271155, 31.175717], [-4.171155000000001, 31.175717], [-4.171155000000001, 31.275717], [-4.271155, 31.275717], [-4.271155, 31.175717]]]}}, {"type": "Feature", "properties": {"commune_id": 341, "name": "Bni Mansour"}, "geometry": {"type": "Polygon", "coordinates": [[[-4.958588, 35.1011], [-4.858588, 35.1011], [-4.858588, 35.2011], [-4.958588, 35.2011], [-4.958588, 35.1011]]]}}, {"type": "Feature", "properties": {"commune_id": 342, "name": "Bni Marghnine"}, "geometry": {"type": "Polygon", "coordinates": [[[-3.6301959999999998, 35.127738], [-3.530196, 35.127738], [-3.530196, 35.227737999999995], [-3.6301959999999998, 35.227737999999995], [-3.6301959999999998, 35.127738]]]}}, {"type": "Feature", "properties": {"commune_id": 343, "name": "Bni Mathar"}, "geometry": {"type": "Polygon", "coordinates": [[[-2.045065, 33.925110000000004], [-1.945065, 33.925110000000004], [-1.945065, 34.02511], [-2.045065, 34.02511], [-2.045065, 33.925110000000004]]]}}, {"type": "Feature", "properties": {"commune_id": 344, "name": "Bni Oual"}, "geometry": {"type": "Polygon", "coordinates": [[[-5.700943, 34.624996], [-5.600943, 34.624996], [-5.600943, 34.724996], [-5.700943, 34.724996], [-5.700943, 34.624996]]]}}, {"type": "Feature", "properties": {"commune_id": 345, "name": "Bni Oukil"}, "geometry": {"type": "Polygon", "coordinates": [[[-6.910969, 32.530613], [-6.810969, 32.530613], [-6.810969, 32.630613], [-6.910969, 32.630613], [-6.910969, 32.530613]]]}}, {"type": "Feature", "properties": {"commune_id": 346, "name": "Bni Oukil Oulad M'Hand"}, "geometry": {"type": "Polygon", "coordinates": [[[-3.0491919999999997, 34.918024], [-2.949192, 34.918024], [-2.949192, 35.018024], [-3.0491919999999997, 35.018024], [-3.0491919999999997, 34.918024]]]}}, {"type": "Feature", "properties": {"commune_id": 347, "name": "Bni Oulid"}, "geometry": {"type": "Polygon", "coordinates": [[[-4.457412, 34.486746000000004], [-4.357412, 34.486746000000004], [-4.357412, 34.586746], [-4.457412, 34.586746], [-4.457412, 34.486746000000004]]]}}, {"type": "Feature", "properties": {"commune_id": 348, "name": "Bni Ounjel Tafraout"}, "geometry": {"type": "Polygon", "coordinates": [[[-4.4019319999999995, 34.615962], [-4.301932, 34.615962], [-4.301932, 34.715962], [-4.4019319999999995, 34.715962], [-4.4019319999999995, 34.615962]]]}}, {"type": "Feature", "properties": {"commune_id": 349, "name": "Bni Quolla"}, "geometry": {"type": "Polygon", "coordinates": [[[-5.589473, 34.704619], [-5.489473, 34.704619], [-5.489473, 34.804618999999995], [-5.589473, 34.804618999999995], [-5.589473, 34.704619]]]}}, {"type": "Feature", "properties": {"commune_id": 350, "name": "Bni Rzine"}, "geometry": {"type": "Polygon", "coordinates": [[[-4.755031, 34.998878000000005], [-4.655031, 34.998878000000005], [-4.655031, 35.098878], [-4.755031, 35.098878], [-4.755031, 34.998878000000005]]]}}, {"type": "Feature", "properties": {"commune_id": 351, "name": "Bni Said"}, "geometry": {"type": "Polygon", "coordinates": [[[-5.227728, 35.370319], [-5.127728, 35.370319], [-5.127728, 35.470318999999996], [-5.227728, 35.470318999999996], [-5.227728, 35.370319]]]}}, {"type": "Feature", "properties": {"commune_id": 352, "name": "Bni Salah"}, "geometry": {"type": "Polygon", "coordinates": [[[-5.113951999999999, 34.939816], [-5.013952, 34.939816], [-5.013952, 35.039815999999995], [-5.113951999999999, 35.039815999999995], [-5.113951999999999, 34.939816]]]}}, {"type": "Feature", "properties": {"commune_id": 353, "name": "Bni Selmane"}, "geometry": {"type": "Polygon", "coordinates": [[[-5.073396, 35.113659000000006], [-4.973396, 35.113659000000006], [-4.973396, 35.213659], [-5.073396, 35.213659], [-5.073396, 35.113659000000006]]]}}, {"type": "Feature", "properties": {"commune_id": 354, "name": "Bni Sidel Jbel"}, "geometry": {"type": "Polygon", "coordinates": [[[-3.12614, 35.167206], [-3.0261400000000003, 35.167206], [-3.0261400000000003, 35.267205999999995], [-3.12614, 35.267205999999995], [-3.12614, 35.167206]]]}}, {"type": "Feature", "properties": {"commune_id": 355, "name": "Bni Sidel Louta"}, "geometry": {"type": "Polygon", "coordinates": [[[-3.1799959999999996, 35.051713], [-3.079996, 35.051713], [-3.079996, 35.151712999999994], [-3.1799959999999996, 35.151712999999994], [-3.1799959999999996, 35.051713]]]}}, {"type": "Feature", "properties": {"commune_id": 356, "name": "Bni Smih"}, "geometry": {"type": "Polygon", "coordinates": [[[-4.8146629999999995, 35.088512], [-4.714663, 35.088512], [-4.714663, 35.188511999999996], [-4.8146629999999995, 35.188511999999996], [-4.8146629999999995, 35.088512]]]}}, {"type": "Feature", "properties": {"commune_id": 357, "name": "Bni Smir"}, "geometry": {"type": "Polygon", "coordinates": [[[-6.654319, 32.732061], [-6.5543190000000005, 32.732061], [-6.5543190000000005, 32.832060999999996], [-6.654319, 32.832060999999996], [-6.654319, 32.732061]]]}}, {"type": "Feature", "properties": {"commune_id": 358, "name": "Bni Snous"}, "geometry": {"type": "Polygon", "coordinates": [[[-5.250933, 34.304836], [-5.150933, 34.304836], [-5.150933, 34.404835999999996], [-5.250933, 34.404835999999996], [-5.250933, 34.304836]]]}}, {"type": "Feature", "properties": {"commune_id": 359, "name": "Bni Tadjite"}, "geometry": {"type": "Polygon", "coordinates": [[[-3.4131709999999997, 32.281829], [-3.313171, 32.281829], [-3.313171, 32.381828999999996], [-3.4131709999999997, 32.381828999999996], [-3.4131709999999997, 32.281829]]]}}, {"type": "Feature", "properties": {"commune_id": 360, "name": "Bni Tsiriss"}, "geometry": {"type": "Polygon", "coordinates": [[[-8.164281, 32.678343000000005], [-8.064281, 32.678343000000005], [-8.064281, 32.778343], [-8.164281, 32.778343], [-8.164281, 32.678343000000005]]]}}, {"type": "Feature", "properties": {"commune_id": 361, "name": "Bni Yagrine"}, "geometry": {"type": "Polygon", "coordinates": [[[-7.603972, 32.677531], [-7.503972, 32.677531], [-7.503972, 32.777530999999996], [-7.603972, 32.777530999999996], [-7.603972, 32.677531]]]}}, {"type": "Feature", "properties": {"commune_id": 362, "name": "Bni Yakhlef"}, "geometry": {"type": "Polygon", "coordinates": [[[-7.3883209999999995, 33.604099000000005], [-7.288321, 33.604099000000005], [-7.288321, 33.704099], [-7.3883209999999995, 33.704099], [-7.3883209999999995, 33.604099000000005]]]}}, {"type": "Feature", "properties": {"commune_id": 363, "name": "Bni Ykhlef"}, "geometry": {"type": "Polygon", "coordinates": [[[-6.897754, 32.926657000000006], [-6.797754, 32.926657000000006], [-6.797754, 33.026657], [-6.897754, 33.026657], [-6.897754, 32.926657000000006]]]}}, {"type": "Feature", "properties": {"commune_id": 364, "name": "Bni Zoli"}, "geometry": {"type": "Polygon", "coordinates": [[[-5.911977, 30.433903], [-5.811977000000001, 30.433903], [-5.811977000000001, 30.533903000000002], [-5.911977, 30.533903000000002], [-5.911977, 30.433903]]]}}, {"type": "Feature", "properties": {"commune_id": 365, "name": "Bni Zrantel"}, "geometry": {"type": "Polygon", "coordinates": [[[-6.210386, 32.711883], [-6.110386, 32.711883], [-6.110386, 32.811882999999995], [-6.210386, 32.811882999999995], [-6.210386, 32.711883]]]}}, {"type": "Feature", "properties": {"commune_id": 366, "name": "Bou Azmou"}, "geometry": {"type": "Polygon", "coordinates": [[[-5.5540899999999995, 31.975883], [-5.45409, 31.975883], [-5.45409, 32.075883], [-5.5540899999999995, 32.075883], [-5.5540899999999995, 31.975883]]]}}, {"type": "Feature", "properties": {"commune_id": 367, "name": "Bou Fekrane"}, "geometry": {"type": "Polygon", "coordinates": [[[-5.5385919999999995, 33.707545], [-5.438592, 33.707545], [-5.438592, 33.807545], [-5.5385919999999995, 33.807545], [-5.5385919999999995, 33.707545]]]}}, {"type": "Feature", "properties": {"commune_id": 368, "name": "Bou Jedyane"}, "geometry": {"type": "Polygon", "coordinates": [[[-5.786156, 35.042056], [-5.686156, 35.042056], [-5.686156, 35.142056], [-5.786156, 35.142056], [-5.786156, 35.042056]]]}}, {"type": "Feature", "properties": {"commune_id": 369, "name": "Bouabout"}, "geometry": {"type": "Polygon", "coordinates": [[[-9.271887000000001, 31.249852999999998], [-9.171887, 31.249852999999998], [-9.171887, 31.349853], [-9.271887000000001, 31.349853], [-9.271887000000001, 31.249852999999998]]]}}, {"type": "Feature", "properties": {"commune_id": 370, "name": "Bouabout Amdlane"}, "geometry": {"type": "Polygon", "coordinates": [[[-9.277333, 31.137248], [-9.177332999999999, 31.137248], [-9.177332999999999, 31.237248], [-9.277333, 31.237248], [-9.277333, 31.137248]]]}}, {"type": "Feature", "properties": {"commune_id": 371, "name": "Bouadel"}, "geometry": {"type": "Polygon", "coordinates": [[[-4.573145, 34.495656000000004], [-4.473145000000001, 34.495656000000004], [-4.473145000000001, 34.595656], [-4.573145, 34.595656], [-4.573145, 34.495656000000004]]]}}, {"type": "Feature", "properties": {"commune_id": 372, "name": "Bouanane"}, "geometry": {"type": "Polygon", "coordinates": [[[-2.891412, 32.158896000000006], [-2.7914120000000002, 32.158896000000006], [-2.7914120000000002, 32.258896], [-2.891412, 32.258896], [-2.891412, 32.158896000000006]]]}}, {"type": "Feature", "properties": {"commune_id": 373, "name": "Bouarfa"}, "geometry": {"type": "Polygon", "coordinates": [[[-2.01238, 32.478460000000005], [-1.91238, 32.478460000000005], [-1.91238, 32.57846], [-2.01238, 32.57846], [-2.01238, 32.478460000000005]]]}}, {"type": "Feature", "properties": {"commune_id": 374, "name": "Bouarg"}, "geometry": {"type": "Polygon", "coordinates": [[[-2.9315499999999997, 35.075338], [-2.83155, 35.075338], [-2.83155, 35.175337999999996], [-2.9315499999999997, 35.175337999999996], [-2.9315499999999997, 35.075338]]]}}, {"type": "Feature", "properties": {"commune_id": 375, "name": "Bouarouss"}, "geometry": {"type": "Polygon", "coordinates": [[[-4.875662, 34.348420000000004], [-4.7756620000000005, 34.348420000000004], [-4.7756620000000005, 34.44842], [-4.875662, 34.44842], [-4.875662, 34.348420000000004]]]}}, {"type": "Feature", "properties": {"commune_id": 376, "name": "Bouchabel"}, "geometry": {"type": "Polygon", "coordinates": [[[-5.110549, 34.342494], [-5.010549, 34.342494], [-5.010549, 34.442493999999996], [-5.110549, 34.442493999999996], [-5.110549, 34.342494]]]}}, {"type": "Feature", "properties": {"commune_id": 377, "name": "Bouchane"}, "geometry": {"type": "Polygon", "coordinates": [[[-8.421347, 32.293892], [-8.321347, 32.293892], [-8.321347, 32.393891999999994], [-8.421347, 32.393891999999994], [-8.421347, 32.293892]]]}}, {"type": "Feature", "properties": {"commune_id": 378, "name": "Bouchaouene"}, "geometry": {"type": "Polygon", "coordinates": [[[-3.105194, 32.743267], [-3.0051940000000004, 32.743267], [-3.0051940000000004, 32.843267], [-3.105194, 32.843267], [-3.105194, 32.743267]]]}}, {"type": "Feature", "properties": {"commune_id": 379, "name": "Bouchfaa"}, "geometry": {"type": "Polygon", "coordinates": [[[-4.330886, 34.041223], [-4.230886, 34.041223], [-4.230886, 34.141223], [-4.330886, 34.141223], [-4.330886, 34.041223]]]}}, {"type": "Feature", "properties": {"commune_id": 380, "name": "Boudinar"}, "geometry": {"type": "Polygon", "coordinates": [[[-3.689856, 35.150045000000006], [-3.589856, 35.150045000000006], [-3.589856, 35.250045], [-3.689856, 35.250045], [-3.689856, 35.150045000000006]]]}}, {"type": "Feature", "properties": {"commune_id": 381, "name": "Boudnib"}, "geometry": {"type": "Polygon", "coordinates": [[[-3.657431, 31.900517999999998], [-3.5574310000000002, 31.900517999999998], [-3.5574310000000002, 32.000518], [-3.657431, 32.000518], [-3.657431, 31.900517999999998]]]}}, {"type": "Feature", "properties": {"commune_id": 382, "name": "Boughriba"}, "geometry": {"type": "Polygon", "coordinates": [[[-2.5536659999999998, 34.875147000000005], [-2.453666, 34.875147000000005], [-2.453666, 34.975147], [-2.5536659999999998, 34.975147], [-2.5536659999999998, 34.875147000000005]]]}}, {"type": "Feature", "properties": {"commune_id": 383, "name": "Bouguargouh"}, "geometry": {"type": "Polygon", "coordinates": [[[-7.369026, 33.038269], [-7.269026, 33.038269], [-7.269026, 33.138268999999994], [-7.369026, 33.138268999999994], [-7.369026, 33.038269]]]}}, {"type": "Feature", "properties": {"commune_id": 384, "name": "Bouguedra"}, "geometry": {"type": "Polygon", "coordinates": [[[-9.006423, 32.180544000000005], [-8.906422999999998, 32.180544000000005], [-8.906422999999998, 32.280544], [-9.006423, 32.280544], [-9.006423, 32.180544000000005]]]}}, {"type": "Feature", "properties": {"commune_id": 385, "name": "Bouhlou"}, "geometry": {"type": "Polygon", "coordinates": [[[-4.433282, 34.102958], [-4.3332820000000005, 34.102958], [-4.3332820000000005, 34.202957999999995], [-4.433282, 34.202957999999995], [-4.433282, 34.102958]]]}}, {"type": "Feature", "properties": {"commune_id": 386, "name": "Bouhmame"}, "geometry": {"type": "Polygon", "coordinates": [[[-8.593844, 32.552535000000006], [-8.493844, 32.552535000000006], [-8.493844, 32.652535], [-8.593844, 32.652535], [-8.593844, 32.552535000000006]]]}}, {"type": "Feature", "properties": {"commune_id": 387, "name": "Bouhouda"}, "geometry": {"type": "Polygon", "coordinates": [[[-4.56454, 34.586773], [-4.46454, 34.586773], [-4.46454, 34.686772999999995], [-4.56454, 34.686772999999995], [-4.56454, 34.586773]]]}}, {"type": "Feature", "properties": {"commune_id": 388, "name": "Bouizakarne"}, "geometry": {"type": "Polygon", "coordinates": [[[-9.760874000000001, 29.125121], [-9.660874, 29.125121], [-9.660874, 29.225121], [-9.760874000000001, 29.225121], [-9.760874000000001, 29.125121]]]}}, {"type": "Feature", "properties": {"commune_id": 389, "name": "Boujdour"}, "geometry": {"type": "Polygon", "coordinates": [[[-14.445792, 26.109975], [-14.345792, 26.109975], [-14.345792, 26.209975], [-14.445792, 26.209975], [-14.445792, 26.109975]]]}}, {"type": "Feature", "properties": {"commune_id": 390, "name": "Boujniba"}, "geometry": {"type": "Polygon", "coordinates": [[[-6.826912, 32.842955], [-6.7269120000000004, 32.842955], [-6.7269120000000004, 32.942955], [-6.826912, 32.942955], [-6.826912, 32.842955]]]}}, {"type": "Feature", "properties": {"commune_id": 391, "name": "Boukhrisse"}, "geometry": {"type": "Polygon", "coordinates": [[[-6.239838, 32.798272000000004], [-6.139838, 32.798272000000004], [-6.139838, 32.898272], [-6.239838, 32.898272], [-6.239838, 32.798272000000004]]]}}, {"type": "Feature", "properties": {"commune_id": 392, "name": "Boukraa"}, "geometry": {"type": "Polygon", "coordinates": [[[-12.951019, 26.483514], [-12.851018999999999, 26.483514], [-12.851018999999999, 26.583514], [-12.951019, 26.583514], [-12.951019, 26.483514]]]}}, {"type": "Feature", "properties": {"commune_id": 393, "name": "Boulanouare"}, "geometry": {"type": "Polygon", "coordinates": [[[-6.838169, 32.822192], [-6.738169, 32.822192], [-6.738169, 32.922191999999995], [-6.838169, 32.922191999999995], [-6.838169, 32.822192]]]}}, {"type": "Feature", "properties": {"commune_id": 394, "name": "Boulaouane"}, "geometry": {"type": "Polygon", "coordinates": [[[-8.120257, 32.806576], [-8.020256999999999, 32.806576], [-8.020256999999999, 32.906575999999994], [-8.120257, 32.906575999999994], [-8.120257, 32.806576]]]}}, {"type": "Feature", "properties": {"commune_id": 395, "name": "Boulemane"}, "geometry": {"type": "Polygon", "coordinates": [[[-4.7804519999999995, 33.314344000000006], [-4.680452, 33.314344000000006], [-4.680452, 33.414344], [-4.7804519999999995, 33.414344], [-4.7804519999999995, 33.314344000000006]]]}}, {"type": "Feature", "properties": {"commune_id": 396, "name": "Boumaiz"}, "geometry": {"type": "Polygon", "coordinates": [[[-6.020051, 34.249068], [-5.920051, 34.249068], [-5.920051, 34.349067999999995], [-6.020051, 34.349067999999995], [-6.020051, 34.249068]]]}}, {"type": "Feature", "properties": {"commune_id": 397, "name": "Boumalne Dadès"}, "geometry": {"type": "Polygon", "coordinates": [[[-6.004968, 31.30849], [-5.904968, 31.30849], [-5.904968, 31.40849], [-6.004968, 31.40849], [-6.004968, 31.30849]]]}}, {"type": "Feature", "properties": {"commune_id": 398, "name": "Boumerieme"}, "geometry": {"type": "Polygon", "coordinates": [[[-3.7037929999999997, 32.773696], [-3.603793, 32.773696], [-3.603793, 32.873695999999995], [-3.7037929999999997, 32.873695999999995], [-3.7037929999999997, 32.773696]]]}}, {"type": "Feature", "properties": {"commune_id": 399, "name": "Boumia"}, "geometry": {"type": "Polygon", "coordinates": [[[-5.188269, 32.626453000000005], [-5.088269, 32.626453000000005], [-5.088269, 32.726453], [-5.188269, 32.726453], [-5.188269, 32.626453000000005]]]}}, {"type": "Feature", "properties": {"commune_id": 400, "name": "Bounaamane"}, "geometry": {"type": "Polygon", "coordinates": [[[-9.849549000000001, 29.501528999999998], [-9.749549, 29.501528999999998], [-9.749549, 29.601529], [-9.849549000000001, 29.601529], [-9.849549000000001, 29.501528999999998]]]}}, {"type": "Feature", "properties": {"commune_id": 401, "name": "Bounrar"}, "geometry": {"type": "Polygon", "coordinates": [[[-8.819711, 30.259909], [-8.719710999999998, 30.259909], [-8.719710999999998, 30.359909000000002], [-8.819711, 30.359909000000002], [-8.819711, 30.259909]]]}}, {"type": "Feature", "properties": {"commune_id": 402, "name": "Bouqachmir"}, "geometry": {"type": "Polygon", "coordinates": [[[-5.942479, 33.454449000000004], [-5.842479, 33.454449000000004], [-5.842479, 33.554449], [-5.942479, 33.554449], [-5.942479, 33.454449000000004]]]}}, {"type": "Feature", "properties": {"commune_id": 403, "name": "Bourd"}, "geometry": {"type": "Polygon", "coordinates": [[[-4.096494, 34.695126], [-3.996494, 34.695126], [-3.996494, 34.795125999999996], [-4.096494, 34.795125999999996], [-4.096494, 34.695126]]]}}, {"type": "Feature", "properties": {"commune_id": 404, "name": "Bourrous"}, "geometry": {"type": "Polygon", "coordinates": [[[-7.841864, 31.708406999999998], [-7.7418640000000005, 31.708406999999998], [-7.7418640000000005, 31.808407], [-7.841864, 31.808407], [-7.841864, 31.708406999999998]]]}}, {"type": "Feature", "properties": {"commune_id": 405, "name": "Bouskoura"}, "geometry": {"type": "Polygon", "coordinates": [[[-7.700035, 33.426841], [-7.600035, 33.426841], [-7.600035, 33.526841], [-7.700035, 33.526841], [-7.700035, 33.426841]]]}}, {"type": "Feature", "properties": {"commune_id": 406, "name": "Boutferda"}, "geometry": {"type": "Polygon", "coordinates": [[[-5.79707, 32.220933], [-5.69707, 32.220933], [-5.69707, 32.320933], [-5.79707, 32.320933], [-5.79707, 32.220933]]]}}, {"type": "Feature", "properties": {"commune_id": 407, "name": "Boutrouch"}, "geometry": {"type": "Polygon", "coordinates": [[[-9.424414, 29.28132], [-9.324413999999999, 29.28132], [-9.324413999999999, 29.381320000000002], [-9.424414, 29.381320000000002], [-9.424414, 29.28132]]]}}, {"type": "Feature", "properties": {"commune_id": 408, "name": "Bouya Omar"}, "geometry": {"type": "Polygon", "coordinates": [[[-7.268857, 31.721306], [-7.168857, 31.721306], [-7.168857, 31.821306], [-7.268857, 31.821306], [-7.268857, 31.721306]]]}}, {"type": "Feature", "properties": {"commune_id": 409, "name": "Bouyablane"}, "geometry": {"type": "Polygon", "coordinates": [[[-4.1146, 33.719696000000006], [-4.014600000000001, 33.719696000000006], [-4.014600000000001, 33.819696], [-4.1146, 33.819696], [-4.1146, 33.719696000000006]]]}}, {"type": "Feature", "properties": {"commune_id": 410, "name": "Bouzemmour"}, "geometry": {"type": "Polygon", "coordinates": [[[-9.423292, 30.964374], [-9.323291999999999, 30.964374], [-9.323291999999999, 31.064374], [-9.423292, 31.064374], [-9.423292, 30.964374]]]}}, {"type": "Feature", "properties": {"commune_id": 411, "name": "Bouzeroual"}, "geometry": {"type": "Polygon", "coordinates": [[[-6.077997, 30.461903], [-5.977997, 30.461903], [-5.977997, 30.561903], [-6.077997, 30.561903], [-6.077997, 30.461903]]]}}, {"type": "Feature", "properties": {"commune_id": 412, "name": "Bouznika"}, "geometry": {"type": "Polygon", "coordinates": [[[-7.250444, 33.708333], [-7.150444, 33.708333], [-7.150444, 33.808333], [-7.250444, 33.808333], [-7.250444, 33.708333]]]}}, {"type": "Feature", "properties": {"commune_id": 413, "name": "Brachoua"}, "geometry": {"type": "Polygon", "coordinates": [[[-6.699352, 33.666514], [-6.5993520000000006, 33.666514], [-6.5993520000000006, 33.766513999999994], [-6.699352, 33.766513999999994], [-6.699352, 33.666514]]]}}, {"type": "Feature", "properties": {"commune_id": 414, "name": "Braksa"}, "geometry": {"type": "Polygon", "coordinates": [[[-6.407337, 32.9634], [-6.307337, 32.9634], [-6.307337, 33.063399999999994], [-6.407337, 33.063399999999994], [-6.407337, 32.9634]]]}}, {"type": "Feature", "properties": {"commune_id": 415, "name": "Brarha"}, "geometry": {"type": "Polygon", "coordinates": [[[-4.398047, 34.407643], [-4.298047, 34.407643], [-4.298047, 34.507642999999995], [-4.398047, 34.507642999999995], [-4.398047, 34.407643]]]}}, {"type": "Feature", "properties": {"commune_id": 416, "name": "Brikcha"}, "geometry": {"type": "Polygon", "coordinates": [[[-5.660425, 34.895422], [-5.560425, 34.895422], [-5.560425, 34.995422], [-5.660425, 34.995422], [-5.660425, 34.895422]]]}}, {"type": "Feature", "properties": {"commune_id": 417, "name": "Bzou"}, "geometry": {"type": "Polygon", "coordinates": [[[-7.093185, 32.044896], [-6.993185, 32.044896], [-6.993185, 32.144895999999996], [-7.093185, 32.144895999999996], [-7.093185, 32.044896]]]}}, {"type": "Feature", "properties": {"commune_id": 418, "name": "Casablanca"}, "geometry": {"type": "Polygon", "coordinates": [[[-7.654326999999999, 33.517126000000005], [-7.554327, 33.517126000000005], [-7.554327, 33.617126], [-7.654326999999999, 33.617126], [-7.654326999999999, 33.517126000000005]]]}}, {"type": "Feature", "properties": {"commune_id": 419, "name": "Ceuta"}, "geometry": {"type": "Polygon", "coordinates": [[[-5.400125, 35.844431], [-5.300125, 35.844431], [-5.300125, 35.944430999999994], [-5.400125, 35.944430999999994], [-5.400125, 35.844431]]]}}, {"type": "Feature", "properties": {"commune_id": 420, "name": "Chahda"}, "geometry": {"type": "Polygon", "coordinates": [[[-8.956139, 32.285938], [-8.856138999999999, 32.285938], [-8.856138999999999, 32.385937999999996], [-8.956139, 32.385937999999996], [-8.956139, 32.285938]]]}}, {"type": "Feature", "properties": {"commune_id": 421, "name": "Chaibate"}, "geometry": {"type": "Polygon", "coordinates": [[[-8.380424000000001, 32.972884], [-8.280424, 32.972884], [-8.280424, 33.072883999999995], [-8.380424000000001, 33.072883999999995], [-8.380424000000001, 32.972884]]]}}, {"type": "Feature", "properties": {"commune_id": 422, "name": "Chakran"}, "geometry": {"type": "Polygon", "coordinates": [[[-4.037043, 34.861085], [-3.937043, 34.861085], [-3.937043, 34.961085], [-4.037043, 34.961085], [-4.037043, 34.861085]]]}}, {"type": "Feature", "properties": {"commune_id": 423, "name": "Charqaoua"}, "geometry": {"type": "Polygon", "coordinates": [[[-5.454669, 34.123303], [-5.354669, 34.123303], [-5.354669, 34.223302999999994], [-5.454669, 34.223302999999994], [-5.454669, 34.123303]]]}}, {"type": "Feature", "properties": {"commune_id": 424, "name": "Chbanate"}, "geometry": {"type": "Polygon", "coordinates": [[[-5.7853319999999995, 34.218891000000006], [-5.685332, 34.218891000000006], [-5.685332, 34.318891], [-5.7853319999999995, 34.318891], [-5.7853319999999995, 34.218891000000006]]]}}, {"type": "Feature", "properties": {"commune_id": 425, "name": "Chbika"}, "geometry": {"type": "Polygon", "coordinates": [[[-11.500483000000001, 28.185429], [-11.400483, 28.185429], [-11.400483, 28.285429], [-11.500483000000001, 28.285429], [-11.500483000000001, 28.185429]]]}}, {"type": "Feature", "properties": {"commune_id": 426, "name": "Chefchaouen"}, "geometry": {"type": "Polygon", "coordinates": [[[-5.330613, 35.121888000000006], [-5.230613, 35.121888000000006], [-5.230613, 35.221888], [-5.330613, 35.221888], [-5.330613, 35.121888000000006]]]}}, {"type": "Feature", "properties": {"commune_id": 427, "name": "Chellalate"}, "geometry": {"type": "Polygon", "coordinates": [[[-7.485409, 33.559839000000004], [-7.385409, 33.559839000000004], [-7.385409, 33.659839], [-7.485409, 33.659839], [-7.485409, 33.559839000000004]]]}}, {"type": "Feature", "properties": {"commune_id": 428, "name": "Cherrat"}, "geometry": {"type": "Polygon", "coordinates": [[[-7.151197, 33.721203], [-7.051197, 33.721203], [-7.051197, 33.821203], [-7.151197, 33.821203], [-7.151197, 33.721203]]]}}, {"type": "Feature", "properties": {"commune_id": 429, "name": "Chichaoua"}, "geometry": {"type": "Polygon", "coordinates": [[[-8.810270000000001, 31.486905], [-8.71027, 31.486905], [-8.71027, 31.586905], [-8.810270000000001, 31.586905], [-8.810270000000001, 31.486905]]]}}, {"type": "Feature", "properties": {"commune_id": 430, "name": "Choara"}, "geometry": {"type": "Polygon", "coordinates": [[[-7.36754, 31.736451], [-7.26754, 31.736451], [-7.26754, 31.836451], [-7.36754, 31.836451], [-7.36754, 31.736451]]]}}, {"type": "Feature", "properties": {"commune_id": 431, "name": "Chorfa M'Daghra"}, "geometry": {"type": "Polygon", "coordinates": [[[-4.245746, 31.807112], [-4.145746, 31.807112], [-4.145746, 31.907112], [-4.245746, 31.907112], [-4.245746, 31.807112]]]}}, {"type": "Feature", "properties": {"commune_id": 432, "name": "Chouafaa"}, "geometry": {"type": "Polygon", "coordinates": [[[-6.2231939999999994, 34.892876], [-6.123194, 34.892876], [-6.123194, 34.992875999999995], [-6.2231939999999994, 34.992875999999995], [-6.2231939999999994, 34.892876]]]}}, {"type": "Feature", "properties": {"commune_id": 433, "name": "Chougrane"}, "geometry": {"type": "Polygon", "coordinates": [[[-6.394729, 32.90874], [-6.294729, 32.90874], [-6.294729, 33.008739999999996], [-6.394729, 33.008739999999996], [-6.394729, 32.90874]]]}}, {"type": "Feature", "properties": {"commune_id": 434, "name": "Chouihia"}, "geometry": {"type": "Polygon", "coordinates": [[[-2.7059509999999998, 34.761646000000006], [-2.605951, 34.761646000000006], [-2.605951, 34.861646], [-2.7059509999999998, 34.861646], [-2.7059509999999998, 34.761646000000006]]]}}, {"type": "Feature", "properties": {"commune_id": 435, "name": "Chtaiba"}, "geometry": {"type": "Polygon", "coordinates": [[[-7.3850929999999995, 32.136222000000004], [-7.285093, 32.136222000000004], [-7.285093, 32.236222], [-7.3850929999999995, 32.236222], [-7.3850929999999995, 32.136222000000004]]]}}, {"type": "Feature", "properties": {"commune_id": 436, "name": "Chtouka"}, "geometry": {"type": "Polygon", "coordinates": [[[-8.220931, 33.237055000000005], [-8.120930999999999, 33.237055000000005], [-8.120930999999999, 33.337055], [-8.220931, 33.337055], [-8.220931, 33.237055000000005]]]}}, {"type": "Feature", "properties": {"commune_id": 437, "name": "Dakhla"}, "geometry": {"type": "Polygon", "coordinates": [[[-15.995489000000001, 23.673184], [-15.895489, 23.673184], [-15.895489, 23.773184], [-15.995489000000001, 23.773184], [-15.995489000000001, 23.673184]]]}}, {"type": "Feature", "properties": {"commune_id": 438, "name": "Daoura"}, "geometry": {"type": "Polygon", "coordinates": [[[-12.915681000000001, 27.438401], [-12.815681, 27.438401], [-12.815681, 27.538401], [-12.915681000000001, 27.538401], [-12.915681000000001, 27.438401]]]}}, {"type": "Feature", "properties": {"commune_id": 439, "name": "Dar Bel Amri"}, "geometry": {"type": "Polygon", "coordinates": [[[-6.120094, 34.128933], [-6.020094, 34.128933], [-6.020094, 34.228933], [-6.120094, 34.228933], [-6.120094, 34.128933]]]}}, {"type": "Feature", "properties": {"commune_id": 440, "name": "Dar Bouazza"}, "geometry": {"type": "Polygon", "coordinates": [[[-7.8390189999999995, 33.474154000000006], [-7.739019, 33.474154000000006], [-7.739019, 33.574154], [-7.8390189999999995, 33.574154], [-7.8390189999999995, 33.474154000000006]]]}}, {"type": "Feature", "properties": {"commune_id": 441, "name": "Dar Chaffai"}, "geometry": {"type": "Polygon", "coordinates": [[[-7.550289, 32.492399000000006], [-7.450289000000001, 32.492399000000006], [-7.450289000000001, 32.592399], [-7.550289, 32.592399], [-7.550289, 32.492399000000006]]]}}, {"type": "Feature", "properties": {"commune_id": 442, "name": "Dar Chaoui"}, "geometry": {"type": "Polygon", "coordinates": [[[-5.818198, 35.523141], [-5.718198, 35.523141], [-5.718198, 35.623141], [-5.818198, 35.623141], [-5.818198, 35.523141]]]}}, {"type": "Feature", "properties": {"commune_id": 443, "name": "Dar El Hamra"}, "geometry": {"type": "Polygon", "coordinates": [[[-4.446361, 33.656483], [-4.346361, 33.656483], [-4.346361, 33.756482999999996], [-4.446361, 33.756482999999996], [-4.446361, 33.656483]]]}}, {"type": "Feature", "properties": {"commune_id": 444, "name": "Dar El Kebdani"}, "geometry": {"type": "Polygon", "coordinates": [[[-3.383235, 35.089784], [-3.2832350000000003, 35.089784], [-3.2832350000000003, 35.189783999999996], [-3.383235, 35.189783999999996], [-3.383235, 35.089784]]]}}, {"type": "Feature", "properties": {"commune_id": 445, "name": "Dar Gueddari"}, "geometry": {"type": "Polygon", "coordinates": [[[-6.133617, 34.370233000000006], [-6.0336170000000005, 34.370233000000006], [-6.0336170000000005, 34.470233], [-6.133617, 34.470233], [-6.133617, 34.370233000000006]]]}}, {"type": "Feature", "properties": {"commune_id": 446, "name": "Dar Jamaa"}, "geometry": {"type": "Polygon", "coordinates": [[[-8.445711000000001, 31.202189999999998], [-8.345711, 31.202189999999998], [-8.345711, 31.30219], [-8.445711000000001, 31.30219], [-8.445711000000001, 31.202189999999998]]]}}, {"type": "Feature", "properties": {"commune_id": 447, "name": "Dar Laaslouji"}, "geometry": {"type": "Polygon", "coordinates": [[[-6.006837, 34.330609], [-5.906837, 34.330609], [-5.906837, 34.430609], [-6.006837, 34.430609], [-6.006837, 34.330609]]]}}, {"type": "Feature", "properties": {"commune_id": 448, "name": "Dar Oulad Zidouh"}, "geometry": {"type": "Polygon", "coordinates": [[[-6.955635, 32.291443], [-6.855635, 32.291443], [-6.855635, 32.391442999999995], [-6.955635, 32.391442999999995], [-6.955635, 32.291443]]]}}, {"type": "Feature", "properties": {"commune_id": 449, "name": "Dar Oum Soltane"}, "geometry": {"type": "Polygon", "coordinates": [[[-5.6776979999999995, 33.880087], [-5.577698, 33.880087], [-5.577698, 33.980087], [-5.6776979999999995, 33.980087], [-5.6776979999999995, 33.880087]]]}}, {"type": "Feature", "properties": {"commune_id": 450, "name": "Dar Si Aissa"}, "geometry": {"type": "Polygon", "coordinates": [[[-9.079012, 32.335728], [-8.979011999999999, 32.335728], [-8.979011999999999, 32.435728], [-9.079012, 32.435728], [-9.079012, 32.335728]]]}}, {"type": "Feature", "properties": {"commune_id": 451, "name": "Dardara"}, "geometry": {"type": "Polygon", "coordinates": [[[-5.417755, 35.070506], [-5.317755, 35.070506], [-5.317755, 35.170505999999996], [-5.417755, 35.170505999999996], [-5.417755, 35.070506]]]}}, {"type": "Feature", "properties": {"commune_id": 452, "name": "Dayat Aoua"}, "geometry": {"type": "Polygon", "coordinates": [[[-5.020153, 33.519858000000006], [-4.920153, 33.519858000000006], [-4.920153, 33.619858], [-5.020153, 33.619858], [-5.020153, 33.519858000000006]]]}}, {"type": "Feature", "properties": {"commune_id": 453, "name": "Dcheira"}, "geometry": {"type": "Polygon", "coordinates": [[[-12.808245000000001, 26.980794], [-12.708245, 26.980794], [-12.708245, 27.080794], [-12.808245000000001, 27.080794], [-12.808245000000001, 26.980794]]]}}, {"type": "Feature", "properties": {"commune_id": 454, "name": "Dcheïra El Jihadia"}, "geometry": {"type": "Polygon", "coordinates": [[[-9.584705000000001, 30.329916], [-9.484705, 30.329916], [-9.484705, 30.429916000000002], [-9.584705000000001, 30.429916000000002], [-9.584705000000001, 30.329916]]]}}, {"type": "Feature", "properties": {"commune_id": 455, "name": "Debdou"}, "geometry": {"type": "Polygon", "coordinates": [[[-3.090439, 33.934345], [-2.9904390000000003, 33.934345], [-2.9904390000000003, 34.034344999999995], [-3.090439, 34.034344999999995], [-3.090439, 33.934345]]]}}, {"type": "Feature", "properties": {"commune_id": 456, "name": "Demnate"}, "geometry": {"type": "Polygon", "coordinates": [[[-7.064252, 31.678639999999998], [-6.964252, 31.678639999999998], [-6.964252, 31.77864], [-7.064252, 31.77864], [-7.064252, 31.678639999999998]]]}}, {"type": "Feature", "properties": {"commune_id": 457, "name": "Deroua"}, "geometry": {"type": "Polygon", "coordinates": [[[-7.586383, 33.328455000000005], [-7.486383, 33.328455000000005], [-7.486383, 33.428455], [-7.586383, 33.428455], [-7.586383, 33.328455000000005]]]}}, {"type": "Feature", "properties": {"commune_id": 458, "name": "Dir El Ksiba"}, "geometry": {"type": "Polygon", "coordinates": [[[-6.098401, 32.523680000000006], [-5.998401, 32.523680000000006], [-5.998401, 32.62368], [-6.098401, 32.62368], [-6.098401, 32.523680000000006]]]}}, {"type": "Feature", "properties": {"commune_id": 459, "name": "Dkhissa"}, "geometry": {"type": "Polygon", "coordinates": [[[-5.555823999999999, 33.893954], [-5.455824, 33.893954], [-5.455824, 33.993953999999995], [-5.555823999999999, 33.993953999999995], [-5.555823999999999, 33.893954]]]}}, {"type": "Feature", "properties": {"commune_id": 460, "name": "Douirane"}, "geometry": {"type": "Polygon", "coordinates": [[[-8.74731, 31.145317], [-8.64731, 31.145317], [-8.64731, 31.245317], [-8.74731, 31.245317], [-8.74731, 31.145317]]]}}, {"type": "Feature", "properties": {"commune_id": 461, "name": "Drargua"}, "geometry": {"type": "Polygon", "coordinates": [[[-9.524151000000002, 30.397579], [-9.424151, 30.397579], [-9.424151, 30.497579], [-9.524151000000002, 30.497579], [-9.524151000000002, 30.397579]]]}}, {"type": "Feature", "properties": {"commune_id": 462, "name": "Driouch"}, "geometry": {"type": "Polygon", "coordinates": [[[-3.435133, 34.923647], [-3.3351330000000003, 34.923647], [-3.3351330000000003, 35.023647], [-3.435133, 35.023647], [-3.435133, 34.923647]]]}}, {"type": "Feature", "properties": {"commune_id": 463, "name": "Dzouz"}, "geometry": {"type": "Polygon", "coordinates": [[[-7.3590729999999995, 31.808801], [-7.259073, 31.808801], [-7.259073, 31.908801], [-7.3590729999999995, 31.908801], [-7.3590729999999995, 31.808801]]]}}, {"type": "Feature", "properties": {"commune_id": 464, "name": "Echatea El Abied"}, "geometry": {"type": "Polygon", "coordinates": [[[-10.594737, 28.900301], [-10.494736999999999, 28.900301], [-10.494736999999999, 29.000301], [-10.594737, 29.000301], [-10.594737, 28.900301]]]}}, {"type": "Feature", "properties": {"commune_id": 465, "name": "Echemmaia"}, "geometry": {"type": "Polygon", "coordinates": [[[-8.698383000000002, 32.016047], [-8.598383, 32.016047], [-8.598383, 32.116046999999995], [-8.698383000000002, 32.116046999999995], [-8.698383000000002, 32.016047]]]}}, {"type": "Feature", "properties": {"commune_id": 466, "name": "Eddachra"}, "geometry": {"type": "Polygon", "coordinates": [[[-7.2162809999999995, 32.156527000000004], [-7.116281, 32.156527000000004], [-7.116281, 32.256527], [-7.2162809999999995, 32.256527], [-7.2162809999999995, 32.156527000000004]]]}}, {"type": "Feature", "properties": {"commune_id": 467, "name": "Eddir"}, "geometry": {"type": "Polygon", "coordinates": [[[-9.288715, 30.505834], [-9.188714999999998, 30.505834], [-9.188714999999998, 30.605834], [-9.288715, 30.605834], [-9.288715, 30.505834]]]}}, {"type": "Feature", "properties": {"commune_id": 468, "name": "El Aamria"}, "geometry": {"type": "Polygon", "coordinates": [[[-7.303939, 32.162422], [-7.203939, 32.162422], [-7.203939, 32.262421999999994], [-7.303939, 32.262421999999994], [-7.303939, 32.162422]]]}}, {"type": "Feature", "properties": {"commune_id": 469, "name": "El Argoub"}, "geometry": {"type": "Polygon", "coordinates": [[[-15.298627000000002, 23.701719], [-15.198627, 23.701719], [-15.198627, 23.801719000000002], [-15.298627000000002, 23.801719000000002], [-15.298627000000002, 23.701719]]]}}, {"type": "Feature", "properties": {"commune_id": 470, "name": "El Atef"}, "geometry": {"type": "Polygon", "coordinates": [[[-2.944814, 33.737498], [-2.8448140000000004, 33.737498], [-2.8448140000000004, 33.837498], [-2.944814, 33.837498], [-2.944814, 33.737498]]]}}, {"type": "Feature", "properties": {"commune_id": 471, "name": "El Attaouia"}, "geometry": {"type": "Polygon", "coordinates": [[[-7.391103, 31.782926], [-7.2911030000000006, 31.782926], [-7.2911030000000006, 31.882926], [-7.391103, 31.882926], [-7.391103, 31.782926]]]}}, {"type": "Feature", "properties": {"commune_id": 472, "name": "El Beddouza"}, "geometry": {"type": "Polygon", "coordinates": [[[-9.261373, 32.487923], [-9.161373, 32.487923], [-9.161373, 32.587922999999996], [-9.261373, 32.587922999999996], [-9.261373, 32.487923]]]}}, {"type": "Feature", "properties": {"commune_id": 473, "name": "El Bibane"}, "geometry": {"type": "Polygon", "coordinates": [[[-4.912646, 34.578622], [-4.812646, 34.578622], [-4.812646, 34.678622], [-4.912646, 34.678622], [-4.912646, 34.578622]]]}}, {"type": "Feature", "properties": {"commune_id": 474, "name": "El Borj"}, "geometry": {"type": "Polygon", "coordinates": [[[-5.657037, 32.984468], [-5.557037, 32.984468], [-5.557037, 33.084467999999994], [-5.657037, 33.084467999999994], [-5.657037, 32.984468]]]}}, {"type": "Feature", "properties": {"commune_id": 475, "name": "El Borouj"}, "geometry": {"type": "Polygon", "coordinates": [[[-7.251326, 32.457919000000004], [-7.151326, 32.457919000000004], [-7.151326, 32.557919], [-7.251326, 32.557919], [-7.251326, 32.457919000000004]]]}}, {"type": "Feature", "properties": {"commune_id": 476, "name": "El Bsabsa"}, "geometry": {"type": "Polygon", "coordinates": [[[-4.7737739999999995, 34.264097], [-4.673774, 34.264097], [-4.673774, 34.364096999999994], [-4.7737739999999995, 34.364096999999994], [-4.7737739999999995, 34.264097]]]}}, {"type": "Feature", "properties": {"commune_id": 477, "name": "El Faid"}, "geometry": {"type": "Polygon", "coordinates": [[[-8.280114000000001, 30.49259], [-8.180114, 30.49259], [-8.180114, 30.59259], [-8.280114000000001, 30.59259], [-8.280114000000001, 30.49259]]]}}, {"type": "Feature", "properties": {"commune_id": 478, "name": "El Foqra"}, "geometry": {"type": "Polygon", "coordinates": [[[-7.016642, 32.645468], [-6.916642, 32.645468], [-6.916642, 32.745467999999995], [-7.016642, 32.745467999999995], [-7.016642, 32.645468]]]}}, {"type": "Feature", "properties": {"commune_id": 479, "name": "El Gantour"}, "geometry": {"type": "Polygon", "coordinates": [[[-8.518559000000002, 32.176853], [-8.418559, 32.176853], [-8.418559, 32.276852999999996], [-8.518559000000002, 32.276852999999996], [-8.518559000000002, 32.176853]]]}}, {"type": "Feature", "properties": {"commune_id": 480, "name": "El Gara"}, "geometry": {"type": "Polygon", "coordinates": [[[-7.282734, 33.223411000000006], [-7.182734, 33.223411000000006], [-7.182734, 33.323411], [-7.282734, 33.323411], [-7.282734, 33.223411000000006]]]}}, {"type": "Feature", "properties": {"commune_id": 481, "name": "El Ghiate"}, "geometry": {"type": "Polygon", "coordinates": [[[-9.197223000000001, 31.933232], [-9.097223, 31.933232], [-9.097223, 32.033232], [-9.197223000000001, 32.033232], [-9.197223000000001, 31.933232]]]}}, {"type": "Feature", "properties": {"commune_id": 482, "name": "El Gouraani"}, "geometry": {"type": "Polygon", "coordinates": [[[-8.815159000000001, 32.264307], [-8.715159, 32.264307], [-8.715159, 32.364307], [-8.815159000000001, 32.364307], [-8.815159000000001, 32.264307]]]}}, {"type": "Feature", "properties": {"commune_id": 483, "name": "El Gouzate"}, "geometry": {"type": "Polygon", "coordinates": [[[-4.181337, 34.451014], [-4.081337, 34.451014], [-4.081337, 34.551013999999995], [-4.181337, 34.551013999999995], [-4.181337, 34.451014]]]}}, {"type": "Feature", "properties": {"commune_id": 484, "name": "El Guerdane"}, "geometry": {"type": "Polygon", "coordinates": [[[-9.066893, 30.316575], [-8.966892999999999, 30.316575], [-8.966892999999999, 30.416575], [-9.066893, 30.416575], [-9.066893, 30.316575]]]}}, {"type": "Feature", "properties": {"commune_id": 485, "name": "El Hagounia"}, "geometry": {"type": "Polygon", "coordinates": [[[-12.300885000000001, 27.255209], [-12.200885, 27.255209], [-12.200885, 27.355209000000002], [-12.300885000000001, 27.355209000000002], [-12.300885000000001, 27.255209]]]}}, {"type": "Feature", "properties": {"commune_id": 486, "name": "El Hajeb"}, "geometry": {"type": "Polygon", "coordinates": [[[-5.4242099999999995, 33.632102], [-5.32421, 33.632102], [-5.32421, 33.732102], [-5.4242099999999995, 33.732102], [-5.4242099999999995, 33.632102]]]}}, {"type": "Feature", "properties": {"commune_id": 487, "name": "El Hammam"}, "geometry": {"type": "Polygon", "coordinates": [[[-5.687384, 33.236012], [-5.587384, 33.236012], [-5.587384, 33.336012], [-5.687384, 33.336012], [-5.687384, 33.236012]]]}}, {"type": "Feature", "properties": {"commune_id": 488, "name": "El Hanchane"}, "geometry": {"type": "Polygon", "coordinates": [[[-9.484552, 31.470969999999998], [-9.384552, 31.470969999999998], [-9.384552, 31.57097], [-9.484552, 31.57097], [-9.484552, 31.470969999999998]]]}}, {"type": "Feature", "properties": {"commune_id": 489, "name": "El Jadida"}, "geometry": {"type": "Polygon", "coordinates": [[[-8.549533, 33.179331000000005], [-8.449532999999999, 33.179331000000005], [-8.449532999999999, 33.279331], [-8.549533, 33.279331], [-8.549533, 33.179331000000005]]]}}, {"type": "Feature", "properties": {"commune_id": 490, "name": "El Kansera"}, "geometry": {"type": "Polygon", "coordinates": [[[-6.010878, 33.972964000000005], [-5.910878, 33.972964000000005], [-5.910878, 34.072964], [-6.010878, 34.072964], [-6.010878, 33.972964000000005]]]}}, {"type": "Feature", "properties": {"commune_id": 491, "name": "El Kbab"}, "geometry": {"type": "Polygon", "coordinates": [[[-5.524751999999999, 32.61894], [-5.424752, 32.61894], [-5.424752, 32.718939999999996], [-5.524751999999999, 32.718939999999996], [-5.524751999999999, 32.61894]]]}}, {"type": "Feature", "properties": {"commune_id": 492, "name": "El Kelâat Es-Sraghna"}, "geometry": {"type": "Polygon", "coordinates": [[[-7.453042, 32.002027000000005], [-7.353042, 32.002027000000005], [-7.353042, 32.102027], [-7.453042, 32.102027], [-7.453042, 32.002027000000005]]]}}, {"type": "Feature", "properties": {"commune_id": 493, "name": "El Koudia El Beida"}, "geometry": {"type": "Polygon", "coordinates": [[[-9.172946000000001, 30.304792], [-9.072946, 30.304792], [-9.072946, 30.404792], [-9.172946000000001, 30.404792], [-9.172946000000001, 30.304792]]]}}, {"type": "Feature", "properties": {"commune_id": 494, "name": "El Ksiba"}, "geometry": {"type": "Polygon", "coordinates": [[[-6.0847, 32.510942], [-5.9847, 32.510942], [-5.9847, 32.610941999999994], [-6.0847, 32.610941999999994], [-6.0847, 32.510942]]]}}, {"type": "Feature", "properties": {"commune_id": 495, "name": "El Maader El Kabir"}, "geometry": {"type": "Polygon", "coordinates": [[[-9.70386, 29.776435], [-9.60386, 29.776435], [-9.60386, 29.876435], [-9.70386, 29.876435], [-9.70386, 29.776435]]]}}, {"type": "Feature", "properties": {"commune_id": 496, "name": "El Majjatia Ouled Taleb"}, "geometry": {"type": "Polygon", "coordinates": [[[-7.578514, 33.420994], [-7.4785140000000006, 33.420994], [-7.4785140000000006, 33.520993999999995], [-7.578514, 33.520993999999995], [-7.578514, 33.420994]]]}}, {"type": "Feature", "properties": {"commune_id": 497, "name": "El Mansouria"}, "geometry": {"type": "Polygon", "coordinates": [[[-7.319332, 33.680353000000004], [-7.2193320000000005, 33.680353000000004], [-7.2193320000000005, 33.780353], [-7.319332, 33.780353], [-7.319332, 33.680353000000004]]]}}, {"type": "Feature", "properties": {"commune_id": 498, "name": "El Marbouh"}, "geometry": {"type": "Polygon", "coordinates": [[[-7.45437, 32.064567000000004], [-7.35437, 32.064567000000004], [-7.35437, 32.164567], [-7.45437, 32.164567], [-7.45437, 32.064567000000004]]]}}, {"type": "Feature", "properties": {"commune_id": 499, "name": "El Marsa"}, "geometry": {"type": "Polygon", "coordinates": [[[-13.453553000000001, 27.012845], [-13.353553, 27.012845], [-13.353553, 27.112845], [-13.453553000000001, 27.112845], [-13.453553000000001, 27.012845]]]}}, {"type": "Feature", "properties": {"commune_id": 500, "name": "El Menzeh"}, "geometry": {"type": "Polygon", "coordinates": [[[-6.906177, 33.807228], [-6.806177, 33.807228], [-6.806177, 33.907227999999996], [-6.906177, 33.907227999999996], [-6.906177, 33.807228]]]}}, {"type": "Feature", "properties": {"commune_id": 501, "name": "El Menzel"}, "geometry": {"type": "Polygon", "coordinates": [[[-4.599654, 33.789552], [-4.4996540000000005, 33.789552], [-4.4996540000000005, 33.889551999999995], [-4.599654, 33.889551999999995], [-4.599654, 33.789552]]]}}, {"type": "Feature", "properties": {"commune_id": 502, "name": "El Mers"}, "geometry": {"type": "Polygon", "coordinates": [[[-4.59436, 33.377759000000005], [-4.49436, 33.377759000000005], [-4.49436, 33.477759], [-4.59436, 33.477759], [-4.59436, 33.377759000000005]]]}}, {"type": "Feature", "properties": {"commune_id": 503, "name": "El Orjane"}, "geometry": {"type": "Polygon", "coordinates": [[[-3.821579, 33.400615], [-3.721579, 33.400615], [-3.721579, 33.500614999999996], [-3.821579, 33.500614999999996], [-3.821579, 33.400615]]]}}, {"type": "Feature", "properties": {"commune_id": 504, "name": "El Ouatia"}, "geometry": {"type": "Polygon", "coordinates": [[[-11.384325, 28.432963], [-11.284324999999999, 28.432963], [-11.284324999999999, 28.532963000000002], [-11.384325, 28.532963000000002], [-11.384325, 28.432963]]]}}, {"type": "Feature", "properties": {"commune_id": 505, "name": "En-nzala"}, "geometry": {"type": "Polygon", "coordinates": [[[-4.423512, 32.405440000000006], [-4.323512, 32.405440000000006], [-4.323512, 32.50544], [-4.423512, 32.50544], [-4.423512, 32.405440000000006]]]}}, {"type": "Feature", "properties": {"commune_id": 506, "name": "Enjil"}, "geometry": {"type": "Polygon", "coordinates": [[[-4.607709, 33.045458], [-4.507709, 33.045458], [-4.507709, 33.145458], [-4.607709, 33.145458], [-4.607709, 33.045458]]]}}, {"type": "Feature", "properties": {"commune_id": 507, "name": "Er-Rich"}, "geometry": {"type": "Polygon", "coordinates": [[[-4.544269, 32.211007], [-4.444269, 32.211007], [-4.444269, 32.311007], [-4.544269, 32.311007], [-4.544269, 32.211007]]]}}, {"type": "Feature", "properties": {"commune_id": 508, "name": "Er-Rissani"}, "geometry": {"type": "Polygon", "coordinates": [[[-4.163117, 31.212379], [-4.063117, 31.212379], [-4.063117, 31.312379], [-4.163117, 31.312379], [-4.163117, 31.212379]]]}}, {"type": "Feature", "properties": {"commune_id": 509, "name": "Er-Rteb"}, "geometry": {"type": "Polygon", "coordinates": [[[-4.281026, 31.563333], [-4.181026, 31.563333], [-4.181026, 31.663333], [-4.281026, 31.663333], [-4.281026, 31.563333]]]}}, {"type": "Feature", "properties": {"commune_id": 510, "name": "Erfoud"}, "geometry": {"type": "Polygon", "coordinates": [[[-4.2849189999999995, 31.382908999999998], [-4.184919, 31.382908999999998], [-4.184919, 31.482909], [-4.2849189999999995, 31.482909], [-4.2849189999999995, 31.382908999999998]]]}}, {"type": "Feature", "properties": {"commune_id": 511, "name": "Ermila"}, "geometry": {"type": "Polygon", "coordinates": [[[-3.8808819999999997, 33.158933000000005], [-3.780882, 33.158933000000005], [-3.780882, 33.258933], [-3.8808819999999997, 33.258933], [-3.8808819999999997, 33.158933000000005]]]}}, {"type": "Feature", "properties": {"commune_id": 512, "name": "Ermilate"}, "geometry": {"type": "Polygon", "coordinates": [[[-6.192112, 34.387179], [-6.092112, 34.387179], [-6.092112, 34.487179], [-6.192112, 34.487179], [-6.192112, 34.387179]]]}}, {"type": "Feature", "properties": {"commune_id": 513, "name": "Errachidia"}, "geometry": {"type": "Polygon", "coordinates": [[[-4.485441, 31.880157999999998], [-4.385441, 31.880157999999998], [-4.385441, 31.980158], [-4.485441, 31.980158], [-4.485441, 31.880157999999998]]]}}, {"type": "Feature", "properties": {"commune_id": 514, "name": "Errafiaya"}, "geometry": {"type": "Polygon", "coordinates": [[[-7.3120579999999995, 32.095437000000004], [-7.212058, 32.095437000000004], [-7.212058, 32.195437], [-7.3120579999999995, 32.195437], [-7.3120579999999995, 32.095437000000004]]]}}, {"type": "Feature", "properties": {"commune_id": 515, "name": "Errouha"}, "geometry": {"type": "Polygon", "coordinates": [[[-5.768619, 30.419787], [-5.6686190000000005, 30.419787], [-5.6686190000000005, 30.519787], [-5.768619, 30.519787], [-5.768619, 30.419787]]]}}, {"type": "Feature", "properties": {"commune_id": 516, "name": "Es-Sfalat"}, "geometry": {"type": "Polygon", "coordinates": [[[-4.339519, 31.186284], [-4.2395190000000005, 31.186284], [-4.2395190000000005, 31.286284000000002], [-4.339519, 31.286284000000002], [-4.339519, 31.186284]]]}}, {"type": "Feature", "properties": {"commune_id": 517, "name": "Es-Sifa"}, "geometry": {"type": "Polygon", "coordinates": [[[-4.35896, 31.27865], [-4.25896, 31.27865], [-4.25896, 31.37865], [-4.35896, 31.37865], [-4.35896, 31.27865]]]}}, {"type": "Feature", "properties": {"commune_id": 518, "name": "Esbiaat"}, "geometry": {"type": "Polygon", "coordinates": [[[-8.689529, 32.151183], [-8.589528999999999, 32.151183], [-8.589528999999999, 32.251183], [-8.689529, 32.251183], [-8.689529, 32.151183]]]}}, {"type": "Feature", "properties": {"commune_id": 519, "name": "Essaouira"}, "geometry": {"type": "Polygon", "coordinates": [[[-9.809936, 31.397689], [-9.709935999999999, 31.397689], [-9.709935999999999, 31.497689], [-9.809936, 31.497689], [-9.809936, 31.397689]]]}}, {"type": "Feature", "properties": {"commune_id": 520, "name": "Ezzaouite"}, "geometry": {"type": "Polygon", "coordinates": [[[-9.473644, 31.27284], [-9.373643999999999, 31.27284], [-9.373643999999999, 31.37284], [-9.473644, 31.37284], [-9.473644, 31.27284]]]}}, {"type": "Feature", "properties": {"commune_id": 521, "name": "Ezzhiliga"}, "geometry": {"type": "Polygon", "coordinates": [[[-6.584388, 33.262307], [-6.484388, 33.262307], [-6.484388, 33.362306999999994], [-6.584388, 33.362306999999994], [-6.584388, 33.262307]]]}}, {"type": "Feature", "properties": {"commune_id": 522, "name": "Fam El Hisn"}, "geometry": {"type": "Polygon", "coordinates": [[[-8.900987, 28.694378999999998], [-8.800987, 28.694378999999998], [-8.800987, 28.794379], [-8.900987, 28.794379], [-8.900987, 28.694378999999998]]]}}, {"type": "Feature", "properties": {"commune_id": 523, "name": "Fask"}, "geometry": {"type": "Polygon", "coordinates": [[[-9.939414000000001, 28.734666], [-9.839414, 28.734666], [-9.839414, 28.834666000000002], [-9.939414000000001, 28.834666000000002], [-9.939414000000001, 28.734666]]]}}, {"type": "Feature", "properties": {"commune_id": 524, "name": "Fdalate"}, "geometry": {"type": "Polygon", "coordinates": [[[-7.328643, 33.532704], [-7.228643, 33.532704], [-7.228643, 33.632704], [-7.328643, 33.632704], [-7.328643, 33.532704]]]}}, {"type": "Feature", "properties": {"commune_id": 525, "name": "Fennassa Bab El Hit"}, "geometry": {"type": "Polygon", "coordinates": [[[-4.436751, 34.594672], [-4.3367510000000005, 34.594672], [-4.3367510000000005, 34.694672], [-4.436751, 34.694672], [-4.436751, 34.594672]]]}}, {"type": "Feature", "properties": {"commune_id": 526, "name": "Ferkla El Oulia"}, "geometry": {"type": "Polygon", "coordinates": [[[-5.17749, 31.390345], [-5.07749, 31.390345], [-5.07749, 31.490345], [-5.17749, 31.490345], [-5.17749, 31.390345]]]}}, {"type": "Feature", "properties": {"commune_id": 527, "name": "Ferkla Es-Soufla"}, "geometry": {"type": "Polygon", "coordinates": [[[-5.080833999999999, 31.538971], [-4.980834, 31.538971], [-4.980834, 31.638971], [-5.080833999999999, 31.638971], [-5.080833999999999, 31.538971]]]}}, {"type": "Feature", "properties": {"commune_id": 528, "name": "Fezna"}, "geometry": {"type": "Polygon", "coordinates": [[[-4.5885739999999995, 31.510006999999998], [-4.488574, 31.510006999999998], [-4.488574, 31.610007], [-4.5885739999999995, 31.610007], [-4.5885739999999995, 31.510006999999998]]]}}, {"type": "Feature", "properties": {"commune_id": 529, "name": "Fezouane"}, "geometry": {"type": "Polygon", "coordinates": [[[-2.2859249999999998, 34.854554], [-2.185925, 34.854554], [-2.185925, 34.954553999999995], [-2.2859249999999998, 34.954553999999995], [-2.2859249999999998, 34.854554]]]}}, {"type": "Feature", "properties": {"commune_id": 530, "name": "Fezouata"}, "geometry": {"type": "Polygon", "coordinates": [[[-5.656016999999999, 30.16805], [-5.556017, 30.16805], [-5.556017, 30.268050000000002], [-5.656016999999999, 30.268050000000002], [-5.656016999999999, 30.16805]]]}}, {"type": "Feature", "properties": {"commune_id": 531, "name": "Fifi"}, "geometry": {"type": "Polygon", "coordinates": [[[-5.284482, 34.896623000000005], [-5.184482, 34.896623000000005], [-5.184482, 34.996623], [-5.284482, 34.996623], [-5.284482, 34.896623000000005]]]}}, {"type": "Feature", "properties": {"commune_id": 532, "name": "Figuig"}, "geometry": {"type": "Polygon", "coordinates": [[[-1.301569, 32.073561000000005], [-1.2015689999999999, 32.073561000000005], [-1.2015689999999999, 32.173561], [-1.301569, 32.173561], [-1.301569, 32.073561000000005]]]}}, {"type": "Feature", "properties": {"commune_id": 533, "name": "Fkih Ben Salah"}, "geometry": {"type": "Polygon", "coordinates": [[[-6.731381, 32.455573], [-6.631381, 32.455573], [-6.631381, 32.555572999999995], [-6.731381, 32.555572999999995], [-6.731381, 32.455573]]]}}, {"type": "Feature", "properties": {"commune_id": 534, "name": "Fnideq"}, "geometry": {"type": "Polygon", "coordinates": [[[-5.423004, 35.777314000000004], [-5.323004, 35.777314000000004], [-5.323004, 35.877314], [-5.423004, 35.877314], [-5.423004, 35.777314000000004]]]}}, {"type": "Feature", "properties": {"commune_id": 535, "name": "Foqra Oulad Aameur"}, "geometry": {"type": "Polygon", "coordinates": [[[-7.554736, 33.082468000000006], [-7.4547360000000005, 33.082468000000006], [-7.4547360000000005, 33.182468], [-7.554736, 33.182468], [-7.554736, 33.082468000000006]]]}}, {"type": "Feature", "properties": {"commune_id": 536, "name": "Foum El Anceur"}, "geometry": {"type": "Polygon", "coordinates": [[[-6.270881, 32.299011], [-6.1708810000000005, 32.299011], [-6.1708810000000005, 32.399010999999994], [-6.270881, 32.399010999999994], [-6.270881, 32.299011]]]}}, {"type": "Feature", "properties": {"commune_id": 537, "name": "Foum El Oued"}, "geometry": {"type": "Polygon", "coordinates": [[[-13.390585000000002, 26.94022], [-13.290585, 26.94022], [-13.290585, 27.04022], [-13.390585000000002, 27.04022], [-13.390585000000002, 26.94022]]]}}, {"type": "Feature", "properties": {"commune_id": 538, "name": "Foum Jemaa"}, "geometry": {"type": "Polygon", "coordinates": [[[-7.0483519999999995, 31.917780999999998], [-6.948352, 31.917780999999998], [-6.948352, 32.017781], [-7.0483519999999995, 32.017781], [-7.0483519999999995, 31.917780999999998]]]}}, {"type": "Feature", "properties": {"commune_id": 539, "name": "Foum Oudi"}, "geometry": {"type": "Polygon", "coordinates": [[[-6.435347999999999, 32.199920000000006], [-6.335348, 32.199920000000006], [-6.335348, 32.29992], [-6.435347999999999, 32.29992], [-6.435347999999999, 32.199920000000006]]]}}, {"type": "Feature", "properties": {"commune_id": 540, "name": "Foum Zguid"}, "geometry": {"type": "Polygon", "coordinates": [[[-7.0014259999999995, 29.949472999999998], [-6.901426, 29.949472999999998], [-6.901426, 30.049473], [-7.0014259999999995, 30.049473], [-7.0014259999999995, 29.949472999999998]]]}}, {"type": "Feature", "properties": {"commune_id": 541, "name": "Fraita"}, "geometry": {"type": "Polygon", "coordinates": [[[-7.342784, 31.887034], [-7.242784, 31.887034], [-7.242784, 31.987034], [-7.342784, 31.987034], [-7.342784, 31.887034]]]}}, {"type": "Feature", "properties": {"commune_id": 542, "name": "Freija"}, "geometry": {"type": "Polygon", "coordinates": [[[-8.767653000000001, 30.441844], [-8.667653, 30.441844], [-8.667653, 30.541844], [-8.767653000000001, 30.541844], [-8.767653000000001, 30.441844]]]}}, {"type": "Feature", "properties": {"commune_id": 543, "name": "Fritissa"}, "geometry": {"type": "Polygon", "coordinates": [[[-3.488199, 33.647003000000005], [-3.388199, 33.647003000000005], [-3.388199, 33.747003], [-3.488199, 33.747003], [-3.488199, 33.647003000000005]]]}}, {"type": "Feature", "properties": {"commune_id": 544, "name": "Fès"}, "geometry": {"type": "Polygon", "coordinates": [[[-5.057945, 33.975967000000004], [-4.9579450000000005, 33.975967000000004], [-4.9579450000000005, 34.075967], [-5.057945, 34.075967], [-5.057945, 33.975967000000004]]]}}, {"type": "Feature", "properties": {"commune_id": 545, "name": "Galaz"}, "geometry": {"type": "Polygon", "coordinates": [[[-4.903491, 34.507841000000006], [-4.803491, 34.507841000000006], [-4.803491, 34.607841], [-4.903491, 34.607841], [-4.903491, 34.507841000000006]]]}}, {"type": "Feature", "properties": {"commune_id": 546, "name": "Galdamane"}, "geometry": {"type": "Polygon", "coordinates": [[[-3.9772819999999998, 34.095427], [-3.877282, 34.095427], [-3.877282, 34.195426999999995], [-3.9772819999999998, 34.195426999999995], [-3.9772819999999998, 34.095427]]]}}, {"type": "Feature", "properties": {"commune_id": 547, "name": "Gdana"}, "geometry": {"type": "Polygon", "coordinates": [[[-8.012953, 32.912088000000004], [-7.912953, 32.912088000000004], [-7.912953, 33.012088], [-8.012953, 33.012088], [-8.012953, 32.912088000000004]]]}}, {"type": "Feature", "properties": {"commune_id": 548, "name": "Ghafsai"}, "geometry": {"type": "Polygon", "coordinates": [[[-4.961103, 34.577423], [-4.861103, 34.577423], [-4.861103, 34.677423], [-4.961103, 34.677423], [-4.961103, 34.577423]]]}}, {"type": "Feature", "properties": {"commune_id": 549, "name": "Ghassate"}, "geometry": {"type": "Polygon", "coordinates": [[[-6.900431, 31.107518], [-6.800431000000001, 31.107518], [-6.800431000000001, 31.207518], [-6.900431, 31.207518], [-6.900431, 31.107518]]]}}, {"type": "Feature", "properties": {"commune_id": 550, "name": "Gheris El Ouloui"}, "geometry": {"type": "Polygon", "coordinates": [[[-4.992171, 31.678788], [-4.892171, 31.678788], [-4.892171, 31.778788000000002], [-4.992171, 31.778788000000002], [-4.992171, 31.678788]]]}}, {"type": "Feature", "properties": {"commune_id": 551, "name": "Gheris Es-Soufli"}, "geometry": {"type": "Polygon", "coordinates": [[[-4.879433, 31.649471], [-4.779433, 31.649471], [-4.779433, 31.749471], [-4.879433, 31.749471], [-4.879433, 31.649471]]]}}, {"type": "Feature", "properties": {"commune_id": 552, "name": "Ghiata Al Gharbia"}, "geometry": {"type": "Polygon", "coordinates": [[[-4.325397, 34.126858000000006], [-4.225397, 34.126858000000006], [-4.225397, 34.226858], [-4.325397, 34.226858], [-4.325397, 34.126858000000006]]]}}, {"type": "Feature", "properties": {"commune_id": 553, "name": "Ghmate"}, "geometry": {"type": "Polygon", "coordinates": [[[-7.846729, 31.369568], [-7.746729, 31.369568], [-7.746729, 31.469568000000002], [-7.846729, 31.469568000000002], [-7.846729, 31.369568]]]}}, {"type": "Feature", "properties": {"commune_id": 554, "name": "Ghouazi"}, "geometry": {"type": "Polygon", "coordinates": [[[-5.353146, 34.391502], [-5.253146, 34.391502], [-5.253146, 34.491502], [-5.353146, 34.491502], [-5.353146, 34.391502]]]}}, {"type": "Feature", "properties": {"commune_id": 555, "name": "Gleibat El Foula"}, "geometry": {"type": "Polygon", "coordinates": [[[-13.814395000000001, 23.308259], [-13.714395, 23.308259], [-13.714395, 23.408259], [-13.814395000000001, 23.408259], [-13.814395000000001, 23.308259]]]}}, {"type": "Feature", "properties": {"commune_id": 556, "name": "Gmassa"}, "geometry": {"type": "Polygon", "coordinates": [[[-8.431205, 31.371215], [-8.331204999999999, 31.371215], [-8.331204999999999, 31.471215], [-8.431205, 31.471215], [-8.431205, 31.371215]]]}}, {"type": "Feature", "properties": {"commune_id": 557, "name": "Goulmima"}, "geometry": {"type": "Polygon", "coordinates": [[[-4.999415, 31.634425999999998], [-4.899415, 31.634425999999998], [-4.899415, 31.734426], [-4.999415, 31.734426], [-4.999415, 31.634425999999998]]]}}, {"type": "Feature", "properties": {"commune_id": 558, "name": "Gourrama"}, "geometry": {"type": "Polygon", "coordinates": [[[-4.179542, 32.369876000000005], [-4.079542, 32.369876000000005], [-4.079542, 32.469876], [-4.179542, 32.469876], [-4.179542, 32.369876000000005]]]}}, {"type": "Feature", "properties": {"commune_id": 559, "name": "Gteter"}, "geometry": {"type": "Polygon", "coordinates": [[[-3.07579, 34.248287000000005], [-2.9757900000000004, 34.248287000000005], [-2.9757900000000004, 34.348287], [-3.07579, 34.348287], [-3.07579, 34.248287000000005]]]}}, {"type": "Feature", "properties": {"commune_id": 560, "name": "Guefait"}, "geometry": {"type": "Polygon", "coordinates": [[[-2.3178549999999998, 34.209492000000004], [-2.217855, 34.209492000000004], [-2.217855, 34.309492], [-2.3178549999999998, 34.309492], [-2.3178549999999998, 34.209492000000004]]]}}, {"type": "Feature", "properties": {"commune_id": 561, "name": "Guelmim"}, "geometry": {"type": "Polygon", "coordinates": [[[-10.119196, 28.945380999999998], [-10.019195999999999, 28.945380999999998], [-10.019195999999999, 29.045381], [-10.119196, 29.045381], [-10.119196, 28.945380999999998]]]}}, {"type": "Feature", "properties": {"commune_id": 562, "name": "Gueltat Zemmour"}, "geometry": {"type": "Polygon", "coordinates": [[[-12.995523, 25.170880999999998], [-12.895522999999999, 25.170880999999998], [-12.895522999999999, 25.270881], [-12.995523, 25.270881], [-12.995523, 25.170880999999998]]]}}, {"type": "Feature", "properties": {"commune_id": 563, "name": "Guenfouda"}, "geometry": {"type": "Polygon", "coordinates": [[[-2.046053, 34.399687], [-1.946053, 34.399687], [-1.946053, 34.499686999999994], [-2.046053, 34.499686999999994], [-2.046053, 34.399687]]]}}, {"type": "Feature", "properties": {"commune_id": 564, "name": "Guercif"}, "geometry": {"type": "Polygon", "coordinates": [[[-3.401055, 34.185159000000006], [-3.3010550000000003, 34.185159000000006], [-3.3010550000000003, 34.285159], [-3.401055, 34.285159], [-3.401055, 34.185159000000006]]]}}, {"type": "Feature", "properties": {"commune_id": 565, "name": "Guers Tiaallaline"}, "geometry": {"type": "Polygon", "coordinates": [[[-4.481756, 32.17165], [-4.381756, 32.17165], [-4.381756, 32.271649999999994], [-4.481756, 32.271649999999994], [-4.481756, 32.17165]]]}}, {"type": "Feature", "properties": {"commune_id": 566, "name": "Guettaya"}, "geometry": {"type": "Polygon", "coordinates": [[[-6.33169, 32.523484], [-6.23169, 32.523484], [-6.23169, 32.623484], [-6.33169, 32.623484], [-6.33169, 32.523484]]]}}, {"type": "Feature", "properties": {"commune_id": 567, "name": "Gueznaia"}, "geometry": {"type": "Polygon", "coordinates": [[[-5.962431, 35.601536], [-5.862431, 35.601536], [-5.862431, 35.701536], [-5.962431, 35.701536], [-5.962431, 35.601536]]]}}, {"type": "Feature", "properties": {"commune_id": 568, "name": "Guigou"}, "geometry": {"type": "Polygon", "coordinates": [[[-4.881317, 33.326314], [-4.7813170000000005, 33.326314], [-4.7813170000000005, 33.426314], [-4.881317, 33.426314], [-4.881317, 33.326314]]]}}, {"type": "Feature", "properties": {"commune_id": 569, "name": "Guir"}, "geometry": {"type": "Polygon", "coordinates": [[[-4.037665, 32.259007000000004], [-3.937665, 32.259007000000004], [-3.937665, 32.359007], [-4.037665, 32.359007], [-4.037665, 32.259007000000004]]]}}, {"type": "Feature", "properties": {"commune_id": 570, "name": "Guisser"}, "geometry": {"type": "Polygon", "coordinates": [[[-7.558314, 32.714316000000004], [-7.4583140000000006, 32.714316000000004], [-7.4583140000000006, 32.814316], [-7.558314, 32.814316], [-7.558314, 32.714316000000004]]]}}, {"type": "Feature", "properties": {"commune_id": 571, "name": "Gzenaya Al Janoubia"}, "geometry": {"type": "Polygon", "coordinates": [[[-3.9688049999999997, 34.585463000000004], [-3.868805, 34.585463000000004], [-3.868805, 34.685463], [-3.9688049999999997, 34.685463], [-3.9688049999999997, 34.585463000000004]]]}}, {"type": "Feature", "properties": {"commune_id": 572, "name": "H'Ssyia"}, "geometry": {"type": "Polygon", "coordinates": [[[-5.223196, 30.675166], [-5.123196, 30.675166], [-5.123196, 30.775166000000002], [-5.223196, 30.775166000000002], [-5.223196, 30.675166]]]}}, {"type": "Feature", "properties": {"commune_id": 573, "name": "Had Al Gharbia"}, "geometry": {"type": "Polygon", "coordinates": [[[-5.975867, 35.435824000000004], [-5.875867, 35.435824000000004], [-5.875867, 35.535824], [-5.975867, 35.535824], [-5.975867, 35.435824000000004]]]}}, {"type": "Feature", "properties": {"commune_id": 574, "name": "Had Bouhssoussen"}, "geometry": {"type": "Polygon", "coordinates": [[[-6.184251, 33.080670000000005], [-6.084251, 33.080670000000005], [-6.084251, 33.18067], [-6.184251, 33.18067], [-6.184251, 33.080670000000005]]]}}, {"type": "Feature", "properties": {"commune_id": 575, "name": "Had Boumoussa"}, "geometry": {"type": "Polygon", "coordinates": [[[-7.029303, 32.224143000000005], [-6.929303, 32.224143000000005], [-6.929303, 32.324143], [-7.029303, 32.324143], [-7.029303, 32.224143000000005]]]}}, {"type": "Feature", "properties": {"commune_id": 576, "name": "Had Bradia"}, "geometry": {"type": "Polygon", "coordinates": [[[-6.557727, 32.371399000000004], [-6.457727, 32.371399000000004], [-6.457727, 32.471399], [-6.557727, 32.471399], [-6.557727, 32.371399000000004]]]}}, {"type": "Feature", "properties": {"commune_id": 577, "name": "Had Dra"}, "geometry": {"type": "Polygon", "coordinates": [[[-9.597448, 31.563807], [-9.497447999999999, 31.563807], [-9.497447999999999, 31.663807000000002], [-9.597448, 31.663807000000002], [-9.597448, 31.563807]]]}}, {"type": "Feature", "properties": {"commune_id": 578, "name": "Had Kourt"}, "geometry": {"type": "Polygon", "coordinates": [[[-5.776922, 34.561079], [-5.676922, 34.561079], [-5.676922, 34.661078999999994], [-5.776922, 34.661078999999994], [-5.776922, 34.561079]]]}}, {"type": "Feature", "properties": {"commune_id": 579, "name": "Had Soualem"}, "geometry": {"type": "Polygon", "coordinates": [[[-7.888695, 33.373778], [-7.788695000000001, 33.373778], [-7.788695000000001, 33.473777999999996], [-7.888695, 33.473777999999996], [-7.888695, 33.373778]]]}}, {"type": "Feature", "properties": {"commune_id": 580, "name": "Haddada"}, "geometry": {"type": "Polygon", "coordinates": [[[-6.557501, 34.142463], [-6.457501000000001, 34.142463], [-6.457501000000001, 34.242462999999994], [-6.557501, 34.242462999999994], [-6.557501, 34.142463]]]}}, {"type": "Feature", "properties": {"commune_id": 581, "name": "Haouza"}, "geometry": {"type": "Polygon", "coordinates": [[[-11.237234, 27.133426], [-11.137234, 27.133426], [-11.137234, 27.233426], [-11.237234, 27.233426], [-11.237234, 27.133426]]]}}, {"type": "Feature", "properties": {"commune_id": 582, "name": "Haouzia"}, "geometry": {"type": "Polygon", "coordinates": [[[-8.464604000000001, 33.157998000000006], [-8.364604, 33.157998000000006], [-8.364604, 33.257998], [-8.464604000000001, 33.257998], [-8.464604000000001, 33.157998000000006]]]}}, {"type": "Feature", "properties": {"commune_id": 583, "name": "Harbil"}, "geometry": {"type": "Polygon", "coordinates": [[[-8.169131, 31.737683], [-8.069130999999999, 31.737683], [-8.069130999999999, 31.837683000000002], [-8.169131, 31.837683000000002], [-8.169131, 31.737683]]]}}, {"type": "Feature", "properties": {"commune_id": 584, "name": "Harhoura"}, "geometry": {"type": "Polygon", "coordinates": [[[-7.008885, 33.878707000000006], [-6.908885000000001, 33.878707000000006], [-6.908885000000001, 33.978707], [-7.008885, 33.978707], [-7.008885, 33.878707000000006]]]}}, {"type": "Feature", "properties": {"commune_id": 585, "name": "Hassi Berkane"}, "geometry": {"type": "Polygon", "coordinates": [[[-2.983148, 34.757937000000005], [-2.8831480000000003, 34.757937000000005], [-2.8831480000000003, 34.857937], [-2.983148, 34.857937], [-2.983148, 34.757937000000005]]]}}, {"type": "Feature", "properties": {"commune_id": 586, "name": "Hattane"}, "geometry": {"type": "Polygon", "coordinates": [[[-6.856845, 32.790562], [-6.756845, 32.790562], [-6.756845, 32.890561999999996], [-6.856845, 32.890561999999996], [-6.856845, 32.790562]]]}}, {"type": "Feature", "properties": {"commune_id": 587, "name": "Hel Merbaa"}, "geometry": {"type": "Polygon", "coordinates": [[[-6.6621, 32.380942000000005], [-6.5621, 32.380942000000005], [-6.5621, 32.480942], [-6.6621, 32.480942], [-6.6621, 32.380942000000005]]]}}, {"type": "Feature", "properties": {"commune_id": 588, "name": "Hiadna"}, "geometry": {"type": "Polygon", "coordinates": [[[-7.652329, 32.197731000000005], [-7.552329, 32.197731000000005], [-7.552329, 32.297731], [-7.652329, 32.297731], [-7.652329, 32.197731000000005]]]}}, {"type": "Feature", "properties": {"commune_id": 589, "name": "Hilala"}, "geometry": {"type": "Polygon", "coordinates": [[[-9.035616000000001, 30.001272], [-8.935616, 30.001272], [-8.935616, 30.101272], [-9.035616000000001, 30.101272], [-9.035616000000001, 30.001272]]]}}, {"type": "Feature", "properties": {"commune_id": 590, "name": "Hjar Ennhal"}, "geometry": {"type": "Polygon", "coordinates": [[[-5.947609, 35.586339], [-5.847609, 35.586339], [-5.847609, 35.686339], [-5.947609, 35.686339], [-5.947609, 35.586339]]]}}, {"type": "Feature", "properties": {"commune_id": 591, "name": "Houara Oulad Raho"}, "geometry": {"type": "Polygon", "coordinates": [[[-3.348308, 34.147105], [-3.248308, 34.147105], [-3.248308, 34.247105], [-3.348308, 34.247105], [-3.348308, 34.147105]]]}}, {"type": "Feature", "properties": {"commune_id": 592, "name": "Houderrane"}, "geometry": {"type": "Polygon", "coordinates": [[[-6.363515, 33.668673000000005], [-6.263515, 33.668673000000005], [-6.263515, 33.768673], [-6.363515, 33.768673], [-6.363515, 33.668673000000005]]]}}, {"type": "Feature", "properties": {"commune_id": 593, "name": "Hrara"}, "geometry": {"type": "Polygon", "coordinates": [[[-9.226608, 32.372342], [-9.126608, 32.372342], [-9.126608, 32.472342], [-9.226608, 32.472342], [-9.226608, 32.372342]]]}}, {"type": "Feature", "properties": {"commune_id": 594, "name": "Iaazzanene"}, "geometry": {"type": "Polygon", "coordinates": [[[-3.174718, 35.182686000000004], [-3.0747180000000003, 35.182686000000004], [-3.0747180000000003, 35.282686], [-3.174718, 35.282686], [-3.174718, 35.182686000000004]]]}}, {"type": "Feature", "properties": {"commune_id": 595, "name": "Ibdar"}, "geometry": {"type": "Polygon", "coordinates": [[[-9.431896, 29.392812], [-9.331895999999999, 29.392812], [-9.331895999999999, 29.492812], [-9.431896, 29.492812], [-9.431896, 29.392812]]]}}, {"type": "Feature", "properties": {"commune_id": 596, "name": "Ibn Yacoub"}, "geometry": {"type": "Polygon", "coordinates": [[[-7.892543, 29.960637], [-7.792543, 29.960637], [-7.792543, 30.060637], [-7.892543, 30.060637], [-7.892543, 29.960637]]]}}, {"type": "Feature", "properties": {"commune_id": 597, "name": "Ichamraren"}, "geometry": {"type": "Polygon", "coordinates": [[[-9.178080000000001, 31.075274999999998], [-9.07808, 31.075274999999998], [-9.07808, 31.175275], [-9.178080000000001, 31.175275], [-9.178080000000001, 31.075274999999998]]]}}, {"type": "Feature", "properties": {"commune_id": 598, "name": "Ida Ou Aazza"}, "geometry": {"type": "Polygon", "coordinates": [[[-9.788566000000001, 31.111106], [-9.688566, 31.111106], [-9.688566, 31.211106], [-9.788566000000001, 31.211106], [-9.788566000000001, 31.111106]]]}}, {"type": "Feature", "properties": {"commune_id": 599, "name": "Ida Ou Gailal"}, "geometry": {"type": "Polygon", "coordinates": [[[-8.66619, 30.615852999999998], [-8.566189999999999, 30.615852999999998], [-8.566189999999999, 30.715853], [-8.66619, 30.715853], [-8.66619, 30.615852999999998]]]}}, {"type": "Feature", "properties": {"commune_id": 600, "name": "Ida Ou Gougmar"}, "geometry": {"type": "Polygon", "coordinates": [[[-9.40705, 29.465198], [-9.307049999999998, 29.465198], [-9.307049999999998, 29.565198000000002], [-9.40705, 29.565198000000002], [-9.40705, 29.465198]]]}}, {"type": "Feature", "properties": {"commune_id": 601, "name": "Ida Ou Guelloul"}, "geometry": {"type": "Polygon", "coordinates": [[[-9.750340000000001, 30.890798999999998], [-9.65034, 30.890798999999998], [-9.65034, 30.990799], [-9.750340000000001, 30.990799], [-9.750340000000001, 30.890798999999998]]]}}, {"type": "Feature", "properties": {"commune_id": 602, "name": "Ida Ou Kazzou"}, "geometry": {"type": "Polygon", "coordinates": [[[-9.635862000000001, 30.890423], [-9.535862, 30.890423], [-9.535862, 30.990423], [-9.635862000000001, 30.990423], [-9.635862000000001, 30.890423]]]}}, {"type": "Feature", "properties": {"commune_id": 603, "name": "Ida Ou Moumen"}, "geometry": {"type": "Polygon", "coordinates": [[[-9.056066000000001, 30.531461999999998], [-8.956066, 30.531461999999998], [-8.956066, 30.631462], [-9.056066000000001, 30.631462], [-9.056066000000001, 30.531461999999998]]]}}, {"type": "Feature", "properties": {"commune_id": 604, "name": "Ida Ougnidif"}, "geometry": {"type": "Polygon", "coordinates": [[[-9.030975000000002, 29.86226], [-8.930975, 29.86226], [-8.930975, 29.96226], [-9.030975000000002, 29.96226], [-9.030975000000002, 29.86226]]]}}, {"type": "Feature", "properties": {"commune_id": 605, "name": "Ida Ougoummad"}, "geometry": {"type": "Polygon", "coordinates": [[[-8.281122, 30.672874999999998], [-8.181121999999998, 30.672874999999998], [-8.181121999999998, 30.772875], [-8.281122, 30.772875], [-8.281122, 30.672874999999998]]]}}, {"type": "Feature", "properties": {"commune_id": 606, "name": "Idelsane"}, "geometry": {"type": "Polygon", "coordinates": [[[-6.646215, 30.875068], [-6.546215, 30.875068], [-6.546215, 30.975068], [-6.646215, 30.975068], [-6.646215, 30.875068]]]}}, {"type": "Feature", "properties": {"commune_id": 607, "name": "Idmine"}, "geometry": {"type": "Polygon", "coordinates": [[[-9.423041000000001, 30.56009], [-9.323041, 30.56009], [-9.323041, 30.66009], [-9.423041000000001, 30.66009], [-9.423041000000001, 30.56009]]]}}, {"type": "Feature", "properties": {"commune_id": 608, "name": "Ifarni"}, "geometry": {"type": "Polygon", "coordinates": [[[-3.688535, 34.951824], [-3.5885350000000003, 34.951824], [-3.5885350000000003, 35.051823999999996], [-3.688535, 35.051823999999996], [-3.688535, 34.951824]]]}}, {"type": "Feature", "properties": {"commune_id": 609, "name": "Ifrane"}, "geometry": {"type": "Polygon", "coordinates": [[[-5.17338, 33.473019], [-5.07338, 33.473019], [-5.07338, 33.573018999999995], [-5.17338, 33.573018999999995], [-5.17338, 33.473019]]]}}, {"type": "Feature", "properties": {"commune_id": 610, "name": "Ifrane Atlas-Saghir"}, "geometry": {"type": "Polygon", "coordinates": [[[-9.554956, 29.166629999999998], [-9.454956, 29.166629999999998], [-9.454956, 29.26663], [-9.554956, 29.26663], [-9.554956, 29.166629999999998]]]}}, {"type": "Feature", "properties": {"commune_id": 611, "name": "Ighil"}, "geometry": {"type": "Polygon", "coordinates": [[[-8.41168, 30.955889], [-8.311679999999999, 30.955889], [-8.311679999999999, 31.055889], [-8.41168, 31.055889], [-8.41168, 30.955889]]]}}, {"type": "Feature", "properties": {"commune_id": 612, "name": "Ighil N'Oumgoun"}, "geometry": {"type": "Polygon", "coordinates": [[[-6.308333999999999, 31.449918], [-6.208334, 31.449918], [-6.208334, 31.549918], [-6.308333999999999, 31.549918], [-6.308333999999999, 31.449918]]]}}, {"type": "Feature", "properties": {"commune_id": 613, "name": "Ighoud"}, "geometry": {"type": "Polygon", "coordinates": [[[-8.904882, 31.801332], [-8.804882, 31.801332], [-8.804882, 31.901332], [-8.904882, 31.901332], [-8.904882, 31.801332]]]}}, {"type": "Feature", "properties": {"commune_id": 614, "name": "Ighrem N'Ougdal"}, "geometry": {"type": "Polygon", "coordinates": [[[-7.4622079999999995, 31.136435], [-7.362208, 31.136435], [-7.362208, 31.236435], [-7.4622079999999995, 31.236435], [-7.4622079999999995, 31.136435]]]}}, {"type": "Feature", "properties": {"commune_id": 615, "name": "Ighzrane"}, "geometry": {"type": "Polygon", "coordinates": [[[-4.310334, 33.714064], [-4.2103340000000005, 33.714064], [-4.2103340000000005, 33.814063999999995], [-4.310334, 33.814063999999995], [-4.310334, 33.714064]]]}}, {"type": "Feature", "properties": {"commune_id": 616, "name": "Igli"}, "geometry": {"type": "Polygon", "coordinates": [[[-8.607063, 30.548775], [-8.507062999999999, 30.548775], [-8.507062999999999, 30.648775], [-8.607063, 30.648775], [-8.607063, 30.548775]]]}}, {"type": "Feature", "properties": {"commune_id": 617, "name": "Igoudar Mnabha"}, "geometry": {"type": "Polygon", "coordinates": [[[-8.492884, 30.600842], [-8.392883999999999, 30.600842], [-8.392883999999999, 30.700842], [-8.492884, 30.700842], [-8.492884, 30.600842]]]}}, {"type": "Feature", "properties": {"commune_id": 618, "name": "Iguerferouane"}, "geometry": {"type": "Polygon", "coordinates": [[[-7.739269999999999, 31.361062], [-7.63927, 31.361062], [-7.63927, 31.461062000000002], [-7.739269999999999, 31.461062000000002], [-7.739269999999999, 31.361062]]]}}, {"type": "Feature", "properties": {"commune_id": 619, "name": "Iguidi"}, "geometry": {"type": "Polygon", "coordinates": [[[-8.023889, 30.780658], [-7.923889, 30.780658], [-7.923889, 30.880658], [-8.023889, 30.880658], [-8.023889, 30.780658]]]}}, {"type": "Feature", "properties": {"commune_id": 620, "name": "Ihaddaden"}, "geometry": {"type": "Polygon", "coordinates": [[[-3.0322039999999997, 35.148226], [-2.932204, 35.148226], [-2.932204, 35.248225999999995], [-3.0322039999999997, 35.248225999999995], [-3.0322039999999997, 35.148226]]]}}, {"type": "Feature", "properties": {"commune_id": 621, "name": "Ijarmaouas"}, "geometry": {"type": "Polygon", "coordinates": [[[-3.7883519999999997, 35.001873], [-3.688352, 35.001873], [-3.688352, 35.101873], [-3.7883519999999997, 35.101873], [-3.7883519999999997, 35.001873]]]}}, {"type": "Feature", "properties": {"commune_id": 622, "name": "Ijoukak"}, "geometry": {"type": "Polygon", "coordinates": [[[-8.115277, 30.955289999999998], [-8.015277, 30.955289999999998], [-8.015277, 31.05529], [-8.115277, 31.05529], [-8.115277, 30.955289999999998]]]}}, {"type": "Feature", "properties": {"commune_id": 623, "name": "Ikniouen"}, "geometry": {"type": "Polygon", "coordinates": [[[-5.6538759999999995, 31.138009], [-5.553876, 31.138009], [-5.553876, 31.238009], [-5.6538759999999995, 31.238009], [-5.6538759999999995, 31.138009]]]}}, {"type": "Feature", "properties": {"commune_id": 624, "name": "Iksane"}, "geometry": {"type": "Polygon", "coordinates": [[[-3.0746749999999996, 35.039476], [-2.974675, 35.039476], [-2.974675, 35.139475999999995], [-3.0746749999999996, 35.139475999999995], [-3.0746749999999996, 35.039476]]]}}, {"type": "Feature", "properties": {"commune_id": 625, "name": "Imaouen"}, "geometry": {"type": "Polygon", "coordinates": [[[-8.663285, 29.973648999999998], [-8.563284999999999, 29.973648999999998], [-8.563284999999999, 30.073649], [-8.663285, 30.073649], [-8.663285, 29.973648999999998]]]}}, {"type": "Feature", "properties": {"commune_id": 626, "name": "Imgdal"}, "geometry": {"type": "Polygon", "coordinates": [[[-8.173291, 31.055405], [-8.073291, 31.055405], [-8.073291, 31.155405000000002], [-8.173291, 31.155405000000002], [-8.173291, 31.055405]]]}}, {"type": "Feature", "properties": {"commune_id": 627, "name": "Imgrade"}, "geometry": {"type": "Polygon", "coordinates": [[[-9.631131, 31.063747], [-9.531130999999998, 31.063747], [-9.531130999999998, 31.163747], [-9.631131, 31.163747], [-9.631131, 31.063747]]]}}, {"type": "Feature", "properties": {"commune_id": 628, "name": "Imi Mqourn"}, "geometry": {"type": "Polygon", "coordinates": [[[-9.265399, 30.122988], [-9.165398999999999, 30.122988], [-9.165398999999999, 30.222988], [-9.265399, 30.222988], [-9.265399, 30.122988]]]}}, {"type": "Feature", "properties": {"commune_id": 629, "name": "Imi N'Fast"}, "geometry": {"type": "Polygon", "coordinates": [[[-10.147465, 29.06643], [-10.047464999999999, 29.06643], [-10.047464999999999, 29.166430000000002], [-10.147465, 29.166430000000002], [-10.147465, 29.06643]]]}}, {"type": "Feature", "properties": {"commune_id": 630, "name": "Imi N'Oulaoune"}, "geometry": {"type": "Polygon", "coordinates": [[[-6.586584, 31.362013], [-6.486584000000001, 31.362013], [-6.486584000000001, 31.462013000000002], [-6.586584, 31.462013000000002], [-6.586584, 31.362013]]]}}, {"type": "Feature", "properties": {"commune_id": 631, "name": "Imi N'Tayart"}, "geometry": {"type": "Polygon", "coordinates": [[[-8.434632, 30.220992], [-8.334632, 30.220992], [-8.334632, 30.320992], [-8.434632, 30.320992], [-8.434632, 30.220992]]]}}, {"type": "Feature", "properties": {"commune_id": 632, "name": "Imi N'Tlit"}, "geometry": {"type": "Polygon", "coordinates": [[[-9.639742, 31.180695999999998], [-9.539741999999999, 31.180695999999998], [-9.539741999999999, 31.280696], [-9.639742, 31.280696], [-9.639742, 31.180695999999998]]]}}, {"type": "Feature", "properties": {"commune_id": 633, "name": "Imider"}, "geometry": {"type": "Polygon", "coordinates": [[[-5.860563, 31.35082], [-5.760563, 31.35082], [-5.760563, 31.45082], [-5.860563, 31.45082], [-5.860563, 31.35082]]]}}, {"type": "Feature", "properties": {"commune_id": 634, "name": "Imilchil"}, "geometry": {"type": "Polygon", "coordinates": [[[-5.684477, 32.024594], [-5.584477000000001, 32.024594], [-5.584477000000001, 32.124593999999995], [-5.684477, 32.124593999999995], [-5.684477, 32.024594]]]}}, {"type": "Feature", "properties": {"commune_id": 635, "name": "Imilmaiss"}, "geometry": {"type": "Polygon", "coordinates": [[[-8.872060000000001, 30.829462], [-8.77206, 30.829462], [-8.77206, 30.929462], [-8.872060000000001, 30.929462], [-8.872060000000001, 30.829462]]]}}, {"type": "Feature", "properties": {"commune_id": 636, "name": "Imindounit"}, "geometry": {"type": "Polygon", "coordinates": [[[-8.573187, 30.980716], [-8.473187, 30.980716], [-8.473187, 31.080716000000002], [-8.573187, 31.080716000000002], [-8.573187, 30.980716]]]}}, {"type": "Feature", "properties": {"commune_id": 637, "name": "Imintanoute"}, "geometry": {"type": "Polygon", "coordinates": [[[-8.892537, 31.128292], [-8.792537, 31.128292], [-8.792537, 31.228292], [-8.892537, 31.228292], [-8.892537, 31.128292]]]}}, {"type": "Feature", "properties": {"commune_id": 638, "name": "Imlil"}, "geometry": {"type": "Polygon", "coordinates": [[[-7.061813, 31.711772], [-6.961813, 31.711772], [-6.961813, 31.811772], [-7.061813, 31.811772], [-7.061813, 31.711772]]]}}, {"type": "Feature", "properties": {"commune_id": 639, "name": "Imlili"}, "geometry": {"type": "Polygon", "coordinates": [[[-15.796035, 22.613675999999998], [-15.696034999999998, 22.613675999999998], [-15.696034999999998, 22.713676], [-15.796035, 22.713676], [-15.796035, 22.613675999999998]]]}}, {"type": "Feature", "properties": {"commune_id": 640, "name": "Imoulass"}, "geometry": {"type": "Polygon", "coordinates": [[[-8.820091000000001, 30.703507], [-8.720091, 30.703507], [-8.720091, 30.803507], [-8.820091000000001, 30.803507], [-8.820091000000001, 30.703507]]]}}, {"type": "Feature", "properties": {"commune_id": 641, "name": "Imouzzer"}, "geometry": {"type": "Polygon", "coordinates": [[[-9.611930000000001, 30.621731999999998], [-9.51193, 30.621731999999998], [-9.51193, 30.721732], [-9.611930000000001, 30.721732], [-9.611930000000001, 30.621731999999998]]]}}, {"type": "Feature", "properties": {"commune_id": 642, "name": "Imouzzer Kandar"}, "geometry": {"type": "Polygon", "coordinates": [[[-5.057126, 33.678711], [-4.957126000000001, 33.678711], [-4.957126000000001, 33.778710999999994], [-5.057126, 33.778710999999994], [-5.057126, 33.678711]]]}}, {"type": "Feature", "properties": {"commune_id": 643, "name": "Imouzzer Marmoucha"}, "geometry": {"type": "Polygon", "coordinates": [[[-4.346833999999999, 33.419745000000006], [-4.246834, 33.419745000000006], [-4.246834, 33.519745], [-4.346833999999999, 33.519745], [-4.346833999999999, 33.419745000000006]]]}}, {"type": "Feature", "properties": {"commune_id": 644, "name": "Imrabten"}, "geometry": {"type": "Polygon", "coordinates": [[[-4.029661, 34.996903], [-3.9296610000000003, 34.996903], [-3.9296610000000003, 35.096903], [-4.029661, 35.096903], [-4.029661, 34.996903]]]}}, {"type": "Feature", "properties": {"commune_id": 645, "name": "Imsouane"}, "geometry": {"type": "Polygon", "coordinates": [[[-9.8228, 30.794577999999998], [-9.7228, 30.794577999999998], [-9.7228, 30.894578], [-9.8228, 30.894578], [-9.8228, 30.794577999999998]]]}}, {"type": "Feature", "properties": {"commune_id": 646, "name": "Imzouren"}, "geometry": {"type": "Polygon", "coordinates": [[[-3.8944289999999997, 35.093209], [-3.794429, 35.093209], [-3.794429, 35.193208999999996], [-3.8944289999999997, 35.193208999999996], [-3.8944289999999997, 35.093209]]]}}, {"type": "Feature", "properties": {"commune_id": 647, "name": "Inchaden"}, "geometry": {"type": "Polygon", "coordinates": [[[-9.616497, 30.054121], [-9.516497, 30.054121], [-9.516497, 30.154121], [-9.616497, 30.154121], [-9.616497, 30.054121]]]}}, {"type": "Feature", "properties": {"commune_id": 648, "name": "Inezgane"}, "geometry": {"type": "Polygon", "coordinates": [[[-9.591705000000001, 30.307074999999998], [-9.491705, 30.307074999999998], [-9.491705, 30.407075], [-9.591705000000001, 30.407075], [-9.591705000000001, 30.307074999999998]]]}}, {"type": "Feature", "properties": {"commune_id": 649, "name": "Iounane"}, "geometry": {"type": "Polygon", "coordinates": [[[-4.875353, 34.98434], [-4.775353, 34.98434], [-4.775353, 35.08434], [-4.875353, 35.08434], [-4.875353, 34.98434]]]}}, {"type": "Feature", "properties": {"commune_id": 650, "name": "Iqaddar"}, "geometry": {"type": "Polygon", "coordinates": [[[-5.412711, 33.626721], [-5.312711, 33.626721], [-5.312711, 33.726721], [-5.412711, 33.726721], [-5.412711, 33.626721]]]}}, {"type": "Feature", "properties": {"commune_id": 651, "name": "Irherm"}, "geometry": {"type": "Polygon", "coordinates": [[[-8.552006, 30.040150999999998], [-8.452005999999999, 30.040150999999998], [-8.452005999999999, 30.140151], [-8.552006, 30.140151], [-8.552006, 30.040150999999998]]]}}, {"type": "Feature", "properties": {"commune_id": 652, "name": "Irigh N'Tahala"}, "geometry": {"type": "Polygon", "coordinates": [[[-9.134555, 29.572261], [-9.034555, 29.572261], [-9.034555, 29.672261000000002], [-9.134555, 29.672261000000002], [-9.134555, 29.572261]]]}}, {"type": "Feature", "properties": {"commune_id": 653, "name": "Irohalen"}, "geometry": {"type": "Polygon", "coordinates": [[[-8.948329000000001, 31.016013], [-8.848329, 31.016013], [-8.848329, 31.116013000000002], [-8.948329000000001, 31.116013000000002], [-8.948329000000001, 31.016013]]]}}, {"type": "Feature", "properties": {"commune_id": 654, "name": "Isly"}, "geometry": {"type": "Polygon", "coordinates": [[[-2.096472, 34.641420000000004], [-1.996472, 34.641420000000004], [-1.996472, 34.74142], [-2.096472, 34.74142], [-2.096472, 34.641420000000004]]]}}, {"type": "Feature", "properties": {"commune_id": 655, "name": "Issafen"}, "geometry": {"type": "Polygon", "coordinates": [[[-8.563751, 29.818768], [-8.463750999999998, 29.818768], [-8.463750999999998, 29.918768], [-8.563751, 29.918768], [-8.563751, 29.818768]]]}}, {"type": "Feature", "properties": {"commune_id": 656, "name": "Issaguen"}, "geometry": {"type": "Polygon", "coordinates": [[[-4.625986, 34.850536000000005], [-4.5259860000000005, 34.850536000000005], [-4.5259860000000005, 34.950536], [-4.625986, 34.950536], [-4.625986, 34.850536000000005]]]}}, {"type": "Feature", "properties": {"commune_id": 657, "name": "Isseksi"}, "geometry": {"type": "Polygon", "coordinates": [[[-6.347824, 32.165134], [-6.2478240000000005, 32.165134], [-6.2478240000000005, 32.265133999999996], [-6.347824, 32.265133999999996], [-6.347824, 32.165134]]]}}, {"type": "Feature", "properties": {"commune_id": 658, "name": "Issen"}, "geometry": {"type": "Polygon", "coordinates": [[[-9.290517000000001, 30.393282], [-9.190517, 30.393282], [-9.190517, 30.493282], [-9.290517000000001, 30.493282], [-9.290517000000001, 30.393282]]]}}, {"type": "Feature", "properties": {"commune_id": 659, "name": "Itzer"}, "geometry": {"type": "Polygon", "coordinates": [[[-5.099457, 32.917073], [-4.9994570000000005, 32.917073], [-4.9994570000000005, 33.017072999999996], [-5.099457, 33.017072999999996], [-5.099457, 32.917073]]]}}, {"type": "Feature", "properties": {"commune_id": 660, "name": "Izemmouren"}, "geometry": {"type": "Polygon", "coordinates": [[[-4.054796, 35.140599], [-3.954796, 35.140599], [-3.954796, 35.240598999999996], [-4.054796, 35.240598999999996], [-4.054796, 35.140599]]]}}, {"type": "Feature", "properties": {"commune_id": 661, "name": "Jaafra"}, "geometry": {"type": "Polygon", "coordinates": [[[-7.778795, 32.319990000000004], [-7.678795, 32.319990000000004], [-7.678795, 32.41999], [-7.778795, 32.41999], [-7.778795, 32.319990000000004]]]}}, {"type": "Feature", "properties": {"commune_id": 662, "name": "Jabria"}, "geometry": {"type": "Polygon", "coordinates": [[[-8.366136000000001, 32.519147000000004], [-8.266136, 32.519147000000004], [-8.266136, 32.619147], [-8.366136000000001, 32.619147], [-8.366136000000001, 32.519147000000004]]]}}, {"type": "Feature", "properties": {"commune_id": 663, "name": "Jahjouh"}, "geometry": {"type": "Polygon", "coordinates": [[[-5.748781999999999, 33.562253000000005], [-5.648782, 33.562253000000005], [-5.648782, 33.662253], [-5.748781999999999, 33.662253], [-5.748781999999999, 33.562253000000005]]]}}, {"type": "Feature", "properties": {"commune_id": 664, "name": "Jaidate"}, "geometry": {"type": "Polygon", "coordinates": [[[-7.7779869999999995, 31.647196], [-7.677987, 31.647196], [-7.677987, 31.747196000000002], [-7.7779869999999995, 31.747196000000002], [-7.7779869999999995, 31.647196]]]}}, {"type": "Feature", "properties": {"commune_id": 665, "name": "Jamaat Shaim"}, "geometry": {"type": "Polygon", "coordinates": [[[-8.877455000000001, 32.308164000000005], [-8.777455, 32.308164000000005], [-8.777455, 32.408164], [-8.877455000000001, 32.408164], [-8.877455000000001, 32.308164000000005]]]}}, {"type": "Feature", "properties": {"commune_id": 666, "name": "Jaqma"}, "geometry": {"type": "Polygon", "coordinates": [[[-7.5122979999999995, 33.239413000000006], [-7.412298, 33.239413000000006], [-7.412298, 33.339413], [-7.5122979999999995, 33.339413], [-7.5122979999999995, 33.239413000000006]]]}}, {"type": "Feature", "properties": {"commune_id": 667, "name": "Jbabra"}, "geometry": {"type": "Polygon", "coordinates": [[[-5.006118, 34.391055], [-4.906118, 34.391055], [-4.906118, 34.491054999999996], [-5.006118, 34.491054999999996], [-5.006118, 34.391055]]]}}, {"type": "Feature", "properties": {"commune_id": 668, "name": "Jbarna"}, "geometry": {"type": "Polygon", "coordinates": [[[-3.8934689999999996, 34.472356000000005], [-3.793469, 34.472356000000005], [-3.793469, 34.572356], [-3.8934689999999996, 34.572356], [-3.8934689999999996, 34.472356000000005]]]}}, {"type": "Feature", "properties": {"commune_id": 669, "name": "Jbel Lahbib"}, "geometry": {"type": "Polygon", "coordinates": [[[-5.834214, 35.407477], [-5.734214000000001, 35.407477], [-5.734214000000001, 35.507476999999994], [-5.834214, 35.507476999999994], [-5.834214, 35.407477]]]}}, {"type": "Feature", "properties": {"commune_id": 670, "name": "Jbiel"}, "geometry": {"type": "Polygon", "coordinates": [[[-7.527291, 31.922093999999998], [-7.427291, 31.922093999999998], [-7.427291, 32.022093999999996], [-7.527291, 32.022093999999996], [-7.527291, 31.922093999999998]]]}}, {"type": "Feature", "properties": {"commune_id": 671, "name": "Jbilate"}, "geometry": {"type": "Polygon", "coordinates": [[[-7.972608, 31.782108], [-7.8726080000000005, 31.782108], [-7.8726080000000005, 31.882108000000002], [-7.972608, 31.882108000000002], [-7.972608, 31.782108]]]}}, {"type": "Feature", "properties": {"commune_id": 672, "name": "Jdiriya"}, "geometry": {"type": "Polygon", "coordinates": [[[-9.774877, 27.192643], [-9.674876999999999, 27.192643], [-9.674876999999999, 27.292643], [-9.774877, 27.292643], [-9.774877, 27.192643]]]}}, {"type": "Feature", "properties": {"commune_id": 673, "name": "Jdour"}, "geometry": {"type": "Polygon", "coordinates": [[[-8.806201000000001, 32.060125], [-8.706201, 32.060125], [-8.706201, 32.160124999999994], [-8.806201000000001, 32.160124999999994], [-8.806201000000001, 32.060125]]]}}, {"type": "Feature", "properties": {"commune_id": 674, "name": "Jemaat Moul Blad"}, "geometry": {"type": "Polygon", "coordinates": [[[-6.499019, 33.610730000000004], [-6.399019, 33.610730000000004], [-6.399019, 33.71073], [-6.499019, 33.71073], [-6.499019, 33.610730000000004]]]}}, {"type": "Feature", "properties": {"commune_id": 675, "name": "Jerada"}, "geometry": {"type": "Polygon", "coordinates": [[[-2.232694, 34.256594], [-2.1326940000000003, 34.256594], [-2.1326940000000003, 34.356593999999994], [-2.232694, 34.356593999999994], [-2.232694, 34.256594]]]}}, {"type": "Feature", "properties": {"commune_id": 676, "name": "Jnane Bouih"}, "geometry": {"type": "Polygon", "coordinates": [[[-8.76486, 31.917256], [-8.66486, 31.917256], [-8.66486, 32.017255999999996], [-8.76486, 32.017255999999996], [-8.76486, 31.917256]]]}}, {"type": "Feature", "properties": {"commune_id": 677, "name": "Jorf"}, "geometry": {"type": "Polygon", "coordinates": [[[-4.45127, 31.437858], [-4.35127, 31.437858], [-4.35127, 31.537858], [-4.45127, 31.537858], [-4.45127, 31.437858]]]}}, {"type": "Feature", "properties": {"commune_id": 678, "name": "Jorf El Melha"}, "geometry": {"type": "Polygon", "coordinates": [[[-5.558191, 34.441779000000004], [-5.458191, 34.441779000000004], [-5.458191, 34.541779], [-5.558191, 34.541779], [-5.558191, 34.441779000000004]]]}}, {"type": "Feature", "properties": {"commune_id": 679, "name": "Jouala"}, "geometry": {"type": "Polygon", "coordinates": [[[-7.528824, 31.847699], [-7.4288240000000005, 31.847699], [-7.4288240000000005, 31.947699], [-7.528824, 31.947699], [-7.528824, 31.847699]]]}}, {"type": "Feature", "properties": {"commune_id": 680, "name": "Jouamaa"}, "geometry": {"type": "Polygon", "coordinates": [[[-5.7073659999999995, 35.596464000000005], [-5.607366, 35.596464000000005], [-5.607366, 35.696464], [-5.7073659999999995, 35.696464], [-5.7073659999999995, 35.596464000000005]]]}}, {"type": "Feature", "properties": {"commune_id": 681, "name": "Jraifia"}, "geometry": {"type": "Polygon", "coordinates": [[[-14.368114, 25.210895999999998], [-14.268113999999999, 25.210895999999998], [-14.268113999999999, 25.310896], [-14.368114, 25.310896], [-14.368114, 25.210895999999998]]]}}, {"type": "Feature", "properties": {"commune_id": 682, "name": "Kaf El Ghar"}, "geometry": {"type": "Polygon", "coordinates": [[[-4.340428999999999, 34.486659], [-4.240429, 34.486659], [-4.240429, 34.586659], [-4.340428999999999, 34.586659], [-4.340428999999999, 34.486659]]]}}, {"type": "Feature", "properties": {"commune_id": 683, "name": "Kalaat Booqorra"}, "geometry": {"type": "Polygon", "coordinates": [[[-5.268858, 34.727161], [-5.168858, 34.727161], [-5.168858, 34.827161], [-5.268858, 34.827161], [-5.268858, 34.727161]]]}}, {"type": "Feature", "properties": {"commune_id": 684, "name": "Kalaat M'Gouna"}, "geometry": {"type": "Polygon", "coordinates": [[[-6.177849999999999, 31.184867999999998], [-6.07785, 31.184867999999998], [-6.07785, 31.284868], [-6.177849999999999, 31.284868], [-6.177849999999999, 31.184867999999998]]]}}, {"type": "Feature", "properties": {"commune_id": 685, "name": "Kandar Sidi Khiar"}, "geometry": {"type": "Polygon", "coordinates": [[[-4.966129, 33.753674000000004], [-4.866129, 33.753674000000004], [-4.866129, 33.853674], [-4.966129, 33.853674], [-4.966129, 33.753674000000004]]]}}, {"type": "Feature", "properties": {"commune_id": 686, "name": "Karia Ba Mohamed"}, "geometry": {"type": "Polygon", "coordinates": [[[-5.258207, 34.316241000000005], [-5.158207, 34.316241000000005], [-5.158207, 34.416241], [-5.258207, 34.416241], [-5.258207, 34.316241000000005]]]}}, {"type": "Feature", "properties": {"commune_id": 687, "name": "Kariat Ben Aouda"}, "geometry": {"type": "Polygon", "coordinates": [[[-6.002555, 34.72599], [-5.902555, 34.72599], [-5.902555, 34.82599], [-6.002555, 34.82599], [-6.002555, 34.72599]]]}}, {"type": "Feature", "properties": {"commune_id": 688, "name": "Kasba Tadla"}, "geometry": {"type": "Polygon", "coordinates": [[[-6.313757, 32.546556], [-6.213757, 32.546556], [-6.213757, 32.646556], [-6.313757, 32.646556], [-6.313757, 32.546556]]]}}, {"type": "Feature", "properties": {"commune_id": 689, "name": "Kasbat Ben Mchich"}, "geometry": {"type": "Polygon", "coordinates": [[[-7.490584, 33.301943], [-7.3905840000000005, 33.301943], [-7.3905840000000005, 33.401942999999996], [-7.490584, 33.401942999999996], [-7.490584, 33.301943]]]}}, {"type": "Feature", "properties": {"commune_id": 690, "name": "Kasbat Sidi Abdellah Ben M'Barek"}, "geometry": {"type": "Polygon", "coordinates": [[[-8.383979, 29.406662], [-8.283978999999999, 29.406662], [-8.283978999999999, 29.506662000000002], [-8.383979, 29.506662000000002], [-8.383979, 29.406662]]]}}, {"type": "Feature", "properties": {"commune_id": 691, "name": "Kasbat Troch"}, "geometry": {"type": "Polygon", "coordinates": [[[-6.645358, 32.882825000000004], [-6.545358, 32.882825000000004], [-6.545358, 32.982825], [-6.645358, 32.982825], [-6.645358, 32.882825000000004]]]}}, {"type": "Feature", "properties": {"commune_id": 692, "name": "Kceibya"}, "geometry": {"type": "Polygon", "coordinates": [[[-6.211253, 34.241661], [-6.1112530000000005, 34.241661], [-6.1112530000000005, 34.341660999999995], [-6.211253, 34.341660999999995], [-6.211253, 34.241661]]]}}, {"type": "Feature", "properties": {"commune_id": 693, "name": "Kechoula"}, "geometry": {"type": "Polygon", "coordinates": [[[-9.30424, 31.481257], [-9.204239999999999, 31.481257], [-9.204239999999999, 31.581257], [-9.30424, 31.581257], [-9.30424, 31.481257]]]}}, {"type": "Feature", "properties": {"commune_id": 694, "name": "Kerrouchen"}, "geometry": {"type": "Polygon", "coordinates": [[[-5.3969759999999996, 32.733884], [-5.296976, 32.733884], [-5.296976, 32.833884], [-5.3969759999999996, 32.833884], [-5.3969759999999996, 32.733884]]]}}, {"type": "Feature", "properties": {"commune_id": 695, "name": "Ketama"}, "geometry": {"type": "Polygon", "coordinates": [[[-4.730256, 34.833818], [-4.630256, 34.833818], [-4.630256, 34.933817999999995], [-4.730256, 34.933817999999995], [-4.730256, 34.833818]]]}}, {"type": "Feature", "properties": {"commune_id": 696, "name": "Khatazakane"}, "geometry": {"type": "Polygon", "coordinates": [[[-9.180778, 32.166728000000006], [-9.080777999999999, 32.166728000000006], [-9.080777999999999, 32.266728], [-9.180778, 32.266728], [-9.180778, 32.166728000000006]]]}}, {"type": "Feature", "properties": {"commune_id": 697, "name": "Khemis Sahel"}, "geometry": {"type": "Polygon", "coordinates": [[[-6.112406, 35.194098000000004], [-6.012406, 35.194098000000004], [-6.012406, 35.294098], [-6.112406, 35.294098], [-6.112406, 35.194098000000004]]]}}, {"type": "Feature", "properties": {"commune_id": 698, "name": "Khemis Sidi Yahya"}, "geometry": {"type": "Polygon", "coordinates": [[[-6.287478, 33.743945000000004], [-6.1874780000000005, 33.743945000000004], [-6.1874780000000005, 33.843945], [-6.287478, 33.843945], [-6.287478, 33.743945000000004]]]}}, {"type": "Feature", "properties": {"commune_id": 699, "name": "Khemisset Chaouia"}, "geometry": {"type": "Polygon", "coordinates": [[[-7.81515, 32.812850000000005], [-7.71515, 32.812850000000005], [-7.71515, 32.91285], [-7.81515, 32.91285], [-7.81515, 32.812850000000005]]]}}, {"type": "Feature", "properties": {"commune_id": 700, "name": "Khenifra"}, "geometry": {"type": "Polygon", "coordinates": [[[-5.7143559999999995, 32.885951000000006], [-5.614356, 32.885951000000006], [-5.614356, 32.985951], [-5.7143559999999995, 32.985951], [-5.7143559999999995, 32.885951000000006]]]}}, {"type": "Feature", "properties": {"commune_id": 701, "name": "Khlalfa"}, "geometry": {"type": "Polygon", "coordinates": [[[-4.682161, 34.621739000000005], [-4.582161, 34.621739000000005], [-4.582161, 34.721739], [-4.682161, 34.721739], [-4.682161, 34.621739000000005]]]}}, {"type": "Feature", "properties": {"commune_id": 702, "name": "Khmis Ksiba"}, "geometry": {"type": "Polygon", "coordinates": [[[-8.262103000000002, 32.464448000000004], [-8.162103, 32.464448000000004], [-8.162103, 32.564448], [-8.262103000000002, 32.564448], [-8.262103000000002, 32.464448000000004]]]}}, {"type": "Feature", "properties": {"commune_id": 703, "name": "Khnichet"}, "geometry": {"type": "Polygon", "coordinates": [[[-5.706963, 34.379112000000006], [-5.606963, 34.379112000000006], [-5.606963, 34.479112], [-5.706963, 34.479112], [-5.706963, 34.379112000000006]]]}}, {"type": "Feature", "properties": {"commune_id": 704, "name": "Khouribga"}, "geometry": {"type": "Polygon", "coordinates": [[[-6.953491, 32.826258], [-6.853491, 32.826258], [-6.853491, 32.926258], [-6.953491, 32.926258], [-6.953491, 32.826258]]]}}, {"type": "Feature", "properties": {"commune_id": 705, "name": "Khouzama"}, "geometry": {"type": "Polygon", "coordinates": [[[-7.593337, 30.836368999999998], [-7.493337, 30.836368999999998], [-7.493337, 30.936369], [-7.593337, 30.936369], [-7.593337, 30.836368999999998]]]}}, {"type": "Feature", "properties": {"commune_id": 706, "name": "Khémisset"}, "geometry": {"type": "Polygon", "coordinates": [[[-6.120023, 33.774753000000004], [-6.020023, 33.774753000000004], [-6.020023, 33.874753], [-6.120023, 33.874753], [-6.120023, 33.774753000000004]]]}}, {"type": "Feature", "properties": {"commune_id": 707, "name": "Kissane"}, "geometry": {"type": "Polygon", "coordinates": [[[-5.0871889999999995, 34.541997], [-4.987189, 34.541997], [-4.987189, 34.641996999999996], [-5.0871889999999995, 34.641996999999996], [-5.0871889999999995, 34.541997]]]}}, {"type": "Feature", "properties": {"commune_id": 708, "name": "Korimate"}, "geometry": {"type": "Polygon", "coordinates": [[[-9.326251000000001, 31.409406999999998], [-9.226251, 31.409406999999998], [-9.226251, 31.509407], [-9.326251000000001, 31.509407], [-9.326251000000001, 31.409406999999998]]]}}, {"type": "Feature", "properties": {"commune_id": 709, "name": "Koudiat Bni Dghough"}, "geometry": {"type": "Polygon", "coordinates": [[[-8.534962, 32.380094], [-8.434961999999999, 32.380094], [-8.434961999999999, 32.480093999999994], [-8.534962, 32.480093999999994], [-8.534962, 32.380094]]]}}, {"type": "Feature", "properties": {"commune_id": 710, "name": "Kouzemt"}, "geometry": {"type": "Polygon", "coordinates": [[[-9.311895000000002, 31.032132999999998], [-9.211895, 31.032132999999998], [-9.211895, 31.132133], [-9.311895000000002, 31.132133], [-9.311895000000002, 31.032132999999998]]]}}, {"type": "Feature", "properties": {"commune_id": 711, "name": "Kridid"}, "geometry": {"type": "Polygon", "coordinates": [[[-8.652655000000001, 32.444245], [-8.552655, 32.444245], [-8.552655, 32.544245], [-8.652655000000001, 32.544245], [-8.652655000000001, 32.444245]]]}}, {"type": "Feature", "properties": {"commune_id": 712, "name": "Krifate"}, "geometry": {"type": "Polygon", "coordinates": [[[-6.761105, 32.501386000000004], [-6.661105, 32.501386000000004], [-6.661105, 32.601386], [-6.761105, 32.601386], [-6.761105, 32.501386000000004]]]}}, {"type": "Feature", "properties": {"commune_id": 713, "name": "Ksabi Moulouya"}, "geometry": {"type": "Polygon", "coordinates": [[[-4.320933999999999, 32.744420000000005], [-4.220934, 32.744420000000005], [-4.220934, 32.84442], [-4.320933999999999, 32.84442], [-4.320933999999999, 32.744420000000005]]]}}, {"type": "Feature", "properties": {"commune_id": 714, "name": "Ksar Bjir"}, "geometry": {"type": "Polygon", "coordinates": [[[-5.931185, 34.934038], [-5.8311850000000005, 34.934038], [-5.8311850000000005, 35.034037999999995], [-5.931185, 35.034037999999995], [-5.931185, 34.934038]]]}}, {"type": "Feature", "properties": {"commune_id": 715, "name": "Ksar Sghir"}, "geometry": {"type": "Polygon", "coordinates": [[[-5.686239, 35.749848], [-5.586239, 35.749848], [-5.586239, 35.849847999999994], [-5.686239, 35.849847999999994], [-5.686239, 35.749848]]]}}, {"type": "Feature", "properties": {"commune_id": 716, "name": "Ksar al Majaz"}, "geometry": {"type": "Polygon", "coordinates": [[[-5.561112, 35.775161000000004], [-5.461112, 35.775161000000004], [-5.461112, 35.875161], [-5.561112, 35.875161], [-5.561112, 35.775161000000004]]]}}, {"type": "Feature", "properties": {"commune_id": 717, "name": "Ksar el-Kebir"}, "geometry": {"type": "Polygon", "coordinates": [[[-5.965844, 34.955235], [-5.865844, 34.955235], [-5.865844, 35.055234999999996], [-5.965844, 35.055234999999996], [-5.965844, 34.955235]]]}}, {"type": "Feature", "properties": {"commune_id": 718, "name": "Ktaoua"}, "geometry": {"type": "Polygon", "coordinates": [[[-5.348034, 30.075594], [-5.2480340000000005, 30.075594], [-5.2480340000000005, 30.175594], [-5.348034, 30.175594], [-5.348034, 30.075594]]]}}, {"type": "Feature", "properties": {"commune_id": 719, "name": "Kénitra"}, "geometry": {"type": "Polygon", "coordinates": [[[-6.631968, 34.206562000000005], [-6.531968, 34.206562000000005], [-6.531968, 34.306562], [-6.631968, 34.306562], [-6.631968, 34.206562000000005]]]}}, {"type": "Feature", "properties": {"commune_id": 720, "name": "Laagagcha"}, "geometry": {"type": "Polygon", "coordinates": [[[-8.738557, 32.498454], [-8.638556999999999, 32.498454], [-8.638556999999999, 32.598454], [-8.738557, 32.598454], [-8.738557, 32.498454]]]}}, {"type": "Feature", "properties": {"commune_id": 721, "name": "Laajajra"}, "geometry": {"type": "Polygon", "coordinates": [[[-5.212657, 34.143357], [-5.1126570000000005, 34.143357], [-5.1126570000000005, 34.243356999999996], [-5.212657, 34.243356999999996], [-5.212657, 34.143357]]]}}, {"type": "Feature", "properties": {"commune_id": 722, "name": "Laamamra"}, "geometry": {"type": "Polygon", "coordinates": [[[-9.022511000000002, 31.842423999999998], [-8.922511, 31.842423999999998], [-8.922511, 31.942424], [-9.022511000000002, 31.942424], [-9.022511000000002, 31.842423999999998]]]}}, {"type": "Feature", "properties": {"commune_id": 723, "name": "Laamria"}, "geometry": {"type": "Polygon", "coordinates": [[[-8.279716, 32.767504], [-8.179715999999999, 32.767504], [-8.179715999999999, 32.867504], [-8.279716, 32.867504], [-8.279716, 32.767504]]]}}, {"type": "Feature", "properties": {"commune_id": 724, "name": "Laanoussar"}, "geometry": {"type": "Polygon", "coordinates": [[[-4.869891, 33.589433], [-4.769891, 33.589433], [-4.769891, 33.689432999999994], [-4.869891, 33.689432999999994], [-4.869891, 33.589433]]]}}, {"type": "Feature", "properties": {"commune_id": 725, "name": "Laaouama"}, "geometry": {"type": "Polygon", "coordinates": [[[-5.844907, 35.640384000000005], [-5.744907, 35.640384000000005], [-5.744907, 35.740384], [-5.844907, 35.740384], [-5.844907, 35.640384000000005]]]}}, {"type": "Feature", "properties": {"commune_id": 726, "name": "Laaouinate"}, "geometry": {"type": "Polygon", "coordinates": [[[-2.1842819999999996, 34.284733], [-2.084282, 34.284733], [-2.084282, 34.384733], [-2.1842819999999996, 34.384733], [-2.1842819999999996, 34.284733]]]}}, {"type": "Feature", "properties": {"commune_id": 727, "name": "Laaounate"}, "geometry": {"type": "Polygon", "coordinates": [[[-8.208294, 32.631703], [-8.108293999999999, 32.631703], [-8.108293999999999, 32.731702999999996], [-8.208294, 32.731702999999996], [-8.208294, 32.631703]]]}}, {"type": "Feature", "properties": {"commune_id": 728, "name": "Laatamna"}, "geometry": {"type": "Polygon", "coordinates": [[[-7.386004, 31.865667], [-7.286004, 31.865667], [-7.286004, 31.965667], [-7.386004, 31.965667], [-7.386004, 31.865667]]]}}, {"type": "Feature", "properties": {"commune_id": 729, "name": "Laatatra"}, "geometry": {"type": "Polygon", "coordinates": [[[-8.426554000000001, 32.542318], [-8.326554, 32.542318], [-8.326554, 32.642317999999996], [-8.426554000000001, 32.642317999999996], [-8.426554000000001, 32.542318]]]}}, {"type": "Feature", "properties": {"commune_id": 730, "name": "Laattaouia Ech-Chaybia"}, "geometry": {"type": "Polygon", "coordinates": [[[-7.399248, 31.815915999999998], [-7.299248, 31.815915999999998], [-7.299248, 31.915916], [-7.399248, 31.915916], [-7.399248, 31.815915999999998]]]}}, {"type": "Feature", "properties": {"commune_id": 731, "name": "Labkhati"}, "geometry": {"type": "Polygon", "coordinates": [[[-8.713514, 32.358033000000006], [-8.613513999999999, 32.358033000000006], [-8.613513999999999, 32.458033], [-8.713514, 32.458033], [-8.713514, 32.358033000000006]]]}}, {"type": "Feature", "properties": {"commune_id": 732, "name": "Labouirat"}, "geometry": {"type": "Polygon", "coordinates": [[[-9.920696000000001, 27.924144], [-9.820696, 27.924144], [-9.820696, 28.024144], [-9.920696000000001, 28.024144], [-9.920696000000001, 27.924144]]]}}, {"type": "Feature", "properties": {"commune_id": 733, "name": "Labrikiyne"}, "geometry": {"type": "Polygon", "coordinates": [[[-8.123176, 32.238197], [-8.023176, 32.238197], [-8.023176, 32.338196999999994], [-8.123176, 32.338196999999994], [-8.123176, 32.238197]]]}}, {"type": "Feature", "properties": {"commune_id": 734, "name": "Labsara"}, "geometry": {"type": "Polygon", "coordinates": [[[-2.25731, 34.633126000000004], [-2.1573100000000003, 34.633126000000004], [-2.1573100000000003, 34.733126], [-2.25731, 34.733126], [-2.25731, 34.633126000000004]]]}}, {"type": "Feature", "properties": {"commune_id": 735, "name": "Labyar"}, "geometry": {"type": "Polygon", "coordinates": [[[-10.471985, 28.727878], [-10.371984999999999, 28.727878], [-10.371984999999999, 28.827878000000002], [-10.471985, 28.827878000000002], [-10.471985, 28.727878]]]}}, {"type": "Feature", "properties": {"commune_id": 736, "name": "Lagdadra"}, "geometry": {"type": "Polygon", "coordinates": [[[-9.468347000000001, 31.501527], [-9.368347, 31.501527], [-9.368347, 31.601527], [-9.468347000000001, 31.601527], [-9.468347000000001, 31.501527]]]}}, {"type": "Feature", "properties": {"commune_id": 737, "name": "Lagfaf"}, "geometry": {"type": "Polygon", "coordinates": [[[-6.774996, 32.886250000000004], [-6.674996, 32.886250000000004], [-6.674996, 32.98625], [-6.774996, 32.98625], [-6.774996, 32.886250000000004]]]}}, {"type": "Feature", "properties": {"commune_id": 738, "name": "Lagfifat"}, "geometry": {"type": "Polygon", "coordinates": [[[-9.305072000000001, 30.262923999999998], [-9.205072, 30.262923999999998], [-9.205072, 30.362924], [-9.305072000000001, 30.362924], [-9.305072000000001, 30.262923999999998]]]}}, {"type": "Feature", "properties": {"commune_id": 739, "name": "Laghdir"}, "geometry": {"type": "Polygon", "coordinates": [[[-5.441814, 34.98752], [-5.341814, 34.98752], [-5.341814, 35.08752], [-5.441814, 35.08752], [-5.441814, 34.98752]]]}}, {"type": "Feature", "properties": {"commune_id": 740, "name": "Laghdira"}, "geometry": {"type": "Polygon", "coordinates": [[[-8.094807000000001, 33.24861], [-7.994807000000001, 33.24861], [-7.994807000000001, 33.348609999999994], [-8.094807000000001, 33.348609999999994], [-8.094807000000001, 33.24861]]]}}, {"type": "Feature", "properties": {"commune_id": 741, "name": "Laghnadra"}, "geometry": {"type": "Polygon", "coordinates": [[[-8.720101000000001, 32.594379], [-8.620101, 32.594379], [-8.620101, 32.694379], [-8.720101000000001, 32.694379], [-8.720101000000001, 32.594379]]]}}, {"type": "Feature", "properties": {"commune_id": 742, "name": "Laghnimyine"}, "geometry": {"type": "Polygon", "coordinates": [[[-7.887286, 33.146269000000004], [-7.787286, 33.146269000000004], [-7.787286, 33.246269], [-7.887286, 33.246269], [-7.887286, 33.146269000000004]]]}}, {"type": "Feature", "properties": {"commune_id": 743, "name": "Laghoualem"}, "geometry": {"type": "Polygon", "coordinates": [[[-6.7683539999999995, 33.325257], [-6.668354, 33.325257], [-6.668354, 33.425256999999995], [-6.7683539999999995, 33.425256999999995], [-6.7683539999999995, 33.325257]]]}}, {"type": "Feature", "properties": {"commune_id": 744, "name": "Lagnadiz"}, "geometry": {"type": "Polygon", "coordinates": [[[-6.841443, 33.115295], [-6.741443, 33.115295], [-6.741443, 33.215295], [-6.841443, 33.215295], [-6.841443, 33.115295]]]}}, {"type": "Feature", "properties": {"commune_id": 745, "name": "Lahdar"}, "geometry": {"type": "Polygon", "coordinates": [[[-8.869696000000001, 32.397874], [-8.769696, 32.397874], [-8.769696, 32.497873999999996], [-8.869696000000001, 32.497873999999996], [-8.869696000000001, 32.397874]]]}}, {"type": "Feature", "properties": {"commune_id": 746, "name": "Lahouaza"}, "geometry": {"type": "Polygon", "coordinates": [[[-7.737526, 32.904631], [-7.637526, 32.904631], [-7.637526, 33.004630999999996], [-7.737526, 33.004630999999996], [-7.737526, 32.904631]]]}}, {"type": "Feature", "properties": {"commune_id": 747, "name": "Lahraouyine"}, "geometry": {"type": "Polygon", "coordinates": [[[-7.570907, 33.491325], [-7.470907, 33.491325], [-7.470907, 33.591325], [-7.570907, 33.591325], [-7.570907, 33.491325]]]}}, {"type": "Feature", "properties": {"commune_id": 748, "name": "Lahsasna"}, "geometry": {"type": "Polygon", "coordinates": [[[-7.71876, 33.13364], [-7.61876, 33.13364], [-7.61876, 33.233639999999994], [-7.71876, 33.233639999999994], [-7.71876, 33.13364]]]}}, {"type": "Feature", "properties": {"commune_id": 749, "name": "Lahsinate"}, "geometry": {"type": "Polygon", "coordinates": [[[-9.531715, 31.487841], [-9.431714999999999, 31.487841], [-9.431714999999999, 31.587841], [-9.531715, 31.587841], [-9.531715, 31.487841]]]}}, {"type": "Feature", "properties": {"commune_id": 750, "name": "Lakhnafif"}, "geometry": {"type": "Polygon", "coordinates": [[[-9.048836000000001, 30.351328], [-8.948836, 30.351328], [-8.948836, 30.451328], [-9.048836000000001, 30.451328], [-9.048836000000001, 30.351328]]]}}, {"type": "Feature", "properties": {"commune_id": 751, "name": "Lakhoualqa"}, "geometry": {"type": "Polygon", "coordinates": [[[-8.409551, 32.011962000000004], [-8.309550999999999, 32.011962000000004], [-8.309550999999999, 32.111962], [-8.409551, 32.111962], [-8.409551, 32.011962000000004]]]}}, {"type": "Feature", "properties": {"commune_id": 752, "name": "Lakhsas"}, "geometry": {"type": "Polygon", "coordinates": [[[-9.80306, 29.320353], [-9.703059999999999, 29.320353], [-9.703059999999999, 29.420353000000002], [-9.80306, 29.420353000000002], [-9.80306, 29.320353]]]}}, {"type": "Feature", "properties": {"commune_id": 753, "name": "Lakhzazra"}, "geometry": {"type": "Polygon", "coordinates": [[[-7.093856, 32.957356000000004], [-6.993856, 32.957356000000004], [-6.993856, 33.057356], [-7.093856, 33.057356], [-7.093856, 32.957356000000004]]]}}, {"type": "Feature", "properties": {"commune_id": 754, "name": "Lalla Aaziza"}, "geometry": {"type": "Polygon", "coordinates": [[[-8.745125000000002, 31.004535], [-8.645125, 31.004535], [-8.645125, 31.104535000000002], [-8.745125000000002, 31.104535000000002], [-8.745125000000002, 31.004535]]]}}, {"type": "Feature", "properties": {"commune_id": 755, "name": "Lalla Mimouna"}, "geometry": {"type": "Polygon", "coordinates": [[[-6.11255, 34.779716], [-6.01255, 34.779716], [-6.01255, 34.879715999999995], [-6.11255, 34.879715999999995], [-6.11255, 34.779716]]]}}, {"type": "Feature", "properties": {"commune_id": 756, "name": "Lalla Takarkoust"}, "geometry": {"type": "Polygon", "coordinates": [[[-8.172587, 31.273613], [-8.072586999999999, 31.273613], [-8.072586999999999, 31.373613000000002], [-8.172587, 31.373613000000002], [-8.172587, 31.273613]]]}}, {"type": "Feature", "properties": {"commune_id": 757, "name": "Lamaachate"}, "geometry": {"type": "Polygon", "coordinates": [[[-9.411046, 31.951942], [-9.311046, 31.951942], [-9.311046, 32.051942], [-9.411046, 32.051942], [-9.411046, 31.951942]]]}}, {"type": "Feature", "properties": {"commune_id": 758, "name": "Lambarkiyine"}, "geometry": {"type": "Polygon", "coordinates": [[[-7.518261, 33.168644], [-7.418261, 33.168644], [-7.418261, 33.268643999999995], [-7.518261, 33.268643999999995], [-7.518261, 33.168644]]]}}, {"type": "Feature", "properties": {"commune_id": 759, "name": "Lamhadi"}, "geometry": {"type": "Polygon", "coordinates": [[[-9.066592, 30.276186], [-8.966591999999999, 30.276186], [-8.966591999999999, 30.376186], [-9.066592, 30.376186], [-9.066592, 30.276186]]]}}, {"type": "Feature", "properties": {"commune_id": 760, "name": "Lamhara"}, "geometry": {"type": "Polygon", "coordinates": [[[-8.506821, 30.501796], [-8.406820999999999, 30.501796], [-8.406820999999999, 30.601796], [-8.506821, 30.601796], [-8.506821, 30.501796]]]}}, {"type": "Feature", "properties": {"commune_id": 761, "name": "Lamharra"}, "geometry": {"type": "Polygon", "coordinates": [[[-7.782958, 32.00999], [-7.682958, 32.00999], [-7.682958, 32.109989999999996], [-7.782958, 32.109989999999996], [-7.782958, 32.00999]]]}}, {"type": "Feature", "properties": {"commune_id": 762, "name": "Lamharza Essahel"}, "geometry": {"type": "Polygon", "coordinates": [[[-8.109808000000001, 33.339580000000005], [-8.009808, 33.339580000000005], [-8.009808, 33.43958], [-8.109808000000001, 33.43958], [-8.109808000000001, 33.339580000000005]]]}}, {"type": "Feature", "properties": {"commune_id": 763, "name": "Lamjaara"}, "geometry": {"type": "Polygon", "coordinates": [[[-5.316432, 34.569711000000005], [-5.216432, 34.569711000000005], [-5.216432, 34.669711], [-5.316432, 34.669711], [-5.316432, 34.569711000000005]]]}}, {"type": "Feature", "properties": {"commune_id": 764, "name": "Lamnizla"}, "geometry": {"type": "Polygon", "coordinates": [[[-9.144960000000001, 30.594462999999998], [-9.04496, 30.594462999999998], [-9.04496, 30.694463], [-9.144960000000001, 30.694463], [-9.144960000000001, 30.594462999999998]]]}}, {"type": "Feature", "properties": {"commune_id": 765, "name": "Lamrabih"}, "geometry": {"type": "Polygon", "coordinates": [[[-5.4936229999999995, 34.425776000000006], [-5.393623, 34.425776000000006], [-5.393623, 34.525776], [-5.4936229999999995, 34.525776], [-5.4936229999999995, 34.425776000000006]]]}}, {"type": "Feature", "properties": {"commune_id": 766, "name": "Lamrasla"}, "geometry": {"type": "Polygon", "coordinates": [[[-8.965619, 31.96397], [-8.865618999999999, 31.96397], [-8.865618999999999, 32.06397], [-8.965619, 32.06397], [-8.965619, 31.96397]]]}}, {"type": "Feature", "properties": {"commune_id": 767, "name": "Lamrija"}, "geometry": {"type": "Polygon", "coordinates": [[[-3.328763, 33.881773], [-3.2287630000000003, 33.881773], [-3.2287630000000003, 33.981773], [-3.328763, 33.981773], [-3.328763, 33.881773]]]}}, {"type": "Feature", "properties": {"commune_id": 768, "name": "Lamsabih"}, "geometry": {"type": "Polygon", "coordinates": [[[-8.738940000000001, 32.243149], [-8.63894, 32.243149], [-8.63894, 32.343149], [-8.738940000000001, 32.343149], [-8.738940000000001, 32.243149]]]}}, {"type": "Feature", "properties": {"commune_id": 769, "name": "Lamssid"}, "geometry": {"type": "Polygon", "coordinates": [[[-13.508117, 26.044646999999998], [-13.408116999999999, 26.044646999999998], [-13.408116999999999, 26.144647], [-13.508117, 26.144647], [-13.508117, 26.044646999999998]]]}}, {"type": "Feature", "properties": {"commune_id": 770, "name": "Laouamra"}, "geometry": {"type": "Polygon", "coordinates": [[[-6.1926879999999995, 35.023989], [-6.092688, 35.023989], [-6.092688, 35.123988999999995], [-6.1926879999999995, 35.123988999999995], [-6.1926879999999995, 35.023989]]]}}, {"type": "Feature", "properties": {"commune_id": 771, "name": "Laqraqra"}, "geometry": {"type": "Polygon", "coordinates": [[[-7.156783, 32.362669000000004], [-7.056783, 32.362669000000004], [-7.056783, 32.462669], [-7.156783, 32.462669], [-7.156783, 32.362669000000004]]]}}, {"type": "Feature", "properties": {"commune_id": 772, "name": "Laqsabi Tagoust"}, "geometry": {"type": "Polygon", "coordinates": [[[-10.269945, 28.921204], [-10.169944999999998, 28.921204], [-10.169944999999998, 29.021204], [-10.269945, 29.021204], [-10.269945, 28.921204]]]}}, {"type": "Feature", "properties": {"commune_id": 773, "name": "Laqsir"}, "geometry": {"type": "Polygon", "coordinates": [[[-5.282725, 33.854275], [-5.1827250000000005, 33.854275], [-5.1827250000000005, 33.954274999999996], [-5.282725, 33.954274999999996], [-5.282725, 33.854275]]]}}, {"type": "Feature", "properties": {"commune_id": 774, "name": "Larache"}, "geometry": {"type": "Polygon", "coordinates": [[[-6.189343, 35.131346], [-6.089343, 35.131346], [-6.089343, 35.231345999999995], [-6.189343, 35.231345999999995], [-6.189343, 35.131346]]]}}, {"type": "Feature", "properties": {"commune_id": 775, "name": "Laâtamna"}, "geometry": {"type": "Polygon", "coordinates": [[[-2.3154169999999996, 34.977003], [-2.215417, 34.977003], [-2.215417, 35.077003], [-2.3154169999999996, 35.077003], [-2.3154169999999996, 34.977003]]]}}, {"type": "Feature", "properties": {"commune_id": 776, "name": "Laâyoune"}, "geometry": {"type": "Polygon", "coordinates": [[[-13.231168, 27.091698], [-13.131167999999999, 27.091698], [-13.131167999999999, 27.191698000000002], [-13.231168, 27.191698000000002], [-13.231168, 27.091698]]]}}, {"type": "Feature", "properties": {"commune_id": 777, "name": "Lebkhata"}, "geometry": {"type": "Polygon", "coordinates": [[[-2.451794, 34.127733000000006], [-2.3517940000000004, 34.127733000000006], [-2.3517940000000004, 34.227733], [-2.451794, 34.227733], [-2.451794, 34.127733000000006]]]}}, {"type": "Feature", "properties": {"commune_id": 778, "name": "Lehri"}, "geometry": {"type": "Polygon", "coordinates": [[[-5.658562, 32.780879000000006], [-5.558562, 32.780879000000006], [-5.558562, 32.880879], [-5.658562, 32.880879], [-5.658562, 32.780879000000006]]]}}, {"type": "Feature", "properties": {"commune_id": 779, "name": "Lgharbia"}, "geometry": {"type": "Polygon", "coordinates": [[[-8.923965, 32.52991], [-8.823965, 32.52991], [-8.823965, 32.629909999999995], [-8.923965, 32.629909999999995], [-8.923965, 32.52991]]]}}, {"type": "Feature", "properties": {"commune_id": 780, "name": "Lkheng"}, "geometry": {"type": "Polygon", "coordinates": [[[-4.416079, 31.877618], [-4.316079, 31.877618], [-4.316079, 31.977618], [-4.416079, 31.977618], [-4.416079, 31.877618]]]}}, {"type": "Feature", "properties": {"commune_id": 781, "name": "Lmechrek"}, "geometry": {"type": "Polygon", "coordinates": [[[-8.512848, 32.688739000000005], [-8.412847999999999, 32.688739000000005], [-8.412847999999999, 32.788739], [-8.512848, 32.788739], [-8.512848, 32.688739000000005]]]}}, {"type": "Feature", "properties": {"commune_id": 782, "name": "Louadaine"}, "geometry": {"type": "Polygon", "coordinates": [[[-4.967929, 34.17636], [-4.867929, 34.17636], [-4.867929, 34.27636], [-4.967929, 34.27636], [-4.967929, 34.17636]]]}}, {"type": "Feature", "properties": {"commune_id": 783, "name": "Loualidia"}, "geometry": {"type": "Polygon", "coordinates": [[[-9.022566000000001, 32.657249], [-8.922566, 32.657249], [-8.922566, 32.757248999999995], [-9.022566000000001, 32.757248999999995], [-9.022566000000001, 32.657249]]]}}, {"type": "Feature", "properties": {"commune_id": 784, "name": "Loudaya"}, "geometry": {"type": "Polygon", "coordinates": [[[-8.353278000000001, 31.595193], [-8.253278, 31.595193], [-8.253278, 31.695193], [-8.353278000000001, 31.695193], [-8.353278000000001, 31.595193]]]}}, {"type": "Feature", "properties": {"commune_id": 785, "name": "Loulad"}, "geometry": {"type": "Polygon", "coordinates": [[[-7.1815109999999995, 32.938544], [-7.081511, 32.938544], [-7.081511, 33.038543999999995], [-7.1815109999999995, 33.038543999999995], [-7.1815109999999995, 32.938544]]]}}, {"type": "Feature", "properties": {"commune_id": 786, "name": "Loulja"}, "geometry": {"type": "Polygon", "coordinates": [[[-4.9529369999999995, 34.241719], [-4.852937, 34.241719], [-4.852937, 34.341719], [-4.9529369999999995, 34.341719], [-4.9529369999999995, 34.241719]]]}}, {"type": "Feature", "properties": {"commune_id": 787, "name": "Lounasda"}, "geometry": {"type": "Polygon", "coordinates": [[[-7.437664, 32.141051000000004], [-7.337664, 32.141051000000004], [-7.337664, 32.241051], [-7.437664, 32.241051], [-7.437664, 32.141051000000004]]]}}, {"type": "Feature", "properties": {"commune_id": 788, "name": "Louta"}, "geometry": {"type": "Polygon", "coordinates": [[[-3.9452559999999997, 35.05903], [-3.845256, 35.05903], [-3.845256, 35.159029999999994], [-3.9452559999999997, 35.159029999999994], [-3.9452559999999997, 35.05903]]]}}, {"type": "Feature", "properties": {"commune_id": 789, "name": "Lqliaa"}, "geometry": {"type": "Polygon", "coordinates": [[[-9.578513000000001, 30.263821], [-9.478513, 30.263821], [-9.478513, 30.363821], [-9.578513000000001, 30.363821], [-9.578513000000001, 30.263821]]]}}, {"type": "Feature", "properties": {"commune_id": 790, "name": "M'Diq"}, "geometry": {"type": "Polygon", "coordinates": [[[-5.3848069999999995, 35.668224], [-5.284807, 35.668224], [-5.284807, 35.768224], [-5.3848069999999995, 35.768224], [-5.3848069999999995, 35.668224]]]}}, {"type": "Feature", "properties": {"commune_id": 791, "name": "M'Fassis"}, "geometry": {"type": "Polygon", "coordinates": [[[-6.864591, 32.698703], [-6.764591, 32.698703], [-6.764591, 32.798702999999996], [-6.864591, 32.798702999999996], [-6.864591, 32.698703]]]}}, {"type": "Feature", "properties": {"commune_id": 792, "name": "M'Garto"}, "geometry": {"type": "Polygon", "coordinates": [[[-7.104159, 33.110815], [-7.0041590000000005, 33.110815], [-7.0041590000000005, 33.210815], [-7.104159, 33.210815], [-7.104159, 33.110815]]]}}, {"type": "Feature", "properties": {"commune_id": 793, "name": "M'Hajer"}, "geometry": {"type": "Polygon", "coordinates": [[[-3.542912, 35.056338000000004], [-3.442912, 35.056338000000004], [-3.442912, 35.156338], [-3.542912, 35.156338], [-3.542912, 35.056338000000004]]]}}, {"type": "Feature", "properties": {"commune_id": 794, "name": "M'Hamid El Ghizlane"}, "geometry": {"type": "Polygon", "coordinates": [[[-5.9549319999999994, 29.712343], [-5.854932, 29.712343], [-5.854932, 29.812343000000002], [-5.9549319999999994, 29.812343000000002], [-5.9549319999999994, 29.712343]]]}}, {"type": "Feature", "properties": {"commune_id": 795, "name": "M'Haya"}, "geometry": {"type": "Polygon", "coordinates": [[[-5.314705, 33.985767], [-5.214705, 33.985767], [-5.214705, 34.085767], [-5.314705, 34.085767], [-5.314705, 33.985767]]]}}, {"type": "Feature", "properties": {"commune_id": 796, "name": "M'Nabha"}, "geometry": {"type": "Polygon", "coordinates": [[[-8.177278000000001, 31.906798], [-8.077278, 31.906798], [-8.077278, 32.006797999999996], [-8.177278000000001, 32.006797999999996], [-8.177278000000001, 31.906798]]]}}, {"type": "Feature", "properties": {"commune_id": 797, "name": "M'Qam Tolba"}, "geometry": {"type": "Polygon", "coordinates": [[[-6.303141, 33.963941000000005], [-6.2031410000000005, 33.963941000000005], [-6.2031410000000005, 34.063941], [-6.303141, 34.063941], [-6.303141, 33.963941000000005]]]}}, {"type": "Feature", "properties": {"commune_id": 798, "name": "M'Ramer"}, "geometry": {"type": "Polygon", "coordinates": [[[-9.220125000000001, 31.635866], [-9.120125, 31.635866], [-9.120125, 31.735866], [-9.220125000000001, 31.735866], [-9.220125000000001, 31.635866]]]}}, {"type": "Feature", "properties": {"commune_id": 799, "name": "M'Saada"}, "geometry": {"type": "Polygon", "coordinates": [[[-5.8994219999999995, 34.331770000000006], [-5.799422, 34.331770000000006], [-5.799422, 34.43177], [-5.8994219999999995, 34.43177], [-5.8994219999999995, 34.331770000000006]]]}}, {"type": "Feature", "properties": {"commune_id": 800, "name": "M'Semrir"}, "geometry": {"type": "Polygon", "coordinates": [[[-5.92374, 31.668695], [-5.82374, 31.668695], [-5.82374, 31.768695], [-5.92374, 31.768695], [-5.92374, 31.668695]]]}}, {"type": "Feature", "properties": {"commune_id": 801, "name": "M'Ssici"}, "geometry": {"type": "Polygon", "coordinates": [[[-4.834245, 30.948971999999998], [-4.7342450000000005, 30.948971999999998], [-4.7342450000000005, 31.048972], [-4.834245, 31.048972], [-4.834245, 30.948971999999998]]]}}, {"type": "Feature", "properties": {"commune_id": 802, "name": "M'Tal"}, "geometry": {"type": "Polygon", "coordinates": [[[-8.456592, 32.456851], [-8.356592, 32.456851], [-8.356592, 32.556850999999995], [-8.456592, 32.556850999999995], [-8.456592, 32.456851]]]}}, {"type": "Feature", "properties": {"commune_id": 803, "name": "M'Zem Sanhaja"}, "geometry": {"type": "Polygon", "coordinates": [[[-7.170305, 31.941283], [-7.070305, 31.941283], [-7.070305, 32.041283], [-7.170305, 32.041283], [-7.170305, 31.941283]]]}}, {"type": "Feature", "properties": {"commune_id": 804, "name": "M'Zizel"}, "geometry": {"type": "Polygon", "coordinates": [[[-4.760853, 32.121033000000004], [-4.660853, 32.121033000000004], [-4.660853, 32.221033], [-4.760853, 32.221033], [-4.760853, 32.121033000000004]]]}}, {"type": "Feature", "properties": {"commune_id": 805, "name": "M'Zouda"}, "geometry": {"type": "Polygon", "coordinates": [[[-8.60195, 31.183954], [-8.501949999999999, 31.183954], [-8.501949999999999, 31.283954], [-8.60195, 31.283954], [-8.60195, 31.183954]]]}}, {"type": "Feature", "properties": {"commune_id": 806, "name": "M'rirt"}, "geometry": {"type": "Polygon", "coordinates": [[[-5.6161389999999995, 33.113223000000005], [-5.516139, 33.113223000000005], [-5.516139, 33.213223], [-5.6161389999999995, 33.213223], [-5.6161389999999995, 33.113223000000005]]]}}, {"type": "Feature", "properties": {"commune_id": 807, "name": "M'tioua"}, "geometry": {"type": "Polygon", "coordinates": [[[-4.627864, 35.09328], [-4.527864, 35.09328], [-4.527864, 35.193279999999994], [-4.627864, 35.193279999999994], [-4.627864, 35.09328]]]}}, {"type": "Feature", "properties": {"commune_id": 808, "name": "Maadna"}, "geometry": {"type": "Polygon", "coordinates": [[[-6.549213, 32.860638], [-6.449213, 32.860638], [-6.449213, 32.960637999999996], [-6.549213, 32.960637999999996], [-6.549213, 32.860638]]]}}, {"type": "Feature", "properties": {"commune_id": 809, "name": "Maatarka"}, "geometry": {"type": "Polygon", "coordinates": [[[-2.601746, 33.085593], [-2.5017460000000002, 33.085593], [-2.5017460000000002, 33.185593], [-2.601746, 33.185593], [-2.601746, 33.085593]]]}}, {"type": "Feature", "properties": {"commune_id": 810, "name": "Maaziz"}, "geometry": {"type": "Polygon", "coordinates": [[[-6.391634, 33.649687], [-6.291634, 33.649687], [-6.291634, 33.749686999999994], [-6.391634, 33.749686999999994], [-6.391634, 33.649687]]]}}, {"type": "Feature", "properties": {"commune_id": 811, "name": "Machraa Ben Abbou"}, "geometry": {"type": "Polygon", "coordinates": [[[-7.871833, 32.627388], [-7.771833, 32.627388], [-7.771833, 32.727388], [-7.871833, 32.727388], [-7.871833, 32.627388]]]}}, {"type": "Feature", "properties": {"commune_id": 812, "name": "Machraa El Ain"}, "geometry": {"type": "Polygon", "coordinates": [[[-8.978536, 30.322233], [-8.878535999999999, 30.322233], [-8.878535999999999, 30.422233000000002], [-8.978536, 30.422233000000002], [-8.978536, 30.322233]]]}}, {"type": "Feature", "properties": {"commune_id": 813, "name": "Madagh"}, "geometry": {"type": "Polygon", "coordinates": [[[-2.4121439999999996, 35.002792], [-2.312144, 35.002792], [-2.312144, 35.102791999999994], [-2.4121439999999996, 35.102791999999994], [-2.4121439999999996, 35.002792]]]}}, {"type": "Feature", "properties": {"commune_id": 814, "name": "Maghraoua"}, "geometry": {"type": "Polygon", "coordinates": [[[-4.053457, 33.897957000000005], [-3.953457, 33.897957000000005], [-3.953457, 33.997957], [-4.053457, 33.997957], [-4.053457, 33.897957000000005]]]}}, {"type": "Feature", "properties": {"commune_id": 815, "name": "Majjat"}, "geometry": {"type": "Polygon", "coordinates": [[[-8.627826, 31.405658], [-8.527826, 31.405658], [-8.527826, 31.505658], [-8.627826, 31.505658], [-8.627826, 31.405658]]]}}, {"type": "Feature", "properties": {"commune_id": 816, "name": "Majjate"}, "geometry": {"type": "Polygon", "coordinates": [[[-5.574851, 33.754156], [-5.474851, 33.754156], [-5.474851, 33.854155999999996], [-5.574851, 33.854155999999996], [-5.574851, 33.754156]]]}}, {"type": "Feature", "properties": {"commune_id": 817, "name": "Majmaa Tolba"}, "geometry": {"type": "Polygon", "coordinates": [[[-6.0520879999999995, 33.669263], [-5.952088, 33.669263], [-5.952088, 33.769262999999995], [-6.0520879999999995, 33.769262999999995], [-6.0520879999999995, 33.669263]]]}}, {"type": "Feature", "properties": {"commune_id": 818, "name": "Mallalienne"}, "geometry": {"type": "Polygon", "coordinates": [[[-5.427193, 35.587197], [-5.327193, 35.587197], [-5.327193, 35.687197], [-5.427193, 35.687197], [-5.427193, 35.587197]]]}}, {"type": "Feature", "properties": {"commune_id": 819, "name": "Malloussa"}, "geometry": {"type": "Polygon", "coordinates": [[[-5.697444, 35.681647000000005], [-5.597444, 35.681647000000005], [-5.597444, 35.781647], [-5.697444, 35.781647], [-5.697444, 35.681647000000005]]]}}, {"type": "Feature", "properties": {"commune_id": 820, "name": "Mançoura"}, "geometry": {"type": "Polygon", "coordinates": [[[-5.010355, 34.794232], [-4.910355, 34.794232], [-4.910355, 34.894231999999995], [-5.010355, 34.894231999999995], [-5.010355, 34.794232]]]}}, {"type": "Feature", "properties": {"commune_id": 821, "name": "Marchouch"}, "geometry": {"type": "Polygon", "coordinates": [[[-6.685582, 33.51368], [-6.5855820000000005, 33.51368], [-6.5855820000000005, 33.613679999999995], [-6.685582, 33.613679999999995], [-6.685582, 33.51368]]]}}, {"type": "Feature", "properties": {"commune_id": 822, "name": "Marrakech"}, "geometry": {"type": "Polygon", "coordinates": [[[-8.037035, 31.577312], [-7.937035, 31.577312], [-7.937035, 31.677312], [-8.037035, 31.677312], [-8.037035, 31.577312]]]}}, {"type": "Feature", "properties": {"commune_id": 823, "name": "Martil"}, "geometry": {"type": "Polygon", "coordinates": [[[-5.349952, 35.572502], [-5.249952, 35.572502], [-5.249952, 35.672501999999994], [-5.349952, 35.672501999999994], [-5.349952, 35.572502]]]}}, {"type": "Feature", "properties": {"commune_id": 824, "name": "Masmouda"}, "geometry": {"type": "Polygon", "coordinates": [[[-5.743971, 34.716331000000004], [-5.6439710000000005, 34.716331000000004], [-5.6439710000000005, 34.816331], [-5.743971, 34.816331], [-5.743971, 34.716331000000004]]]}}, {"type": "Feature", "properties": {"commune_id": 825, "name": "Massa"}, "geometry": {"type": "Polygon", "coordinates": [[[-9.715184, 29.910183], [-9.615184, 29.910183], [-9.615184, 30.010183], [-9.715184, 30.010183], [-9.715184, 29.910183]]]}}, {"type": "Feature", "properties": {"commune_id": 826, "name": "Matmata"}, "geometry": {"type": "Polygon", "coordinates": [[[-4.530882, 34.048001], [-4.430882, 34.048001], [-4.430882, 34.148000999999994], [-4.530882, 34.148000999999994], [-4.530882, 34.048001]]]}}, {"type": "Feature", "properties": {"commune_id": 827, "name": "Mayate"}, "geometry": {"type": "Polygon", "coordinates": [[[-7.568534, 32.195173000000004], [-7.468534, 32.195173000000004], [-7.468534, 32.295173], [-7.568534, 32.295173], [-7.568534, 32.195173000000004]]]}}, {"type": "Feature", "properties": {"commune_id": 828, "name": "Mazguitam"}, "geometry": {"type": "Polygon", "coordinates": [[[-3.6897879999999996, 34.45176], [-3.589788, 34.45176], [-3.589788, 34.551759999999994], [-3.6897879999999996, 34.551759999999994], [-3.6897879999999996, 34.45176]]]}}, {"type": "Feature", "properties": {"commune_id": 829, "name": "Mechouar Kasbah"}, "geometry": {"type": "Polygon", "coordinates": [[[-8.040187, 31.549007], [-7.940187, 31.549007], [-7.940187, 31.649007], [-8.040187, 31.649007], [-8.040187, 31.549007]]]}}, {"type": "Feature", "properties": {"commune_id": 830, "name": "Mechra Bel Ksiri"}, "geometry": {"type": "Polygon", "coordinates": [[[-6.016598, 34.526405000000004], [-5.9165980000000005, 34.526405000000004], [-5.9165980000000005, 34.626405], [-6.016598, 34.626405], [-6.016598, 34.526405000000004]]]}}, {"type": "Feature", "properties": {"commune_id": 831, "name": "Mechraa Hammadi"}, "geometry": {"type": "Polygon", "coordinates": [[[-2.711579, 34.616074000000005], [-2.6115790000000003, 34.616074000000005], [-2.6115790000000003, 34.716074], [-2.711579, 34.716074], [-2.711579, 34.616074000000005]]]}}, {"type": "Feature", "properties": {"commune_id": 832, "name": "Mehdya"}, "geometry": {"type": "Polygon", "coordinates": [[[-6.708931, 34.205945], [-6.608931, 34.205945], [-6.608931, 34.305944999999994], [-6.708931, 34.305944999999994], [-6.708931, 34.205945]]]}}, {"type": "Feature", "properties": {"commune_id": 833, "name": "Mejji"}, "geometry": {"type": "Polygon", "coordinates": [[[-9.399236, 31.509292], [-9.299235999999999, 31.509292], [-9.299235999999999, 31.609292], [-9.399236, 31.609292], [-9.399236, 31.509292]]]}}, {"type": "Feature", "properties": {"commune_id": 834, "name": "Meknassa Acharqia"}, "geometry": {"type": "Polygon", "coordinates": [[[-3.9800259999999996, 34.313548000000004], [-3.880026, 34.313548000000004], [-3.880026, 34.413548], [-3.9800259999999996, 34.413548], [-3.9800259999999996, 34.313548000000004]]]}}, {"type": "Feature", "properties": {"commune_id": 835, "name": "Meknassa Al Gharbia"}, "geometry": {"type": "Polygon", "coordinates": [[[-4.105913999999999, 34.221577], [-4.005914, 34.221577], [-4.005914, 34.321577], [-4.105913999999999, 34.321577], [-4.105913999999999, 34.221577]]]}}, {"type": "Feature", "properties": {"commune_id": 836, "name": "Meknès"}, "geometry": {"type": "Polygon", "coordinates": [[[-5.5854479999999995, 33.833852], [-5.485448, 33.833852], [-5.485448, 33.933851999999995], [-5.5854479999999995, 33.933851999999995], [-5.5854479999999995, 33.833852]]]}}, {"type": "Feature", "properties": {"commune_id": 837, "name": "Melaab"}, "geometry": {"type": "Polygon", "coordinates": [[[-4.793048, 31.42682], [-4.693048, 31.42682], [-4.693048, 31.52682], [-4.793048, 31.52682], [-4.793048, 31.42682]]]}}, {"type": "Feature", "properties": {"commune_id": 838, "name": "Melga el Ouidane"}, "geometry": {"type": "Polygon", "coordinates": [[[-3.010681, 34.479348], [-2.9106810000000003, 34.479348], [-2.9106810000000003, 34.579347999999996], [-3.010681, 34.579347999999996], [-3.010681, 34.479348]]]}}, {"type": "Feature", "properties": {"commune_id": 839, "name": "Mellila"}, "geometry": {"type": "Polygon", "coordinates": [[[-7.156095, 33.340408000000004], [-7.056095, 33.340408000000004], [-7.056095, 33.440408], [-7.156095, 33.440408], [-7.156095, 33.340408000000004]]]}}, {"type": "Feature", "properties": {"commune_id": 840, "name": "Merija"}, "geometry": {"type": "Polygon", "coordinates": [[[-2.3293139999999997, 33.876745], [-2.229314, 33.876745], [-2.229314, 33.976744999999994], [-2.3293139999999997, 33.976744999999994], [-2.3293139999999997, 33.876745]]]}}, {"type": "Feature", "properties": {"commune_id": 841, "name": "Mers El Kheir"}, "geometry": {"type": "Polygon", "coordinates": [[[-6.962553, 33.823902000000004], [-6.862553, 33.823902000000004], [-6.862553, 33.923902], [-6.962553, 33.923902], [-6.962553, 33.823902000000004]]]}}, {"type": "Feature", "properties": {"commune_id": 842, "name": "Meskala"}, "geometry": {"type": "Polygon", "coordinates": [[[-9.421479000000001, 31.333517], [-9.321479, 31.333517], [-9.321479, 31.433517000000002], [-9.421479000000001, 31.433517000000002], [-9.421479000000001, 31.333517]]]}}, {"type": "Feature", "properties": {"commune_id": 843, "name": "Meskoura"}, "geometry": {"type": "Polygon", "coordinates": [[[-7.284343, 32.547610000000006], [-7.184343, 32.547610000000006], [-7.184343, 32.64761], [-7.284343, 32.64761], [-7.284343, 32.547610000000006]]]}}, {"type": "Feature", "properties": {"commune_id": 844, "name": "Messassa"}, "geometry": {"type": "Polygon", "coordinates": [[[-4.5716969999999995, 34.206711000000006], [-4.471697, 34.206711000000006], [-4.471697, 34.306711], [-4.5716969999999995, 34.306711], [-4.5716969999999995, 34.206711000000006]]]}}, {"type": "Feature", "properties": {"commune_id": 845, "name": "Mestegmer"}, "geometry": {"type": "Polygon", "coordinates": [[[-2.8251549999999996, 34.466529], [-2.725155, 34.466529], [-2.725155, 34.566528999999996], [-2.8251549999999996, 34.566528999999996], [-2.8251549999999996, 34.466529]]]}}, {"type": "Feature", "properties": {"commune_id": 846, "name": "Mestferki"}, "geometry": {"type": "Polygon", "coordinates": [[[-2.312763, 34.444935], [-2.2127630000000003, 34.444935], [-2.2127630000000003, 34.544934999999995], [-2.312763, 34.544934999999995], [-2.312763, 34.444935]]]}}, {"type": "Feature", "properties": {"commune_id": 847, "name": "Mesti"}, "geometry": {"type": "Polygon", "coordinates": [[[-10.232516, 29.220525], [-10.132515999999999, 29.220525], [-10.132515999999999, 29.320525], [-10.232516, 29.320525], [-10.232516, 29.220525]]]}}, {"type": "Feature", "properties": {"commune_id": 848, "name": "Metrane"}, "geometry": {"type": "Polygon", "coordinates": [[[-8.293228000000001, 32.583287000000006], [-8.193228, 32.583287000000006], [-8.193228, 32.683287], [-8.293228000000001, 32.683287], [-8.293228000000001, 32.583287000000006]]]}}, {"type": "Feature", "properties": {"commune_id": 849, "name": "Mettouh"}, "geometry": {"type": "Polygon", "coordinates": [[[-8.229935000000001, 32.839557000000006], [-8.129935, 32.839557000000006], [-8.129935, 32.939557], [-8.229935000000001, 32.939557], [-8.229935000000001, 32.839557000000006]]]}}, {"type": "Feature", "properties": {"commune_id": 850, "name": "Mezguita"}, "geometry": {"type": "Polygon", "coordinates": [[[-6.422154, 30.63535], [-6.322154, 30.63535], [-6.322154, 30.73535], [-6.422154, 30.73535], [-6.422154, 30.63535]]]}}, {"type": "Feature", "properties": {"commune_id": 851, "name": "Mezraoua"}, "geometry": {"type": "Polygon", "coordinates": [[[-4.7888839999999995, 34.474513], [-4.688884, 34.474513], [-4.688884, 34.574512999999996], [-4.7888839999999995, 34.574512999999996], [-4.7888839999999995, 34.474513]]]}}, {"type": "Feature", "properties": {"commune_id": 852, "name": "Mibladen"}, "geometry": {"type": "Polygon", "coordinates": [[[-4.636149, 32.739247000000006], [-4.536149, 32.739247000000006], [-4.536149, 32.839247], [-4.636149, 32.839247], [-4.636149, 32.739247000000006]]]}}, {"type": "Feature", "properties": {"commune_id": 853, "name": "Midar"}, "geometry": {"type": "Polygon", "coordinates": [[[-3.595971, 34.885998], [-3.4959710000000004, 34.885998], [-3.4959710000000004, 34.985997999999995], [-3.595971, 34.985997999999995], [-3.595971, 34.885998]]]}}, {"type": "Feature", "properties": {"commune_id": 854, "name": "Midelt"}, "geometry": {"type": "Polygon", "coordinates": [[[-4.79015, 32.635213], [-4.69015, 32.635213], [-4.69015, 32.735212999999995], [-4.79015, 32.735212999999995], [-4.79015, 32.635213]]]}}, {"type": "Feature", "properties": {"commune_id": 855, "name": "Mijik"}, "geometry": {"type": "Polygon", "coordinates": [[[-12.746502000000001, 23.720686999999998], [-12.646502, 23.720686999999998], [-12.646502, 23.820687], [-12.746502000000001, 23.820687], [-12.746502000000001, 23.720686999999998]]]}}, {"type": "Feature", "properties": {"commune_id": 856, "name": "Mikkes"}, "geometry": {"type": "Polygon", "coordinates": [[[-5.316262, 34.077846], [-5.216262, 34.077846], [-5.216262, 34.177845999999995], [-5.316262, 34.177845999999995], [-5.316262, 34.077846]]]}}, {"type": "Feature", "properties": {"commune_id": 857, "name": "Mirleft"}, "geometry": {"type": "Polygon", "coordinates": [[[-10.121343000000001, 29.465168], [-10.021343, 29.465168], [-10.021343, 29.565168], [-10.121343000000001, 29.565168], [-10.121343000000001, 29.465168]]]}}, {"type": "Feature", "properties": {"commune_id": 858, "name": "Missour"}, "geometry": {"type": "Polygon", "coordinates": [[[-4.046696, 32.995475000000006], [-3.946696, 32.995475000000006], [-3.946696, 33.095475], [-4.046696, 33.095475], [-4.046696, 32.995475000000006]]]}}, {"type": "Feature", "properties": {"commune_id": 859, "name": "Mkansa"}, "geometry": {"type": "Polygon", "coordinates": [[[-5.456259, 34.285147], [-5.3562590000000005, 34.285147], [-5.3562590000000005, 34.385146999999996], [-5.456259, 34.385146999999996], [-5.456259, 34.285147]]]}}, {"type": "Feature", "properties": {"commune_id": 860, "name": "Mkhalif"}, "geometry": {"type": "Polygon", "coordinates": [[[-9.289937, 31.828471], [-9.189936999999999, 31.828471], [-9.189936999999999, 31.928471000000002], [-9.289937, 31.928471000000002], [-9.289937, 31.828471]]]}}, {"type": "Feature", "properties": {"commune_id": 861, "name": "Mnasra"}, "geometry": {"type": "Polygon", "coordinates": [[[-6.606954, 34.320379], [-6.506954, 34.320379], [-6.506954, 34.420379], [-6.606954, 34.420379], [-6.606954, 34.320379]]]}}, {"type": "Feature", "properties": {"commune_id": 862, "name": "Mniaa"}, "geometry": {"type": "Polygon", "coordinates": [[[-7.364116, 32.795772], [-7.2641160000000005, 32.795772], [-7.2641160000000005, 32.895771999999994], [-7.364116, 32.895771999999994], [-7.364116, 32.795772]]]}}, {"type": "Feature", "properties": {"commune_id": 863, "name": "Mograne"}, "geometry": {"type": "Polygon", "coordinates": [[[-6.40994, 34.399064], [-6.30994, 34.399064], [-6.30994, 34.499064], [-6.40994, 34.499064], [-6.40994, 34.399064]]]}}, {"type": "Feature", "properties": {"commune_id": 864, "name": "Mogress"}, "geometry": {"type": "Polygon", "coordinates": [[[-8.498534000000001, 32.845168], [-8.398534, 32.845168], [-8.398534, 32.945167999999995], [-8.498534000000001, 32.945167999999995], [-8.498534000000001, 32.845168]]]}}, {"type": "Feature", "properties": {"commune_id": 865, "name": "Moha Ou Hammou Zayani"}, "geometry": {"type": "Polygon", "coordinates": [[[-5.715508, 32.906992], [-5.615508, 32.906992], [-5.615508, 33.006992], [-5.715508, 33.006992], [-5.715508, 32.906992]]]}}, {"type": "Feature", "properties": {"commune_id": 866, "name": "Mohammédia"}, "geometry": {"type": "Polygon", "coordinates": [[[-7.444463, 33.641908], [-7.344463, 33.641908], [-7.344463, 33.741907999999995], [-7.444463, 33.741907999999995], [-7.444463, 33.641908]]]}}, {"type": "Feature", "properties": {"commune_id": 867, "name": "Moqrisset"}, "geometry": {"type": "Polygon", "coordinates": [[[-5.361552, 34.878517], [-5.261552, 34.878517], [-5.261552, 34.978517], [-5.361552, 34.978517], [-5.361552, 34.878517]]]}}, {"type": "Feature", "properties": {"commune_id": 868, "name": "Moualine el Oued"}, "geometry": {"type": "Polygon", "coordinates": [[[-7.348954, 33.399895], [-7.248954, 33.399895], [-7.248954, 33.499894999999995], [-7.348954, 33.499894999999995], [-7.348954, 33.399895]]]}}, {"type": "Feature", "properties": {"commune_id": 869, "name": "Mouarid"}, "geometry": {"type": "Polygon", "coordinates": [[[-9.300626000000001, 31.349781], [-9.200626, 31.349781], [-9.200626, 31.449781], [-9.300626000000001, 31.449781], [-9.300626000000001, 31.349781]]]}}, {"type": "Feature", "properties": {"commune_id": 870, "name": "Moul El Bergui"}, "geometry": {"type": "Polygon", "coordinates": [[[-9.028936, 32.457377], [-8.928935999999998, 32.457377], [-8.928935999999998, 32.557376999999995], [-9.028936, 32.557376999999995], [-9.028936, 32.457377]]]}}, {"type": "Feature", "properties": {"commune_id": 871, "name": "Moulay Abdelkader"}, "geometry": {"type": "Polygon", "coordinates": [[[-5.832875, 34.592558000000004], [-5.732875, 34.592558000000004], [-5.732875, 34.692558], [-5.832875, 34.692558], [-5.832875, 34.592558000000004]]]}}, {"type": "Feature", "properties": {"commune_id": 872, "name": "Moulay Abdelkrim"}, "geometry": {"type": "Polygon", "coordinates": [[[-5.262672, 34.425783], [-5.162672000000001, 34.425783], [-5.162672000000001, 34.525783], [-5.262672, 34.525783], [-5.262672, 34.425783]]]}}, {"type": "Feature", "properties": {"commune_id": 873, "name": "Moulay Abdellah Amghar"}, "geometry": {"type": "Polygon", "coordinates": [[[-8.612966, 33.09931], [-8.512965999999999, 33.09931], [-8.512965999999999, 33.19931], [-8.612966, 33.19931], [-8.612966, 33.09931]]]}}, {"type": "Feature", "properties": {"commune_id": 874, "name": "Moulay Ahmed Cherif"}, "geometry": {"type": "Polygon", "coordinates": [[[-4.521627, 34.88691], [-4.421627, 34.88691], [-4.421627, 34.986909999999995], [-4.521627, 34.986909999999995], [-4.521627, 34.88691]]]}}, {"type": "Feature", "properties": {"commune_id": 875, "name": "Moulay Aissa Ben Driss"}, "geometry": {"type": "Polygon", "coordinates": [[[-6.7773259999999995, 32.045747000000006], [-6.677326, 32.045747000000006], [-6.677326, 32.145747], [-6.7773259999999995, 32.145747], [-6.7773259999999995, 32.045747000000006]]]}}, {"type": "Feature", "properties": {"commune_id": 876, "name": "Moulay Ali Chérif"}, "geometry": {"type": "Polygon", "coordinates": [[[-4.316259, 31.22965], [-4.216259, 31.22965], [-4.216259, 31.32965], [-4.316259, 31.32965], [-4.316259, 31.22965]]]}}, {"type": "Feature", "properties": {"commune_id": 877, "name": "Moulay Bouazza"}, "geometry": {"type": "Polygon", "coordinates": [[[-6.18434, 33.203134000000006], [-6.08434, 33.203134000000006], [-6.08434, 33.303134], [-6.18434, 33.303134], [-6.18434, 33.203134000000006]]]}}, {"type": "Feature", "properties": {"commune_id": 878, "name": "Moulay Bouchta"}, "geometry": {"type": "Polygon", "coordinates": [[[-5.190316999999999, 34.464219], [-5.090317, 34.464219], [-5.090317, 34.564218999999994], [-5.190316999999999, 34.564218999999994], [-5.190316999999999, 34.464219]]]}}, {"type": "Feature", "properties": {"commune_id": 879, "name": "Moulay Bousselham"}, "geometry": {"type": "Polygon", "coordinates": [[[-6.254135, 34.831461000000004], [-6.154135, 34.831461000000004], [-6.154135, 34.931461], [-6.254135, 34.931461], [-6.254135, 34.831461000000004]]]}}, {"type": "Feature", "properties": {"commune_id": 880, "name": "Moulay Bouzarqtoune"}, "geometry": {"type": "Polygon", "coordinates": [[[-9.680643, 31.612997], [-9.580642999999998, 31.612997], [-9.580642999999998, 31.712997], [-9.680643, 31.712997], [-9.680643, 31.612997]]]}}, {"type": "Feature", "properties": {"commune_id": 881, "name": "Moulay Brahim"}, "geometry": {"type": "Polygon", "coordinates": [[[-8.070681, 31.268473], [-7.970681, 31.268473], [-7.970681, 31.368473], [-8.070681, 31.368473], [-8.070681, 31.268473]]]}}, {"type": "Feature", "properties": {"commune_id": 882, "name": "Moulay Driss Aghbal"}, "geometry": {"type": "Polygon", "coordinates": [[[-6.558784, 33.671365], [-6.4587840000000005, 33.671365], [-6.4587840000000005, 33.771364999999996], [-6.558784, 33.771364999999996], [-6.558784, 33.671365]]]}}, {"type": "Feature", "properties": {"commune_id": 883, "name": "Moulay Idriss Zarhoun"}, "geometry": {"type": "Polygon", "coordinates": [[[-5.569598, 34.005388], [-5.469598, 34.005388], [-5.469598, 34.105388], [-5.569598, 34.105388], [-5.569598, 34.005388]]]}}, {"type": "Feature", "properties": {"commune_id": 884, "name": "Moulay Yacoub"}, "geometry": {"type": "Polygon", "coordinates": [[[-5.228859, 34.037942], [-5.128859, 34.037942], [-5.128859, 34.137941999999995], [-5.228859, 34.137941999999995], [-5.228859, 34.037942]]]}}, {"type": "Feature", "properties": {"commune_id": 885, "name": "Mrhassiyine"}, "geometry": {"type": "Polygon", "coordinates": [[[-5.551405, 33.955178000000004], [-5.451405, 33.955178000000004], [-5.451405, 34.055178], [-5.551405, 34.055178], [-5.551405, 33.955178000000004]]]}}, {"type": "Feature", "properties": {"commune_id": 886, "name": "Mrizigue"}, "geometry": {"type": "Polygon", "coordinates": [[[-7.164428, 32.79345], [-7.064428, 32.79345], [-7.064428, 32.893449999999994], [-7.164428, 32.893449999999994], [-7.164428, 32.79345]]]}}, {"type": "Feature", "properties": {"commune_id": 887, "name": "Msied"}, "geometry": {"type": "Polygon", "coordinates": [[[-10.780007000000001, 27.998819], [-10.680007, 27.998819], [-10.680007, 28.098819000000002], [-10.780007000000001, 28.098819000000002], [-10.780007000000001, 27.998819]]]}}, {"type": "Feature", "properties": {"commune_id": 888, "name": "Msila"}, "geometry": {"type": "Polygon", "coordinates": [[[-4.217402, 34.392103000000006], [-4.117402, 34.392103000000006], [-4.117402, 34.492103], [-4.217402, 34.492103], [-4.217402, 34.392103000000006]]]}}, {"type": "Feature", "properties": {"commune_id": 889, "name": "Mtalssa"}, "geometry": {"type": "Polygon", "coordinates": [[[-3.462161, 34.819615000000006], [-3.3621610000000004, 34.819615000000006], [-3.3621610000000004, 34.919615], [-3.462161, 34.919615], [-3.462161, 34.819615000000006]]]}}, {"type": "Feature", "properties": {"commune_id": 890, "name": "Mtarnagha"}, "geometry": {"type": "Polygon", "coordinates": [[[-4.631387, 33.808895], [-4.5313870000000005, 33.808895], [-4.5313870000000005, 33.908894999999994], [-4.631387, 33.908894999999994], [-4.631387, 33.808895]]]}}, {"type": "Feature", "properties": {"commune_id": 891, "name": "Mzamza Janoubia"}, "geometry": {"type": "Polygon", "coordinates": [[[-7.617221, 32.947252000000006], [-7.517221, 32.947252000000006], [-7.517221, 33.047252], [-7.617221, 33.047252], [-7.617221, 32.947252000000006]]]}}, {"type": "Feature", "properties": {"commune_id": 892, "name": "Mzefroune"}, "geometry": {"type": "Polygon", "coordinates": [[[-5.779523999999999, 34.802754], [-5.679524, 34.802754], [-5.679524, 34.902753999999995], [-5.779523999999999, 34.902753999999995], [-5.779523999999999, 34.802754]]]}}, {"type": "Feature", "properties": {"commune_id": 893, "name": "Mzilate"}, "geometry": {"type": "Polygon", "coordinates": [[[-9.164306, 31.668848999999998], [-9.064305999999998, 31.668848999999998], [-9.064305999999998, 31.768849], [-9.164306, 31.768849], [-9.164306, 31.668848999999998]]]}}, {"type": "Feature", "properties": {"commune_id": 894, "name": "Mzoudia"}, "geometry": {"type": "Polygon", "coordinates": [[[-8.643129, 31.578601], [-8.543128999999999, 31.578601], [-8.543128999999999, 31.678601], [-8.643129, 31.678601], [-8.643129, 31.578601]]]}}, {"type": "Feature", "properties": {"commune_id": 895, "name": "Mzoura"}, "geometry": {"type": "Polygon", "coordinates": [[[-7.993929, 32.778577000000006], [-7.893929, 32.778577000000006], [-7.893929, 32.878577], [-7.993929, 32.878577], [-7.993929, 32.778577000000006]]]}}, {"type": "Feature", "properties": {"commune_id": 896, "name": "Méchouar Fès Jdid"}, "geometry": {"type": "Polygon", "coordinates": [[[-5.044243, 34.004216], [-4.944243, 34.004216], [-4.944243, 34.104215999999994], [-5.044243, 34.104215999999994], [-5.044243, 34.004216]]]}}, {"type": "Feature", "properties": {"commune_id": 897, "name": "Méchouar de Casablanca"}, "geometry": {"type": "Polygon", "coordinates": [[[-7.654907, 33.529952], [-7.554907, 33.529952], [-7.554907, 33.629951999999996], [-7.654907, 33.629951999999996], [-7.654907, 33.529952]]]}}, {"type": "Feature", "properties": {"commune_id": 898, "name": "Médiouna"}, "geometry": {"type": "Polygon", "coordinates": [[[-7.564931, 33.409505], [-7.464931, 33.409505], [-7.464931, 33.509505], [-7.564931, 33.509505], [-7.564931, 33.409505]]]}}, {"type": "Feature", "properties": {"commune_id": 899, "name": "N'Kob"}, "geometry": {"type": "Polygon", "coordinates": [[[-5.896957, 30.948459], [-5.796957, 30.948459], [-5.796957, 31.048459], [-5.896957, 31.048459], [-5.896957, 30.948459]]]}}, {"type": "Feature", "properties": {"commune_id": 900, "name": "N'khila"}, "geometry": {"type": "Polygon", "coordinates": [[[-7.1245959999999995, 32.864111], [-7.024596, 32.864111], [-7.024596, 32.964110999999995], [-7.1245959999999995, 32.964110999999995], [-7.1245959999999995, 32.864111]]]}}, {"type": "Feature", "properties": {"commune_id": 901, "name": "Nador"}, "geometry": {"type": "Polygon", "coordinates": [[[-2.9807759999999996, 35.123652], [-2.880776, 35.123652], [-2.880776, 35.223651999999994], [-2.9807759999999996, 35.223651999999994], [-2.9807759999999996, 35.123652]]]}}, {"type": "Feature", "properties": {"commune_id": 902, "name": "Nagga"}, "geometry": {"type": "Polygon", "coordinates": [[[-9.099051000000001, 32.000600000000006], [-8.999051, 32.000600000000006], [-8.999051, 32.1006], [-9.099051000000001, 32.1006], [-9.099051000000001, 32.000600000000006]]]}}, {"type": "Feature", "properties": {"commune_id": 903, "name": "Naima"}, "geometry": {"type": "Polygon", "coordinates": [[[-2.271212, 34.55386], [-2.171212, 34.55386], [-2.171212, 34.653859999999995], [-2.271212, 34.653859999999995], [-2.271212, 34.55386]]]}}, {"type": "Feature", "properties": {"commune_id": 904, "name": "Naour"}, "geometry": {"type": "Polygon", "coordinates": [[[-6.004644, 32.414887], [-5.904644, 32.414887], [-5.904644, 32.514886999999995], [-6.004644, 32.514886999999995], [-6.004644, 32.414887]]]}}, {"type": "Feature", "properties": {"commune_id": 905, "name": "Nekkour"}, "geometry": {"type": "Polygon", "coordinates": [[[-3.912083, 34.965291], [-3.8120830000000003, 34.965291], [-3.8120830000000003, 35.065290999999995], [-3.912083, 35.065290999999995], [-3.912083, 34.965291]]]}}, {"type": "Feature", "properties": {"commune_id": 906, "name": "Nfifa"}, "geometry": {"type": "Polygon", "coordinates": [[[-8.914082, 31.189509], [-8.814081999999999, 31.189509], [-8.814081999999999, 31.289509000000002], [-8.914082, 31.289509000000002], [-8.914082, 31.189509]]]}}, {"type": "Feature", "properties": {"commune_id": 907, "name": "Nihit"}, "geometry": {"type": "Polygon", "coordinates": [[[-8.567968, 30.263042], [-8.467967999999999, 30.263042], [-8.467967999999999, 30.363042], [-8.567968, 30.363042], [-8.567968, 30.263042]]]}}, {"type": "Feature", "properties": {"commune_id": 908, "name": "Nouaceur"}, "geometry": {"type": "Polygon", "coordinates": [[[-7.631543, 33.311771], [-7.531543, 33.311771], [-7.531543, 33.411770999999995], [-7.631543, 33.411770999999995], [-7.631543, 33.311771]]]}}, {"type": "Feature", "properties": {"commune_id": 909, "name": "Nouirate"}, "geometry": {"type": "Polygon", "coordinates": [[[-5.996491, 34.533356000000005], [-5.896491, 34.533356000000005], [-5.896491, 34.633356], [-5.996491, 34.633356], [-5.996491, 34.533356000000005]]]}}, {"type": "Feature", "properties": {"commune_id": 910, "name": "Nzala Bni Ammar"}, "geometry": {"type": "Polygon", "coordinates": [[[-5.476569, 34.051383], [-5.376569, 34.051383], [-5.376569, 34.151382999999996], [-5.476569, 34.151382999999996], [-5.476569, 34.051383]]]}}, {"type": "Feature", "properties": {"commune_id": 911, "name": "Nzalat Laadam"}, "geometry": {"type": "Polygon", "coordinates": [[[-8.115296, 32.016561], [-8.015296, 32.016561], [-8.015296, 32.116561], [-8.115296, 32.116561], [-8.115296, 32.016561]]]}}, {"type": "Feature", "properties": {"commune_id": 912, "name": "Ouad Essafa"}, "geometry": {"type": "Polygon", "coordinates": [[[-9.403553, 30.163321], [-9.303552999999999, 30.163321], [-9.303552999999999, 30.263321], [-9.403553, 30.263321], [-9.403553, 30.163321]]]}}, {"type": "Feature", "properties": {"commune_id": 913, "name": "Ouahat Sidi Brahim"}, "geometry": {"type": "Polygon", "coordinates": [[[-8.018364, 31.677367], [-7.918364, 31.677367], [-7.918364, 31.777367], [-8.018364, 31.777367], [-8.018364, 31.677367]]]}}, {"type": "Feature", "properties": {"commune_id": 914, "name": "Ouaklim"}, "geometry": {"type": "Polygon", "coordinates": [[[-5.704565, 31.399126], [-5.604565, 31.399126], [-5.604565, 31.499126], [-5.704565, 31.499126], [-5.704565, 31.399126]]]}}, {"type": "Feature", "properties": {"commune_id": 915, "name": "Oualili"}, "geometry": {"type": "Polygon", "coordinates": [[[-5.570244, 34.039719000000005], [-5.470244, 34.039719000000005], [-5.470244, 34.139719], [-5.570244, 34.139719], [-5.570244, 34.039719000000005]]]}}, {"type": "Feature", "properties": {"commune_id": 916, "name": "Oualqadi"}, "geometry": {"type": "Polygon", "coordinates": [[[-8.550246000000001, 30.154494], [-8.450246, 30.154494], [-8.450246, 30.254494], [-8.550246000000001, 30.254494], [-8.550246000000001, 30.154494]]]}}, {"type": "Feature", "properties": {"commune_id": 917, "name": "Ouaouizaght"}, "geometry": {"type": "Polygon", "coordinates": [[[-6.392207, 32.135449], [-6.292207, 32.135449], [-6.292207, 32.235448999999996], [-6.392207, 32.235448999999996], [-6.392207, 32.135449]]]}}, {"type": "Feature", "properties": {"commune_id": 918, "name": "Ouaoula"}, "geometry": {"type": "Polygon", "coordinates": [[[-6.8355619999999995, 31.748365], [-6.735562, 31.748365], [-6.735562, 31.848365], [-6.8355619999999995, 31.848365], [-6.8355619999999995, 31.748365]]]}}, {"type": "Feature", "properties": {"commune_id": 919, "name": "Ouaoumana"}, "geometry": {"type": "Polygon", "coordinates": [[[-5.876739, 32.639323000000005], [-5.776739, 32.639323000000005], [-5.776739, 32.739323], [-5.876739, 32.739323], [-5.876739, 32.639323000000005]]]}}, {"type": "Feature", "properties": {"commune_id": 920, "name": "Ouaouzgane"}, "geometry": {"type": "Polygon", "coordinates": [[[-4.618968, 34.985846], [-4.518968, 34.985846], [-4.518968, 35.085846], [-4.618968, 35.085846], [-4.618968, 34.985846]]]}}, {"type": "Feature", "properties": {"commune_id": 921, "name": "Ouargui"}, "geometry": {"type": "Polygon", "coordinates": [[[-7.253646, 31.785445], [-7.153646, 31.785445], [-7.153646, 31.885445], [-7.253646, 31.885445], [-7.253646, 31.785445]]]}}, {"type": "Feature", "properties": {"commune_id": 922, "name": "Ouarzazate"}, "geometry": {"type": "Polygon", "coordinates": [[[-6.980225, 30.882393999999998], [-6.880225, 30.882393999999998], [-6.880225, 30.982394], [-6.980225, 30.982394], [-6.980225, 30.882393999999998]]]}}, {"type": "Feature", "properties": {"commune_id": 923, "name": "Ouazguita"}, "geometry": {"type": "Polygon", "coordinates": [[[-8.127996000000001, 31.209549], [-8.027996, 31.209549], [-8.027996, 31.309549], [-8.127996000000001, 31.309549], [-8.127996000000001, 31.209549]]]}}, {"type": "Feature", "properties": {"commune_id": 924, "name": "Ouazzane"}, "geometry": {"type": "Polygon", "coordinates": [[[-5.628019, 34.747013], [-5.5280190000000005, 34.747013], [-5.5280190000000005, 34.847013], [-5.628019, 34.847013], [-5.628019, 34.747013]]]}}, {"type": "Feature", "properties": {"commune_id": 925, "name": "Oudka"}, "geometry": {"type": "Polygon", "coordinates": [[[-4.9127849999999995, 34.643708000000004], [-4.812785, 34.643708000000004], [-4.812785, 34.743708], [-4.9127849999999995, 34.743708], [-4.9127849999999995, 34.643708000000004]]]}}, {"type": "Feature", "properties": {"commune_id": 926, "name": "Oued Amlil"}, "geometry": {"type": "Polygon", "coordinates": [[[-4.324327, 34.136024000000006], [-4.224327000000001, 34.136024000000006], [-4.224327000000001, 34.236024], [-4.324327, 34.236024], [-4.324327, 34.136024000000006]]]}}, {"type": "Feature", "properties": {"commune_id": 927, "name": "Oued El Makhazine"}, "geometry": {"type": "Polygon", "coordinates": [[[-5.871122, 34.836293000000005], [-5.771122, 34.836293000000005], [-5.771122, 34.936293], [-5.871122, 34.936293], [-5.871122, 34.836293000000005]]]}}, {"type": "Feature", "properties": {"commune_id": 928, "name": "Oued Ifrane"}, "geometry": {"type": "Polygon", "coordinates": [[[-5.349968, 33.074638], [-5.249968, 33.074638], [-5.249968, 33.174637999999995], [-5.349968, 33.174637999999995], [-5.349968, 33.074638]]]}}, {"type": "Feature", "properties": {"commune_id": 929, "name": "Oued Jdida"}, "geometry": {"type": "Polygon", "coordinates": [[[-5.439168, 33.888688], [-5.339168, 33.888688], [-5.339168, 33.988687999999996], [-5.439168, 33.988687999999996], [-5.439168, 33.888688]]]}}, {"type": "Feature", "properties": {"commune_id": 930, "name": "Oued Jemaa"}, "geometry": {"type": "Polygon", "coordinates": [[[-4.811202, 34.186684], [-4.711202, 34.186684], [-4.711202, 34.286683999999994], [-4.811202, 34.286683999999994], [-4.811202, 34.186684]]]}}, {"type": "Feature", "properties": {"commune_id": 931, "name": "Oued L'Bour"}, "geometry": {"type": "Polygon", "coordinates": [[[-9.018562000000001, 31.136273], [-8.918562, 31.136273], [-8.918562, 31.236273], [-9.018562000000001, 31.236273], [-9.018562000000001, 31.136273]]]}}, {"type": "Feature", "properties": {"commune_id": 932, "name": "Oued Lakhdar"}, "geometry": {"type": "Polygon", "coordinates": [[[-7.176922, 31.843155], [-7.076922000000001, 31.843155], [-7.076922000000001, 31.943155], [-7.176922, 31.943155], [-7.176922, 31.843155]]]}}, {"type": "Feature", "properties": {"commune_id": 933, "name": "Oued Laou"}, "geometry": {"type": "Polygon", "coordinates": [[[-5.168373, 35.406459000000005], [-5.068373, 35.406459000000005], [-5.068373, 35.506459], [-5.168373, 35.506459], [-5.168373, 35.406459000000005]]]}}, {"type": "Feature", "properties": {"commune_id": 934, "name": "Oued Malha"}, "geometry": {"type": "Polygon", "coordinates": [[[-5.071546, 34.871287], [-4.971546, 34.871287], [-4.971546, 34.971287], [-5.071546, 34.971287], [-5.071546, 34.871287]]]}}, {"type": "Feature", "properties": {"commune_id": 935, "name": "Oued Naam"}, "geometry": {"type": "Polygon", "coordinates": [[[-3.665307, 31.844106], [-3.5653070000000002, 31.844106], [-3.5653070000000002, 31.944106], [-3.665307, 31.944106], [-3.665307, 31.844106]]]}}, {"type": "Feature", "properties": {"commune_id": 936, "name": "Oued Naanaa"}, "geometry": {"type": "Polygon", "coordinates": [[[-7.3372079999999995, 32.946174000000006], [-7.237208, 32.946174000000006], [-7.237208, 33.046174], [-7.3372079999999995, 33.046174], [-7.3372079999999995, 32.946174000000006]]]}}, {"type": "Feature", "properties": {"commune_id": 937, "name": "Oued Zem"}, "geometry": {"type": "Polygon", "coordinates": [[[-6.618392, 32.811563], [-6.518392, 32.811563], [-6.518392, 32.911562999999994], [-6.618392, 32.911562999999994], [-6.618392, 32.811563]]]}}, {"type": "Feature", "properties": {"commune_id": 938, "name": "Ouijjane"}, "geometry": {"type": "Polygon", "coordinates": [[[-9.616606, 29.611826], [-9.516606, 29.611826], [-9.516606, 29.711826000000002], [-9.616606, 29.711826000000002], [-9.616606, 29.611826]]]}}, {"type": "Feature", "properties": {"commune_id": 939, "name": "Ouirgane"}, "geometry": {"type": "Polygon", "coordinates": [[[-8.117444, 31.09818], [-8.017444, 31.09818], [-8.017444, 31.19818], [-8.117444, 31.19818], [-8.117444, 31.09818]]]}}, {"type": "Feature", "properties": {"commune_id": 940, "name": "Ouislane"}, "geometry": {"type": "Polygon", "coordinates": [[[-5.529737, 33.864353], [-5.429737, 33.864353], [-5.429737, 33.964352999999996], [-5.529737, 33.964352999999996], [-5.529737, 33.864353]]]}}, {"type": "Feature", "properties": {"commune_id": 941, "name": "Ouisselsate"}, "geometry": {"type": "Polygon", "coordinates": [[[-7.235257, 30.464843], [-7.135257, 30.464843], [-7.135257, 30.564843], [-7.235257, 30.564843], [-7.235257, 30.464843]]]}}, {"type": "Feature", "properties": {"commune_id": 942, "name": "Ouizeght"}, "geometry": {"type": "Polygon", "coordinates": [[[-4.100152, 32.78799], [-4.000152, 32.78799], [-4.000152, 32.887989999999995], [-4.100152, 32.887989999999995], [-4.100152, 32.78799]]]}}, {"type": "Feature", "properties": {"commune_id": 943, "name": "Oujda"}, "geometry": {"type": "Polygon", "coordinates": [[[-1.958909, 34.642849000000005], [-1.858909, 34.642849000000005], [-1.858909, 34.742849], [-1.958909, 34.742849], [-1.958909, 34.642849000000005]]]}}, {"type": "Feature", "properties": {"commune_id": 944, "name": "Oukaimeden"}, "geometry": {"type": "Polygon", "coordinates": [[[-7.883769, 31.165463], [-7.783769, 31.165463], [-7.783769, 31.265463], [-7.883769, 31.265463], [-7.883769, 31.165463]]]}}, {"type": "Feature", "properties": {"commune_id": 945, "name": "Oulad Aamer"}, "geometry": {"type": "Polygon", "coordinates": [[[-7.236693, 32.024829000000004], [-7.136693, 32.024829000000004], [-7.136693, 32.124829], [-7.236693, 32.124829], [-7.236693, 32.024829000000004]]]}}, {"type": "Feature", "properties": {"commune_id": 946, "name": "Oulad Aamer Tizmarine"}, "geometry": {"type": "Polygon", "coordinates": [[[-8.450376, 32.196213], [-8.350375999999999, 32.196213], [-8.350375999999999, 32.296212999999995], [-8.450376, 32.296212999999995], [-8.450376, 32.196213]]]}}, {"type": "Feature", "properties": {"commune_id": 947, "name": "Oulad Aarrad"}, "geometry": {"type": "Polygon", "coordinates": [[[-7.45935, 31.784934], [-7.35935, 31.784934], [-7.35935, 31.884934], [-7.45935, 31.884934], [-7.45935, 31.784934]]]}}, {"type": "Feature", "properties": {"commune_id": 948, "name": "Oulad Abbou"}, "geometry": {"type": "Polygon", "coordinates": [[[-7.9860809999999995, 33.090989], [-7.886081, 33.090989], [-7.886081, 33.190988999999995], [-7.9860809999999995, 33.190988999999995], [-7.9860809999999995, 33.090989]]]}}, {"type": "Feature", "properties": {"commune_id": 949, "name": "Oulad Abdoune"}, "geometry": {"type": "Polygon", "coordinates": [[[-6.977316, 32.804848], [-6.877316, 32.804848], [-6.877316, 32.904847999999994], [-6.977316, 32.904847999999994], [-6.977316, 32.804848]]]}}, {"type": "Feature", "properties": {"commune_id": 950, "name": "Oulad Aissa"}, "geometry": {"type": "Polygon", "coordinates": [[[-8.731171000000002, 32.874668], [-8.631171, 32.874668], [-8.631171, 32.974667999999994], [-8.731171000000002, 32.974667999999994], [-8.731171000000002, 32.874668]]]}}, {"type": "Feature", "properties": {"commune_id": 951, "name": "Oulad Aissa"}, "geometry": {"type": "Polygon", "coordinates": [[[-6.4570099999999995, 32.995641000000006], [-6.35701, 32.995641000000006], [-6.35701, 33.095641], [-6.4570099999999995, 33.095641], [-6.4570099999999995, 32.995641000000006]]]}}, {"type": "Feature", "properties": {"commune_id": 952, "name": "Oulad Ali Mansour"}, "geometry": {"type": "Polygon", "coordinates": [[[-5.291709, 35.310242], [-5.191709, 35.310242], [-5.191709, 35.410242], [-5.291709, 35.410242], [-5.291709, 35.310242]]]}}, {"type": "Feature", "properties": {"commune_id": 953, "name": "Oulad Ali Toualaa"}, "geometry": {"type": "Polygon", "coordinates": [[[-7.228622, 33.381], [-7.128622, 33.381], [-7.128622, 33.480999999999995], [-7.228622, 33.480999999999995], [-7.228622, 33.381]]]}}, {"type": "Feature", "properties": {"commune_id": 954, "name": "Oulad Ali Youssef"}, "geometry": {"type": "Polygon", "coordinates": [[[-4.058145, 33.365533000000006], [-3.958145, 33.365533000000006], [-3.958145, 33.465533], [-4.058145, 33.465533], [-4.058145, 33.365533000000006]]]}}, {"type": "Feature", "properties": {"commune_id": 955, "name": "Oulad Amer"}, "geometry": {"type": "Polygon", "coordinates": [[[-7.279736, 32.397983], [-7.179736, 32.397983], [-7.179736, 32.497983], [-7.279736, 32.497983], [-7.279736, 32.397983]]]}}, {"type": "Feature", "properties": {"commune_id": 956, "name": "Oulad Amghar"}, "geometry": {"type": "Polygon", "coordinates": [[[-3.748626, 35.193630000000006], [-3.648626, 35.193630000000006], [-3.648626, 35.29363], [-3.748626, 35.29363], [-3.748626, 35.193630000000006]]]}}, {"type": "Feature", "properties": {"commune_id": 957, "name": "Oulad Amrane"}, "geometry": {"type": "Polygon", "coordinates": [[[-8.589357000000001, 32.320189000000006], [-8.489357, 32.320189000000006], [-8.489357, 32.420189], [-8.589357000000001, 32.420189], [-8.589357000000001, 32.320189000000006]]]}}, {"type": "Feature", "properties": {"commune_id": 958, "name": "Oulad Ayad"}, "geometry": {"type": "Polygon", "coordinates": [[[-6.849227, 32.150751], [-6.749227, 32.150751], [-6.749227, 32.250750999999994], [-6.849227, 32.250750999999994], [-6.849227, 32.150751]]]}}, {"type": "Feature", "properties": {"commune_id": 959, "name": "Oulad Ayyad"}, "geometry": {"type": "Polygon", "coordinates": [[[-4.709548, 34.043253], [-4.609548, 34.043253], [-4.609548, 34.143252999999994], [-4.709548, 34.143252999999994], [-4.709548, 34.043253]]]}}, {"type": "Feature", "properties": {"commune_id": 960, "name": "Oulad Azzouz"}, "geometry": {"type": "Polygon", "coordinates": [[[-6.811147, 32.712465], [-6.711147, 32.712465], [-6.711147, 32.812464999999996], [-6.811147, 32.812464999999996], [-6.811147, 32.712465]]]}}, {"type": "Feature", "properties": {"commune_id": 961, "name": "Oulad Azzouz"}, "geometry": {"type": "Polygon", "coordinates": [[[-7.818295, 33.446555000000004], [-7.718295, 33.446555000000004], [-7.718295, 33.546555], [-7.818295, 33.546555], [-7.818295, 33.446555000000004]]]}}, {"type": "Feature", "properties": {"commune_id": 962, "name": "Oulad Ben Hammadi"}, "geometry": {"type": "Polygon", "coordinates": [[[-5.881688, 34.189861], [-5.781688, 34.189861], [-5.781688, 34.289860999999995], [-5.881688, 34.289860999999995], [-5.881688, 34.189861]]]}}, {"type": "Feature", "properties": {"commune_id": 963, "name": "Oulad Berhil"}, "geometry": {"type": "Polygon", "coordinates": [[[-8.528567, 30.591324999999998], [-8.428567, 30.591324999999998], [-8.428567, 30.691325], [-8.528567, 30.691325], [-8.528567, 30.591324999999998]]]}}, {"type": "Feature", "properties": {"commune_id": 964, "name": "Oulad Bouali Loued"}, "geometry": {"type": "Polygon", "coordinates": [[[-7.252670999999999, 32.074301000000006], [-7.152671, 32.074301000000006], [-7.152671, 32.174301], [-7.252670999999999, 32.174301], [-7.252670999999999, 32.074301000000006]]]}}, {"type": "Feature", "properties": {"commune_id": 965, "name": "Oulad Bouali Nouaja"}, "geometry": {"type": "Polygon", "coordinates": [[[-7.128653, 32.576547000000005], [-7.028653, 32.576547000000005], [-7.028653, 32.676547], [-7.128653, 32.676547], [-7.128653, 32.576547000000005]]]}}, {"type": "Feature", "properties": {"commune_id": 966, "name": "Oulad Boubker"}, "geometry": {"type": "Polygon", "coordinates": [[[-3.4454979999999997, 34.734436], [-3.345498, 34.734436], [-3.345498, 34.834436], [-3.4454979999999997, 34.834436], [-3.4454979999999997, 34.734436]]]}}, {"type": "Feature", "properties": {"commune_id": 967, "name": "Oulad Boughadi"}, "geometry": {"type": "Polygon", "coordinates": [[[-6.766705, 33.019042000000006], [-6.666705, 33.019042000000006], [-6.666705, 33.119042], [-6.766705, 33.119042], [-6.766705, 33.019042000000006]]]}}, {"type": "Feature", "properties": {"commune_id": 968, "name": "Oulad Bourima"}, "geometry": {"type": "Polygon", "coordinates": [[[-3.84775, 34.359582], [-3.7477500000000004, 34.359582], [-3.7477500000000004, 34.459582], [-3.84775, 34.459582], [-3.84775, 34.359582]]]}}, {"type": "Feature", "properties": {"commune_id": 969, "name": "Oulad Boussaken"}, "geometry": {"type": "Polygon", "coordinates": [[[-8.191081, 32.507292], [-8.091080999999999, 32.507292], [-8.091080999999999, 32.607291999999994], [-8.191081, 32.607291999999994], [-8.191081, 32.507292]]]}}, {"type": "Feature", "properties": {"commune_id": 970, "name": "Oulad Cebbah"}, "geometry": {"type": "Polygon", "coordinates": [[[-7.375876, 33.22251], [-7.275876, 33.22251], [-7.275876, 33.322509999999994], [-7.375876, 33.322509999999994], [-7.375876, 33.22251]]]}}, {"type": "Feature", "properties": {"commune_id": 971, "name": "Oulad Chbana"}, "geometry": {"type": "Polygon", "coordinates": [[[-7.444184, 33.024457000000005], [-7.344184, 33.024457000000005], [-7.344184, 33.124457], [-7.444184, 33.124457], [-7.444184, 33.024457000000005]]]}}, {"type": "Feature", "properties": {"commune_id": 972, "name": "Oulad Cherki"}, "geometry": {"type": "Polygon", "coordinates": [[[-7.489377, 32.232329], [-7.3893770000000005, 32.232329], [-7.3893770000000005, 32.332328999999994], [-7.489377, 32.332328999999994], [-7.489377, 32.232329]]]}}, {"type": "Feature", "properties": {"commune_id": 973, "name": "Oulad Chrif"}, "geometry": {"type": "Polygon", "coordinates": [[[-4.218305, 34.233132000000005], [-4.118305, 34.233132000000005], [-4.118305, 34.333132], [-4.218305, 34.333132], [-4.218305, 34.233132000000005]]]}}, {"type": "Feature", "properties": {"commune_id": 974, "name": "Oulad Dahou"}, "geometry": {"type": "Polygon", "coordinates": [[[-9.366066, 30.322972], [-9.266065999999999, 30.322972], [-9.266065999999999, 30.422972], [-9.366066, 30.422972], [-9.366066, 30.322972]]]}}, {"type": "Feature", "properties": {"commune_id": 975, "name": "Oulad Daoud"}, "geometry": {"type": "Polygon", "coordinates": [[[-4.8201659999999995, 34.381368], [-4.720166, 34.381368], [-4.720166, 34.481367999999996], [-4.8201659999999995, 34.481367999999996], [-4.8201659999999995, 34.381368]]]}}, {"type": "Feature", "properties": {"commune_id": 976, "name": "Oulad Daoud Zkhanine"}, "geometry": {"type": "Polygon", "coordinates": [[[-2.6208329999999997, 34.963572000000006], [-2.520833, 34.963572000000006], [-2.520833, 35.063572], [-2.6208329999999997, 35.063572], [-2.6208329999999997, 34.963572000000006]]]}}, {"type": "Feature", "properties": {"commune_id": 977, "name": "Oulad El Garne"}, "geometry": {"type": "Polygon", "coordinates": [[[-7.384469999999999, 32.079318], [-7.28447, 32.079318], [-7.28447, 32.179317999999995], [-7.384469999999999, 32.179317999999995], [-7.384469999999999, 32.079318]]]}}, {"type": "Feature", "properties": {"commune_id": 978, "name": "Oulad Fares"}, "geometry": {"type": "Polygon", "coordinates": [[[-7.210381, 32.722353000000005], [-7.110381, 32.722353000000005], [-7.110381, 32.822353], [-7.210381, 32.822353], [-7.210381, 32.722353000000005]]]}}, {"type": "Feature", "properties": {"commune_id": 979, "name": "Oulad Fares El Halla"}, "geometry": {"type": "Polygon", "coordinates": [[[-7.144341, 32.465836], [-7.044341, 32.465836], [-7.044341, 32.565836], [-7.144341, 32.565836], [-7.144341, 32.465836]]]}}, {"type": "Feature", "properties": {"commune_id": 980, "name": "Oulad Fennane"}, "geometry": {"type": "Polygon", "coordinates": [[[-6.568518, 33.042036], [-6.468518, 33.042036], [-6.468518, 33.142036], [-6.568518, 33.142036], [-6.568518, 33.042036]]]}}, {"type": "Feature", "properties": {"commune_id": 981, "name": "Oulad Freiha"}, "geometry": {"type": "Polygon", "coordinates": [[[-7.661053, 32.562336], [-7.561053, 32.562336], [-7.561053, 32.662335999999996], [-7.661053, 32.662335999999996], [-7.661053, 32.562336]]]}}, {"type": "Feature", "properties": {"commune_id": 982, "name": "Oulad Frej"}, "geometry": {"type": "Polygon", "coordinates": [[[-8.222990000000001, 32.958836000000005], [-8.12299, 32.958836000000005], [-8.12299, 33.058836], [-8.222990000000001, 33.058836], [-8.222990000000001, 32.958836000000005]]]}}, {"type": "Feature", "properties": {"commune_id": 983, "name": "Oulad Ftata"}, "geometry": {"type": "Polygon", "coordinates": [[[-6.691567, 33.127196000000005], [-6.591567, 33.127196000000005], [-6.591567, 33.227196], [-6.691567, 33.227196], [-6.691567, 33.127196000000005]]]}}, {"type": "Feature", "properties": {"commune_id": 984, "name": "Oulad Gnaou"}, "geometry": {"type": "Polygon", "coordinates": [[[-6.588304, 32.272213], [-6.488304, 32.272213], [-6.488304, 32.372212999999995], [-6.588304, 32.372212999999995], [-6.588304, 32.272213]]]}}, {"type": "Feature", "properties": {"commune_id": 985, "name": "Oulad Gouaouch"}, "geometry": {"type": "Polygon", "coordinates": [[[-6.3823609999999995, 32.676974], [-6.282361, 32.676974], [-6.282361, 32.776973999999996], [-6.3823609999999995, 32.776973999999996], [-6.3823609999999995, 32.676974]]]}}, {"type": "Feature", "properties": {"commune_id": 986, "name": "Oulad H'Cine"}, "geometry": {"type": "Polygon", "coordinates": [[[-5.8535829999999995, 34.365275000000004], [-5.753583, 34.365275000000004], [-5.753583, 34.465275], [-5.8535829999999995, 34.465275], [-5.8535829999999995, 34.365275000000004]]]}}, {"type": "Feature", "properties": {"commune_id": 987, "name": "Oulad Hamdane"}, "geometry": {"type": "Polygon", "coordinates": [[[-8.308808, 33.082377], [-8.208808, 33.082377], [-8.208808, 33.182376999999995], [-8.308808, 33.182376999999995], [-8.308808, 33.082377]]]}}, {"type": "Feature", "properties": {"commune_id": 988, "name": "Oulad Hassoun"}, "geometry": {"type": "Polygon", "coordinates": [[[-7.861647, 31.586498], [-7.761647, 31.586498], [-7.761647, 31.686498], [-7.861647, 31.686498], [-7.861647, 31.586498]]]}}, {"type": "Feature", "properties": {"commune_id": 989, "name": "Oulad Hassoune Hamri"}, "geometry": {"type": "Polygon", "coordinates": [[[-7.935613, 32.242331], [-7.835613, 32.242331], [-7.835613, 32.342330999999994], [-7.935613, 32.342330999999994], [-7.935613, 32.242331]]]}}, {"type": "Feature", "properties": {"commune_id": 990, "name": "Oulad Hcine"}, "geometry": {"type": "Polygon", "coordinates": [[[-8.533022, 33.002574], [-8.433022, 33.002574], [-8.433022, 33.102574], [-8.533022, 33.102574], [-8.533022, 33.002574]]]}}, {"type": "Feature", "properties": {"commune_id": 991, "name": "Oulad Imloul"}, "geometry": {"type": "Polygon", "coordinates": [[[-7.891832, 32.036699000000006], [-7.791832, 32.036699000000006], [-7.791832, 32.136699], [-7.891832, 32.136699], [-7.891832, 32.036699000000006]]]}}, {"type": "Feature", "properties": {"commune_id": 992, "name": "Oulad Khallouf"}, "geometry": {"type": "Polygon", "coordinates": [[[-7.1155859999999995, 31.741839], [-7.015586, 31.741839], [-7.015586, 31.841839], [-7.1155859999999995, 31.841839], [-7.1155859999999995, 31.741839]]]}}, {"type": "Feature", "properties": {"commune_id": 993, "name": "Oulad M'Barek"}, "geometry": {"type": "Polygon", "coordinates": [[[-6.542268, 32.240523], [-6.442268, 32.240523], [-6.442268, 32.340523], [-6.542268, 32.340523], [-6.542268, 32.240523]]]}}, {"type": "Feature", "properties": {"commune_id": 994, "name": "Oulad M'Hamed"}, "geometry": {"type": "Polygon", "coordinates": [[[-7.032064, 33.066267], [-6.9320640000000004, 33.066267], [-6.9320640000000004, 33.166267], [-7.032064, 33.166267], [-7.032064, 33.066267]]]}}, {"type": "Feature", "properties": {"commune_id": 995, "name": "Oulad M'Hammed"}, "geometry": {"type": "Polygon", "coordinates": [[[-3.113785, 33.479515000000006], [-3.0137850000000004, 33.479515000000006], [-3.0137850000000004, 33.579515], [-3.113785, 33.579515], [-3.113785, 33.479515000000006]]]}}, {"type": "Feature", "properties": {"commune_id": 996, "name": "Oulad M'Rabet"}, "geometry": {"type": "Polygon", "coordinates": [[[-9.234950000000001, 31.551761], [-9.13495, 31.551761], [-9.13495, 31.651761], [-9.234950000000001, 31.651761], [-9.234950000000001, 31.551761]]]}}, {"type": "Feature", "properties": {"commune_id": 997, "name": "Oulad Massaoud"}, "geometry": {"type": "Polygon", "coordinates": [[[-7.220416, 32.177516000000004], [-7.1204160000000005, 32.177516000000004], [-7.1204160000000005, 32.277516], [-7.220416, 32.277516], [-7.220416, 32.177516000000004]]]}}, {"type": "Feature", "properties": {"commune_id": 998, "name": "Oulad Mimoun"}, "geometry": {"type": "Polygon", "coordinates": [[[-5.093624, 34.183438], [-4.9936240000000005, 34.183438], [-4.9936240000000005, 34.283438], [-5.093624, 34.283438], [-5.093624, 34.183438]]]}}, {"type": "Feature", "properties": {"commune_id": 999, "name": "Oulad Mkoudou"}, "geometry": {"type": "Polygon", "coordinates": [[[-4.564197, 33.728051], [-4.464197, 33.728051], [-4.464197, 33.828050999999995], [-4.564197, 33.828050999999995], [-4.564197, 33.728051]]]}}, {"type": "Feature", "properties": {"commune_id": 1000, "name": "Oulad Moumna"}, "geometry": {"type": "Polygon", "coordinates": [[[-9.075125, 31.407421], [-8.975124999999998, 31.407421], [-8.975124999999998, 31.507421], [-9.075125, 31.507421], [-9.075125, 31.407421]]]}}, {"type": "Feature", "properties": {"commune_id": 1001, "name": "Oulad Msabbel"}, "geometry": {"type": "Polygon", "coordinates": [[[-7.2805539999999995, 32.257718000000004], [-7.180554, 32.257718000000004], [-7.180554, 32.357718], [-7.2805539999999995, 32.357718], [-7.2805539999999995, 32.257718000000004]]]}}, {"type": "Feature", "properties": {"commune_id": 1002, "name": "Oulad Mtaa"}, "geometry": {"type": "Polygon", "coordinates": [[[-8.322034, 31.269455999999998], [-8.222033999999999, 31.269455999999998], [-8.222033999999999, 31.369456], [-8.322034, 31.369456], [-8.322034, 31.269455999999998]]]}}, {"type": "Feature", "properties": {"commune_id": 1003, "name": "Oulad Nacer"}, "geometry": {"type": "Polygon", "coordinates": [[[-6.824211, 32.206261000000005], [-6.724211, 32.206261000000005], [-6.724211, 32.306261], [-6.824211, 32.306261], [-6.824211, 32.206261000000005]]]}}, {"type": "Feature", "properties": {"commune_id": 1004, "name": "Oulad Nouel"}, "geometry": {"type": "Polygon", "coordinates": [[[-5.711754, 34.448476], [-5.611754, 34.448476], [-5.611754, 34.548475999999994], [-5.711754, 34.548475999999994], [-5.711754, 34.448476]]]}}, {"type": "Feature", "properties": {"commune_id": 1005, "name": "Oulad Ouchih"}, "geometry": {"type": "Polygon", "coordinates": [[[-6.0212699999999995, 35.017852000000005], [-5.92127, 35.017852000000005], [-5.92127, 35.117852], [-6.0212699999999995, 35.117852], [-6.0212699999999995, 35.017852000000005]]]}}, {"type": "Feature", "properties": {"commune_id": 1006, "name": "Oulad Rahmoune"}, "geometry": {"type": "Polygon", "coordinates": [[[-8.384241000000001, 33.130631], [-8.284241, 33.130631], [-8.284241, 33.230630999999995], [-8.384241000000001, 33.230630999999995], [-8.384241000000001, 33.130631]]]}}, {"type": "Feature", "properties": {"commune_id": 1007, "name": "Oulad Said l'Oued"}, "geometry": {"type": "Polygon", "coordinates": [[[-6.512699, 32.546561000000004], [-6.412699, 32.546561000000004], [-6.412699, 32.646561], [-6.512699, 32.646561], [-6.512699, 32.546561000000004]]]}}, {"type": "Feature", "properties": {"commune_id": 1008, "name": "Oulad Salah"}, "geometry": {"type": "Polygon", "coordinates": [[[-7.7267149999999996, 33.306157000000006], [-7.626715, 33.306157000000006], [-7.626715, 33.406157], [-7.7267149999999996, 33.406157], [-7.7267149999999996, 33.306157000000006]]]}}, {"type": "Feature", "properties": {"commune_id": 1009, "name": "Oulad Salmane"}, "geometry": {"type": "Polygon", "coordinates": [[[-9.255934, 32.069520000000004], [-9.155933999999998, 32.069520000000004], [-9.155933999999998, 32.16952], [-9.255934, 32.16952], [-9.255934, 32.069520000000004]]]}}, {"type": "Feature", "properties": {"commune_id": 1010, "name": "Oulad Saïd"}, "geometry": {"type": "Polygon", "coordinates": [[[-7.859948999999999, 32.910405000000004], [-7.759949, 32.910405000000004], [-7.759949, 33.010405], [-7.859948999999999, 33.010405], [-7.859948999999999, 32.910405000000004]]]}}, {"type": "Feature", "properties": {"commune_id": 1011, "name": "Oulad Sbaita"}, "geometry": {"type": "Polygon", "coordinates": [[[-8.852909, 32.618083000000006], [-8.752908999999999, 32.618083000000006], [-8.752908999999999, 32.718083], [-8.852909, 32.718083], [-8.852909, 32.618083000000006]]]}}, {"type": "Feature", "properties": {"commune_id": 1012, "name": "Oulad Sbih"}, "geometry": {"type": "Polygon", "coordinates": [[[-7.575969, 32.002460000000006], [-7.475969, 32.002460000000006], [-7.475969, 32.10246], [-7.575969, 32.10246], [-7.575969, 32.002460000000006]]]}}, {"type": "Feature", "properties": {"commune_id": 1013, "name": "Oulad Sghir"}, "geometry": {"type": "Polygon", "coordinates": [[[-7.627929, 32.803148], [-7.527929, 32.803148], [-7.527929, 32.903147999999995], [-7.627929, 32.903147999999995], [-7.627929, 32.803148]]]}}, {"type": "Feature", "properties": {"commune_id": 1014, "name": "Oulad Si Bouhya"}, "geometry": {"type": "Polygon", "coordinates": [[[-8.397471000000001, 32.675176], [-8.297471, 32.675176], [-8.297471, 32.775175999999995], [-8.397471000000001, 32.775175999999995], [-8.397471000000001, 32.675176]]]}}, {"type": "Feature", "properties": {"commune_id": 1015, "name": "Oulad Sidi Ali Ben Youssef"}, "geometry": {"type": "Polygon", "coordinates": [[[-8.171128000000001, 32.961101], [-8.071128, 32.961101], [-8.071128, 33.061100999999994], [-8.171128000000001, 33.061100999999994], [-8.171128000000001, 32.961101]]]}}, {"type": "Feature", "properties": {"commune_id": 1016, "name": "Oulad Slama"}, "geometry": {"type": "Polygon", "coordinates": [[[-6.5417179999999995, 34.293118], [-6.441718, 34.293118], [-6.441718, 34.393117999999994], [-6.5417179999999995, 34.393117999999994], [-6.5417179999999995, 34.293118]]]}}, {"type": "Feature", "properties": {"commune_id": 1017, "name": "Oulad Tayeb"}, "geometry": {"type": "Polygon", "coordinates": [[[-5.005278, 33.868868000000006], [-4.905278, 33.868868000000006], [-4.905278, 33.968868], [-5.005278, 33.968868], [-5.005278, 33.868868000000006]]]}}, {"type": "Feature", "properties": {"commune_id": 1018, "name": "Oulad Yaacoub"}, "geometry": {"type": "Polygon", "coordinates": [[[-7.3466439999999995, 31.968655000000002], [-7.246644, 31.968655000000002], [-7.246644, 32.068655], [-7.3466439999999995, 32.068655], [-7.3466439999999995, 31.968655000000002]]]}}, {"type": "Feature", "properties": {"commune_id": 1019, "name": "Oulad Yahia Lagraire"}, "geometry": {"type": "Polygon", "coordinates": [[[-6.290687, 30.459898], [-6.1906870000000005, 30.459898], [-6.1906870000000005, 30.559898], [-6.290687, 30.559898], [-6.290687, 30.459898]]]}}, {"type": "Feature", "properties": {"commune_id": 1020, "name": "Oulad Yahya Louta"}, "geometry": {"type": "Polygon", "coordinates": [[[-7.22697, 33.494536000000004], [-7.12697, 33.494536000000004], [-7.12697, 33.594536], [-7.22697, 33.594536], [-7.22697, 33.494536000000004]]]}}, {"type": "Feature", "properties": {"commune_id": 1021, "name": "Oulad Zarrad"}, "geometry": {"type": "Polygon", "coordinates": [[[-7.7107149999999995, 32.062817], [-7.610715, 32.062817], [-7.610715, 32.162817], [-7.7107149999999995, 32.162817], [-7.7107149999999995, 32.062817]]]}}, {"type": "Feature", "properties": {"commune_id": 1022, "name": "Oulad Zbair"}, "geometry": {"type": "Polygon", "coordinates": [[[-4.344311, 34.247607], [-4.244311000000001, 34.247607], [-4.244311000000001, 34.347606999999996], [-4.344311, 34.347606999999996], [-4.344311, 34.247607]]]}}, {"type": "Feature", "properties": {"commune_id": 1023, "name": "Oulad Ziyane"}, "geometry": {"type": "Polygon", "coordinates": [[[-7.482492, 33.358142], [-7.382492, 33.358142], [-7.382492, 33.458141999999995], [-7.482492, 33.458141999999995], [-7.482492, 33.358142]]]}}, {"type": "Feature", "properties": {"commune_id": 1024, "name": "Oulad Zmam"}, "geometry": {"type": "Polygon", "coordinates": [[[-6.779955999999999, 32.332479], [-6.679956, 32.332479], [-6.679956, 32.432478999999994], [-6.779955999999999, 32.432478999999994], [-6.779955999999999, 32.332479]]]}}, {"type": "Feature", "properties": {"commune_id": 1025, "name": "Ouled Aissa"}, "geometry": {"type": "Polygon", "coordinates": [[[-8.663769, 30.493636], [-8.563768999999999, 30.493636], [-8.563768999999999, 30.593636], [-8.663769, 30.593636], [-8.663769, 30.493636]]]}}, {"type": "Feature", "properties": {"commune_id": 1026, "name": "Ouled Bourahmoune"}, "geometry": {"type": "Polygon", "coordinates": [[[-6.742605999999999, 32.239663], [-6.642606, 32.239663], [-6.642606, 32.339662999999994], [-6.742605999999999, 32.339662999999994], [-6.742605999999999, 32.239663]]]}}, {"type": "Feature", "properties": {"commune_id": 1027, "name": "Ouled Dlim"}, "geometry": {"type": "Polygon", "coordinates": [[[-8.352263, 31.852794], [-8.252263, 31.852794], [-8.252263, 31.952794], [-8.352263, 31.952794], [-8.352263, 31.852794]]]}}, {"type": "Feature", "properties": {"commune_id": 1028, "name": "Ouled Ghanem"}, "geometry": {"type": "Polygon", "coordinates": [[[-8.905596000000001, 32.759749], [-8.805596, 32.759749], [-8.805596, 32.859748999999994], [-8.905596000000001, 32.859748999999994], [-8.905596000000001, 32.759749]]]}}, {"type": "Feature", "properties": {"commune_id": 1029, "name": "Ouled Ghziyel"}, "geometry": {"type": "Polygon", "coordinates": [[[-2.581361, 33.809819000000005], [-2.481361, 33.809819000000005], [-2.481361, 33.909819], [-2.581361, 33.909819], [-2.581361, 33.809819000000005]]]}}, {"type": "Feature", "properties": {"commune_id": 1030, "name": "Ouled M'Rah"}, "geometry": {"type": "Polygon", "coordinates": [[[-7.317324, 32.863051000000006], [-7.2173240000000005, 32.863051000000006], [-7.2173240000000005, 32.963051], [-7.317324, 32.963051], [-7.317324, 32.863051000000006]]]}}, {"type": "Feature", "properties": {"commune_id": 1031, "name": "Ouled Settout"}, "geometry": {"type": "Polygon", "coordinates": [[[-2.787635, 34.870008000000006], [-2.687635, 34.870008000000006], [-2.687635, 34.970008], [-2.787635, 34.970008], [-2.787635, 34.870008000000006]]]}}, {"type": "Feature", "properties": {"commune_id": 1032, "name": "Ouled Sidi Abdelhakem"}, "geometry": {"type": "Polygon", "coordinates": [[[-1.8258560000000001, 33.924111], [-1.725856, 33.924111], [-1.725856, 34.024111], [-1.8258560000000001, 34.024111], [-1.8258560000000001, 33.924111]]]}}, {"type": "Feature", "properties": {"commune_id": 1033, "name": "Ouled Teima"}, "geometry": {"type": "Polygon", "coordinates": [[[-9.247249, 30.337837], [-9.147248999999999, 30.337837], [-9.147248999999999, 30.437837000000002], [-9.247249, 30.437837000000002], [-9.247249, 30.337837]]]}}, {"type": "Feature", "properties": {"commune_id": 1034, "name": "Ouled Yaïch"}, "geometry": {"type": "Polygon", "coordinates": [[[-6.386503, 32.377925000000005], [-6.286503000000001, 32.377925000000005], [-6.286503000000001, 32.477925], [-6.386503, 32.477925], [-6.386503, 32.377925000000005]]]}}, {"type": "Feature", "properties": {"commune_id": 1035, "name": "Ouled Youssef"}, "geometry": {"type": "Polygon", "coordinates": [[[-6.537237999999999, 32.515578000000005], [-6.437238, 32.515578000000005], [-6.437238, 32.615578], [-6.537237999999999, 32.615578], [-6.537237999999999, 32.515578000000005]]]}}, {"type": "Feature", "properties": {"commune_id": 1036, "name": "Ouled Zidane"}, "geometry": {"type": "Polygon", "coordinates": [[[-7.408869, 33.305303], [-7.3088690000000005, 33.305303], [-7.3088690000000005, 33.405302999999996], [-7.408869, 33.405302999999996], [-7.408869, 33.305303]]]}}, {"type": "Feature", "properties": {"commune_id": 1037, "name": "Oulmes"}, "geometry": {"type": "Polygon", "coordinates": [[[-6.0418959999999995, 33.340977], [-5.941896, 33.340977], [-5.941896, 33.440977], [-6.0418959999999995, 33.440977], [-6.0418959999999995, 33.340977]]]}}, {"type": "Feature", "properties": {"commune_id": 1038, "name": "Oum Dreyga"}, "geometry": {"type": "Polygon", "coordinates": [[[-13.537122, 24.033939999999998], [-13.437121999999999, 24.033939999999998], [-13.437121999999999, 24.13394], [-13.537122, 24.13394], [-13.537122, 24.033939999999998]]]}}, {"type": "Feature", "properties": {"commune_id": 1039, "name": "Oum El Guerdane"}, "geometry": {"type": "Polygon", "coordinates": [[[-7.85157, 29.352916999999998], [-7.75157, 29.352916999999998], [-7.75157, 29.452917], [-7.85157, 29.452917], [-7.85157, 29.352916999999998]]]}}, {"type": "Feature", "properties": {"commune_id": 1040, "name": "Oum Rabia"}, "geometry": {"type": "Polygon", "coordinates": [[[-5.483147, 33.022671], [-5.383147, 33.022671], [-5.383147, 33.122671], [-5.483147, 33.122671], [-5.483147, 33.022671]]]}}, {"type": "Feature", "properties": {"commune_id": 1041, "name": "Oumazza"}, "geometry": {"type": "Polygon", "coordinates": [[[-6.833291, 33.77432], [-6.733291, 33.77432], [-6.733291, 33.87432], [-6.833291, 33.87432], [-6.833291, 33.77432]]]}}, {"type": "Feature", "properties": {"commune_id": 1042, "name": "Ounagha"}, "geometry": {"type": "Polygon", "coordinates": [[[-9.673359000000001, 31.451356], [-9.573359, 31.451356], [-9.573359, 31.551356000000002], [-9.673359000000001, 31.551356000000002], [-9.673359000000001, 31.451356]]]}}, {"type": "Feature", "properties": {"commune_id": 1043, "name": "Ouneine"}, "geometry": {"type": "Polygon", "coordinates": [[[-8.208308, 30.800947999999998], [-8.108308, 30.800947999999998], [-8.108308, 30.900948], [-8.208308, 30.900948], [-8.208308, 30.800947999999998]]]}}, {"type": "Feature", "properties": {"commune_id": 1044, "name": "Ounnana"}, "geometry": {"type": "Polygon", "coordinates": [[[-5.4136239999999995, 34.615851000000006], [-5.313624, 34.615851000000006], [-5.313624, 34.715851], [-5.4136239999999995, 34.715851], [-5.4136239999999995, 34.615851000000006]]]}}, {"type": "Feature", "properties": {"commune_id": 1045, "name": "Ourdana"}, "geometry": {"type": "Polygon", "coordinates": [[[-3.4692499999999997, 35.016733], [-3.36925, 35.016733], [-3.36925, 35.116732999999996], [-3.4692499999999997, 35.116732999999996], [-3.4692499999999997, 35.016733]]]}}, {"type": "Feature", "properties": {"commune_id": 1046, "name": "Ourika"}, "geometry": {"type": "Polygon", "coordinates": [[[-7.829304, 31.281962999999998], [-7.729304, 31.281962999999998], [-7.729304, 31.381963], [-7.829304, 31.381963], [-7.829304, 31.281962999999998]]]}}, {"type": "Feature", "properties": {"commune_id": 1047, "name": "Ourtzagh"}, "geometry": {"type": "Polygon", "coordinates": [[[-4.99611, 34.463127], [-4.89611, 34.463127], [-4.89611, 34.563126999999994], [-4.99611, 34.563126999999994], [-4.99611, 34.463127]]]}}, {"type": "Feature", "properties": {"commune_id": 1048, "name": "Outabouabane"}, "geometry": {"type": "Polygon", "coordinates": [[[-4.453094, 34.192266000000004], [-4.3530940000000005, 34.192266000000004], [-4.3530940000000005, 34.292266], [-4.453094, 34.292266], [-4.453094, 34.192266000000004]]]}}, {"type": "Feature", "properties": {"commune_id": 1049, "name": "Outat El Haj"}, "geometry": {"type": "Polygon", "coordinates": [[[-3.752758, 33.29025], [-3.6527580000000004, 33.29025], [-3.6527580000000004, 33.390249999999995], [-3.752758, 33.390249999999995], [-3.752758, 33.29025]]]}}, {"type": "Feature", "properties": {"commune_id": 1050, "name": "Outerbat"}, "geometry": {"type": "Polygon", "coordinates": [[[-5.251319, 32.063358], [-5.151319, 32.063358], [-5.151319, 32.163357999999995], [-5.251319, 32.163357999999995], [-5.251319, 32.063358]]]}}, {"type": "Feature", "properties": {"commune_id": 1051, "name": "Ouzioua"}, "geometry": {"type": "Polygon", "coordinates": [[[-8.047941, 30.697340999999998], [-7.947941, 30.697340999999998], [-7.947941, 30.797341], [-8.047941, 30.797341], [-8.047941, 30.697340999999998]]]}}, {"type": "Feature", "properties": {"commune_id": 1052, "name": "Rabat"}, "geometry": {"type": "Polygon", "coordinates": [[[-6.896021, 33.917124], [-6.7960210000000005, 33.917124], [-6.7960210000000005, 34.017123999999995], [-6.896021, 34.017123999999995], [-6.896021, 33.917124]]]}}, {"type": "Feature", "properties": {"commune_id": 1053, "name": "Rahhala"}, "geometry": {"type": "Polygon", "coordinates": [[[-9.113589000000001, 31.293598], [-9.013589, 31.293598], [-9.013589, 31.393598], [-9.113589000000001, 31.393598], [-9.113589000000001, 31.293598]]]}}, {"type": "Feature", "properties": {"commune_id": 1054, "name": "Ras Ain Rhamna"}, "geometry": {"type": "Polygon", "coordinates": [[[-7.688976, 31.650973999999998], [-7.588976000000001, 31.650973999999998], [-7.588976000000001, 31.750974], [-7.688976, 31.750974], [-7.688976, 31.650973999999998]]]}}, {"type": "Feature", "properties": {"commune_id": 1055, "name": "Ras Al Ain"}, "geometry": {"type": "Polygon", "coordinates": [[[-7.466807, 32.941579000000004], [-7.3668070000000005, 32.941579000000004], [-7.3668070000000005, 33.041579], [-7.466807, 33.041579], [-7.466807, 32.941579000000004]]]}}, {"type": "Feature", "properties": {"commune_id": 1056, "name": "Ras Asfour"}, "geometry": {"type": "Polygon", "coordinates": [[[-1.887529, 34.480090000000004], [-1.787529, 34.480090000000004], [-1.787529, 34.58009], [-1.887529, 34.58009], [-1.887529, 34.480090000000004]]]}}, {"type": "Feature", "properties": {"commune_id": 1057, "name": "Ras El Ain"}, "geometry": {"type": "Polygon", "coordinates": [[[-8.535296, 31.900284], [-8.435296, 31.900284], [-8.435296, 32.000284], [-8.535296, 32.000284], [-8.535296, 31.900284]]]}}, {"type": "Feature", "properties": {"commune_id": 1058, "name": "Ras El Ma"}, "geometry": {"type": "Polygon", "coordinates": [[[-2.462246, 35.064767], [-2.3622460000000003, 35.064767], [-2.3622460000000003, 35.164767], [-2.462246, 35.164767], [-2.462246, 35.064767]]]}}, {"type": "Feature", "properties": {"commune_id": 1059, "name": "Ras El Oued"}, "geometry": {"type": "Polygon", "coordinates": [[[-4.607523, 34.289269000000004], [-4.507523, 34.289269000000004], [-4.507523, 34.389269], [-4.607523, 34.389269], [-4.607523, 34.289269000000004]]]}}, {"type": "Feature", "properties": {"commune_id": 1060, "name": "Ras Ijerri"}, "geometry": {"type": "Polygon", "coordinates": [[[-5.770721, 33.747748], [-5.670721, 33.747748], [-5.670721, 33.847747999999996], [-5.770721, 33.847747999999996], [-5.770721, 33.747748]]]}}, {"type": "Feature", "properties": {"commune_id": 1061, "name": "Ras Laksar"}, "geometry": {"type": "Polygon", "coordinates": [[[-3.846799, 33.899169], [-3.746799, 33.899169], [-3.746799, 33.999168999999995], [-3.846799, 33.999168999999995], [-3.846799, 33.899169]]]}}, {"type": "Feature", "properties": {"commune_id": 1062, "name": "Ras Tabouda"}, "geometry": {"type": "Polygon", "coordinates": [[[-4.799487, 33.981198000000006], [-4.699487, 33.981198000000006], [-4.699487, 34.081198], [-4.799487, 34.081198], [-4.799487, 33.981198000000006]]]}}, {"type": "Feature", "properties": {"commune_id": 1063, "name": "Rass Oumlil"}, "geometry": {"type": "Polygon", "coordinates": [[[-10.835738000000001, 28.60487], [-10.735738, 28.60487], [-10.735738, 28.70487], [-10.835738000000001, 28.70487], [-10.835738000000001, 28.60487]]]}}, {"type": "Feature", "properties": {"commune_id": 1064, "name": "Ratba"}, "geometry": {"type": "Polygon", "coordinates": [[[-4.933733, 34.720112], [-4.8337330000000005, 34.720112], [-4.8337330000000005, 34.820111999999995], [-4.933733, 34.820111999999995], [-4.933733, 34.720112]]]}}, {"type": "Feature", "properties": {"commune_id": 1065, "name": "Rbaa El Fouki"}, "geometry": {"type": "Polygon", "coordinates": [[[-4.319291, 34.340036000000005], [-4.219291, 34.340036000000005], [-4.219291, 34.440036], [-4.319291, 34.440036], [-4.319291, 34.340036000000005]]]}}, {"type": "Feature", "properties": {"commune_id": 1066, "name": "Rdadna Oulad Malek"}, "geometry": {"type": "Polygon", "coordinates": [[[-7.296429, 33.302045], [-7.196429, 33.302045], [-7.196429, 33.402044999999994], [-7.296429, 33.402044999999994], [-7.296429, 33.302045]]]}}, {"type": "Feature", "properties": {"commune_id": 1067, "name": "Reggada"}, "geometry": {"type": "Polygon", "coordinates": [[[-9.724879000000001, 29.473056], [-9.624879, 29.473056], [-9.624879, 29.573056], [-9.724879000000001, 29.573056], [-9.724879000000001, 29.473056]]]}}, {"type": "Feature", "properties": {"commune_id": 1068, "name": "Rfala"}, "geometry": {"type": "Polygon", "coordinates": [[[-6.930997, 32.081423], [-6.830997, 32.081423], [-6.830997, 32.181422999999995], [-6.930997, 32.181422999999995], [-6.930997, 32.081423]]]}}, {"type": "Feature", "properties": {"commune_id": 1069, "name": "Rghioua"}, "geometry": {"type": "Polygon", "coordinates": [[[-4.651662, 34.481112], [-4.551662, 34.481112], [-4.551662, 34.581112], [-4.651662, 34.581112], [-4.651662, 34.481112]]]}}, {"type": "Feature", "properties": {"commune_id": 1070, "name": "Riah"}, "geometry": {"type": "Polygon", "coordinates": [[[-7.444186, 33.123303], [-7.3441860000000005, 33.123303], [-7.3441860000000005, 33.223302999999994], [-7.444186, 33.223302999999994], [-7.444186, 33.123303]]]}}, {"type": "Feature", "properties": {"commune_id": 1071, "name": "Rima"}, "geometry": {"type": "Polygon", "coordinates": [[[-7.45613, 32.744367000000004], [-7.35613, 32.744367000000004], [-7.35613, 32.844367], [-7.45613, 32.844367], [-7.45613, 32.744367000000004]]]}}, {"type": "Feature", "properties": {"commune_id": 1072, "name": "Rislane"}, "geometry": {"type": "Polygon", "coordinates": [[[-2.5121379999999998, 34.653330000000004], [-2.412138, 34.653330000000004], [-2.412138, 34.75333], [-2.5121379999999998, 34.75333], [-2.5121379999999998, 34.653330000000004]]]}}, {"type": "Feature", "properties": {"commune_id": 1073, "name": "Rissana Chamalia"}, "geometry": {"type": "Polygon", "coordinates": [[[-5.998056, 35.215987000000005], [-5.898056, 35.215987000000005], [-5.898056, 35.315987], [-5.998056, 35.315987], [-5.998056, 35.215987000000005]]]}}, {"type": "Feature", "properties": {"commune_id": 1074, "name": "Rissana Janoubia"}, "geometry": {"type": "Polygon", "coordinates": [[[-6.028341999999999, 35.121387000000006], [-5.928342, 35.121387000000006], [-5.928342, 35.221387], [-6.028341999999999, 35.221387], [-6.028341999999999, 35.121387000000006]]]}}, {"type": "Feature", "properties": {"commune_id": 1075, "name": "Rommani"}, "geometry": {"type": "Polygon", "coordinates": [[[-6.654326999999999, 33.476063], [-6.554327, 33.476063], [-6.554327, 33.576063], [-6.654326999999999, 33.576063], [-6.654326999999999, 33.476063]]]}}, {"type": "Feature", "properties": {"commune_id": 1076, "name": "Rouached"}, "geometry": {"type": "Polygon", "coordinates": [[[-6.328834, 32.878534], [-6.228834, 32.878534], [-6.228834, 32.978533999999996], [-6.328834, 32.978533999999996], [-6.328834, 32.878534]]]}}, {"type": "Feature", "properties": {"commune_id": 1077, "name": "Rouadi"}, "geometry": {"type": "Polygon", "coordinates": [[[-4.221209, 35.110411000000006], [-4.121209, 35.110411000000006], [-4.121209, 35.210411], [-4.221209, 35.210411], [-4.221209, 35.110411000000006]]]}}, {"type": "Feature", "properties": {"commune_id": 1078, "name": "Saadla"}, "geometry": {"type": "Polygon", "coordinates": [[[-9.157334, 32.29182], [-9.057333999999999, 32.29182], [-9.057333999999999, 32.391819999999996], [-9.157334, 32.391819999999996], [-9.157334, 32.29182]]]}}, {"type": "Feature", "properties": {"commune_id": 1079, "name": "Sabaa Aiyoun"}, "geometry": {"type": "Polygon", "coordinates": [[[-5.414651, 33.847751], [-5.3146510000000005, 33.847751], [-5.3146510000000005, 33.947751], [-5.414651, 33.947751], [-5.414651, 33.847751]]]}}, {"type": "Feature", "properties": {"commune_id": 1080, "name": "Sabbah"}, "geometry": {"type": "Polygon", "coordinates": [[[-7.075832, 33.754193], [-6.9758320000000005, 33.754193], [-6.9758320000000005, 33.854192999999995], [-7.075832, 33.854192999999995], [-7.075832, 33.754193]]]}}, {"type": "Feature", "properties": {"commune_id": 1081, "name": "Saddina"}, "geometry": {"type": "Polygon", "coordinates": [[[-5.496373, 35.579856], [-5.3963730000000005, 35.579856], [-5.3963730000000005, 35.679855999999994], [-5.496373, 35.679855999999994], [-5.496373, 35.579856]]]}}, {"type": "Feature", "properties": {"commune_id": 1082, "name": "Safi"}, "geometry": {"type": "Polygon", "coordinates": [[[-9.281236000000002, 32.214918000000004], [-9.181236, 32.214918000000004], [-9.181236, 32.314918], [-9.281236000000002, 32.314918], [-9.281236000000002, 32.214918000000004]]]}}, {"type": "Feature", "properties": {"commune_id": 1083, "name": "Sahel Chamali"}, "geometry": {"type": "Polygon", "coordinates": [[[-6.095975999999999, 35.335114000000004], [-5.995976, 35.335114000000004], [-5.995976, 35.435114], [-6.095975999999999, 35.435114], [-6.095975999999999, 35.335114000000004]]]}}, {"type": "Feature", "properties": {"commune_id": 1084, "name": "Sahel Oulad H'riz"}, "geometry": {"type": "Polygon", "coordinates": [[[-7.889589, 33.298571], [-7.789589, 33.298571], [-7.789589, 33.398571], [-7.889589, 33.398571], [-7.889589, 33.298571]]]}}, {"type": "Feature", "properties": {"commune_id": 1085, "name": "Sahtryine"}, "geometry": {"type": "Polygon", "coordinates": [[[-5.52623, 35.437333], [-5.42623, 35.437333], [-5.42623, 35.537333], [-5.52623, 35.537333], [-5.52623, 35.437333]]]}}, {"type": "Feature", "properties": {"commune_id": 1086, "name": "Saidate"}, "geometry": {"type": "Polygon", "coordinates": [[[-8.873483, 31.318410999999998], [-8.773482999999999, 31.318410999999998], [-8.773482999999999, 31.418411], [-8.873483, 31.418411], [-8.873483, 31.318410999999998]]]}}, {"type": "Feature", "properties": {"commune_id": 1087, "name": "Saidia"}, "geometry": {"type": "Polygon", "coordinates": [[[-2.3173749999999997, 35.040766000000005], [-2.217375, 35.040766000000005], [-2.217375, 35.140766], [-2.3173749999999997, 35.140766], [-2.3173749999999997, 35.040766000000005]]]}}, {"type": "Feature", "properties": {"commune_id": 1088, "name": "Saka"}, "geometry": {"type": "Polygon", "coordinates": [[[-3.301404, 34.497266], [-3.201404, 34.497266], [-3.201404, 34.597266], [-3.301404, 34.597266], [-3.301404, 34.497266]]]}}, {"type": "Feature", "properties": {"commune_id": 1089, "name": "Salé"}, "geometry": {"type": "Polygon", "coordinates": [[[-6.814609, 33.965832000000006], [-6.714609, 33.965832000000006], [-6.714609, 34.065832], [-6.814609, 34.065832], [-6.814609, 33.965832000000006]]]}}, {"type": "Feature", "properties": {"commune_id": 1090, "name": "Saniat Berguig"}, "geometry": {"type": "Polygon", "coordinates": [[[-8.658288, 32.641180000000006], [-8.558288, 32.641180000000006], [-8.558288, 32.74118], [-8.658288, 32.74118], [-8.658288, 32.641180000000006]]]}}, {"type": "Feature", "properties": {"commune_id": 1091, "name": "Saâda"}, "geometry": {"type": "Polygon", "coordinates": [[[-8.182157, 31.568772], [-8.082156999999999, 31.568772], [-8.082156999999999, 31.668772], [-8.182157, 31.668772], [-8.182157, 31.568772]]]}}, {"type": "Feature", "properties": {"commune_id": 1092, "name": "Sbouya"}, "geometry": {"type": "Polygon", "coordinates": [[[-10.32027, 29.122104999999998], [-10.22027, 29.122104999999998], [-10.22027, 29.222105], [-10.32027, 29.222105], [-10.32027, 29.122104999999998]]]}}, {"type": "Feature", "properties": {"commune_id": 1093, "name": "Sebaâ Rouadi"}, "geometry": {"type": "Polygon", "coordinates": [[[-5.184518, 34.025766000000004], [-5.084518, 34.025766000000004], [-5.084518, 34.125766], [-5.184518, 34.125766], [-5.184518, 34.025766000000004]]]}}, {"type": "Feature", "properties": {"commune_id": 1094, "name": "Sebt Aït Rahou"}, "geometry": {"type": "Polygon", "coordinates": [[[-6.323696, 33.243545000000005], [-6.223696, 33.243545000000005], [-6.223696, 33.343545], [-6.323696, 33.343545], [-6.323696, 33.243545000000005]]]}}, {"type": "Feature", "properties": {"commune_id": 1095, "name": "Sebt Ennabour"}, "geometry": {"type": "Polygon", "coordinates": [[[-9.639990000000001, 29.370627], [-9.53999, 29.370627], [-9.53999, 29.470627], [-9.639990000000001, 29.470627], [-9.639990000000001, 29.370627]]]}}, {"type": "Feature", "properties": {"commune_id": 1096, "name": "Sebt Gzoula"}, "geometry": {"type": "Polygon", "coordinates": [[[-9.136895, 32.072188000000004], [-9.036895, 32.072188000000004], [-9.036895, 32.172188], [-9.136895, 32.172188], [-9.136895, 32.072188000000004]]]}}, {"type": "Feature", "properties": {"commune_id": 1097, "name": "Sebt Loudaya"}, "geometry": {"type": "Polygon", "coordinates": [[[-5.394677, 34.163594], [-5.294677, 34.163594], [-5.294677, 34.263594], [-5.394677, 34.263594], [-5.394677, 34.163594]]]}}, {"type": "Feature", "properties": {"commune_id": 1098, "name": "Sebt Saiss"}, "geometry": {"type": "Polygon", "coordinates": [[[-8.681949000000001, 32.722048], [-8.581949, 32.722048], [-8.581949, 32.822047999999995], [-8.681949000000001, 32.822047999999995], [-8.681949000000001, 32.722048]]]}}, {"type": "Feature", "properties": {"commune_id": 1099, "name": "Sefrou"}, "geometry": {"type": "Polygon", "coordinates": [[[-4.878252, 33.776949], [-4.778252, 33.776949], [-4.778252, 33.876948999999996], [-4.878252, 33.876948999999996], [-4.878252, 33.776949]]]}}, {"type": "Feature", "properties": {"commune_id": 1100, "name": "Sefsaf"}, "geometry": {"type": "Polygon", "coordinates": [[[-6.063944, 34.50316], [-5.963944000000001, 34.50316], [-5.963944000000001, 34.603159999999995], [-6.063944, 34.603159999999995], [-6.063944, 34.50316]]]}}, {"type": "Feature", "properties": {"commune_id": 1101, "name": "Selfat"}, "geometry": {"type": "Polygon", "coordinates": [[[-5.535373, 34.186658], [-5.435373, 34.186658], [-5.435373, 34.286657999999996], [-5.535373, 34.286657999999996], [-5.535373, 34.186658]]]}}, {"type": "Feature", "properties": {"commune_id": 1102, "name": "Selouane"}, "geometry": {"type": "Polygon", "coordinates": [[[-3.013101, 34.996683000000004], [-2.913101, 34.996683000000004], [-2.913101, 35.096683], [-3.013101, 35.096683], [-3.013101, 34.996683000000004]]]}}, {"type": "Feature", "properties": {"commune_id": 1103, "name": "Semguet"}, "geometry": {"type": "Polygon", "coordinates": [[[-6.240959999999999, 32.588746], [-6.14096, 32.588746], [-6.14096, 32.688745999999995], [-6.240959999999999, 32.688745999999995], [-6.240959999999999, 32.588746]]]}}, {"type": "Feature", "properties": {"commune_id": 1104, "name": "Senada"}, "geometry": {"type": "Polygon", "coordinates": [[[-4.255921, 35.035195], [-4.155921, 35.035195], [-4.155921, 35.135194999999996], [-4.255921, 35.135194999999996], [-4.255921, 35.035195]]]}}, {"type": "Feature", "properties": {"commune_id": 1105, "name": "Serghina"}, "geometry": {"type": "Polygon", "coordinates": [[[-4.532844, 33.255966], [-4.432844, 33.255966], [-4.432844, 33.355965999999995], [-4.532844, 33.355965999999995], [-4.532844, 33.255966]]]}}, {"type": "Feature", "properties": {"commune_id": 1106, "name": "Settat"}, "geometry": {"type": "Polygon", "coordinates": [[[-7.6779969999999995, 32.94793], [-7.577997, 32.94793], [-7.577997, 33.047929999999994], [-7.6779969999999995, 33.047929999999994], [-7.6779969999999995, 32.94793]]]}}, {"type": "Feature", "properties": {"commune_id": 1107, "name": "Sfafaa"}, "geometry": {"type": "Polygon", "coordinates": [[[-6.035515999999999, 34.281245000000006], [-5.935516, 34.281245000000006], [-5.935516, 34.381245], [-6.035515999999999, 34.381245], [-6.035515999999999, 34.281245000000006]]]}}, {"type": "Feature", "properties": {"commune_id": 1108, "name": "Sfassif"}, "geometry": {"type": "Polygon", "coordinates": [[[-5.886836, 33.872192000000005], [-5.786836, 33.872192000000005], [-5.786836, 33.972192], [-5.886836, 33.972192], [-5.886836, 33.872192000000005]]]}}, {"type": "Feature", "properties": {"commune_id": 1109, "name": "Sgamna"}, "geometry": {"type": "Polygon", "coordinates": [[[-7.237638, 32.681869000000006], [-7.137638, 32.681869000000006], [-7.137638, 32.781869], [-7.237638, 32.781869], [-7.237638, 32.681869000000006]]]}}, {"type": "Feature", "properties": {"commune_id": 1110, "name": "Shoul"}, "geometry": {"type": "Polygon", "coordinates": [[[-6.6682429999999995, 33.865649000000005], [-6.568243, 33.865649000000005], [-6.568243, 33.965649], [-6.6682429999999995, 33.965649], [-6.6682429999999995, 33.865649000000005]]]}}, {"type": "Feature", "properties": {"commune_id": 1111, "name": "Si Hsaien Ben Abderrahmane"}, "geometry": {"type": "Polygon", "coordinates": [[[-8.209232, 33.049293000000006], [-8.109231999999999, 33.049293000000006], [-8.109231999999999, 33.149293], [-8.209232, 33.149293], [-8.209232, 33.049293000000006]]]}}, {"type": "Feature", "properties": {"commune_id": 1112, "name": "Sid Zouine"}, "geometry": {"type": "Polygon", "coordinates": [[[-8.422743, 31.59383], [-8.322743, 31.59383], [-8.322743, 31.693830000000002], [-8.422743, 31.693830000000002], [-8.422743, 31.59383]]]}}, {"type": "Feature", "properties": {"commune_id": 1113, "name": "Sidi Aayad"}, "geometry": {"type": "Polygon", "coordinates": [[[-4.681209, 32.262188], [-4.581209, 32.262188], [-4.581209, 32.362187999999996], [-4.681209, 32.362187999999996], [-4.681209, 32.262188]]]}}, {"type": "Feature", "properties": {"commune_id": 1114, "name": "Sidi Abdallah"}, "geometry": {"type": "Polygon", "coordinates": [[[-7.8757589999999995, 32.546654000000004], [-7.775759, 32.546654000000004], [-7.775759, 32.646654], [-7.8757589999999995, 32.646654], [-7.8757589999999995, 32.546654000000004]]]}}, {"type": "Feature", "properties": {"commune_id": 1115, "name": "Sidi Abdallah El Bouchouari"}, "geometry": {"type": "Polygon", "coordinates": [[[-9.379190000000001, 29.848014], [-9.27919, 29.848014], [-9.27919, 29.948014], [-9.379190000000001, 29.948014], [-9.379190000000001, 29.848014]]]}}, {"type": "Feature", "properties": {"commune_id": 1116, "name": "Sidi Abdallah Ghiat"}, "geometry": {"type": "Polygon", "coordinates": [[[-7.892415, 31.460925], [-7.792415, 31.460925], [-7.792415, 31.560925], [-7.892415, 31.560925], [-7.892415, 31.460925]]]}}, {"type": "Feature", "properties": {"commune_id": 1117, "name": "Sidi Abdallah Ou Belaid"}, "geometry": {"type": "Polygon", "coordinates": [[[-9.652867, 29.246792], [-9.552866999999999, 29.246792], [-9.552866999999999, 29.346792], [-9.652867, 29.346792], [-9.652867, 29.246792]]]}}, {"type": "Feature", "properties": {"commune_id": 1118, "name": "Sidi Abdallah al Khayat"}, "geometry": {"type": "Polygon", "coordinates": [[[-5.424042, 33.98451], [-5.324042, 33.98451], [-5.324042, 34.084509999999995], [-5.424042, 34.084509999999995], [-5.424042, 33.98451]]]}}, {"type": "Feature", "properties": {"commune_id": 1119, "name": "Sidi Abdeljalil"}, "geometry": {"type": "Polygon", "coordinates": [[[-9.372102, 31.768012], [-9.272101999999999, 31.768012], [-9.272101999999999, 31.868012], [-9.372102, 31.868012], [-9.372102, 31.768012]]]}}, {"type": "Feature", "properties": {"commune_id": 1120, "name": "Sidi Abdelkhaleq"}, "geometry": {"type": "Polygon", "coordinates": [[[-8.072442, 33.032568000000005], [-7.972442, 33.032568000000005], [-7.972442, 33.132568], [-8.072442, 33.132568], [-8.072442, 33.032568000000005]]]}}, {"type": "Feature", "properties": {"commune_id": 1121, "name": "Sidi Abdelkrim"}, "geometry": {"type": "Polygon", "coordinates": [[[-7.310419, 33.127922000000005], [-7.210419, 33.127922000000005], [-7.210419, 33.227922], [-7.310419, 33.227922], [-7.310419, 33.127922000000005]]]}}, {"type": "Feature", "properties": {"commune_id": 1122, "name": "Sidi Abdellah Ou Said"}, "geometry": {"type": "Polygon", "coordinates": [[[-8.740043, 30.752867], [-8.640042999999999, 30.752867], [-8.640042999999999, 30.852867], [-8.740043, 30.852867], [-8.740043, 30.752867]]]}}, {"type": "Feature", "properties": {"commune_id": 1123, "name": "Sidi Abdelmoumen"}, "geometry": {"type": "Polygon", "coordinates": [[[-9.030426, 31.234171], [-8.930425999999999, 31.234171], [-8.930425999999999, 31.334171], [-9.030426, 31.334171], [-9.030426, 31.234171]]]}}, {"type": "Feature", "properties": {"commune_id": 1124, "name": "Sidi Abderrazak"}, "geometry": {"type": "Polygon", "coordinates": [[[-6.195978, 33.976496000000004], [-6.095978000000001, 33.976496000000004], [-6.095978000000001, 34.076496], [-6.195978, 34.076496], [-6.195978, 33.976496000000004]]]}}, {"type": "Feature", "properties": {"commune_id": 1125, "name": "Sidi Abed"}, "geometry": {"type": "Polygon", "coordinates": [[[-8.696935, 32.980205000000005], [-8.596934999999998, 32.980205000000005], [-8.596934999999998, 33.080205], [-8.696935, 33.080205], [-8.696935, 32.980205000000005]]]}}, {"type": "Feature", "properties": {"commune_id": 1126, "name": "Sidi Ahmed Benaissa"}, "geometry": {"type": "Polygon", "coordinates": [[[-5.876581, 34.671086], [-5.776581, 34.671086], [-5.776581, 34.771086], [-5.876581, 34.771086], [-5.876581, 34.671086]]]}}, {"type": "Feature", "properties": {"commune_id": 1127, "name": "Sidi Ahmed Cherif"}, "geometry": {"type": "Polygon", "coordinates": [[[-5.347515, 34.510254], [-5.247515, 34.510254], [-5.247515, 34.610254], [-5.347515, 34.610254], [-5.347515, 34.510254]]]}}, {"type": "Feature", "properties": {"commune_id": 1128, "name": "Sidi Ahmed El Khadir"}, "geometry": {"type": "Polygon", "coordinates": [[[-7.421495999999999, 32.451683], [-7.321496, 32.451683], [-7.321496, 32.551683], [-7.421495999999999, 32.551683], [-7.421495999999999, 32.451683]]]}}, {"type": "Feature", "properties": {"commune_id": 1129, "name": "Sidi Ahmed Essayeh"}, "geometry": {"type": "Polygon", "coordinates": [[[-9.826418, 31.198944], [-9.726417999999999, 31.198944], [-9.726417999999999, 31.298944000000002], [-9.826418, 31.298944000000002], [-9.826418, 31.198944]]]}}, {"type": "Feature", "properties": {"commune_id": 1130, "name": "Sidi Ahmed Laaroussi"}, "geometry": {"type": "Polygon", "coordinates": [[[-12.088646, 27.021952], [-11.988646, 27.021952], [-11.988646, 27.121952], [-12.088646, 27.121952], [-12.088646, 27.021952]]]}}, {"type": "Feature", "properties": {"commune_id": 1131, "name": "Sidi Ahmed Ou Abdellah"}, "geometry": {"type": "Polygon", "coordinates": [[[-8.658092, 30.280297], [-8.558091999999998, 30.280297], [-8.558091999999998, 30.380297000000002], [-8.658092, 30.380297000000002], [-8.658092, 30.280297]]]}}, {"type": "Feature", "properties": {"commune_id": 1132, "name": "Sidi Ahmed Ou Amar"}, "geometry": {"type": "Polygon", "coordinates": [[[-9.175868000000001, 30.362172], [-9.075868, 30.362172], [-9.075868, 30.462172000000002], [-9.175868000000001, 30.462172000000002], [-9.175868000000001, 30.362172]]]}}, {"type": "Feature", "properties": {"commune_id": 1133, "name": "Sidi Ahmed Ou Moussa"}, "geometry": {"type": "Polygon", "coordinates": [[[-9.549139, 29.461666], [-9.449138999999999, 29.461666], [-9.449138999999999, 29.561666000000002], [-9.549139, 29.561666000000002], [-9.549139, 29.461666]]]}}, {"type": "Feature", "properties": {"commune_id": 1134, "name": "Sidi Aissa"}, "geometry": {"type": "Polygon", "coordinates": [[[-8.954113000000001, 32.364571000000005], [-8.854113, 32.364571000000005], [-8.854113, 32.464571], [-8.954113000000001, 32.464571], [-8.954113000000001, 32.364571000000005]]]}}, {"type": "Feature", "properties": {"commune_id": 1135, "name": "Sidi Aissa Ben Ali"}, "geometry": {"type": "Polygon", "coordinates": [[[-6.701421, 32.292807], [-6.601421, 32.292807], [-6.601421, 32.392807], [-6.701421, 32.392807], [-6.701421, 32.292807]]]}}, {"type": "Feature", "properties": {"commune_id": 1136, "name": "Sidi Aissa Ben Slimane"}, "geometry": {"type": "Polygon", "coordinates": [[[-7.236647, 31.898919], [-7.136647, 31.898919], [-7.136647, 31.998919], [-7.236647, 31.998919], [-7.236647, 31.898919]]]}}, {"type": "Feature", "properties": {"commune_id": 1137, "name": "Sidi Aissa Regragui"}, "geometry": {"type": "Polygon", "coordinates": [[[-9.400044000000001, 31.63205], [-9.300044, 31.63205], [-9.300044, 31.73205], [-9.400044000000001, 31.73205], [-9.400044000000001, 31.63205]]]}}, {"type": "Feature", "properties": {"commune_id": 1138, "name": "Sidi Al Kamel"}, "geometry": {"type": "Polygon", "coordinates": [[[-6.25749, 34.503673000000006], [-6.15749, 34.503673000000006], [-6.15749, 34.603673], [-6.25749, 34.603673], [-6.25749, 34.503673000000006]]]}}, {"type": "Feature", "properties": {"commune_id": 1139, "name": "Sidi Ali"}, "geometry": {"type": "Polygon", "coordinates": [[[-4.797542, 30.545175999999998], [-4.697542, 30.545175999999998], [-4.697542, 30.645176], [-4.797542, 30.645176], [-4.797542, 30.545175999999998]]]}}, {"type": "Feature", "properties": {"commune_id": 1140, "name": "Sidi Ali Belkassem"}, "geometry": {"type": "Polygon", "coordinates": [[[-3.0629, 33.940913], [-2.9629000000000003, 33.940913], [-2.9629000000000003, 34.040912999999996], [-3.0629, 34.040912999999996], [-3.0629, 33.940913]]]}}, {"type": "Feature", "properties": {"commune_id": 1141, "name": "Sidi Ali Ben Hamdouche"}, "geometry": {"type": "Polygon", "coordinates": [[[-8.318751, 33.24765], [-8.218751, 33.24765], [-8.218751, 33.347649999999994], [-8.318751, 33.347649999999994], [-8.318751, 33.24765]]]}}, {"type": "Feature", "properties": {"commune_id": 1142, "name": "Sidi Ali El Korati"}, "geometry": {"type": "Polygon", "coordinates": [[[-9.473565, 31.758872], [-9.373565, 31.758872], [-9.373565, 31.858872], [-9.473565, 31.858872], [-9.473565, 31.758872]]]}}, {"type": "Feature", "properties": {"commune_id": 1143, "name": "Sidi Ali Labrahla"}, "geometry": {"type": "Polygon", "coordinates": [[[-8.053459, 32.143969000000006], [-7.953459, 32.143969000000006], [-7.953459, 32.243969], [-8.053459, 32.243969], [-8.053459, 32.143969000000006]]]}}, {"type": "Feature", "properties": {"commune_id": 1144, "name": "Sidi Ali bourakba"}, "geometry": {"type": "Polygon", "coordinates": [[[-3.766384, 34.773711000000006], [-3.6663840000000003, 34.773711000000006], [-3.6663840000000003, 34.873711], [-3.766384, 34.873711], [-3.766384, 34.773711000000006]]]}}, {"type": "Feature", "properties": {"commune_id": 1145, "name": "Sidi Allal El Bahraoui"}, "geometry": {"type": "Polygon", "coordinates": [[[-6.57705, 33.952243], [-6.47705, 33.952243], [-6.47705, 34.052243], [-6.57705, 34.052243], [-6.57705, 33.952243]]]}}, {"type": "Feature", "properties": {"commune_id": 1146, "name": "Sidi Allal Lamsadder"}, "geometry": {"type": "Polygon", "coordinates": [[[-6.199813, 33.834436000000004], [-6.099813, 33.834436000000004], [-6.099813, 33.934436], [-6.199813, 33.934436], [-6.199813, 33.834436000000004]]]}}, {"type": "Feature", "properties": {"commune_id": 1147, "name": "Sidi Allal Tazi"}, "geometry": {"type": "Polygon", "coordinates": [[[-6.314343, 34.520627000000005], [-6.214343, 34.520627000000005], [-6.214343, 34.620627], [-6.314343, 34.620627], [-6.314343, 34.520627000000005]]]}}, {"type": "Feature", "properties": {"commune_id": 1148, "name": "Sidi Amar"}, "geometry": {"type": "Polygon", "coordinates": [[[-5.85112, 32.868027000000005], [-5.75112, 32.868027000000005], [-5.75112, 32.968027], [-5.85112, 32.968027], [-5.85112, 32.868027000000005]]]}}, {"type": "Feature", "properties": {"commune_id": 1149, "name": "Sidi Ameur Al Hadi"}, "geometry": {"type": "Polygon", "coordinates": [[[-5.887875999999999, 34.746050000000004], [-5.787876, 34.746050000000004], [-5.787876, 34.84605], [-5.887875999999999, 34.84605], [-5.887875999999999, 34.746050000000004]]]}}, {"type": "Feature", "properties": {"commune_id": 1150, "name": "Sidi Azzouz"}, "geometry": {"type": "Polygon", "coordinates": [[[-5.7989429999999995, 34.490280000000006], [-5.698943, 34.490280000000006], [-5.698943, 34.59028], [-5.7989429999999995, 34.59028], [-5.7989429999999995, 34.490280000000006]]]}}, {"type": "Feature", "properties": {"commune_id": 1151, "name": "Sidi Badhaj"}, "geometry": {"type": "Polygon", "coordinates": [[[-8.262538000000001, 31.287307], [-8.162538, 31.287307], [-8.162538, 31.387307], [-8.262538000000001, 31.387307], [-8.262538000000001, 31.287307]]]}}, {"type": "Feature", "properties": {"commune_id": 1152, "name": "Sidi Bennour"}, "geometry": {"type": "Polygon", "coordinates": [[[-8.479239000000002, 32.604958], [-8.379239, 32.604958], [-8.379239, 32.704958], [-8.479239000000002, 32.704958], [-8.479239000000002, 32.604958]]]}}, {"type": "Feature", "properties": {"commune_id": 1153, "name": "Sidi Bettache"}, "geometry": {"type": "Polygon", "coordinates": [[[-6.924409, 33.460658], [-6.824409, 33.460658], [-6.824409, 33.560658], [-6.924409, 33.560658], [-6.924409, 33.460658]]]}}, {"type": "Feature", "properties": {"commune_id": 1154, "name": "Sidi Bibi"}, "geometry": {"type": "Polygon", "coordinates": [[[-9.589751000000001, 30.176825], [-9.489751, 30.176825], [-9.489751, 30.276825000000002], [-9.589751000000001, 30.276825000000002], [-9.589751000000001, 30.176825]]]}}, {"type": "Feature", "properties": {"commune_id": 1155, "name": "Sidi Boaal"}, "geometry": {"type": "Polygon", "coordinates": [[[-8.488480000000001, 29.964997999999998], [-8.38848, 29.964997999999998], [-8.38848, 30.064998], [-8.488480000000001, 30.064998], [-8.488480000000001, 29.964997999999998]]]}}, {"type": "Feature", "properties": {"commune_id": 1156, "name": "Sidi Borja"}, "geometry": {"type": "Polygon", "coordinates": [[[-8.881561000000001, 30.378813], [-8.781561, 30.378813], [-8.781561, 30.478813000000002], [-8.881561000000001, 30.478813000000002], [-8.881561000000001, 30.378813]]]}}, {"type": "Feature", "properties": {"commune_id": 1157, "name": "Sidi Bou Othmane"}, "geometry": {"type": "Polygon", "coordinates": [[[-7.995219, 31.861093999999998], [-7.895219, 31.861093999999998], [-7.895219, 31.961094], [-7.995219, 31.961094], [-7.995219, 31.861093999999998]]]}}, {"type": "Feature", "properties": {"commune_id": 1158, "name": "Sidi Bouabdelli"}, "geometry": {"type": "Polygon", "coordinates": [[[-9.874923, 29.428075], [-9.774923, 29.428075], [-9.774923, 29.528075], [-9.874923, 29.528075], [-9.874923, 29.428075]]]}}, {"type": "Feature", "properties": {"commune_id": 1159, "name": "Sidi Boubker"}, "geometry": {"type": "Polygon", "coordinates": [[[-1.789641, 34.421689], [-1.689641, 34.421689], [-1.689641, 34.521688999999995], [-1.789641, 34.521688999999995], [-1.789641, 34.421689]]]}}, {"type": "Feature", "properties": {"commune_id": 1160, "name": "Sidi Boubker"}, "geometry": {"type": "Polygon", "coordinates": [[[-7.800406, 31.799965], [-7.700406, 31.799965], [-7.700406, 31.899965], [-7.800406, 31.899965], [-7.800406, 31.799965]]]}}, {"type": "Feature", "properties": {"commune_id": 1161, "name": "Sidi Boubker El Haj"}, "geometry": {"type": "Polygon", "coordinates": [[[-6.100153, 34.872667], [-6.000153, 34.872667], [-6.000153, 34.972666999999994], [-6.100153, 34.972666999999994], [-6.100153, 34.872667]]]}}, {"type": "Feature", "properties": {"commune_id": 1162, "name": "Sidi Bouhria"}, "geometry": {"type": "Polygon", "coordinates": [[[-2.368836, 34.644593], [-2.2688360000000003, 34.644593], [-2.2688360000000003, 34.744592999999995], [-2.368836, 34.744592999999995], [-2.368836, 34.644593]]]}}, {"type": "Feature", "properties": {"commune_id": 1163, "name": "Sidi Bouknadel"}, "geometry": {"type": "Polygon", "coordinates": [[[-6.789084, 34.069582000000004], [-6.689084, 34.069582000000004], [-6.689084, 34.169582], [-6.789084, 34.169582], [-6.789084, 34.069582000000004]]]}}, {"type": "Feature", "properties": {"commune_id": 1164, "name": "Sidi Boulaalam"}, "geometry": {"type": "Polygon", "coordinates": [[[-9.334949, 31.636682999999998], [-9.234948999999999, 31.636682999999998], [-9.234948999999999, 31.736683], [-9.334949, 31.736683], [-9.334949, 31.636682999999998]]]}}, {"type": "Feature", "properties": {"commune_id": 1165, "name": "Sidi Boulenouar"}, "geometry": {"type": "Polygon", "coordinates": [[[-2.1631669999999996, 34.46723], [-2.063167, 34.46723], [-2.063167, 34.567229999999995], [-2.1631669999999996, 34.567229999999995], [-2.1631669999999996, 34.46723]]]}}, {"type": "Feature", "properties": {"commune_id": 1166, "name": "Sidi Boulkhalf"}, "geometry": {"type": "Polygon", "coordinates": [[[-6.894411, 31.63599], [-6.794411, 31.63599], [-6.794411, 31.73599], [-6.894411, 31.73599], [-6.894411, 31.63599]]]}}, {"type": "Feature", "properties": {"commune_id": 1167, "name": "Sidi Boumehdi"}, "geometry": {"type": "Polygon", "coordinates": [[[-7.386267, 32.641879], [-7.2862670000000005, 32.641879], [-7.2862670000000005, 32.741879], [-7.386267, 32.741879], [-7.386267, 32.641879]]]}}, {"type": "Feature", "properties": {"commune_id": 1168, "name": "Sidi Boumoussa"}, "geometry": {"type": "Polygon", "coordinates": [[[-9.298591, 30.332637], [-9.198590999999999, 30.332637], [-9.198590999999999, 30.432637], [-9.298591, 30.432637], [-9.298591, 30.332637]]]}}, {"type": "Feature", "properties": {"commune_id": 1169, "name": "Sidi Bousber"}, "geometry": {"type": "Polygon", "coordinates": [[[-5.431842, 34.520745000000005], [-5.331842, 34.520745000000005], [-5.331842, 34.620745], [-5.431842, 34.620745], [-5.431842, 34.520745000000005]]]}}, {"type": "Feature", "properties": {"commune_id": 1170, "name": "Sidi Boushab"}, "geometry": {"type": "Polygon", "coordinates": [[[-9.356225, 30.035842], [-9.256224999999999, 30.035842], [-9.256224999999999, 30.135842], [-9.356225, 30.135842], [-9.356225, 30.035842]]]}}, {"type": "Feature", "properties": {"commune_id": 1171, "name": "Sidi Boutayeb"}, "geometry": {"type": "Polygon", "coordinates": [[[-4.057547, 33.003530000000005], [-3.957547, 33.003530000000005], [-3.957547, 33.10353], [-4.057547, 33.10353], [-4.057547, 33.003530000000005]]]}}, {"type": "Feature", "properties": {"commune_id": 1172, "name": "Sidi Boutmim"}, "geometry": {"type": "Polygon", "coordinates": [[[-4.316844, 34.878518], [-4.216844, 34.878518], [-4.216844, 34.978517999999994], [-4.316844, 34.978517999999994], [-4.316844, 34.878518]]]}}, {"type": "Feature", "properties": {"commune_id": 1173, "name": "Sidi Bouzid Arragragui"}, "geometry": {"type": "Polygon", "coordinates": [[[-8.829410000000001, 31.437542999999998], [-8.72941, 31.437542999999998], [-8.72941, 31.537543], [-8.829410000000001, 31.537543], [-8.829410000000001, 31.437542999999998]]]}}, {"type": "Feature", "properties": {"commune_id": 1174, "name": "Sidi Bouzineb"}, "geometry": {"type": "Polygon", "coordinates": [[[-4.1462579999999996, 34.768817000000006], [-4.046258, 34.768817000000006], [-4.046258, 34.868817], [-4.1462579999999996, 34.868817], [-4.1462579999999996, 34.768817000000006]]]}}, {"type": "Feature", "properties": {"commune_id": 1175, "name": "Sidi Chiker"}, "geometry": {"type": "Polygon", "coordinates": [[[-8.646504, 31.773208], [-8.546503999999999, 31.773208], [-8.546503999999999, 31.873208], [-8.646504, 31.873208], [-8.646504, 31.773208]]]}}, {"type": "Feature", "properties": {"commune_id": 1176, "name": "Sidi Dahmane"}, "geometry": {"type": "Polygon", "coordinates": [[[-8.836060000000002, 30.461123999999998], [-8.73606, 30.461123999999998], [-8.73606, 30.561124], [-8.836060000000002, 30.561124], [-8.836060000000002, 30.461123999999998]]]}}, {"type": "Feature", "properties": {"commune_id": 1177, "name": "Sidi Daoud"}, "geometry": {"type": "Polygon", "coordinates": [[[-5.217474999999999, 34.210305000000005], [-5.117475, 34.210305000000005], [-5.117475, 34.310305], [-5.217474999999999, 34.310305], [-5.217474999999999, 34.210305000000005]]]}}, {"type": "Feature", "properties": {"commune_id": 1178, "name": "Sidi Eddahbi"}, "geometry": {"type": "Polygon", "coordinates": [[[-7.22109, 33.009482000000006], [-7.121090000000001, 33.009482000000006], [-7.121090000000001, 33.109482], [-7.22109, 33.109482], [-7.22109, 33.009482000000006]]]}}, {"type": "Feature", "properties": {"commune_id": 1179, "name": "Sidi El Abed"}, "geometry": {"type": "Polygon", "coordinates": [[[-5.076892, 34.266888], [-4.976892, 34.266888], [-4.976892, 34.366887999999996], [-5.076892, 34.366887999999996], [-5.076892, 34.266888]]]}}, {"type": "Feature", "properties": {"commune_id": 1180, "name": "Sidi El Ghandour"}, "geometry": {"type": "Polygon", "coordinates": [[[-6.055059, 33.817146], [-5.955059, 33.817146], [-5.955059, 33.917145999999995], [-6.055059, 33.917145999999995], [-6.055059, 33.817146]]]}}, {"type": "Feature", "properties": {"commune_id": 1181, "name": "Sidi El Hattab"}, "geometry": {"type": "Polygon", "coordinates": [[[-7.372195, 32.295323], [-7.272195, 32.295323], [-7.272195, 32.395323], [-7.372195, 32.395323], [-7.372195, 32.295323]]]}}, {"type": "Feature", "properties": {"commune_id": 1182, "name": "Sidi El Jazouli"}, "geometry": {"type": "Polygon", "coordinates": [[[-9.580296, 31.291729], [-9.480296, 31.291729], [-9.480296, 31.391729], [-9.580296, 31.391729], [-9.580296, 31.291729]]]}}, {"type": "Feature", "properties": {"commune_id": 1183, "name": "Sidi El Makhfi"}, "geometry": {"type": "Polygon", "coordinates": [[[-5.386801, 33.207683], [-5.2868010000000005, 33.207683], [-5.2868010000000005, 33.307683], [-5.386801, 33.307683], [-5.386801, 33.207683]]]}}, {"type": "Feature", "properties": {"commune_id": 1184, "name": "Sidi El Mekki"}, "geometry": {"type": "Polygon", "coordinates": [[[-7.7060569999999995, 33.187112000000006], [-7.606057, 33.187112000000006], [-7.606057, 33.287112], [-7.7060569999999995, 33.287112], [-7.7060569999999995, 33.187112000000006]]]}}, {"type": "Feature", "properties": {"commune_id": 1185, "name": "Sidi El Mokhfi"}, "geometry": {"type": "Polygon", "coordinates": [[[-4.847193, 34.605265], [-4.747193, 34.605265], [-4.747193, 34.705265], [-4.847193, 34.705265], [-4.847193, 34.605265]]]}}, {"type": "Feature", "properties": {"commune_id": 1186, "name": "Sidi El Mokhtar"}, "geometry": {"type": "Polygon", "coordinates": [[[-9.087853, 31.547228999999998], [-8.987853, 31.547228999999998], [-8.987853, 31.647229], [-9.087853, 31.647229], [-9.087853, 31.547228999999998]]]}}, {"type": "Feature", "properties": {"commune_id": 1187, "name": "Sidi Ettiji"}, "geometry": {"type": "Polygon", "coordinates": [[[-8.954818000000001, 32.097946], [-8.854818, 32.097946], [-8.854818, 32.197945999999995], [-8.954818000000001, 32.197945999999995], [-8.954818000000001, 32.097946]]]}}, {"type": "Feature", "properties": {"commune_id": 1188, "name": "Sidi Ghanem"}, "geometry": {"type": "Polygon", "coordinates": [[[-8.834813, 31.082819999999998], [-8.734812999999999, 31.082819999999998], [-8.734812999999999, 31.18282], [-8.834813, 31.18282], [-8.834813, 31.082819999999998]]]}}, {"type": "Feature", "properties": {"commune_id": 1189, "name": "Sidi Ghanem"}, "geometry": {"type": "Polygon", "coordinates": [[[-8.024056, 32.642521], [-7.924056, 32.642521], [-7.924056, 32.742520999999996], [-8.024056, 32.742520999999996], [-8.024056, 32.642521]]]}}, {"type": "Feature", "properties": {"commune_id": 1190, "name": "Sidi Ghaneme"}, "geometry": {"type": "Polygon", "coordinates": [[[-9.518062, 31.2364], [-9.418061999999999, 31.2364], [-9.418061999999999, 31.3364], [-9.518062, 31.3364], [-9.518062, 31.2364]]]}}, {"type": "Feature", "properties": {"commune_id": 1191, "name": "Sidi H'Mad Ou Hamed"}, "geometry": {"type": "Polygon", "coordinates": [[[-9.729169, 31.295893], [-9.629169, 31.295893], [-9.629169, 31.395893], [-9.729169, 31.395893], [-9.729169, 31.295893]]]}}, {"type": "Feature", "properties": {"commune_id": 1192, "name": "Sidi H'Saine Ou Ali"}, "geometry": {"type": "Polygon", "coordinates": [[[-9.78556, 29.307457], [-9.685559999999999, 29.307457], [-9.685559999999999, 29.407457], [-9.78556, 29.407457], [-9.78556, 29.307457]]]}}, {"type": "Feature", "properties": {"commune_id": 1193, "name": "Sidi Haj M’hamed"}, "geometry": {"type": "Polygon", "coordinates": [[[-5.0388459999999995, 34.710934], [-4.938846, 34.710934], [-4.938846, 34.810933999999996], [-5.0388459999999995, 34.810933999999996], [-5.0388459999999995, 34.710934]]]}}, {"type": "Feature", "properties": {"commune_id": 1194, "name": "Sidi Hajjaj"}, "geometry": {"type": "Polygon", "coordinates": [[[-7.37787, 32.869997000000005], [-7.27787, 32.869997000000005], [-7.27787, 32.969997], [-7.37787, 32.969997], [-7.37787, 32.869997000000005]]]}}, {"type": "Feature", "properties": {"commune_id": 1195, "name": "Sidi Hajjaj Oued Hassar"}, "geometry": {"type": "Polygon", "coordinates": [[[-7.479037, 33.465970000000006], [-7.379037, 33.465970000000006], [-7.379037, 33.56597], [-7.479037, 33.56597], [-7.479037, 33.465970000000006]]]}}, {"type": "Feature", "properties": {"commune_id": 1196, "name": "Sidi Hammadi"}, "geometry": {"type": "Polygon", "coordinates": [[[-6.629465, 32.220029000000004], [-6.529465, 32.220029000000004], [-6.529465, 32.320029], [-6.629465, 32.320029], [-6.629465, 32.220029000000004]]]}}, {"type": "Feature", "properties": {"commune_id": 1197, "name": "Sidi Hcine"}, "geometry": {"type": "Polygon", "coordinates": [[[-6.085967, 32.987125000000006], [-5.9859670000000005, 32.987125000000006], [-5.9859670000000005, 33.087125], [-6.085967, 33.087125], [-6.085967, 32.987125000000006]]]}}, {"type": "Feature", "properties": {"commune_id": 1198, "name": "Sidi Hmad Ou M'Barek"}, "geometry": {"type": "Polygon", "coordinates": [[[-9.748078000000001, 30.794898], [-9.648078, 30.794898], [-9.648078, 30.894898], [-9.748078000000001, 30.894898], [-9.748078000000001, 30.794898]]]}}, {"type": "Feature", "properties": {"commune_id": 1199, "name": "Sidi Hrazem"}, "geometry": {"type": "Polygon", "coordinates": [[[-4.92235, 33.957349], [-4.82235, 33.957349], [-4.82235, 34.057348999999995], [-4.92235, 34.057348999999995], [-4.92235, 33.957349]]]}}, {"type": "Feature", "properties": {"commune_id": 1200, "name": "Sidi Hsaine"}, "geometry": {"type": "Polygon", "coordinates": [[[-7.7891829999999995, 30.408504], [-7.689183, 30.408504], [-7.689183, 30.508504000000002], [-7.7891829999999995, 30.508504000000002], [-7.7891829999999995, 30.408504]]]}}, {"type": "Feature", "properties": {"commune_id": 1201, "name": "Sidi Ifni"}, "geometry": {"type": "Polygon", "coordinates": [[[-10.216943, 29.327452], [-10.116943, 29.327452], [-10.116943, 29.427452000000002], [-10.216943, 29.427452000000002], [-10.216943, 29.327452]]]}}, {"type": "Feature", "properties": {"commune_id": 1202, "name": "Sidi Ishaq"}, "geometry": {"type": "Polygon", "coordinates": [[[-9.504915, 31.810817999999998], [-9.404914999999999, 31.810817999999998], [-9.404914999999999, 31.910818], [-9.504915, 31.910818], [-9.504915, 31.810817999999998]]]}}, {"type": "Feature", "properties": {"commune_id": 1203, "name": "Sidi Jaber"}, "geometry": {"type": "Polygon", "coordinates": [[[-6.502515, 32.296170000000004], [-6.402515, 32.296170000000004], [-6.402515, 32.39617], [-6.502515, 32.39617], [-6.502515, 32.296170000000004]]]}}, {"type": "Feature", "properties": {"commune_id": 1204, "name": "Sidi Kacem"}, "geometry": {"type": "Polygon", "coordinates": [[[-5.765238, 34.172276000000004], [-5.665238, 34.172276000000004], [-5.665238, 34.272276], [-5.765238, 34.272276], [-5.765238, 34.172276000000004]]]}}, {"type": "Feature", "properties": {"commune_id": 1205, "name": "Sidi Kaouki"}, "geometry": {"type": "Polygon", "coordinates": [[[-9.779321000000001, 31.337901], [-9.679321, 31.337901], [-9.679321, 31.437901], [-9.779321000000001, 31.437901], [-9.779321000000001, 31.337901]]]}}, {"type": "Feature", "properties": {"commune_id": 1206, "name": "Sidi Laaroussi"}, "geometry": {"type": "Polygon", "coordinates": [[[-9.200734, 31.764723], [-9.100734, 31.764723], [-9.100734, 31.864723], [-9.200734, 31.864723], [-9.200734, 31.764723]]]}}, {"type": "Feature", "properties": {"commune_id": 1207, "name": "Sidi Lahsen"}, "geometry": {"type": "Polygon", "coordinates": [[[-2.715684, 33.985710000000005], [-2.6156840000000003, 33.985710000000005], [-2.6156840000000003, 34.08571], [-2.715684, 34.08571], [-2.715684, 33.985710000000005]]]}}, {"type": "Feature", "properties": {"commune_id": 1208, "name": "Sidi Lamine"}, "geometry": {"type": "Polygon", "coordinates": [[[-6.026647, 32.824583000000004], [-5.926647, 32.824583000000004], [-5.926647, 32.924583], [-6.026647, 32.924583], [-6.026647, 32.824583000000004]]]}}, {"type": "Feature", "properties": {"commune_id": 1209, "name": "Sidi Lyamani"}, "geometry": {"type": "Polygon", "coordinates": [[[-6.018151, 35.322459], [-5.918151, 35.322459], [-5.918151, 35.422458999999996], [-6.018151, 35.422458999999996], [-6.018151, 35.322459]]]}}, {"type": "Feature", "properties": {"commune_id": 1210, "name": "Sidi M'Bark"}, "geometry": {"type": "Polygon", "coordinates": [[[-9.886944000000002, 29.239319], [-9.786944, 29.239319], [-9.786944, 29.339319], [-9.886944000000002, 29.339319], [-9.886944000000002, 29.239319]]]}}, {"type": "Feature", "properties": {"commune_id": 1211, "name": "Sidi M'Hamed Akhdim"}, "geometry": {"type": "Polygon", "coordinates": [[[-8.808063, 32.752487], [-8.708063, 32.752487], [-8.708063, 32.852486999999996], [-8.808063, 32.852486999999996], [-8.808063, 32.752487]]]}}, {"type": "Feature", "properties": {"commune_id": 1212, "name": "Sidi M'Hamed Ben Lahcen"}, "geometry": {"type": "Polygon", "coordinates": [[[-4.6902859999999995, 34.176753000000005], [-4.590286, 34.176753000000005], [-4.590286, 34.276753], [-4.6902859999999995, 34.276753], [-4.6902859999999995, 34.176753000000005]]]}}, {"type": "Feature", "properties": {"commune_id": 1213, "name": "Sidi M'Hamed Chelh"}, "geometry": {"type": "Polygon", "coordinates": [[[-5.8304, 34.426121], [-5.7304, 34.426121], [-5.7304, 34.526120999999996], [-5.8304, 34.526120999999996], [-5.8304, 34.426121]]]}}, {"type": "Feature", "properties": {"commune_id": 1214, "name": "Sidi M'Hamed Dalil"}, "geometry": {"type": "Polygon", "coordinates": [[[-8.735886, 31.34783], [-8.635886, 31.34783], [-8.635886, 31.44783], [-8.735886, 31.44783], [-8.735886, 31.34783]]]}}, {"type": "Feature", "properties": {"commune_id": 1215, "name": "Sidi M'Hamed Ou Marzouq"}, "geometry": {"type": "Polygon", "coordinates": [[[-9.104447, 31.684565], [-9.004446999999999, 31.684565], [-9.004446999999999, 31.784565], [-9.104447, 31.784565], [-9.104447, 31.684565]]]}}, {"type": "Feature", "properties": {"commune_id": 1216, "name": "Sidi Mansour"}, "geometry": {"type": "Polygon", "coordinates": [[[-8.140066000000001, 32.400701000000005], [-8.040066, 32.400701000000005], [-8.040066, 32.500701], [-8.140066000000001, 32.500701], [-8.140066000000001, 32.400701000000005]]]}}, {"type": "Feature", "properties": {"commune_id": 1217, "name": "Sidi Mohamed Ben Mansour"}, "geometry": {"type": "Polygon", "coordinates": [[[-6.348387, 34.637723], [-6.248387, 34.637723], [-6.248387, 34.737722999999995], [-6.348387, 34.737722999999995], [-6.348387, 34.637723]]]}}, {"type": "Feature", "properties": {"commune_id": 1218, "name": "Sidi Mohamed Lahmar"}, "geometry": {"type": "Polygon", "coordinates": [[[-6.263862, 34.695421], [-6.163862, 34.695421], [-6.163862, 34.795421], [-6.263862, 34.795421], [-6.263862, 34.695421]]]}}, {"type": "Feature", "properties": {"commune_id": 1219, "name": "Sidi Mohammed Ben Rahal"}, "geometry": {"type": "Polygon", "coordinates": [[[-7.824632, 32.686764000000004], [-7.724632000000001, 32.686764000000004], [-7.724632000000001, 32.786764], [-7.824632, 32.786764], [-7.824632, 32.686764000000004]]]}}, {"type": "Feature", "properties": {"commune_id": 1220, "name": "Sidi Moussa"}, "geometry": {"type": "Polygon", "coordinates": [[[-7.225033, 32.203439], [-7.125033, 32.203439], [-7.125033, 32.303439], [-7.225033, 32.303439], [-7.225033, 32.203439]]]}}, {"type": "Feature", "properties": {"commune_id": 1221, "name": "Sidi Moussa Ben Ali"}, "geometry": {"type": "Polygon", "coordinates": [[[-7.413666, 33.502561], [-7.3136660000000004, 33.502561], [-7.3136660000000004, 33.602560999999994], [-7.413666, 33.602560999999994], [-7.413666, 33.502561]]]}}, {"type": "Feature", "properties": {"commune_id": 1222, "name": "Sidi Moussa El Majdoub"}, "geometry": {"type": "Polygon", "coordinates": [[[-7.413095, 33.578893], [-7.313095000000001, 33.578893], [-7.313095000000001, 33.678892999999995], [-7.413095, 33.678892999999995], [-7.413095, 33.578893]]]}}, {"type": "Feature", "properties": {"commune_id": 1223, "name": "Sidi Moussa Lamhaya"}, "geometry": {"type": "Polygon", "coordinates": [[[-2.1705409999999996, 34.534262000000005], [-2.070541, 34.534262000000005], [-2.070541, 34.634262], [-2.1705409999999996, 34.634262], [-2.1705409999999996, 34.534262000000005]]]}}, {"type": "Feature", "properties": {"commune_id": 1224, "name": "Sidi Moussa Lhamri"}, "geometry": {"type": "Polygon", "coordinates": [[[-9.2146, 30.453004], [-9.1146, 30.453004], [-9.1146, 30.553004], [-9.2146, 30.553004], [-9.2146, 30.453004]]]}}, {"type": "Feature", "properties": {"commune_id": 1225, "name": "Sidi Mzal"}, "geometry": {"type": "Polygon", "coordinates": [[[-8.943249000000002, 29.813001], [-8.843249, 29.813001], [-8.843249, 29.913001], [-8.943249000000002, 29.913001], [-8.943249000000002, 29.813001]]]}}, {"type": "Feature", "properties": {"commune_id": 1226, "name": "Sidi Ouaaziz"}, "geometry": {"type": "Polygon", "coordinates": [[[-8.365352000000001, 30.716902], [-8.265352, 30.716902], [-8.265352, 30.816902000000002], [-8.365352000000001, 30.816902000000002], [-8.365352000000001, 30.716902]]]}}, {"type": "Feature", "properties": {"commune_id": 1227, "name": "Sidi Ouassay"}, "geometry": {"type": "Polygon", "coordinates": [[[-9.702938000000001, 30.00443], [-9.602938, 30.00443], [-9.602938, 30.10443], [-9.702938000000001, 30.10443], [-9.702938000000001, 30.00443]]]}}, {"type": "Feature", "properties": {"commune_id": 1228, "name": "Sidi Rahal Chatai"}, "geometry": {"type": "Polygon", "coordinates": [[[-8.006969, 33.389753000000006], [-7.906969, 33.389753000000006], [-7.906969, 33.489753], [-8.006969, 33.489753], [-8.006969, 33.389753000000006]]]}}, {"type": "Feature", "properties": {"commune_id": 1229, "name": "Sidi Rahhal"}, "geometry": {"type": "Polygon", "coordinates": [[[-7.526841, 31.60401], [-7.4268410000000005, 31.60401], [-7.4268410000000005, 31.70401], [-7.526841, 31.70401], [-7.526841, 31.60401]]]}}, {"type": "Feature", "properties": {"commune_id": 1230, "name": "Sidi Redouane"}, "geometry": {"type": "Polygon", "coordinates": [[[-5.506384, 34.623819000000005], [-5.406384, 34.623819000000005], [-5.406384, 34.723819], [-5.506384, 34.723819], [-5.506384, 34.623819000000005]]]}}, {"type": "Feature", "properties": {"commune_id": 1231, "name": "Sidi Slimane"}, "geometry": {"type": "Polygon", "coordinates": [[[-5.9722919999999995, 34.213955000000006], [-5.872292, 34.213955000000006], [-5.872292, 34.313955], [-5.9722919999999995, 34.313955], [-5.9722919999999995, 34.213955000000006]]]}}, {"type": "Feature", "properties": {"commune_id": 1232, "name": "Sidi Slimane Echcharaa"}, "geometry": {"type": "Polygon", "coordinates": [[[-2.4039789999999996, 34.859538], [-2.303979, 34.859538], [-2.303979, 34.959537999999995], [-2.4039789999999996, 34.959537999999995], [-2.4039789999999996, 34.859538]]]}}, {"type": "Feature", "properties": {"commune_id": 1233, "name": "Sidi Slimane Moul Al Kifane"}, "geometry": {"type": "Polygon", "coordinates": [[[-5.496842, 33.791024], [-5.396842, 33.791024], [-5.396842, 33.891023999999994], [-5.496842, 33.891023999999994], [-5.496842, 33.791024]]]}}, {"type": "Feature", "properties": {"commune_id": 1234, "name": "Sidi Smaïl"}, "geometry": {"type": "Polygon", "coordinates": [[[-8.590314000000001, 32.833055], [-8.490314, 32.833055], [-8.490314, 32.933054999999996], [-8.590314000000001, 32.933054999999996], [-8.590314000000001, 32.833055]]]}}, {"type": "Feature", "properties": {"commune_id": 1235, "name": "Sidi Taibi"}, "geometry": {"type": "Polygon", "coordinates": [[[-6.701441, 34.133393000000005], [-6.601441, 34.133393000000005], [-6.601441, 34.233393], [-6.701441, 34.233393], [-6.701441, 34.133393000000005]]]}}, {"type": "Feature", "properties": {"commune_id": 1236, "name": "Sidi Yacoub"}, "geometry": {"type": "Polygon", "coordinates": [[[-7.172668, 31.582364], [-7.072668, 31.582364], [-7.072668, 31.682364], [-7.172668, 31.682364], [-7.172668, 31.582364]]]}}, {"type": "Feature", "properties": {"commune_id": 1237, "name": "Sidi Yahya Bni Zeroual"}, "geometry": {"type": "Polygon", "coordinates": [[[-5.035905, 34.628081], [-4.935905, 34.628081], [-4.935905, 34.728080999999996], [-5.035905, 34.728080999999996], [-5.035905, 34.628081]]]}}, {"type": "Feature", "properties": {"commune_id": 1238, "name": "Sidi Yahya Ou Saad"}, "geometry": {"type": "Polygon", "coordinates": [[[-5.650195, 32.5536], [-5.550195, 32.5536], [-5.550195, 32.6536], [-5.650195, 32.6536], [-5.650195, 32.5536]]]}}, {"type": "Feature", "properties": {"commune_id": 1239, "name": "Sidi Yahya Ou Youssef"}, "geometry": {"type": "Polygon", "coordinates": [[[-5.4725019999999995, 32.390868000000005], [-5.372502, 32.390868000000005], [-5.372502, 32.490868], [-5.4725019999999995, 32.490868], [-5.4725019999999995, 32.390868000000005]]]}}, {"type": "Feature", "properties": {"commune_id": 1240, "name": "Sidi Yahya Zaer"}, "geometry": {"type": "Polygon", "coordinates": [[[-6.933452, 33.654262], [-6.833452, 33.654262], [-6.833452, 33.754262], [-6.933452, 33.754262], [-6.933452, 33.654262]]]}}, {"type": "Feature", "properties": {"commune_id": 1241, "name": "Sidi Yahya du Gharb"}, "geometry": {"type": "Polygon", "coordinates": [[[-6.343584, 34.257692000000006], [-6.243584, 34.257692000000006], [-6.243584, 34.357692], [-6.343584, 34.357692], [-6.343584, 34.257692000000006]]]}}, {"type": "Feature", "properties": {"commune_id": 1242, "name": "Sidi Youssef Ben Ahmed"}, "geometry": {"type": "Polygon", "coordinates": [[[-4.831003, 33.795278], [-4.731003, 33.795278], [-4.731003, 33.895278], [-4.831003, 33.895278], [-4.831003, 33.795278]]]}}, {"type": "Feature", "properties": {"commune_id": 1243, "name": "Sidi el Aïdi"}, "geometry": {"type": "Polygon", "coordinates": [[[-7.703754, 33.041148], [-7.603754, 33.041148], [-7.603754, 33.141147999999994], [-7.703754, 33.141147999999994], [-7.703754, 33.041148]]]}}, {"type": "Feature", "properties": {"commune_id": 1244, "name": "Siroua"}, "geometry": {"type": "Polygon", "coordinates": [[[-7.396148, 30.672151], [-7.2961480000000005, 30.672151], [-7.2961480000000005, 30.772151], [-7.396148, 30.772151], [-7.396148, 30.672151]]]}}, {"type": "Feature", "properties": {"commune_id": 1245, "name": "Skhirate"}, "geometry": {"type": "Polygon", "coordinates": [[[-7.106549, 33.796949000000005], [-7.006549000000001, 33.796949000000005], [-7.006549000000001, 33.896949], [-7.106549, 33.896949], [-7.106549, 33.796949000000005]]]}}, {"type": "Feature", "properties": {"commune_id": 1246, "name": "Skhour Rhamna"}, "geometry": {"type": "Polygon", "coordinates": [[[-8.028823000000001, 32.419962000000005], [-7.928823, 32.419962000000005], [-7.928823, 32.519962], [-8.028823000000001, 32.519962], [-8.028823000000001, 32.419962000000005]]]}}, {"type": "Feature", "properties": {"commune_id": 1247, "name": "Skoura Ahl El Oust"}, "geometry": {"type": "Polygon", "coordinates": [[[-6.541986, 30.999956], [-6.441986, 30.999956], [-6.441986, 31.099956000000002], [-6.541986, 31.099956000000002], [-6.541986, 30.999956]]]}}, {"type": "Feature", "properties": {"commune_id": 1248, "name": "Skoura Lhadra"}, "geometry": {"type": "Polygon", "coordinates": [[[-7.809424, 32.420480000000005], [-7.709424, 32.420480000000005], [-7.709424, 32.52048], [-7.809424, 32.52048], [-7.809424, 32.420480000000005]]]}}, {"type": "Feature", "properties": {"commune_id": 1249, "name": "Skoura M'Daz"}, "geometry": {"type": "Polygon", "coordinates": [[[-4.609825, 33.493275000000004], [-4.509825, 33.493275000000004], [-4.509825, 33.593275], [-4.609825, 33.593275], [-4.609825, 33.493275000000004]]]}}, {"type": "Feature", "properties": {"commune_id": 1250, "name": "Smara"}, "geometry": {"type": "Polygon", "coordinates": [[[-11.729297, 26.691145], [-11.629297, 26.691145], [-11.629297, 26.791145], [-11.729297, 26.791145], [-11.729297, 26.691145]]]}}, {"type": "Feature", "properties": {"commune_id": 1251, "name": "Smimou"}, "geometry": {"type": "Polygon", "coordinates": [[[-9.746464000000001, 31.176091], [-9.646464, 31.176091], [-9.646464, 31.276091], [-9.746464000000001, 31.276091], [-9.746464000000001, 31.176091]]]}}, {"type": "Feature", "properties": {"commune_id": 1252, "name": "Smià"}, "geometry": {"type": "Polygon", "coordinates": [[[-4.340634, 33.95572], [-4.240634, 33.95572], [-4.240634, 34.055719999999994], [-4.340634, 34.055719999999994], [-4.340634, 33.95572]]]}}, {"type": "Feature", "properties": {"commune_id": 1253, "name": "Souaken"}, "geometry": {"type": "Polygon", "coordinates": [[[-5.991457, 35.067775000000005], [-5.891457, 35.067775000000005], [-5.891457, 35.167775], [-5.991457, 35.167775], [-5.991457, 35.067775000000005]]]}}, {"type": "Feature", "properties": {"commune_id": 1254, "name": "Soualem Trifiya"}, "geometry": {"type": "Polygon", "coordinates": [[[-7.914683999999999, 33.404557000000004], [-7.814684, 33.404557000000004], [-7.814684, 33.504557], [-7.914683999999999, 33.504557], [-7.914683999999999, 33.404557000000004]]]}}, {"type": "Feature", "properties": {"commune_id": 1255, "name": "Souihla"}, "geometry": {"type": "Polygon", "coordinates": [[[-8.250995000000001, 31.563561], [-8.150995, 31.563561], [-8.150995, 31.663561], [-8.250995000000001, 31.663561], [-8.250995000000001, 31.563561]]]}}, {"type": "Feature", "properties": {"commune_id": 1256, "name": "Souk El Arba Du Gharb"}, "geometry": {"type": "Polygon", "coordinates": [[[-6.046815, 34.625544000000005], [-5.946815, 34.625544000000005], [-5.946815, 34.725544], [-6.046815, 34.725544], [-6.046815, 34.625544000000005]]]}}, {"type": "Feature", "properties": {"commune_id": 1257, "name": "Souk Kdim"}, "geometry": {"type": "Polygon", "coordinates": [[[-5.574095, 35.55621], [-5.474095, 35.55621], [-5.474095, 35.656209999999994], [-5.574095, 35.656209999999994], [-5.574095, 35.55621]]]}}, {"type": "Feature", "properties": {"commune_id": 1258, "name": "Souk L'Qolla"}, "geometry": {"type": "Polygon", "coordinates": [[[-5.649554, 35.063055000000006], [-5.5495540000000005, 35.063055000000006], [-5.5495540000000005, 35.163055], [-5.649554, 35.163055], [-5.649554, 35.063055000000006]]]}}, {"type": "Feature", "properties": {"commune_id": 1259, "name": "Souk Lakhmis Dades"}, "geometry": {"type": "Polygon", "coordinates": [[[-6.045247, 31.19088], [-5.945247, 31.19088], [-5.945247, 31.29088], [-6.045247, 31.29088], [-6.045247, 31.19088]]]}}, {"type": "Feature", "properties": {"commune_id": 1260, "name": "Souk Sebt Oulad Nemma"}, "geometry": {"type": "Polygon", "coordinates": [[[-6.756521, 32.242773], [-6.656521000000001, 32.242773], [-6.656521000000001, 32.342772999999994], [-6.756521, 32.342772999999994], [-6.756521, 32.242773]]]}}, {"type": "Feature", "properties": {"commune_id": 1261, "name": "Souk Tlet El Gharb"}, "geometry": {"type": "Polygon", "coordinates": [[[-6.216531, 34.603892], [-6.116531, 34.603892], [-6.116531, 34.703891999999996], [-6.216531, 34.703891999999996], [-6.216531, 34.603892]]]}}, {"type": "Feature", "properties": {"commune_id": 1262, "name": "Souk Tolba"}, "geometry": {"type": "Polygon", "coordinates": [[[-5.90938, 35.025285000000004], [-5.80938, 35.025285000000004], [-5.80938, 35.125285], [-5.90938, 35.125285], [-5.90938, 35.025285000000004]]]}}, {"type": "Feature", "properties": {"commune_id": 1263, "name": "Sour El Aaz"}, "geometry": {"type": "Polygon", "coordinates": [[[-7.100194, 31.799559], [-7.0001940000000005, 31.799559], [-7.0001940000000005, 31.899559], [-7.100194, 31.899559], [-7.100194, 31.799559]]]}}, {"type": "Feature", "properties": {"commune_id": 1264, "name": "Stehat"}, "geometry": {"type": "Polygon", "coordinates": [[[-5.065607, 35.247278], [-4.965607, 35.247278], [-4.965607, 35.347277999999996], [-5.065607, 35.347277999999996], [-5.065607, 35.247278]]]}}, {"type": "Feature", "properties": {"commune_id": 1265, "name": "Sti Fadma"}, "geometry": {"type": "Polygon", "coordinates": [[[-7.760216, 31.186798], [-7.660216, 31.186798], [-7.660216, 31.286798], [-7.760216, 31.286798], [-7.760216, 31.186798]]]}}, {"type": "Feature", "properties": {"commune_id": 1266, "name": "Tabant"}, "geometry": {"type": "Polygon", "coordinates": [[[-6.378153, 31.611352], [-6.2781530000000005, 31.611352], [-6.2781530000000005, 31.711352], [-6.378153, 31.711352], [-6.378153, 31.611352]]]}}, {"type": "Feature", "properties": {"commune_id": 1267, "name": "Tabaroucht"}, "geometry": {"type": "Polygon", "coordinates": [[[-6.246944, 32.083727], [-6.146944, 32.083727], [-6.146944, 32.183727], [-6.246944, 32.183727], [-6.246944, 32.083727]]]}}, {"type": "Feature", "properties": {"commune_id": 1268, "name": "Tabia"}, "geometry": {"type": "Polygon", "coordinates": [[[-8.937293, 29.944335], [-8.837292999999999, 29.944335], [-8.837292999999999, 30.044335], [-8.937293, 30.044335], [-8.937293, 29.944335]]]}}, {"type": "Feature", "properties": {"commune_id": 1269, "name": "Tabia"}, "geometry": {"type": "Polygon", "coordinates": [[[-6.892145999999999, 31.944948], [-6.792146, 31.944948], [-6.792146, 32.044948], [-6.892145999999999, 32.044948], [-6.892145999999999, 31.944948]]]}}, {"type": "Feature", "properties": {"commune_id": 1270, "name": "Tabouda"}, "geometry": {"type": "Polygon", "coordinates": [[[-5.152083, 34.693575], [-5.0520830000000005, 34.693575], [-5.0520830000000005, 34.793575], [-5.152083, 34.793575], [-5.152083, 34.693575]]]}}, {"type": "Feature", "properties": {"commune_id": 1271, "name": "Tachraft"}, "geometry": {"type": "Polygon", "coordinates": [[[-6.49073, 32.722603], [-6.3907300000000005, 32.722603], [-6.3907300000000005, 32.822602999999994], [-6.49073, 32.822602999999994], [-6.49073, 32.722603]]]}}, {"type": "Feature", "properties": {"commune_id": 1272, "name": "Taddart"}, "geometry": {"type": "Polygon", "coordinates": [[[-3.7413109999999996, 34.14634], [-3.641311, 34.14634], [-3.641311, 34.24634], [-3.7413109999999996, 34.24634], [-3.7413109999999996, 34.14634]]]}}, {"type": "Feature", "properties": {"commune_id": 1273, "name": "Tadighoust"}, "geometry": {"type": "Polygon", "coordinates": [[[-4.894202, 31.847371], [-4.794202, 31.847371], [-4.794202, 31.947371], [-4.894202, 31.947371], [-4.894202, 31.847371]]]}}, {"type": "Feature", "properties": {"commune_id": 1274, "name": "Tadrart"}, "geometry": {"type": "Polygon", "coordinates": [[[-9.509152, 30.741830999999998], [-9.409151999999999, 30.741830999999998], [-9.409151999999999, 30.841831], [-9.509152, 30.841831], [-9.509152, 30.741830999999998]]]}}, {"type": "Feature", "properties": {"commune_id": 1275, "name": "Tafajight"}, "geometry": {"type": "Polygon", "coordinates": [[[-4.388749, 33.538107000000004], [-4.288749, 33.538107000000004], [-4.288749, 33.638107], [-4.388749, 33.638107], [-4.388749, 33.538107000000004]]]}}, {"type": "Feature", "properties": {"commune_id": 1276, "name": "Tafedna"}, "geometry": {"type": "Polygon", "coordinates": [[[-9.809552, 31.041773], [-9.709551999999999, 31.041773], [-9.709551999999999, 31.141773], [-9.809552, 31.141773], [-9.809552, 31.041773]]]}}, {"type": "Feature", "properties": {"commune_id": 1277, "name": "Tafersit"}, "geometry": {"type": "Polygon", "coordinates": [[[-3.61799, 34.970579], [-3.51799, 34.970579], [-3.51799, 35.070578999999995], [-3.61799, 35.070578999999995], [-3.61799, 34.970579]]]}}, {"type": "Feature", "properties": {"commune_id": 1278, "name": "Tafetachte"}, "geometry": {"type": "Polygon", "coordinates": [[[-9.327297000000002, 31.573513], [-9.227297, 31.573513], [-9.227297, 31.673513], [-9.327297000000002, 31.673513], [-9.327297000000002, 31.573513]]]}}, {"type": "Feature", "properties": {"commune_id": 1279, "name": "Tafingoult"}, "geometry": {"type": "Polygon", "coordinates": [[[-8.461566000000001, 30.725116], [-8.361566, 30.725116], [-8.361566, 30.825116], [-8.461566000000001, 30.825116], [-8.461566000000001, 30.725116]]]}}, {"type": "Feature", "properties": {"commune_id": 1280, "name": "Tafoughalt"}, "geometry": {"type": "Polygon", "coordinates": [[[-2.404425, 34.745272], [-2.304425, 34.745272], [-2.304425, 34.845271999999994], [-2.404425, 34.845271999999994], [-2.404425, 34.745272]]]}}, {"type": "Feature", "properties": {"commune_id": 1281, "name": "Tafrant"}, "geometry": {"type": "Polygon", "coordinates": [[[-5.147691, 34.606189], [-5.047691, 34.606189], [-5.047691, 34.706188999999995], [-5.147691, 34.706188999999995], [-5.147691, 34.606189]]]}}, {"type": "Feature", "properties": {"commune_id": 1282, "name": "Tafraout"}, "geometry": {"type": "Polygon", "coordinates": [[[-9.045066, 29.648702], [-8.945065999999999, 29.648702], [-8.945065999999999, 29.748702], [-9.045066, 29.748702], [-9.045066, 29.648702]]]}}, {"type": "Feature", "properties": {"commune_id": 1283, "name": "Tafraout El Mouloud"}, "geometry": {"type": "Polygon", "coordinates": [[[-9.277787, 29.614898999999998], [-9.177786999999999, 29.614898999999998], [-9.177786999999999, 29.714899], [-9.277787, 29.714899], [-9.277787, 29.614898999999998]]]}}, {"type": "Feature", "properties": {"commune_id": 1284, "name": "Tafraouten"}, "geometry": {"type": "Polygon", "coordinates": [[[-8.947895, 30.668791], [-8.847895, 30.668791], [-8.847895, 30.768791], [-8.947895, 30.768791], [-8.947895, 30.668791]]]}}, {"type": "Feature", "properties": {"commune_id": 1285, "name": "Taftechna"}, "geometry": {"type": "Polygon", "coordinates": [[[-5.888653, 30.594649], [-5.788653, 30.594649], [-5.788653, 30.694649000000002], [-5.888653, 30.694649000000002], [-5.888653, 30.594649]]]}}, {"type": "Feature", "properties": {"commune_id": 1286, "name": "Tagant"}, "geometry": {"type": "Polygon", "coordinates": [[[-9.784335, 29.111841], [-9.684334999999999, 29.111841], [-9.684334999999999, 29.211841], [-9.784335, 29.211841], [-9.784335, 29.111841]]]}}, {"type": "Feature", "properties": {"commune_id": 1287, "name": "Taghazout"}, "geometry": {"type": "Polygon", "coordinates": [[[-9.725099, 30.534447999999998], [-9.625098999999999, 30.534447999999998], [-9.625098999999999, 30.634448], [-9.725099, 30.634448], [-9.725099, 30.534447999999998]]]}}, {"type": "Feature", "properties": {"commune_id": 1288, "name": "Taghbalte"}, "geometry": {"type": "Polygon", "coordinates": [[[-5.4542839999999995, 30.518546], [-5.354284, 30.518546], [-5.354284, 30.618546000000002], [-5.4542839999999995, 30.618546000000002], [-5.4542839999999995, 30.518546]]]}}, {"type": "Feature", "properties": {"commune_id": 1289, "name": "Taghjijt"}, "geometry": {"type": "Polygon", "coordinates": [[[-9.423595, 28.858404], [-9.323595, 28.858404], [-9.323595, 28.958404], [-9.423595, 28.958404], [-9.423595, 28.858404]]]}}, {"type": "Feature", "properties": {"commune_id": 1290, "name": "Taghramt"}, "geometry": {"type": "Polygon", "coordinates": [[[-5.497794, 35.757924], [-5.397794, 35.757924], [-5.397794, 35.857924], [-5.497794, 35.857924], [-5.497794, 35.757924]]]}}, {"type": "Feature", "properties": {"commune_id": 1291, "name": "Taghzirt"}, "geometry": {"type": "Polygon", "coordinates": [[[-6.2047799999999995, 32.366711], [-6.10478, 32.366711], [-6.10478, 32.466711], [-6.2047799999999995, 32.466711], [-6.2047799999999995, 32.366711]]]}}, {"type": "Feature", "properties": {"commune_id": 1292, "name": "Taghzout"}, "geometry": {"type": "Polygon", "coordinates": [[[-4.595352, 34.715921], [-4.4953520000000005, 34.715921], [-4.4953520000000005, 34.815920999999996], [-4.595352, 34.815920999999996], [-4.595352, 34.715921]]]}}, {"type": "Feature", "properties": {"commune_id": 1293, "name": "Taghzoute N'Ait Atta"}, "geometry": {"type": "Polygon", "coordinates": [[[-5.40834, 31.413362], [-5.30834, 31.413362], [-5.30834, 31.513362], [-5.40834, 31.513362], [-5.40834, 31.413362]]]}}, {"type": "Feature", "properties": {"commune_id": 1294, "name": "Tagleft"}, "geometry": {"type": "Polygon", "coordinates": [[[-6.158698, 32.178483], [-6.058698000000001, 32.178483], [-6.058698000000001, 32.278482999999994], [-6.158698, 32.278482999999994], [-6.158698, 32.178483]]]}}, {"type": "Feature", "properties": {"commune_id": 1295, "name": "Tagmout"}, "geometry": {"type": "Polygon", "coordinates": [[[-8.273043000000001, 29.847089], [-8.173043, 29.847089], [-8.173043, 29.947089000000002], [-8.273043000000001, 29.947089000000002], [-8.273043000000001, 29.847089]]]}}, {"type": "Feature", "properties": {"commune_id": 1296, "name": "Tagounite"}, "geometry": {"type": "Polygon", "coordinates": [[[-5.926038, 29.900029], [-5.8260380000000005, 29.900029], [-5.8260380000000005, 30.000029], [-5.926038, 30.000029], [-5.926038, 29.900029]]]}}, {"type": "Feature", "properties": {"commune_id": 1297, "name": "Tah"}, "geometry": {"type": "Polygon", "coordinates": [[[-12.712519, 27.798424999999998], [-12.612518999999999, 27.798424999999998], [-12.612518999999999, 27.898425], [-12.712519, 27.898425], [-12.712519, 27.798424999999998]]]}}, {"type": "Feature", "properties": {"commune_id": 1298, "name": "Tahannaout"}, "geometry": {"type": "Polygon", "coordinates": [[[-7.992821999999999, 31.306673], [-7.892822, 31.306673], [-7.892822, 31.406673], [-7.992821999999999, 31.406673], [-7.992821999999999, 31.306673]]]}}, {"type": "Feature", "properties": {"commune_id": 1299, "name": "Tahelouante"}, "geometry": {"type": "Polygon", "coordinates": [[[-9.375336, 31.12823], [-9.275336, 31.12823], [-9.275336, 31.22823], [-9.375336, 31.22823], [-9.375336, 31.12823]]]}}, {"type": "Feature", "properties": {"commune_id": 1300, "name": "Tahla"}, "geometry": {"type": "Polygon", "coordinates": [[[-4.478476, 34.00041], [-4.378476, 34.00041], [-4.378476, 34.10041], [-4.478476, 34.10041], [-4.478476, 34.00041]]]}}, {"type": "Feature", "properties": {"commune_id": 1301, "name": "Taifa"}, "geometry": {"type": "Polygon", "coordinates": [[[-4.121785, 34.308385], [-4.021785, 34.308385], [-4.021785, 34.408384999999996], [-4.121785, 34.408384999999996], [-4.121785, 34.308385]]]}}, {"type": "Feature", "properties": {"commune_id": 1302, "name": "Takate"}, "geometry": {"type": "Polygon", "coordinates": [[[-9.524127, 31.625961], [-9.424126999999999, 31.625961], [-9.424126999999999, 31.725961], [-9.524127, 31.725961], [-9.524127, 31.625961]]]}}, {"type": "Feature", "properties": {"commune_id": 1303, "name": "Takoucht"}, "geometry": {"type": "Polygon", "coordinates": [[[-9.500776, 31.170523], [-9.400775999999999, 31.170523], [-9.400775999999999, 31.270523], [-9.500776, 31.270523], [-9.500776, 31.170523]]]}}, {"type": "Feature", "properties": {"commune_id": 1304, "name": "Talambote"}, "geometry": {"type": "Polygon", "coordinates": [[[-5.210342, 35.117886000000006], [-5.110342, 35.117886000000006], [-5.110342, 35.217886], [-5.210342, 35.217886], [-5.210342, 35.117886000000006]]]}}, {"type": "Feature", "properties": {"commune_id": 1305, "name": "Talat N'Yaaqoub"}, "geometry": {"type": "Polygon", "coordinates": [[[-8.32498, 30.913650999999998], [-8.224979999999999, 30.913650999999998], [-8.224979999999999, 31.013651], [-8.32498, 31.013651], [-8.32498, 30.913650999999998]]]}}, {"type": "Feature", "properties": {"commune_id": 1306, "name": "Talgjount"}, "geometry": {"type": "Polygon", "coordinates": [[[-8.643269, 30.714067], [-8.543268999999999, 30.714067], [-8.543268999999999, 30.814067], [-8.643269, 30.814067], [-8.643269, 30.714067]]]}}, {"type": "Feature", "properties": {"commune_id": 1307, "name": "Talilit"}, "geometry": {"type": "Polygon", "coordinates": [[[-3.6161489999999996, 35.086101], [-3.516149, 35.086101], [-3.516149, 35.186100999999994], [-3.6161489999999996, 35.186100999999994], [-3.6161489999999996, 35.086101]]]}}, {"type": "Feature", "properties": {"commune_id": 1308, "name": "Taliouine"}, "geometry": {"type": "Polygon", "coordinates": [[[-7.973585, 30.480626], [-7.873585, 30.480626], [-7.873585, 30.580626000000002], [-7.973585, 30.580626000000002], [-7.973585, 30.480626]]]}}, {"type": "Feature", "properties": {"commune_id": 1309, "name": "Taliouine Assaka"}, "geometry": {"type": "Polygon", "coordinates": [[[-10.257414, 28.983372], [-10.157414, 28.983372], [-10.157414, 29.083372], [-10.257414, 29.083372], [-10.257414, 28.983372]]]}}, {"type": "Feature", "properties": {"commune_id": 1310, "name": "Talmakante"}, "geometry": {"type": "Polygon", "coordinates": [[[-8.982116000000001, 30.786392], [-8.882116, 30.786392], [-8.882116, 30.886392], [-8.982116000000001, 30.886392], [-8.982116000000001, 30.786392]]]}}, {"type": "Feature", "properties": {"commune_id": 1311, "name": "Talmest"}, "geometry": {"type": "Polygon", "coordinates": [[[-9.393786, 31.768463999999998], [-9.293785999999999, 31.768463999999998], [-9.293785999999999, 31.868464], [-9.393786, 31.868464], [-9.393786, 31.768463999999998]]]}}, {"type": "Feature", "properties": {"commune_id": 1312, "name": "Talsint"}, "geometry": {"type": "Polygon", "coordinates": [[[-3.538274, 32.597527], [-3.4382740000000003, 32.597527], [-3.4382740000000003, 32.697526999999994], [-3.538274, 32.697526999999994], [-3.538274, 32.597527]]]}}, {"type": "Feature", "properties": {"commune_id": 1313, "name": "Talzemt"}, "geometry": {"type": "Polygon", "coordinates": [[[-4.2397149999999995, 33.499967000000005], [-4.139715, 33.499967000000005], [-4.139715, 33.599967], [-4.2397149999999995, 33.599967], [-4.2397149999999995, 33.499967000000005]]]}}, {"type": "Feature", "properties": {"commune_id": 1314, "name": "Tamaguert"}, "geometry": {"type": "Polygon", "coordinates": [[[-7.59718, 31.490111], [-7.49718, 31.490111], [-7.49718, 31.590111], [-7.59718, 31.590111], [-7.59718, 31.490111]]]}}, {"type": "Feature", "properties": {"commune_id": 1315, "name": "Tamallalt"}, "geometry": {"type": "Polygon", "coordinates": [[[-7.577241, 31.774767], [-7.477241, 31.774767], [-7.477241, 31.874767000000002], [-7.577241, 31.874767000000002], [-7.577241, 31.774767]]]}}, {"type": "Feature", "properties": {"commune_id": 1316, "name": "Tamaloukte"}, "geometry": {"type": "Polygon", "coordinates": [[[-8.843456000000002, 30.565922], [-8.743456, 30.565922], [-8.743456, 30.665922000000002], [-8.843456000000002, 30.665922000000002], [-8.843456000000002, 30.565922]]]}}, {"type": "Feature", "properties": {"commune_id": 1317, "name": "Tamanar"}, "geometry": {"type": "Polygon", "coordinates": [[[-9.719418000000001, 30.954175], [-9.619418, 30.954175], [-9.619418, 31.054175], [-9.719418000000001, 31.054175], [-9.719418000000001, 30.954175]]]}}, {"type": "Feature", "properties": {"commune_id": 1318, "name": "Tamanarte"}, "geometry": {"type": "Polygon", "coordinates": [[[-9.039981000000001, 29.109755], [-8.939981, 29.109755], [-8.939981, 29.209755], [-9.039981000000001, 29.209755], [-9.039981000000001, 29.109755]]]}}, {"type": "Feature", "properties": {"commune_id": 1319, "name": "Tamazouzte"}, "geometry": {"type": "Polygon", "coordinates": [[[-7.840419, 31.444499], [-7.740419, 31.444499], [-7.740419, 31.544499000000002], [-7.840419, 31.544499000000002], [-7.840419, 31.444499]]]}}, {"type": "Feature", "properties": {"commune_id": 1320, "name": "Tamchachate"}, "geometry": {"type": "Polygon", "coordinates": [[[-5.69888, 33.459425], [-5.59888, 33.459425], [-5.59888, 33.559425], [-5.69888, 33.559425], [-5.69888, 33.459425]]]}}, {"type": "Feature", "properties": {"commune_id": 1321, "name": "Tamda"}, "geometry": {"type": "Polygon", "coordinates": [[[-8.390616000000001, 32.388916], [-8.290616, 32.388916], [-8.290616, 32.488915999999996], [-8.390616000000001, 32.488915999999996], [-8.390616000000001, 32.388916]]]}}, {"type": "Feature", "properties": {"commune_id": 1322, "name": "Tamda Noumercid"}, "geometry": {"type": "Polygon", "coordinates": [[[-6.667483, 31.892017], [-6.567483, 31.892017], [-6.567483, 31.992017], [-6.667483, 31.992017], [-6.667483, 31.892017]]]}}, {"type": "Feature", "properties": {"commune_id": 1323, "name": "Tamedit"}, "geometry": {"type": "Polygon", "coordinates": [[[-4.260542, 34.657412], [-4.160542, 34.657412], [-4.160542, 34.757411999999995], [-4.260542, 34.757411999999995], [-4.260542, 34.657412]]]}}, {"type": "Feature", "properties": {"commune_id": 1324, "name": "Tamegroute"}, "geometry": {"type": "Polygon", "coordinates": [[[-5.827527, 30.199907], [-5.727527, 30.199907], [-5.727527, 30.299907], [-5.827527, 30.299907], [-5.827527, 30.199907]]]}}, {"type": "Feature", "properties": {"commune_id": 1325, "name": "Tameslouht"}, "geometry": {"type": "Polygon", "coordinates": [[[-8.110266000000001, 31.402873], [-8.010266, 31.402873], [-8.010266, 31.502873], [-8.110266000000001, 31.502873], [-8.110266000000001, 31.402873]]]}}, {"type": "Feature", "properties": {"commune_id": 1326, "name": "Tamezmoute"}, "geometry": {"type": "Polygon", "coordinates": [[[-6.16419, 30.757317], [-6.06419, 30.757317], [-6.06419, 30.857317000000002], [-6.16419, 30.857317000000002], [-6.16419, 30.757317]]]}}, {"type": "Feature", "properties": {"commune_id": 1327, "name": "Tamorot"}, "geometry": {"type": "Polygon", "coordinates": [[[-4.853241, 34.852692000000005], [-4.753241, 34.852692000000005], [-4.753241, 34.952692], [-4.853241, 34.952692], [-4.853241, 34.852692000000005]]]}}, {"type": "Feature", "properties": {"commune_id": 1328, "name": "Tamri"}, "geometry": {"type": "Polygon", "coordinates": [[[-9.801379, 30.643841], [-9.701379, 30.643841], [-9.701379, 30.743841], [-9.801379, 30.743841], [-9.801379, 30.643841]]]}}, {"type": "Feature", "properties": {"commune_id": 1329, "name": "Tamsaout"}, "geometry": {"type": "Polygon", "coordinates": [[[-4.797764, 34.776463], [-4.697764, 34.776463], [-4.697764, 34.876462999999994], [-4.797764, 34.876462999999994], [-4.797764, 34.776463]]]}}, {"type": "Feature", "properties": {"commune_id": 1330, "name": "Tan-Tan"}, "geometry": {"type": "Polygon", "coordinates": [[[-11.149737, 28.384572], [-11.049736999999999, 28.384572], [-11.049736999999999, 28.484572], [-11.149737, 28.484572], [-11.149737, 28.384572]]]}}, {"type": "Feature", "properties": {"commune_id": 1331, "name": "Tanalt"}, "geometry": {"type": "Polygon", "coordinates": [[[-9.166504000000002, 29.715595999999998], [-9.066504, 29.715595999999998], [-9.066504, 29.815596], [-9.166504000000002, 29.815596], [-9.166504000000002, 29.715595999999998]]]}}, {"type": "Feature", "properties": {"commune_id": 1332, "name": "Tanant"}, "geometry": {"type": "Polygon", "coordinates": [[[-6.97642, 31.857704], [-6.87642, 31.857704], [-6.87642, 31.957704], [-6.97642, 31.957704], [-6.97642, 31.857704]]]}}, {"type": "Feature", "properties": {"commune_id": 1333, "name": "Tanaqoub"}, "geometry": {"type": "Polygon", "coordinates": [[[-5.525079, 35.097949], [-5.425079, 35.097949], [-5.425079, 35.197948999999994], [-5.525079, 35.197948999999994], [-5.525079, 35.097949]]]}}, {"type": "Feature", "properties": {"commune_id": 1334, "name": "Tancherfi"}, "geometry": {"type": "Polygon", "coordinates": [[[-2.5396449999999997, 34.332899000000005], [-2.439645, 34.332899000000005], [-2.439645, 34.432899], [-2.5396449999999997, 34.432899], [-2.5396449999999997, 34.332899000000005]]]}}, {"type": "Feature", "properties": {"commune_id": 1335, "name": "Tangarfa"}, "geometry": {"type": "Polygon", "coordinates": [[[-9.987478000000001, 29.20855], [-9.887478, 29.20855], [-9.887478, 29.30855], [-9.987478000000001, 29.30855], [-9.987478000000001, 29.20855]]]}}, {"type": "Feature", "properties": {"commune_id": 1336, "name": "Tanger"}, "geometry": {"type": "Polygon", "coordinates": [[[-5.8809759999999995, 35.71278], [-5.780976, 35.71278], [-5.780976, 35.81278], [-5.8809759999999995, 35.81278], [-5.8809759999999995, 35.71278]]]}}, {"type": "Feature", "properties": {"commune_id": 1337, "name": "Tanougha"}, "geometry": {"type": "Polygon", "coordinates": [[[-6.139537, 32.391448000000004], [-6.039537, 32.391448000000004], [-6.039537, 32.491448], [-6.139537, 32.491448], [-6.139537, 32.391448000000004]]]}}, {"type": "Feature", "properties": {"commune_id": 1338, "name": "Tanourdi"}, "geometry": {"type": "Polygon", "coordinates": [[[-5.199235, 32.768663000000004], [-5.099235, 32.768663000000004], [-5.099235, 32.868663], [-5.199235, 32.868663], [-5.199235, 32.768663000000004]]]}}, {"type": "Feature", "properties": {"commune_id": 1339, "name": "Tansifte"}, "geometry": {"type": "Polygon", "coordinates": [[[-6.689782, 30.59557], [-6.5897820000000005, 30.59557], [-6.5897820000000005, 30.69557], [-6.689782, 30.69557], [-6.689782, 30.59557]]]}}, {"type": "Feature", "properties": {"commune_id": 1340, "name": "Taoughilt"}, "geometry": {"type": "Polygon", "coordinates": [[[-5.561688999999999, 34.363981], [-5.461689, 34.363981], [-5.461689, 34.463981], [-5.561688999999999, 34.463981], [-5.561688999999999, 34.363981]]]}}, {"type": "Feature", "properties": {"commune_id": 1341, "name": "Taouloukoult"}, "geometry": {"type": "Polygon", "coordinates": [[[-9.140316, 31.164746], [-9.040315999999999, 31.164746], [-9.040315999999999, 31.264746000000002], [-9.140316, 31.264746000000002], [-9.140316, 31.164746]]]}}, {"type": "Feature", "properties": {"commune_id": 1342, "name": "Taounate"}, "geometry": {"type": "Polygon", "coordinates": [[[-4.706147, 34.481171], [-4.606147, 34.481171], [-4.606147, 34.581171], [-4.706147, 34.581171], [-4.706147, 34.481171]]]}}, {"type": "Feature", "properties": {"commune_id": 1343, "name": "Taounza"}, "geometry": {"type": "Polygon", "coordinates": [[[-6.674243, 32.032389], [-6.574243, 32.032389], [-6.574243, 32.132388999999996], [-6.674243, 32.132388999999996], [-6.674243, 32.032389]]]}}, {"type": "Feature", "properties": {"commune_id": 1344, "name": "Taourirt"}, "geometry": {"type": "Polygon", "coordinates": [[[-2.948734, 34.353408], [-2.8487340000000003, 34.353408], [-2.8487340000000003, 34.453407999999996], [-2.948734, 34.453407999999996], [-2.948734, 34.353408]]]}}, {"type": "Feature", "properties": {"commune_id": 1345, "name": "Taouyalte"}, "geometry": {"type": "Polygon", "coordinates": [[[-7.808, 30.772202], [-7.708, 30.772202], [-7.708, 30.872202], [-7.808, 30.872202], [-7.808, 30.772202]]]}}, {"type": "Feature", "properties": {"commune_id": 1346, "name": "Taouz"}, "geometry": {"type": "Polygon", "coordinates": [[[-4.069383, 30.812835], [-3.9693830000000005, 30.812835], [-3.9693830000000005, 30.912835], [-4.069383, 30.912835], [-4.069383, 30.812835]]]}}, {"type": "Feature", "properties": {"commune_id": 1347, "name": "Taouzint"}, "geometry": {"type": "Polygon", "coordinates": [[[-7.339618, 32.030901], [-7.239618, 32.030901], [-7.239618, 32.130900999999994], [-7.339618, 32.130900999999994], [-7.339618, 32.030901]]]}}, {"type": "Feature", "properties": {"commune_id": 1348, "name": "Tarfaya"}, "geometry": {"type": "Polygon", "coordinates": [[[-12.98168, 27.862992], [-12.88168, 27.862992], [-12.88168, 27.962992], [-12.98168, 27.962992], [-12.98168, 27.862992]]]}}, {"type": "Feature", "properties": {"commune_id": 1349, "name": "Targa Wassay"}, "geometry": {"type": "Polygon", "coordinates": [[[-10.319416, 29.013203999999998], [-10.219415999999999, 29.013203999999998], [-10.219415999999999, 29.113204], [-10.319416, 29.113204], [-10.319416, 29.013203999999998]]]}}, {"type": "Feature", "properties": {"commune_id": 1350, "name": "Targante"}, "geometry": {"type": "Polygon", "coordinates": [[[-9.717702000000001, 30.980182], [-9.617702, 30.980182], [-9.617702, 31.080182], [-9.717702000000001, 31.080182], [-9.717702000000001, 30.980182]]]}}, {"type": "Feature", "properties": {"commune_id": 1351, "name": "Targua Ntouchka"}, "geometry": {"type": "Polygon", "coordinates": [[[-9.234201, 29.855691], [-9.134201, 29.855691], [-9.134201, 29.955691], [-9.234201, 29.955691], [-9.234201, 29.855691]]]}}, {"type": "Feature", "properties": {"commune_id": 1352, "name": "Targuist"}, "geometry": {"type": "Polygon", "coordinates": [[[-4.379536, 34.890619], [-4.279536, 34.890619], [-4.279536, 34.990618999999995], [-4.379536, 34.990618999999995], [-4.379536, 34.890619]]]}}, {"type": "Feature", "properties": {"commune_id": 1353, "name": "Tarmigt"}, "geometry": {"type": "Polygon", "coordinates": [[[-6.9570929999999995, 30.804125], [-6.857093, 30.804125], [-6.857093, 30.904125], [-6.9570929999999995, 30.904125], [-6.9570929999999995, 30.804125]]]}}, {"type": "Feature", "properties": {"commune_id": 1354, "name": "Taroudant"}, "geometry": {"type": "Polygon", "coordinates": [[[-8.93131, 30.446109], [-8.831309999999998, 30.446109], [-8.831309999999998, 30.546109], [-8.93131, 30.546109], [-8.93131, 30.446109]]]}}, {"type": "Feature", "properties": {"commune_id": 1355, "name": "Tarsouat"}, "geometry": {"type": "Polygon", "coordinates": [[[-9.063874, 29.491139999999998], [-8.963873999999999, 29.491139999999998], [-8.963873999999999, 29.59114], [-9.063874, 29.59114], [-9.063874, 29.491139999999998]]]}}, {"type": "Feature", "properties": {"commune_id": 1356, "name": "Tasoultante"}, "geometry": {"type": "Polygon", "coordinates": [[[-8.047320000000001, 31.494882999999998], [-7.94732, 31.494882999999998], [-7.94732, 31.594883], [-8.047320000000001, 31.594883], [-8.047320000000001, 31.494882999999998]]]}}, {"type": "Feature", "properties": {"commune_id": 1357, "name": "Tassegdelt"}, "geometry": {"type": "Polygon", "coordinates": [[[-9.145728, 30.098306], [-9.045727999999999, 30.098306], [-9.045727999999999, 30.198306000000002], [-9.145728, 30.198306000000002], [-9.145728, 30.098306]]]}}, {"type": "Feature", "properties": {"commune_id": 1358, "name": "Tassift"}, "geometry": {"type": "Polygon", "coordinates": [[[-5.176689, 35.2554], [-5.076689, 35.2554], [-5.076689, 35.355399999999996], [-5.176689, 35.355399999999996], [-5.176689, 35.2554]]]}}, {"type": "Feature", "properties": {"commune_id": 1359, "name": "Tassousfi"}, "geometry": {"type": "Polygon", "coordinates": [[[-7.95022, 30.399008], [-7.85022, 30.399008], [-7.85022, 30.499008], [-7.95022, 30.499008], [-7.95022, 30.399008]]]}}, {"type": "Feature", "properties": {"commune_id": 1360, "name": "Tassrirt"}, "geometry": {"type": "Polygon", "coordinates": [[[-8.911303, 29.589157], [-8.811302999999999, 29.589157], [-8.811302999999999, 29.689157], [-8.911303, 29.689157], [-8.911303, 29.589157]]]}}, {"type": "Feature", "properties": {"commune_id": 1361, "name": "Tata"}, "geometry": {"type": "Polygon", "coordinates": [[[-8.022211, 29.704568], [-7.922211, 29.704568], [-7.922211, 29.804568], [-8.022211, 29.804568], [-8.022211, 29.704568]]]}}, {"type": "Feature", "properties": {"commune_id": 1362, "name": "Tataoute"}, "geometry": {"type": "Polygon", "coordinates": [[[-8.721307000000001, 30.20984], [-8.621307, 30.20984], [-8.621307, 30.30984], [-8.721307000000001, 30.30984], [-8.721307000000001, 30.20984]]]}}, {"type": "Feature", "properties": {"commune_id": 1363, "name": "Tatoft"}, "geometry": {"type": "Polygon", "coordinates": [[[-5.783345, 34.933651000000005], [-5.683345, 34.933651000000005], [-5.683345, 35.033651], [-5.783345, 35.033651], [-5.783345, 34.933651000000005]]]}}, {"type": "Feature", "properties": {"commune_id": 1364, "name": "Taza"}, "geometry": {"type": "Polygon", "coordinates": [[[-4.05591, 34.169097], [-3.9559100000000003, 34.169097], [-3.9559100000000003, 34.269096999999995], [-4.05591, 34.269096999999995], [-4.05591, 34.169097]]]}}, {"type": "Feature", "properties": {"commune_id": 1365, "name": "Tazaghine"}, "geometry": {"type": "Polygon", "coordinates": [[[-3.5146569999999997, 35.128934], [-3.414657, 35.128934], [-3.414657, 35.228933999999995], [-3.5146569999999997, 35.228933999999995], [-3.5146569999999997, 35.128934]]]}}, {"type": "Feature", "properties": {"commune_id": 1366, "name": "Tazarine"}, "geometry": {"type": "Polygon", "coordinates": [[[-4.204851, 33.862381000000006], [-4.104851, 33.862381000000006], [-4.104851, 33.962381], [-4.204851, 33.962381], [-4.204851, 33.862381000000006]]]}}, {"type": "Feature", "properties": {"commune_id": 1367, "name": "Tazart"}, "geometry": {"type": "Polygon", "coordinates": [[[-7.457146, 31.520939], [-7.357146, 31.520939], [-7.357146, 31.620939], [-7.457146, 31.620939], [-7.457146, 31.520939]]]}}, {"type": "Feature", "properties": {"commune_id": 1368, "name": "Tazemmourt"}, "geometry": {"type": "Polygon", "coordinates": [[[-8.884603, 30.276159], [-8.784602999999999, 30.276159], [-8.784602999999999, 30.376159], [-8.884603, 30.376159], [-8.884603, 30.276159]]]}}, {"type": "Feature", "properties": {"commune_id": 1369, "name": "Taznakht"}, "geometry": {"type": "Polygon", "coordinates": [[[-7.2436419999999995, 30.518624], [-7.143642, 30.518624], [-7.143642, 30.618624], [-7.2436419999999995, 30.618624], [-7.2436419999999995, 30.518624]]]}}, {"type": "Feature", "properties": {"commune_id": 1370, "name": "Tazouta"}, "geometry": {"type": "Polygon", "coordinates": [[[-4.66061, 33.621283000000005], [-4.5606100000000005, 33.621283000000005], [-4.5606100000000005, 33.721283], [-4.66061, 33.721283], [-4.66061, 33.621283000000005]]]}}, {"type": "Feature", "properties": {"commune_id": 1371, "name": "Tazroute"}, "geometry": {"type": "Polygon", "coordinates": [[[-5.581588, 35.257864000000005], [-5.481588, 35.257864000000005], [-5.481588, 35.357864], [-5.581588, 35.357864], [-5.581588, 35.257864000000005]]]}}, {"type": "Feature", "properties": {"commune_id": 1372, "name": "Tazzarine"}, "geometry": {"type": "Polygon", "coordinates": [[[-5.592385, 30.755836], [-5.4923850000000005, 30.755836], [-5.4923850000000005, 30.855836], [-5.592385, 30.855836], [-5.592385, 30.755836]]]}}, {"type": "Feature", "properties": {"commune_id": 1373, "name": "Taïnaste"}, "geometry": {"type": "Polygon", "coordinates": [[[-4.196396, 34.531901000000005], [-4.096396, 34.531901000000005], [-4.096396, 34.631901], [-4.196396, 34.631901], [-4.196396, 34.531901000000005]]]}}, {"type": "Feature", "properties": {"commune_id": 1374, "name": "Tekna"}, "geometry": {"type": "Polygon", "coordinates": [[[-5.611318, 34.297718], [-5.511318, 34.297718], [-5.511318, 34.397718], [-5.611318, 34.397718], [-5.611318, 34.297718]]]}}, {"type": "Feature", "properties": {"commune_id": 1375, "name": "Temsamane"}, "geometry": {"type": "Polygon", "coordinates": [[[-3.67746, 35.054942000000004], [-3.5774600000000003, 35.054942000000004], [-3.5774600000000003, 35.154942], [-3.67746, 35.154942], [-3.67746, 35.054942000000004]]]}}, {"type": "Feature", "properties": {"commune_id": 1376, "name": "Temsia"}, "geometry": {"type": "Polygon", "coordinates": [[[-9.453429, 30.300334], [-9.353428999999998, 30.300334], [-9.353428999999998, 30.400334], [-9.453429, 30.400334], [-9.453429, 30.300334]]]}}, {"type": "Feature", "properties": {"commune_id": 1377, "name": "Tendrara"}, "geometry": {"type": "Polygon", "coordinates": [[[-1.91623, 33.155291000000005], [-1.81623, 33.155291000000005], [-1.81623, 33.255291], [-1.91623, 33.255291], [-1.91623, 33.155291000000005]]]}}, {"type": "Feature", "properties": {"commune_id": 1378, "name": "Ternata"}, "geometry": {"type": "Polygon", "coordinates": [[[-6.026174, 30.236686], [-5.9261740000000005, 30.236686], [-5.9261740000000005, 30.336686], [-6.026174, 30.336686], [-6.026174, 30.236686]]]}}, {"type": "Feature", "properties": {"commune_id": 1379, "name": "Teroual"}, "geometry": {"type": "Polygon", "coordinates": [[[-5.28888, 34.636567], [-5.18888, 34.636567], [-5.18888, 34.736566999999994], [-5.28888, 34.736566999999994], [-5.28888, 34.636567]]]}}, {"type": "Feature", "properties": {"commune_id": 1380, "name": "Thar Es-Souk"}, "geometry": {"type": "Polygon", "coordinates": [[[-4.338055, 34.596219000000005], [-4.238055, 34.596219000000005], [-4.238055, 34.696219], [-4.338055, 34.696219], [-4.338055, 34.596219000000005]]]}}, {"type": "Feature", "properties": {"commune_id": 1381, "name": "Tichla"}, "geometry": {"type": "Polygon", "coordinates": [[[-15.158716, 21.764214], [-15.058715999999999, 21.764214], [-15.058715999999999, 21.864214], [-15.158716, 21.864214], [-15.158716, 21.764214]]]}}, {"type": "Feature", "properties": {"commune_id": 1382, "name": "Tiddas"}, "geometry": {"type": "Polygon", "coordinates": [[[-6.322318, 33.517718], [-6.2223180000000005, 33.517718], [-6.2223180000000005, 33.617717999999996], [-6.322318, 33.617717999999996], [-6.322318, 33.517718]]]}}, {"type": "Feature", "properties": {"commune_id": 1383, "name": "Tidili Fetouaka"}, "geometry": {"type": "Polygon", "coordinates": [[[-7.209594, 31.660618], [-7.109594, 31.660618], [-7.109594, 31.760618], [-7.209594, 31.760618], [-7.209594, 31.660618]]]}}, {"type": "Feature", "properties": {"commune_id": 1384, "name": "Tidili Mesfioua"}, "geometry": {"type": "Polygon", "coordinates": [[[-7.66832, 31.422553999999998], [-7.56832, 31.422553999999998], [-7.56832, 31.522554], [-7.66832, 31.522554], [-7.66832, 31.422553999999998]]]}}, {"type": "Feature", "properties": {"commune_id": 1385, "name": "Tidli"}, "geometry": {"type": "Polygon", "coordinates": [[[-7.5979399999999995, 31.012099], [-7.49794, 31.012099], [-7.49794, 31.112099], [-7.5979399999999995, 31.112099], [-7.5979399999999995, 31.012099]]]}}, {"type": "Feature", "properties": {"commune_id": 1386, "name": "Tidsi Nissendalene"}, "geometry": {"type": "Polygon", "coordinates": [[[-9.023782, 30.131797], [-8.923782, 30.131797], [-8.923782, 30.231797], [-9.023782, 30.231797], [-9.023782, 30.131797]]]}}, {"type": "Feature", "properties": {"commune_id": 1387, "name": "Tidzi"}, "geometry": {"type": "Polygon", "coordinates": [[[-9.721272, 31.218643999999998], [-9.621272, 31.218643999999998], [-9.621272, 31.318644], [-9.721272, 31.318644], [-9.721272, 31.218643999999998]]]}}, {"type": "Feature", "properties": {"commune_id": 1388, "name": "Tifariti"}, "geometry": {"type": "Polygon", "coordinates": [[[-9.839599000000002, 26.406558999999998], [-9.739599, 26.406558999999998], [-9.739599, 26.506559], [-9.839599000000002, 26.506559], [-9.839599000000002, 26.406558999999998]]]}}, {"type": "Feature", "properties": {"commune_id": 1389, "name": "Tifarouine"}, "geometry": {"type": "Polygon", "coordinates": [[[-3.9555499999999997, 34.975339000000005], [-3.85555, 34.975339000000005], [-3.85555, 35.075339], [-3.9555499999999997, 35.075339], [-3.9555499999999997, 34.975339000000005]]]}}, {"type": "Feature", "properties": {"commune_id": 1390, "name": "Tiffert N'Ait Hamza"}, "geometry": {"type": "Polygon", "coordinates": [[[-5.993142, 32.235862000000004], [-5.893142, 32.235862000000004], [-5.893142, 32.335862], [-5.993142, 32.335862], [-5.993142, 32.235862000000004]]]}}, {"type": "Feature", "properties": {"commune_id": 1391, "name": "Tiflet"}, "geometry": {"type": "Polygon", "coordinates": [[[-6.373189, 33.846174000000005], [-6.273189, 33.846174000000005], [-6.273189, 33.946174], [-6.373189, 33.946174], [-6.373189, 33.846174000000005]]]}}, {"type": "Feature", "properties": {"commune_id": 1392, "name": "Tifni"}, "geometry": {"type": "Polygon", "coordinates": [[[-7.001209, 31.591517], [-6.901209000000001, 31.591517], [-6.901209000000001, 31.691517], [-7.001209, 31.691517], [-7.001209, 31.591517]]]}}, {"type": "Feature", "properties": {"commune_id": 1393, "name": "Tighassaline"}, "geometry": {"type": "Polygon", "coordinates": [[[-5.61719, 32.619635], [-5.51719, 32.619635], [-5.51719, 32.719635], [-5.61719, 32.719635], [-5.61719, 32.619635]]]}}, {"type": "Feature", "properties": {"commune_id": 1394, "name": "Tighedouine"}, "geometry": {"type": "Polygon", "coordinates": [[[-7.591072, 31.325654999999998], [-7.491072, 31.325654999999998], [-7.491072, 31.425655], [-7.591072, 31.425655], [-7.591072, 31.325654999999998]]]}}, {"type": "Feature", "properties": {"commune_id": 1395, "name": "Tighirt"}, "geometry": {"type": "Polygon", "coordinates": [[[-9.509488000000001, 29.33335], [-9.409488, 29.33335], [-9.409488, 29.43335], [-9.509488000000001, 29.43335], [-9.509488000000001, 29.33335]]]}}, {"type": "Feature", "properties": {"commune_id": 1396, "name": "Tighmi"}, "geometry": {"type": "Polygon", "coordinates": [[[-9.497428000000001, 29.579021], [-9.397428, 29.579021], [-9.397428, 29.679021000000002], [-9.497428000000001, 29.679021000000002], [-9.497428000000001, 29.579021]]]}}, {"type": "Feature", "properties": {"commune_id": 1397, "name": "Tiglit"}, "geometry": {"type": "Polygon", "coordinates": [[[-10.313966, 28.517989], [-10.213966, 28.517989], [-10.213966, 28.617989], [-10.313966, 28.617989], [-10.313966, 28.517989]]]}}, {"type": "Feature", "properties": {"commune_id": 1398, "name": "Tigouga"}, "geometry": {"type": "Polygon", "coordinates": [[[-8.661049, 30.787872], [-8.561048999999999, 30.787872], [-8.561048999999999, 30.887872], [-8.661049, 30.887872], [-8.661049, 30.787872]]]}}, {"type": "Feature", "properties": {"commune_id": 1399, "name": "Tigrigra"}, "geometry": {"type": "Polygon", "coordinates": [[[-5.414355, 33.420751], [-5.314355, 33.420751], [-5.314355, 33.520751], [-5.414355, 33.520751], [-5.414355, 33.420751]]]}}, {"type": "Feature", "properties": {"commune_id": 1400, "name": "Tigzmerte"}, "geometry": {"type": "Polygon", "coordinates": [[[-8.125720000000001, 29.68731], [-8.02572, 29.68731], [-8.02572, 29.78731], [-8.125720000000001, 29.78731], [-8.125720000000001, 29.68731]]]}}, {"type": "Feature", "properties": {"commune_id": 1401, "name": "Tilemzoun"}, "geometry": {"type": "Polygon", "coordinates": [[[-10.825550000000002, 28.273096], [-10.72555, 28.273096], [-10.72555, 28.373096], [-10.825550000000002, 28.373096], [-10.825550000000002, 28.273096]]]}}, {"type": "Feature", "properties": {"commune_id": 1402, "name": "Tilmi"}, "geometry": {"type": "Polygon", "coordinates": [[[-5.762077, 31.801975], [-5.662077, 31.801975], [-5.662077, 31.901975], [-5.762077, 31.901975], [-5.762077, 31.801975]]]}}, {"type": "Feature", "properties": {"commune_id": 1403, "name": "Tilougguite"}, "geometry": {"type": "Polygon", "coordinates": [[[-6.187002, 31.960758000000002], [-6.087002, 31.960758000000002], [-6.087002, 32.060758], [-6.187002, 32.060758], [-6.187002, 31.960758000000002]]]}}, {"type": "Feature", "properties": {"commune_id": 1404, "name": "Timezgadiouine"}, "geometry": {"type": "Polygon", "coordinates": [[[-9.047294, 30.858404999999998], [-8.947294, 30.858404999999998], [-8.947294, 30.958405], [-9.047294, 30.958405], [-9.047294, 30.858404999999998]]]}}, {"type": "Feature", "properties": {"commune_id": 1405, "name": "Timezgana"}, "geometry": {"type": "Polygon", "coordinates": [[[-4.776142, 34.598517], [-4.6761420000000005, 34.598517], [-4.6761420000000005, 34.698516999999995], [-4.776142, 34.698516999999995], [-4.776142, 34.598517]]]}}, {"type": "Feature", "properties": {"commune_id": 1406, "name": "Timhadit"}, "geometry": {"type": "Polygon", "coordinates": [[[-5.051194, 33.200886000000004], [-4.951194, 33.200886000000004], [-4.951194, 33.300886], [-5.051194, 33.300886], [-5.051194, 33.200886000000004]]]}}, {"type": "Feature", "properties": {"commune_id": 1407, "name": "Timizguida-Ouftas"}, "geometry": {"type": "Polygon", "coordinates": [[[-9.818756, 30.948999], [-9.718755999999999, 30.948999], [-9.718755999999999, 31.048999000000002], [-9.818756, 31.048999000000002], [-9.818756, 30.948999]]]}}, {"type": "Feature", "properties": {"commune_id": 1408, "name": "Timlilt"}, "geometry": {"type": "Polygon", "coordinates": [[[-9.16224, 30.957372], [-9.06224, 30.957372], [-9.06224, 31.057372], [-9.16224, 31.057372], [-9.16224, 30.957372]]]}}, {"type": "Feature", "properties": {"commune_id": 1409, "name": "Timoulay"}, "geometry": {"type": "Polygon", "coordinates": [[[-9.683860000000001, 29.038695], [-9.58386, 29.038695], [-9.58386, 29.138695000000002], [-9.683860000000001, 29.138695000000002], [-9.683860000000001, 29.038695]]]}}, {"type": "Feature", "properties": {"commune_id": 1410, "name": "Timoulilt"}, "geometry": {"type": "Polygon", "coordinates": [[[-6.5194589999999994, 32.156797000000005], [-6.419459, 32.156797000000005], [-6.419459, 32.256797], [-6.5194589999999994, 32.256797], [-6.5194589999999994, 32.156797000000005]]]}}, {"type": "Feature", "properties": {"commune_id": 1411, "name": "Tindine"}, "geometry": {"type": "Polygon", "coordinates": [[[-8.743839000000001, 30.037713], [-8.643839, 30.037713], [-8.643839, 30.137713], [-8.743839000000001, 30.137713], [-8.743839000000001, 30.037713]]]}}, {"type": "Feature", "properties": {"commune_id": 1412, "name": "Tinejdad"}, "geometry": {"type": "Polygon", "coordinates": [[[-5.083581, 31.457362], [-4.983581, 31.457362], [-4.983581, 31.557362], [-5.083581, 31.557362], [-5.083581, 31.457362]]]}}, {"type": "Feature", "properties": {"commune_id": 1413, "name": "Tinghir"}, "geometry": {"type": "Polygon", "coordinates": [[[-5.579454, 31.467613], [-5.4794540000000005, 31.467613], [-5.4794540000000005, 31.567613], [-5.579454, 31.567613], [-5.579454, 31.467613]]]}}, {"type": "Feature", "properties": {"commune_id": 1414, "name": "Tinzart"}, "geometry": {"type": "Polygon", "coordinates": [[[-8.430809, 30.580837], [-8.330808999999999, 30.580837], [-8.330808999999999, 30.680837], [-8.430809, 30.680837], [-8.430809, 30.580837]]]}}, {"type": "Feature", "properties": {"commune_id": 1415, "name": "Tinzouline"}, "geometry": {"type": "Polygon", "coordinates": [[[-6.242977, 30.326017], [-6.142977, 30.326017], [-6.142977, 30.426017], [-6.242977, 30.426017], [-6.242977, 30.326017]]]}}, {"type": "Feature", "properties": {"commune_id": 1416, "name": "Tioughza"}, "geometry": {"type": "Polygon", "coordinates": [[[-10.054695, 29.403073], [-9.954695, 29.403073], [-9.954695, 29.503073], [-10.054695, 29.503073], [-10.054695, 29.403073]]]}}, {"type": "Feature", "properties": {"commune_id": 1417, "name": "Tiouli"}, "geometry": {"type": "Polygon", "coordinates": [[[-1.9201080000000001, 34.287312], [-1.820108, 34.287312], [-1.820108, 34.387311999999994], [-1.9201080000000001, 34.387311999999994], [-1.9201080000000001, 34.287312]]]}}, {"type": "Feature", "properties": {"commune_id": 1418, "name": "Tiout"}, "geometry": {"type": "Polygon", "coordinates": [[[-8.723023000000001, 30.360869], [-8.623023, 30.360869], [-8.623023, 30.460869000000002], [-8.723023000000001, 30.460869000000002], [-8.723023000000001, 30.360869]]]}}, {"type": "Feature", "properties": {"commune_id": 1419, "name": "Tiqqi"}, "geometry": {"type": "Polygon", "coordinates": [[[-9.399788000000001, 30.72577], [-9.299788, 30.72577], [-9.299788, 30.825770000000002], [-9.399788000000001, 30.825770000000002], [-9.399788000000001, 30.72577]]]}}, {"type": "Feature", "properties": {"commune_id": 1420, "name": "Tisfane"}, "geometry": {"type": "Polygon", "coordinates": [[[-8.619528, 30.142879999999998], [-8.519528, 30.142879999999998], [-8.519528, 30.24288], [-8.619528, 30.24288], [-8.619528, 30.142879999999998]]]}}, {"type": "Feature", "properties": {"commune_id": 1421, "name": "Tisqi"}, "geometry": {"type": "Polygon", "coordinates": [[[-6.86338, 32.04731], [-6.763380000000001, 32.04731], [-6.763380000000001, 32.14731], [-6.86338, 32.14731], [-6.86338, 32.04731]]]}}, {"type": "Feature", "properties": {"commune_id": 1422, "name": "Tisrasse"}, "geometry": {"type": "Polygon", "coordinates": [[[-8.142334, 30.689746], [-8.042333999999999, 30.689746], [-8.042333999999999, 30.789746], [-8.142334, 30.789746], [-8.142334, 30.689746]]]}}, {"type": "Feature", "properties": {"commune_id": 1423, "name": "Tissa"}, "geometry": {"type": "Polygon", "coordinates": [[[-4.7191849999999995, 34.242785000000005], [-4.619185, 34.242785000000005], [-4.619185, 34.342785], [-4.7191849999999995, 34.342785], [-4.7191849999999995, 34.242785000000005]]]}}, {"type": "Feature", "properties": {"commune_id": 1424, "name": "Tissaf"}, "geometry": {"type": "Polygon", "coordinates": [[[-3.37749, 33.283067], [-3.2774900000000002, 33.283067], [-3.2774900000000002, 33.383067], [-3.37749, 33.383067], [-3.37749, 33.283067]]]}}, {"type": "Feature", "properties": {"commune_id": 1425, "name": "Tissint"}, "geometry": {"type": "Polygon", "coordinates": [[[-7.407258, 29.628035999999998], [-7.307258, 29.628035999999998], [-7.307258, 29.728036], [-7.407258, 29.728036], [-7.407258, 29.628035999999998]]]}}, {"type": "Feature", "properties": {"commune_id": 1426, "name": "Tit Mellil"}, "geometry": {"type": "Polygon", "coordinates": [[[-7.53507, 33.497017], [-7.4350700000000005, 33.497017], [-7.4350700000000005, 33.597016999999994], [-7.53507, 33.597016999999994], [-7.53507, 33.497017]]]}}, {"type": "Feature", "properties": {"commune_id": 1427, "name": "Tizaghte"}, "geometry": {"type": "Polygon", "coordinates": [[[-8.556248, 29.551561], [-8.456247999999999, 29.551561], [-8.456247999999999, 29.651561], [-8.556248, 29.651561], [-8.556248, 29.551561]]]}}, {"type": "Feature", "properties": {"commune_id": 1428, "name": "Tizgane"}, "geometry": {"type": "Polygon", "coordinates": [[[-5.091095999999999, 35.323233], [-4.991096, 35.323233], [-4.991096, 35.423232999999996], [-5.091095999999999, 35.423232999999996], [-5.091095999999999, 35.323233]]]}}, {"type": "Feature", "properties": {"commune_id": 1429, "name": "Tizguine"}, "geometry": {"type": "Polygon", "coordinates": [[[-8.370743000000001, 31.211982], [-8.270743, 31.211982], [-8.270743, 31.311982], [-8.370743000000001, 31.311982], [-8.370743000000001, 31.211982]]]}}, {"type": "Feature", "properties": {"commune_id": 1430, "name": "Tizguite"}, "geometry": {"type": "Polygon", "coordinates": [[[-5.198122, 33.610754], [-5.098122, 33.610754], [-5.098122, 33.710753999999994], [-5.198122, 33.710753999999994], [-5.198122, 33.610754]]]}}, {"type": "Feature", "properties": {"commune_id": 1431, "name": "Tizgzaouine"}, "geometry": {"type": "Polygon", "coordinates": [[[-8.117847000000001, 30.337796], [-8.017847, 30.337796], [-8.017847, 30.437796000000002], [-8.117847000000001, 30.437796000000002], [-8.117847000000001, 30.337796]]]}}, {"type": "Feature", "properties": {"commune_id": 1432, "name": "Tizi N'Ghachou"}, "geometry": {"type": "Polygon", "coordinates": [[[-5.312708, 32.741961], [-5.212708, 32.741961], [-5.212708, 32.841961], [-5.312708, 32.841961], [-5.312708, 32.741961]]]}}, {"type": "Feature", "properties": {"commune_id": 1433, "name": "Tizi N'Test"}, "geometry": {"type": "Polygon", "coordinates": [[[-8.465314000000001, 30.781979], [-8.365314, 30.781979], [-8.365314, 30.881979], [-8.465314000000001, 30.881979], [-8.465314000000001, 30.781979]]]}}, {"type": "Feature", "properties": {"commune_id": 1434, "name": "Tizi N'isly"}, "geometry": {"type": "Polygon", "coordinates": [[[-5.8349459999999995, 32.433486], [-5.734946, 32.433486], [-5.734946, 32.533485999999996], [-5.8349459999999995, 32.533485999999996], [-5.8349459999999995, 32.433486]]]}}, {"type": "Feature", "properties": {"commune_id": 1435, "name": "Tizi Ntakoucht"}, "geometry": {"type": "Polygon", "coordinates": [[[-9.125955000000001, 29.910802], [-9.025955, 29.910802], [-9.025955, 30.010802], [-9.125955000000001, 30.010802], [-9.125955000000001, 29.910802]]]}}, {"type": "Feature", "properties": {"commune_id": 1436, "name": "Tizi Ouzli"}, "geometry": {"type": "Polygon", "coordinates": [[[-3.8052469999999996, 34.697217], [-3.705247, 34.697217], [-3.705247, 34.797216999999996], [-3.8052469999999996, 34.797216999999996], [-3.8052469999999996, 34.697217]]]}}, {"type": "Feature", "properties": {"commune_id": 1437, "name": "Tiznit"}, "geometry": {"type": "Polygon", "coordinates": [[[-9.761314, 29.644641], [-9.661313999999999, 29.644641], [-9.661313999999999, 29.744641], [-9.761314, 29.744641], [-9.761314, 29.644641]]]}}, {"type": "Feature", "properties": {"commune_id": 1438, "name": "Tizoughrane"}, "geometry": {"type": "Polygon", "coordinates": [[[-9.242296000000001, 29.539075], [-9.142296, 29.539075], [-9.142296, 29.639075000000002], [-9.242296000000001, 29.639075000000002], [-9.242296000000001, 29.539075]]]}}, {"type": "Feature", "properties": {"commune_id": 1439, "name": "Tizounine"}, "geometry": {"type": "Polygon", "coordinates": [[[-8.319478, 29.040831999999998], [-8.219477999999999, 29.040831999999998], [-8.219477999999999, 29.140832], [-8.319478, 29.140832], [-8.319478, 29.040831999999998]]]}}, {"type": "Feature", "properties": {"commune_id": 1440, "name": "Tiztoutine"}, "geometry": {"type": "Polygon", "coordinates": [[[-3.216824, 34.912461], [-3.1168240000000003, 34.912461], [-3.1168240000000003, 35.012460999999995], [-3.216824, 35.012460999999995], [-3.216824, 34.912461]]]}}, {"type": "Feature", "properties": {"commune_id": 1441, "name": "Tlauh"}, "geometry": {"type": "Polygon", "coordinates": [[[-7.661122, 31.754411], [-7.561122, 31.754411], [-7.561122, 31.854411000000002], [-7.661122, 31.854411000000002], [-7.661122, 31.754411]]]}}, {"type": "Feature", "properties": {"commune_id": 1442, "name": "Tleta Azlef"}, "geometry": {"type": "Polygon", "coordinates": [[[-3.68721, 34.854502000000004], [-3.5872100000000002, 34.854502000000004], [-3.5872100000000002, 34.954502], [-3.68721, 34.954502], [-3.68721, 34.854502000000004]]]}}, {"type": "Feature", "properties": {"commune_id": 1443, "name": "Tlite"}, "geometry": {"type": "Polygon", "coordinates": [[[-7.146678, 30.120091], [-7.046678, 30.120091], [-7.046678, 30.220091], [-7.146678, 30.220091], [-7.146678, 30.120091]]]}}, {"type": "Feature", "properties": {"commune_id": 1444, "name": "Tnine Aday"}, "geometry": {"type": "Polygon", "coordinates": [[[-9.280148, 29.659005999999998], [-9.180147999999999, 29.659005999999998], [-9.180147999999999, 29.759006], [-9.280148, 29.759006], [-9.280148, 29.659005999999998]]]}}, {"type": "Feature", "properties": {"commune_id": 1445, "name": "Tnine Aglou"}, "geometry": {"type": "Polygon", "coordinates": [[[-9.865208, 29.708161], [-9.765208, 29.708161], [-9.765208, 29.808161000000002], [-9.865208, 29.808161000000002], [-9.865208, 29.708161]]]}}, {"type": "Feature", "properties": {"commune_id": 1446, "name": "Tnine Amellou"}, "geometry": {"type": "Polygon", "coordinates": [[[-10.106633, 29.243697], [-10.006632999999999, 29.243697], [-10.006632999999999, 29.343697000000002], [-10.106633, 29.343697000000002], [-10.106633, 29.243697]]]}}, {"type": "Feature", "properties": {"commune_id": 1447, "name": "Toualet"}, "geometry": {"type": "Polygon", "coordinates": [[[-7.708203, 32.707735], [-7.6082030000000005, 32.707735], [-7.6082030000000005, 32.807734999999994], [-7.708203, 32.807734999999994], [-7.708203, 32.707735]]]}}, {"type": "Feature", "properties": {"commune_id": 1448, "name": "Touama"}, "geometry": {"type": "Polygon", "coordinates": [[[-7.543374, 31.497001], [-7.443374, 31.497001], [-7.443374, 31.597001000000002], [-7.543374, 31.597001000000002], [-7.543374, 31.497001]]]}}, {"type": "Feature", "properties": {"commune_id": 1449, "name": "Touarga"}, "geometry": {"type": "Polygon", "coordinates": [[[-6.884421, 33.956105], [-6.784421, 33.956105], [-6.784421, 34.056104999999995], [-6.884421, 34.056104999999995], [-6.884421, 33.956105]]]}}, {"type": "Feature", "properties": {"commune_id": 1450, "name": "Toubkal"}, "geometry": {"type": "Polygon", "coordinates": [[[-7.865393, 30.963804], [-7.765393, 30.963804], [-7.765393, 31.063804], [-7.865393, 31.063804], [-7.865393, 30.963804]]]}}, {"type": "Feature", "properties": {"commune_id": 1451, "name": "Toudgha El Oulia"}, "geometry": {"type": "Polygon", "coordinates": [[[-5.603993, 31.525392], [-5.503993, 31.525392], [-5.503993, 31.625392], [-5.603993, 31.625392], [-5.603993, 31.525392]]]}}, {"type": "Feature", "properties": {"commune_id": 1452, "name": "Toudgha Essoufla"}, "geometry": {"type": "Polygon", "coordinates": [[[-5.535638, 31.411913], [-5.435638, 31.411913], [-5.435638, 31.511913], [-5.535638, 31.511913], [-5.535638, 31.411913]]]}}, {"type": "Feature", "properties": {"commune_id": 1453, "name": "Toufelaazt"}, "geometry": {"type": "Polygon", "coordinates": [[[-8.868912, 30.001393], [-8.768911999999998, 30.001393], [-8.768911999999998, 30.101393], [-8.868912, 30.101393], [-8.868912, 30.001393]]]}}, {"type": "Feature", "properties": {"commune_id": 1454, "name": "Toughmart"}, "geometry": {"type": "Polygon", "coordinates": [[[-8.457248, 30.367181], [-8.357247999999998, 30.367181], [-8.357247999999998, 30.467181], [-8.457248, 30.467181], [-8.457248, 30.367181]]]}}, {"type": "Feature", "properties": {"commune_id": 1455, "name": "Touissit"}, "geometry": {"type": "Polygon", "coordinates": [[[-1.815645, 34.427764], [-1.7156449999999999, 34.427764], [-1.7156449999999999, 34.527764], [-1.815645, 34.527764], [-1.815645, 34.427764]]]}}, {"type": "Feature", "properties": {"commune_id": 1456, "name": "Touizgui"}, "geometry": {"type": "Polygon", "coordinates": [[[-9.197151, 28.496916], [-9.097150999999998, 28.496916], [-9.097150999999998, 28.596916], [-9.197151, 28.596916], [-9.197151, 28.496916]]]}}, {"type": "Feature", "properties": {"commune_id": 1457, "name": "Toulal"}, "geometry": {"type": "Polygon", "coordinates": [[[-5.656957, 33.843818000000006], [-5.556957000000001, 33.843818000000006], [-5.556957000000001, 33.943818], [-5.656957, 33.943818], [-5.656957, 33.843818000000006]]]}}, {"type": "Feature", "properties": {"commune_id": 1458, "name": "Toumliline"}, "geometry": {"type": "Polygon", "coordinates": [[[-8.802979, 29.899513], [-8.702979, 29.899513], [-8.702979, 29.999513], [-8.802979, 29.999513], [-8.802979, 29.899513]]]}}, {"type": "Feature", "properties": {"commune_id": 1459, "name": "Toundoute"}, "geometry": {"type": "Polygon", "coordinates": [[[-6.5569299999999995, 31.271817], [-6.45693, 31.271817], [-6.45693, 31.371817], [-6.5569299999999995, 31.371817], [-6.5569299999999995, 31.271817]]]}}, {"type": "Feature", "properties": {"commune_id": 1460, "name": "Tounfit"}, "geometry": {"type": "Polygon", "coordinates": [[[-5.1870199999999995, 32.427539], [-5.08702, 32.427539], [-5.08702, 32.527539], [-5.1870199999999995, 32.527539], [-5.1870199999999995, 32.427539]]]}}, {"type": "Feature", "properties": {"commune_id": 1461, "name": "Traiba"}, "geometry": {"type": "Polygon", "coordinates": [[[-4.054091, 34.359008], [-3.954091, 34.359008], [-3.954091, 34.459008], [-4.054091, 34.459008], [-4.054091, 34.359008]]]}}, {"type": "Feature", "properties": {"commune_id": 1462, "name": "Trougout"}, "geometry": {"type": "Polygon", "coordinates": [[[-3.818551, 35.135584], [-3.718551, 35.135584], [-3.718551, 35.235583999999996], [-3.818551, 35.235583999999996], [-3.818551, 35.135584]]]}}, {"type": "Feature", "properties": {"commune_id": 1463, "name": "Tsaft"}, "geometry": {"type": "Polygon", "coordinates": [[[-3.8100099999999997, 34.908440000000006], [-3.71001, 34.908440000000006], [-3.71001, 35.00844], [-3.8100099999999997, 35.00844], [-3.8100099999999997, 34.908440000000006]]]}}, {"type": "Feature", "properties": {"commune_id": 1464, "name": "Télouet"}, "geometry": {"type": "Polygon", "coordinates": [[[-7.2275789999999995, 31.237026999999998], [-7.127579, 31.237026999999998], [-7.127579, 31.337027], [-7.2275789999999995, 31.337027], [-7.2275789999999995, 31.237026999999998]]]}}, {"type": "Feature", "properties": {"commune_id": 1465, "name": "Témara"}, "geometry": {"type": "Polygon", "coordinates": [[[-6.950994, 33.857516000000004], [-6.850994, 33.857516000000004], [-6.850994, 33.957516], [-6.950994, 33.957516], [-6.950994, 33.857516000000004]]]}}, {"type": "Feature", "properties": {"commune_id": 1466, "name": "Tétouan"}, "geometry": {"type": "Polygon", "coordinates": [[[-5.395734, 35.525885], [-5.295734, 35.525885], [-5.295734, 35.625885], [-5.395734, 35.625885], [-5.395734, 35.525885]]]}}, {"type": "Feature", "properties": {"commune_id": 1467, "name": "Youssoufia"}, "geometry": {"type": "Polygon", "coordinates": [[[-8.582816000000001, 32.201629000000004], [-8.482816, 32.201629000000004], [-8.482816, 32.301629], [-8.582816000000001, 32.301629], [-8.582816000000001, 32.201629000000004]]]}}, {"type": "Feature", "properties": {"commune_id": 1468, "name": "Zaaroura"}, "geometry": {"type": "Polygon", "coordinates": [[[-5.788012, 35.178267000000005], [-5.6880120000000005, 35.178267000000005], [-5.6880120000000005, 35.278267], [-5.788012, 35.278267], [-5.788012, 35.178267000000005]]]}}, {"type": "Feature", "properties": {"commune_id": 1469, "name": "Zag"}, "geometry": {"type": "Polygon", "coordinates": [[[-9.096057, 28.101409], [-8.996056999999999, 28.101409], [-8.996056999999999, 28.201409], [-9.096057, 28.201409], [-9.096057, 28.101409]]]}}, {"type": "Feature", "properties": {"commune_id": 1470, "name": "Zaggota"}, "geometry": {"type": "Polygon", "coordinates": [[[-5.615047, 34.132375], [-5.515047, 34.132375], [-5.515047, 34.232375], [-5.615047, 34.232375], [-5.615047, 34.132375]]]}}, {"type": "Feature", "properties": {"commune_id": 1471, "name": "Zagmouzen"}, "geometry": {"type": "Polygon", "coordinates": [[[-7.8711269999999995, 30.560661], [-7.771127, 30.560661], [-7.771127, 30.660661], [-7.8711269999999995, 30.660661], [-7.8711269999999995, 30.560661]]]}}, {"type": "Feature", "properties": {"commune_id": 1472, "name": "Zagora"}, "geometry": {"type": "Polygon", "coordinates": [[[-5.892843, 30.301377], [-5.792843, 30.301377], [-5.792843, 30.401377], [-5.892843, 30.401377], [-5.892843, 30.301377]]]}}, {"type": "Feature", "properties": {"commune_id": 1473, "name": "Zaouia Annahlia"}, "geometry": {"type": "Polygon", "coordinates": [[[-8.698453, 31.170635], [-8.598453, 31.170635], [-8.598453, 31.270635000000002], [-8.698453, 31.270635000000002], [-8.698453, 31.170635]]]}}, {"type": "Feature", "properties": {"commune_id": 1474, "name": "Zaouia Sidi Tahar"}, "geometry": {"type": "Polygon", "coordinates": [[[-9.141936000000001, 30.455023999999998], [-9.041936, 30.455023999999998], [-9.041936, 30.555024], [-9.141936000000001, 30.555024], [-9.141936000000001, 30.455023999999998]]]}}, {"type": "Feature", "properties": {"commune_id": 1475, "name": "Zaouiat Ahansal"}, "geometry": {"type": "Polygon", "coordinates": [[[-6.119479, 31.796968], [-6.0194790000000005, 31.796968], [-6.0194790000000005, 31.896968], [-6.119479, 31.896968], [-6.119479, 31.796968]]]}}, {"type": "Feature", "properties": {"commune_id": 1476, "name": "Zaouiat Ben Hmida"}, "geometry": {"type": "Polygon", "coordinates": [[[-9.414664, 31.683624], [-9.314663999999999, 31.683624], [-9.314663999999999, 31.783624], [-9.414664, 31.783624], [-9.414664, 31.683624]]]}}, {"type": "Feature", "properties": {"commune_id": 1477, "name": "Zaouiat Cheikh"}, "geometry": {"type": "Polygon", "coordinates": [[[-5.970407, 32.591093], [-5.870407, 32.591093], [-5.870407, 32.691092999999995], [-5.970407, 32.691092999999995], [-5.970407, 32.591093]]]}}, {"type": "Feature", "properties": {"commune_id": 1478, "name": "Zaouiat Lakouacem"}, "geometry": {"type": "Polygon", "coordinates": [[[-8.366609, 32.862464], [-8.266608999999999, 32.862464], [-8.266608999999999, 32.962464], [-8.366609, 32.962464], [-8.366609, 32.862464]]]}}, {"type": "Feature", "properties": {"commune_id": 1479, "name": "Zaouiat Saiss"}, "geometry": {"type": "Polygon", "coordinates": [[[-8.686333000000001, 32.795719000000005], [-8.586333, 32.795719000000005], [-8.586333, 32.895719], [-8.686333000000001, 32.895719], [-8.686333000000001, 32.795719000000005]]]}}, {"type": "Feature", "properties": {"commune_id": 1480, "name": "Zaouiat Sidi Ben Hamdoun"}, "geometry": {"type": "Polygon", "coordinates": [[[-7.8990029999999996, 33.045921], [-7.799003, 33.045921], [-7.799003, 33.145920999999994], [-7.8990029999999996, 33.145920999999994], [-7.8990029999999996, 33.045921]]]}}, {"type": "Feature", "properties": {"commune_id": 1481, "name": "Zaouiat Sidi Hamza"}, "geometry": {"type": "Polygon", "coordinates": [[[-4.797893999999999, 32.392134000000006], [-4.697894, 32.392134000000006], [-4.697894, 32.492134], [-4.797893999999999, 32.492134], [-4.797893999999999, 32.392134000000006]]]}}, {"type": "Feature", "properties": {"commune_id": 1482, "name": "Zaouiat Sidi Kacem"}, "geometry": {"type": "Polygon", "coordinates": [[[-5.270245, 35.425108], [-5.170245, 35.425108], [-5.170245, 35.525107999999996], [-5.270245, 35.525107999999996], [-5.270245, 35.425108]]]}}, {"type": "Feature", "properties": {"commune_id": 1483, "name": "Zarkat"}, "geometry": {"type": "Polygon", "coordinates": [[[-4.37709, 34.848772000000004], [-4.27709, 34.848772000000004], [-4.27709, 34.948772], [-4.37709, 34.948772], [-4.37709, 34.848772000000004]]]}}, {"type": "Feature", "properties": {"commune_id": 1484, "name": "Zaïda"}, "geometry": {"type": "Polygon", "coordinates": [[[-4.926291, 32.751918], [-4.826291, 32.751918], [-4.826291, 32.851918], [-4.926291, 32.851918], [-4.926291, 32.751918]]]}}, {"type": "Feature", "properties": {"commune_id": 1485, "name": "Zaïo"}, "geometry": {"type": "Polygon", "coordinates": [[[-2.785821, 34.889495000000004], [-2.6858210000000002, 34.889495000000004], [-2.6858210000000002, 34.989495], [-2.785821, 34.989495], [-2.785821, 34.889495000000004]]]}}, {"type": "Feature", "properties": {"commune_id": 1486, "name": "Zaïtoune"}, "geometry": {"type": "Polygon", "coordinates": [[[-5.400192, 35.454272], [-5.300192, 35.454272], [-5.300192, 35.554272], [-5.400192, 35.554272], [-5.400192, 35.454272]]]}}, {"type": "Feature", "properties": {"commune_id": 1487, "name": "Zeghanghane"}, "geometry": {"type": "Polygon", "coordinates": [[[-3.0556829999999997, 35.103572], [-2.955683, 35.103572], [-2.955683, 35.203571999999994], [-3.0556829999999997, 35.203571999999994], [-3.0556829999999997, 35.103572]]]}}, {"type": "Feature", "properties": {"commune_id": 1488, "name": "Zegzel"}, "geometry": {"type": "Polygon", "coordinates": [[[-2.39871, 34.86616], [-2.2987100000000003, 34.86616], [-2.2987100000000003, 34.966159999999995], [-2.39871, 34.966159999999995], [-2.39871, 34.86616]]]}}, {"type": "Feature", "properties": {"commune_id": 1489, "name": "Zemamra"}, "geometry": {"type": "Polygon", "coordinates": [[[-8.749781, 32.566758], [-8.649780999999999, 32.566758], [-8.649780999999999, 32.666757999999994], [-8.749781, 32.666757999999994], [-8.749781, 32.566758]]]}}, {"type": "Feature", "properties": {"commune_id": 1490, "name": "Zemrane"}, "geometry": {"type": "Polygon", "coordinates": [[[-7.564554, 31.655027], [-7.464554000000001, 31.655027], [-7.464554000000001, 31.755027000000002], [-7.564554, 31.755027000000002], [-7.564554, 31.655027]]]}}, {"type": "Feature", "properties": {"commune_id": 1491, "name": "Zemrane Charqia"}, "geometry": {"type": "Polygon", "coordinates": [[[-7.4522509999999995, 31.712141], [-7.352251, 31.712141], [-7.352251, 31.812141], [-7.4522509999999995, 31.812141], [-7.4522509999999995, 31.712141]]]}}, {"type": "Feature", "properties": {"commune_id": 1492, "name": "Zerkten"}, "geometry": {"type": "Polygon", "coordinates": [[[-7.403173, 31.349581], [-7.303173, 31.349581], [-7.303173, 31.449581000000002], [-7.403173, 31.449581000000002], [-7.403173, 31.349581]]]}}, {"type": "Feature", "properties": {"commune_id": 1493, "name": "Zghira"}, "geometry": {"type": "Polygon", "coordinates": [[[-5.271292, 34.602123000000006], [-5.171292, 34.602123000000006], [-5.171292, 34.702123], [-5.271292, 34.702123], [-5.271292, 34.602123000000006]]]}}, {"type": "Feature", "properties": {"commune_id": 1494, "name": "Ziaida"}, "geometry": {"type": "Polygon", "coordinates": [[[-7.1041289999999995, 33.439478], [-7.004129, 33.439478], [-7.004129, 33.539477999999995], [-7.1041289999999995, 33.539477999999995], [-7.1041289999999995, 33.439478]]]}}, {"type": "Feature", "properties": {"commune_id": 1495, "name": "Zinat"}, "geometry": {"type": "Polygon", "coordinates": [[[-5.441631, 35.376827000000006], [-5.3416310000000005, 35.376827000000006], [-5.3416310000000005, 35.476827], [-5.441631, 35.476827], [-5.441631, 35.376827000000006]]]}}, {"type": "Feature", "properties": {"commune_id": 1496, "name": "Zirara"}, "geometry": {"type": "Polygon", "coordinates": [[[-5.801009, 34.168954], [-5.701009, 34.168954], [-5.701009, 34.268953999999994], [-5.801009, 34.268953999999994], [-5.801009, 34.168954]]]}}, {"type": "Feature", "properties": {"commune_id": 1497, "name": "Znada"}, "geometry": {"type": "Polygon", "coordinates": [[[-7.428051, 31.996551], [-7.328051, 31.996551], [-7.328051, 32.096551], [-7.428051, 32.096551], [-7.428051, 31.996551]]]}}, {"type": "Feature", "properties": {"commune_id": 1498, "name": "Zouada"}, "geometry": {"type": "Polygon", "coordinates": [[[-6.071979, 34.996945000000004], [-5.971979, 34.996945000000004], [-5.971979, 35.096945], [-6.071979, 35.096945], [-6.071979, 34.996945000000004]]]}}, {"type": "Feature", "properties": {"commune_id": 1499, "name": "Zouaiat sidi Abdelkader"}, "geometry": {"type": "Polygon", "coordinates": [[[-4.174427, 34.873623], [-4.074427, 34.873623], [-4.074427, 34.973622999999996], [-4.174427, 34.973622999999996], [-4.174427, 34.873623]]]}}, {"type": "Feature", "properties": {"commune_id": 1500, "name": "Zoug"}, "geometry": {"type": "Polygon", "coordinates": [[[-13.912600000000001, 21.727418999999998], [-13.8126, 21.727418999999998], [-13.8126, 21.827419], [-13.912600000000001, 21.827419], [-13.912600000000001, 21.727418999999998]]]}}, {"type": "Feature", "properties": {"commune_id": 1501, "name": "Zoumi"}, "geometry": {"type": "Polygon", "coordinates": [[[-5.411766, 34.741036], [-5.311766, 34.741036], [-5.311766, 34.841035999999995], [-5.411766, 34.841035999999995], [-5.411766, 34.741036]]]}}, {"type": "Feature", "properties": {"commune_id": 1502, "name": "Zrarda"}, "geometry": {"type": "Polygon", "coordinates": [[[-4.4038509999999995, 33.878597000000006], [-4.303851, 33.878597000000006], [-4.303851, 33.978597], [-4.4038509999999995, 33.978597], [-4.4038509999999995, 33.878597000000006]]]}}, {"type": "Feature", "properties": {"commune_id": 1503, "name": "Zrizer"}, "geometry": {"type": "Polygon", "coordinates": [[[-4.6854759999999995, 34.545445], [-4.585476, 34.545445], [-4.585476, 34.645444999999995], [-4.6854759999999995, 34.645444999999995], [-4.6854759999999995, 34.545445]]]}}]}