rang,Commune,Province,n_cas,suggestion_meme_province,score_meme_province,suggestion_globale,score_globale,province_suggestion_globale,cumsum_pct,DECISION_HUMAINE
1,Lamzem,El Kelâa des Sraghna,28,Oulad Amer,0.5,Talzemt,0.615,Boulemane,1.051840721262209,
2,Bourmane,Ouarzazate,23,Toundoute,0.471,Boulemane,0.824,Boulemane,1.9158527422990232,
3,ait tazarine,Tinghir,22,Aït Elfarsi,0.609,Tazarine,0.8,Taza,2.7422990232907587,
4,Ghdira Hamra,Béni Mellal,22,Sidi Hammadi,0.583,Al Hamra,0.7,Chefchaouen,3.568745304282494,
5,Bouachiba,Azilal,20,Ouaoula,0.5,Boughriba,0.778,Berkane,4.320060105184072,
6,Boutaghrar,Tinghir,19,Outerbat,0.444,Boughriba,0.737,Berkane,5.033809166040571,
7,Tassouit,Tinghir,18,Assoul,0.714,Tassousfi,0.824,Tata,5.709992486851991,
8,Skour,Boulemane,18,Missour,0.667,Meskoura,0.769,Khouribga,6.3861758076634105,
9,""" """,Taounate,17,M'tioua,0.2,N'Kob,0.25,Tinghir,7.024793388429752,
10,Tassouite,Tinghir,17,Assoul,0.667,Tassousfi,0.778,Tata,7.663410969196093,
11,Ait tazarine,Tinghir,17,Aït Elfarsi,0.609,Tazarine,0.8,Taza,8.302028549962435,
12,Chahid Baha,Sefrou,17,Ahl Sidi Lahcen,0.538,Ait Baha,0.737,Chtouka-Aït Baha,8.940646130728775,
13,Tislit,Azilal,15,Tisqi,0.727,Tiglit,0.833,Guelmim,9.50413223140496,
14,Bani Saden,Sefrou,15,Aït Seghrouchen,0.48,Bni Said,0.778,Tétouan,10.067618332081143,
15,Fariata,Béni Mellal,14,Had Bradia,0.471,Fraita,0.769,El Kelâa des Sraghna,10.593538692712247,
16,"S,A,B,B",Azilal,14,Aït Abbas,0.125,Sabbah,0.615,Skhirate-Témara,11.11945905334335,
17,Mzem,El Kelâa des Sraghna,13,Zemrane,0.545,Zemrane,0.545,El Kelâa des Sraghna,11.607813673929376,
18,Timolilte,Azilal,13,Imlil,0.714,Timoulilt,0.889,Béni Mellal,12.096168294515403,
19,Beni Sadden,Sefrou,13,Aït Seghrouchen,0.154,Bni Said,0.737,Tétouan,12.584522915101427,
20,Aderj,Sefrou,12,Ahermoumou,0.4,Adrej,0.8,Boulemane,13.035311795642373,
21,Iaazazen,Nador,12,Iaazzanene,0.778,Iaazzanene,0.778,Nador,13.486100676183321,
22,Tdili,Azilal,12,Tisqi,0.6,Tilmi,0.8,Tinghir,13.936889556724267,
23,boutghrar,Tinghir,12,Outerbat,0.588,Boughriba,0.778,Berkane,14.387678437265214,
24,Tirest,Azilal,11,Tisqi,0.545,Tiflet,0.667,Khemisset,14.800901577761081,
25,Iminoulaouen,Ouarzazate,11,Toundoute,0.476,Imi N'Oulaoune,0.846,Azilal,15.214124718256949,
26,Kouacem,Fquih Ben Salah,11,Rouached,0.667,Kouzemt,0.714,Essaouira,15.627347858752817,
27,kabdani,Driouch,11,Dar El Kebdani,0.571,Tabant,0.615,Azilal,16.040570999248686,
28,My Bouchta,Taounate,11,Bni Bouchibet,0.609,Moulay Bouchta,0.833,Moulay Yacoub,16.453794139744552,
29,Yasmine,Sidi Kacem,11,Ain Jemaa,0.5,Lahsinate,0.625,Essaouira,16.86701728024042,
30,Ighilamgone,Tinghir,11,Kalaat M'Gouna,0.48,Ighil N'Oumgoun,0.692,Azilal,17.280240420736288,
31,"A,Chefk",Al Haouz,11,Ahl Tifnoute,0.316,Tancherfi,0.625,Jerada,17.693463561232157,
32,Bani saden,Sefrou,10,Aït Seghrouchen,0.48,Bni Said,0.778,Tétouan,18.069120961682945,
33,Boujediane,Larache,10,Souaken,0.471,Bou Jedyane,0.857,Ouezzane,18.444778362133736,
34,Ourbiaa,Béni Mellal,10,Naour,0.5,Ourika,0.769,Al Haouz,18.820435762584523,
35,Neknafa,Essaouira,10,Meskala,0.571,Tekna,0.667,Sidi Kacem,19.19609316303531,
36,"A,Mediona",Taounate,10,Ain Mediouna,0.762,Médiouna,0.824,Nouaceur,19.571750563486102,
37,Tibihit,Béni Mellal,10,Taghzirt,0.4,Tighirt,0.714,Tiznit,19.94740796393689,
38,lekhmiss,Tinghir,10,Souk Lakhmis Dades,0.538,Khémisset,0.706,Khemisset,20.323065364387677,
39,Kansara,Moulay Yacoub,9,Laajajra,0.533,Mkansa,0.769,Sidi Kacem,20.66115702479339,
40,Ain Doreij,Ouezzane,9,Ain Dfali,0.632,Aïn Orma,0.667,Meknès,20.9992486851991,
41,tassouite,Tinghir,9,Assoul,0.667,Tassousfi,0.778,Tata,21.337340345604808,
42,Tisi ousli,Taza,9,Oued Amlil,0.4,Tizi Ouzli,0.8,Driouch,21.675432006010517,
43,Bouzmlne,Taza,9,Bouyablane,0.667,Boulemane,0.706,Boulemane,22.01352366641623,
44,Ait guirte,Azilal,9,Ait Taguella,0.636,Ait Ourir,0.737,Marrakech,22.35161532682194,
45,Lakhemis,Tinghir,9,Souk Lakhmis Dades,0.538,Khémisset,0.706,Khemisset,22.68970698722765,
46,Mesker,Sidi Kacem,9,Sidi Kacem,0.125,Meskoura,0.714,Khouribga,23.027798647633357,
47,Amsa,Tétouan,9,Azla,0.5,Assa,0.75,Assa-Zag,23.36589030803907,
48,Tizqui,Azilal,8,Tisqi,0.727,Tisqi,0.727,Azilal,23.6664162283997,
49,Zaouia,Sidi Kacem,8,Zaggota,0.615,Mzoudia,0.769,Chichaoua,23.96694214876033,
50,El Kelaa,El Kelâa des Sraghna,8,El Aamria,0.588,Hel Merbaa,0.667,Fquih Ben Salah,24.267468069120962,
51,Ouad Elbour,Chichaoua,8,Oued L'Bour,0.818,Oued L'Bour,0.818,Chichaoua,24.567993989481593,
52,Assg,Tinghir,8,Assoul,0.6,Assa,0.75,Assa-Zag,24.868519909842224,
53,Daour Jdid,Fquih Ben Salah,8,Dar Oulad Zidouh,0.538,Oued Jdida,0.7,Meknès,25.169045830202855,
54,Taouloklot,Chichaoua,8,Taouloukoult,0.818,Taouloukoult,0.818,Chichaoua,25.469571750563485,
55,Sahraoua,Sidi Kacem,8,Bab Tiouka,0.444,Maghraoua,0.824,Taza,25.770097670924116,
56,Beni hassen,Azilal,8,Bni Hassane,0.818,Bni Hassane,0.818,Azilal,26.070623591284747,
57,S K,Sidi Kacem,8,Sidi Kacem,0.462,Saka,0.571,Guercif,26.37114951164538,
58,Lakhmiss Dadès,Ouarzazate,7,Ghassate,0.455,Souk Lakhmis Dades,0.812,Tinghir,26.63410969196093,
59,imzilne,Tinghir,7,Imider,0.615,Idmine,0.769,Agadir-Ida Ou Tanane,26.897069872276482,
60,Menara,Al Haouz,7,Amghras,0.462,Mnasra,0.833,Kénitra,27.160030052592035,
61,ait yassine,Tinghir,7,Ait Ouassif,0.727,Ait Yadine,0.857,Khemisset,27.422990232907587,
62,Beni sadden,Sefrou,7,Aït Seghrouchen,0.154,Bni Said,0.737,Tétouan,27.68595041322314,
63,"Q,militaire",Taza,7,Msila,0.5,Mzilate,0.556,Chichaoua,27.94891059353869,
64,S Y B Z,Taounate,7,Sidi Yahya Bni Zeroual,0.483,Sidi Yahya Bni Zeroual,0.483,Taounate,28.211870773854244,
65,hanchan,Essaouira,7,El Hanchane,0.778,El Hanchane,0.778,Essaouira,28.474830954169796,
66,tabrkhachte,Tinghir,7,Souk Lakhmis Dades,0.345,Tamchachate,0.727,El Hajeb,28.73779113448535,
67,Ighilnoumgoune,Tinghir,7,Ikniouen,0.455,Ighil N'Oumgoun,0.897,Azilal,29.0007513148009,
68,Dar kebdani,Nador,7,Arekmane,0.526,Dar El Kebdani,0.88,Driouch,29.263711495116453,
69,Bab Wandar,Taounate,7,Jbabra,0.5,Bab Taza,0.667,Chefchaouen,29.526671675432006,
70,Chtioui,Fquih Ben Salah,7,Bni Oukil,0.5,Tiouli,0.769,Jerada,29.789631855747558,
71,Sebbab,Taza,7,Smià,0.4,Assebbab,0.857,Guercif,30.05259203606311,
72,Hsseya,Tinghir,7,Toudgha Essoufla,0.364,H'Ssyia,0.769,Zagora,30.315552216378663,
73,Somaa,Béni Mellal,7,Oulad Gnaou,0.375,Smara,0.8,Es-Semara,30.578512396694215,
74,Tikiouine,Agadir-Ida Ou Tanane,7,Imsouane,0.588,Tizounine,0.778,Tata,30.841472577009768,
75,Bin jradi,Taza,6,Bab Boudir,0.421,Bir Jdid,0.706,Nouaceur,31.06686701728024,
76,Ras Alma,Moulay Yacoub,6,Moulay Abdelkrim,0.417,Ras El Ma,0.824,Berkane,31.292261457550715,
77,"Bouzemlane,c",Taza,6,Bouyablane,0.636,Boulemane,0.762,Boulemane,31.517655897821186,
78,Al wahda,Taza,6,Outat El Haj,0.4,Lahdar,0.714,Youssoufia,31.74305033809166,
79,Boutaghrar,Fquih Ben Salah,6,Tachraft,0.556,Boughriba,0.737,Berkane,31.968444778362134,
80,O Akalay,Agadir-Ida Ou Tanane,6,Adaghas,0.4,Saadla,0.571,Safi,32.193839218632604,
81,Tizentest,Taroudant,6,Tizi N'Test,0.8,Tizi N'Test,0.8,Taroudant,32.41923365890308,
82,Sk,Sidi Kacem,6,Sidi Kacem,0.333,Saka,0.667,Guercif,32.64462809917355,
83,Bouazayer,Azilal,6,Taounza,0.5,Ouazzane,0.706,Ouezzane,32.87002253944403,
84,A S Jbel sofla,Tinghir,6,Ait Sedrate Jbel El Soufla,0.7,Ait Sedrate Jbel El Soufla,0.7,Tinghir,33.0954169797145,
85,"A,chefk",Al Haouz,6,Ahl Tifnoute,0.316,Tancherfi,0.625,Jerada,33.32081141998497,
86,Ghorm El Alem,Béni Mellal,6,Foum El Anceur,0.593,Laghoualem,0.609,Benslimane,33.54620586025545,
87,slilou,Tinghir,6,Assoul,0.5,Smimou,0.667,Essaouira,33.77160030052592,
88,amajaw,Driouch,6,Amejjaou,0.571,Majjat,0.667,Chichaoua,33.996994740796396,
89,Ajdir,Taza,6,Bab Boudir,0.533,Ajdir 2,0.833,Al Hoceïma,34.222389181066866,
90,Municipalité,Tétouan,6,Mallalienne,0.435,Mzilate,0.526,Chichaoua,34.447783621337344,
91,Ghar Nhal,Béni Mellal,6,Had Bradia,0.421,Hjar Ennhal,0.8,Tanger-Assilah,34.673178061607814,
92,M.B.Mellal,Béni Mellal,6,Beni Mellal,0.667,Beni Mellal,0.667,Béni Mellal,34.898572501878284,
93,Bibane,Taounate,5,El Bibane,0.8,El Bibane,0.8,Taounate,35.08640120210368,
94,tighrmatine,Tinghir,5,Tilmi,0.5,Ighzrane,0.737,Taza,35.274229902329076,
95,"A,Maatouf",Taounate,5,Ain Maatouf,0.8,Ain Maatouf,0.8,Taounate,35.46205860255447,
96,Taghgigt,Guelmim,5,Tiglit,0.571,Taghzirt,0.75,Béni Mellal,35.64988730277987,
97,Beni Garfat,Larache,5,Bni Garfett,0.818,Bni Garfett,0.818,Larache,35.83771600300526,
98,Bssabssa,Taounate,5,Messassa,0.75,Messassa,0.75,Taounate,36.02554470323065,
99,Taouima,Nador,5,Al Aroui,0.533,Touama,0.769,Marrakech,36.213373403456046,
100,Farkhana,Nador,5,Arekmane,0.625,Argana,0.714,Taroudant,36.40120210368144,
101,c boumalne,Tinghir,5,Boumalne Dadès,0.667,Boulemane,0.737,Boulemane,36.58903080390684,
102,Ait Tazarin,Tinghir,5,Aït Elfarsi,0.636,Tazarine,0.737,Taza,36.77685950413223,
103,Bouzmlane,Taza,5,Bouyablane,0.737,Boulemane,0.778,Boulemane,36.96468820435763,
104,ait brahim,Tinghir,5,Aït Hani,0.667,Ait Baha,0.778,Chtouka-Aït Baha,37.15251690458302,
105,Al ouhda,Taza,5,El Gouzate,0.556,Al Oued,0.8,Chefchaouen,37.34034560480841,
106,Al quods,Taza,5,Bab Boudir,0.444,Al Oued,0.667,Chefchaouen,37.52817430503381,
107,Menara,Chichaoua,5,Majjat,0.5,Mnasra,0.833,Kénitra,37.7160030052592,
108,H K,Sidi Kacem,5,Sidi Kacem,0.308,N'Kob,0.5,Tinghir,37.9038317054846,
109,A.Y.Ouali,Al Hoceïma,5,Rouadi,0.533,Oualili,0.625,Meknès,38.091660405709995,
110,kansara,Moulay Yacoub,5,Laajajra,0.533,Mkansa,0.769,Sidi Kacem,38.27948910593539,
111,A.Taourirt,Al Hoceïma,5,Arbaa Taourirt,0.75,Taourirt,0.889,Taourirt,38.46731780616078,
112,Kelaa,El Kelâa des Sraghna,5,El Aamria,0.571,Melaab,0.727,Errachidia,38.655146506386174,
113,Ait Atab,Azilal,5,Aït Abbas,0.706,Ait Taleb,0.824,Rehamna,38.84297520661157,
114,sekoura,Sefrou,5,Sefrou,0.615,Meskoura,0.8,Khouribga,39.030803906836965,
115,Kabdani,Driouch,5,Dar El Kebdani,0.571,Tabant,0.615,Azilal,39.21863260706236,
116,Rhouazi,Taounate,5,Rghioua,0.714,Ghouazi,0.857,Moulay Yacoub,39.406461307287756,
117,Oulad Harti,Larache,5,Oulad Ouchih,0.696,Oulad Chrif,0.818,Taza,39.594290007513145,
118,B.E.O,Azilal,5,Bin El Ouidane,0.316,Bzou,0.444,El Kelâa des Sraghna,39.78211870773854,
119,Dhar,Essaouira,5,Had Dra,0.545,Adar,0.75,Tata,39.969947407963936,
120,Hcia,Tinghir,4,M'Ssici,0.364,Zghira,0.6,Ouezzane,40.12021036814425,
121,"A,Aicha",Taounate,4,Aïn Aïcha,0.75,Ayacha,0.769,Larache,40.27047332832457,
122,tazitount,Chichaoua,4,Ain Tazitounte,0.783,Ain Tazitounte,0.783,Chichaoua,40.420736288504884,
123,"A,Mediouna",Taounate,4,Ain Mediouna,0.818,Médiouna,0.889,Nouaceur,40.5709992486852,
124,Binlwidane,Azilal,4,Bin El Ouidane,0.75,Bin El Ouidane,0.75,Azilal,40.72126220886552,
125,Boutghrah,Tinghir,4,Outerbat,0.588,Boughriba,0.778,Berkane,40.87152516904583,
126,Skoura,Taounate,4,Ourtzagh,0.571,Meskoura,0.857,Khouribga,41.021788129226145,
127,Ighilamgoune,Tinghir,4,Kalaat M'Gouna,0.538,Ighil N'Oumgoun,0.741,Azilal,41.17205108940646,
128,Skhinate,Fès,4,Sidi Hrazem,0.421,Skhirate,0.875,Skhirate-Témara,41.32231404958678,
129,tabrkhcht,Tinghir,4,Outerbat,0.353,Tabaroucht,0.737,Béni Mellal,41.47257700976709,
130,A S S gharbia,Tinghir,4,Ait Sedrate Sahl El Gharbia,0.65,Had Al Gharbia,0.741,Tanger-Assilah,41.62283996994741,
131,Sarghin,Tinghir,4,Tinghir,0.429,Serghina,0.8,Boulemane,41.77310293012772,
132,Syba,Al Haouz,4,Sidi Badhaj,0.4,Sbouya,0.6,Sidi Ifni,41.92336589030804,
133,Beni Aros,Larache,4,Bni Garfett,0.6,Bni Arouss,0.842,Tétouan,42.073628850488355,
134,Ouled Abdellah,Fquih Ben Salah,4,Oulad Fares El Halla,0.588,Oulad Salah,0.72,Nouaceur,42.22389181066867,
135,Ouled Mbarek,Fquih Ben Salah,4,Oulad Zmam,0.636,Oulad M'Barek,0.88,Béni Mellal,42.37415477084899,
136,Babmrouj,Taza,4,Bab Marzouka,0.7,Bab Marzouka,0.7,Taza,42.5244177310293,
137,Tigoudar,Essaouira,4,Lagdadra,0.5,Tigouga,0.8,Taroudant,42.674680691209616,
138,Tichibite,Azilal,4,Tisqi,0.429,Chaibate,0.706,El Jadida,42.82494365138993,
139,B.S.jbel,Nador,4,Bni Sidel Jbel,0.545,Jbiel,0.615,El Kelâa des Sraghna,42.97520661157025,
140,Boumlne,Ouarzazate,4,Toundoute,0.5,Boulemane,0.75,Boulemane,43.125469571750564,
141,Takerkoust,Al Haouz,4,Lalla Takarkoust,0.692,Tamegroute,0.7,Zagora,43.27573253193088,
142,Passage,Chichaoua,4,Gmassa,0.615,Assa,0.727,Assa-Zag,43.42599549211119,
143,Rk,Guercif,4,Saka,0.333,Zarkat,0.5,Taounate,43.57625845229151,
144,Z . Cheikh,Béni Mellal,4,Oulad M'Barek,0.348,Zaouiat Cheikh,0.667,Khénifra,43.726521412471826,
145,Bkakcha,Settat,4,Dar Chaffai,0.444,Brikcha,0.714,Ouezzane,43.87678437265214,
146,Ras lma,Moulay Yacoub,4,Sidi El Abed,0.105,Ras El Ma,0.875,Berkane,44.02704733283246,
147,Bourached,Taza,4,Bouchfaa,0.588,Rouached,0.824,Fquih Ben Salah,44.17731029301277,
148,Lahmadna,El Kelâa des Sraghna,4,Hiadna,0.714,Lahsasna,0.75,Berrechid,44.32757325319309,
149,Kolla,Larache,4,Souk Tolba,0.533,Kechoula,0.615,Chichaoua,44.4778362133734,
150,Ait brahim,Tinghir,4,Aït Hani,0.667,Ait Baha,0.778,Chtouka-Aït Baha,44.62809917355372,
151,Alouahda,Taza,4,Oulad Zbair,0.526,Lounasda,0.75,El Kelâa des Sraghna,44.778362133734035,
152,laamarcha,Settat,4,Dar Chaffai,0.5,Laamamra,0.824,Chichaoua,44.92862509391435,
153,Ait Hamou Ousaid,Tinghir,4,Ait Ouassif,0.593,Ait Haddou Youssef,0.706,Taroudant,45.07888805409466,
154,Jyarine,Taza,4,Barkine,0.714,Barkine,0.714,Taza,45.22915101427498,
155,ighilnoumgoune,Tinghir,4,Ikniouen,0.455,Ighil N'Oumgoun,0.897,Azilal,45.3794139744553,
156,Guéliz,Tinghir,4,Ouaklim,0.462,Guelmim,0.769,Guelmim,45.52967693463561,
157,Ghorm El Alam,Béni Mellal,4,Foum El Anceur,0.519,Sour El Aaz,0.667,El Kelâa des Sraghna,45.67993989481593,
158,15 Eme Gare,Taza,4,El Gouzate,0.476,Oulad El Garne,0.56,El Kelâa des Sraghna,45.830202854996244,
159,Iwariden,Azilal,4,Aït Majden,0.556,Mibladen,0.625,Midelt,45.98046581517656,
160,Hajra,Béni Mellal,4,Had Bradia,0.533,Anjra,0.8,Fahs-Anjra,46.13072877535687,
161,tabrkhacht,Tinghir,4,Outerbat,0.333,Tabaroucht,0.7,Béni Mellal,46.28099173553719,
162,AS jberl,Tinghir,4,Assoul,0.429,Sidi Jaber,0.667,Béni Mellal,46.431254695717506,
163,Agoudid,Azilal,4,Agoudi N'Lkhair,0.545,Agoudim,0.857,Midelt,46.58151765589782,
164,M.I.B.D,Azilal,4,Moulay Aissa Ben Driss,0.276,Mibladen,0.533,Midelt,46.73178061607814,
165,ait h ousaid,Tinghir,4,Aït Hani,0.7,Ait Said,0.8,Essaouira,46.882043576258454,
166,ait abdoune,Tinghir,4,Ait Youl,0.632,Ait Yadine,0.762,Khemisset,47.03230653643877,
167,Alqods,Agadir-Ida Ou Tanane,4,Aqesri,0.5,Al Oued,0.615,Chefchaouen,47.18256949661908,
168,boukerra,Ouezzane,4,Bou Jedyane,0.526,Boukraa,0.8,Laâyoune,47.3328324567994,
169,Ait h said,Tinghir,4,Aït Hani,0.778,Ait Said,0.889,Essaouira,47.483095416979715,
170,Haouafate,Sidi Kacem,3,Chbanate,0.588,Al Haouafate,0.857,Sidi Slimane,47.595792637114954,
171,Ihchach,Agadir-Ida Ou Tanane,3,Ait Aissi Ihahane,0.333,Tichla,0.615,Aousserd,47.708489857250186,
172,A. taourirt,Al Hoceïma,3,Arbaa Taourirt,0.8,Taourirt,0.842,Taourirt,47.821187077385424,
173,"A,chefkaoui",Al Haouz,3,Askaouen,0.526,Dar Chaoui,0.667,Tanger-Assilah,47.93388429752066,
174,Jiyarine,Taza,3,Barkine,0.667,Bni Yagrine,0.737,Settat,48.046581517655895,
175,segangan,Nador,3,Zeghanghane,0.737,Zeghanghane,0.737,Nador,48.15927873779113,
176,Ghorm el alam,Béni Mellal,3,Foum El Anceur,0.519,Sour El Aaz,0.667,El Kelâa des Sraghna,48.27197595792637,
177,Gouzat,Taza,3,El Gouzate,0.75,El Gouzate,0.75,Taza,48.38467317806161,
178,Kebdani,Driouch,3,Dar El Kebdani,0.667,Dar El Kebdani,0.667,Driouch,48.49737039819684,
179,ighrmloulne,Tinghir,3,Aghbalou N'Kerdous,0.483,Tighedouine,0.636,Al Haouz,48.61006761833208,
180,MunicipalitéBM,Béni Mellal,3,Tilougguite,0.32,Bni Tadjite,0.48,Errachidia,48.72276483846732,
181,Municipalité,Nador,3,Beni Chiker,0.435,Mzilate,0.526,Chichaoua,48.83546205860255,
182,agouidir,Chichaoua,3,Ighoud,0.571,Agoudim,0.8,Midelt,48.94815927873779,
183,Walili,Meknès,3,Oualili,0.769,Talilit,0.769,Driouch,49.06085649887303,
184,Mesmoda,Ouezzane,3,Masmouda,0.8,Masmouda,0.8,Ouezzane,49.17355371900826,
185,Menara,Tinghir,3,Imider,0.5,Mnasra,0.833,Kénitra,49.2862509391435,
186,berraka,Nador,3,Hassi Berkane,0.5,Braksa,0.769,Khouribga,49.39894815927874,
187,ait idr,Tinghir,3,Aït Hani,0.667,Ait Said,0.8,Essaouira,49.51164537941398,
188,Mbarek El bakay,Sefrou,3,Dar El Hamra,0.593,Dar El Hamra,0.593,Sefrou,49.62434259954921,
189,Medina,Al Haouz,3,Oukaimeden,0.5,Médiouna,0.857,Nouaceur,49.73703981968445,
190,Mansoura,Chefchaouen,3,Bni Mansour,0.737,Mançoura,0.875,Taounate,49.849737039819686,
191,Lalla Aicha,Sidi Kacem,3,Bab Tiouka,0.19,Laagagcha,0.7,Sidi Bennour,49.96243425995492,
192,ait s jbel,Tinghir,3,Ait Sedrate Jbel El Oulia,0.571,Bni Sidel Jbel,0.667,Nador,50.07513148009016,
193,ait slimane,Tinghir,3,Aït Hani,0.632,Sidi Slimane,0.783,Sidi Slimane,50.187828700225396,
194,Ait mraou,Tinghir,3,Ait Youl,0.706,Aït Kamra,0.778,Al Hoceïma,50.300525920360634,
195,Ait yassine,Tinghir,3,Ait Ouassif,0.727,Ait Yadine,0.857,Khemisset,50.413223140495866,
196,Ait Tazarine,Tinghir,3,Aït Elfarsi,0.609,Tazarine,0.8,Taza,50.525920360631105,
197,"M,Bouchta",Taounate,3,Bouhouda,0.588,Bouchfaa,0.706,Taza,50.63861758076634,
198,Laanoucer,Sefrou,3,Laanoussar,0.737,Laanoussar,0.737,Sefrou,50.751314800901575,
199,Foum er,Béni Mellal,3,Foum El Anceur,0.667,Foum Jemaa,0.706,El Kelâa des Sraghna,50.864012021036814,
200,boutaghrar,Tinghir,3,Outerbat,0.444,Boughriba,0.737,Berkane,50.97670924117205,
201,boumalne k,Tinghir,3,Boumalne Dadès,0.75,Boumalne Dadès,0.75,Tinghir,51.089406461307284,
202,Iknioune,Ouarzazate,3,Toundoute,0.471,Ikniouen,0.875,Tinghir,51.20210368144252,
203,Jamila,Fquih Ben Salah,3,Bejaad,0.5,Msila,0.727,Taza,51.31480090157776,
204,15éme GARE,Taza,3,El Gouzate,0.5,M'Garto,0.588,Khouribga,51.427498121713,
205,zte sidi kacem,Tétouan,3,Zaouiat Sidi Kacem,0.812,Sidi Kacem,0.833,Sidi Kacem,51.54019534184823,
206,Kamoune,Béni Mellal,3,Naour,0.5,Zaïtoune,0.667,Tétouan,51.65289256198347,
207,Jnan ward,Fès,3,Ain Kansra,0.421,Ain Harrouda,0.571,Médiouna,51.76558978211871,
208,Tibihite,Béni Mellal,3,Tilougguite,0.526,Tighirt,0.667,Tiznit,51.87828700225394,
209,Oued Laabid,Azilal,3,Agoudi N'Lkhair,0.538,Oued Naam,0.7,Errachidia,51.99098422238918,
210,Tighboula,Béni Mellal,3,Timoulilt,0.556,Tigouga,0.75,Taroudant,52.10368144252442,
211,"Ol,DAOUD",Taounate,3,Oulad Daoud,0.737,Oulad Daoud,0.737,Taounate,52.21637866265966,
212,Taddert,Guercif,3,Tissaf,0.308,Taddart,0.857,Taza,52.32907588279489,
213,Barraca,Nador,3,Bouarg,0.462,Brachoua,0.667,Skhirate-Témara,52.44177310293013,
214,Ben cheikh,Al Haouz,3,Ouneine,0.353,Beni Chiker,0.762,Nador,52.55447032306537,
215,Beni Gorfat,Larache,3,Bni Garfett,0.727,Bni Garfett,0.727,Larache,52.6671675432006,
216,Tassouite,Ouarzazate,3,Tansifte,0.706,Tassousfi,0.778,Tata,52.77986476333584,
217,Bab M'rouj,Taza,3,Bab Marzouka,0.727,Bab Marzouka,0.727,Taza,52.892561983471076,
218,Oulad L'Harti,Larache,3,Oulad Ouchih,0.64,Oulad Chrif,0.75,Taza,53.00525920360631,
219,Ouizghet,Taounate,3,Ourtzagh,0.625,Ouizeght,0.875,Midelt,53.117956423741546,
220,Od Youssef,Settat,3,Guisser,0.471,Ouled Youssef,0.87,Fquih Ben Salah,53.230653643876785,
221,As jbel olia,Tinghir,3,Ferkla El Oulia,0.667,Ras El Ma,0.667,Berkane,53.343350864012024,
222,My Idriss,Meknès,3,Moulay Idriss Zarhoun,0.6,Moulay Idriss Zarhoun,0.6,Meknès,53.456048084147255,
223,Rquen,Tinghir,3,Ikniouen,0.462,Tafraouten,0.533,Taroudant,53.568745304282494,
224,Sidi Ahmed Bouheddane,Ouezzane,3,Sidi Redouane,0.706,Sidi Ahmed Ou Amar,0.718,Taroudant,53.68144252441773,
225,Sidi ahmed tadli,Sefrou,3,Sidi Youssef Ben Ahmed,0.526,Sidi Ahmed El Khadir,0.778,El Kelâa des Sraghna,53.794139744552965,
226,R'Ghiwa,Taounate,3,Rghioua,0.714,Rghioua,0.714,Taounate,53.9068369646882,
227,Slilou,Tinghir,3,Assoul,0.5,Smimou,0.667,Essaouira,54.01953418482344,
228,Senhaja,Sefrou,3,Dar El Hamra,0.421,Senada,0.769,Al Hoceïma,54.13223140495868,
229,Sekoura,Sefrou,3,Sefrou,0.615,Meskoura,0.8,Khouribga,54.24492862509391,
230,Bit goulem,Taza,3,Bni Lent,0.556,Sebt Gzoula,0.667,Safi,54.35762584522915,
231,Sidi A Tadeli,Sefrou,3,Ahl Sidi Lahcen,0.5,Sidi Al Kamel,0.769,Sidi Slimane,54.47032306536439,
232,Safsaf,Sidi Kacem,3,Selfat,0.333,Sefsaf,0.833,Sidi Slimane,54.58302028549962,
233,S/R,Ouezzane,3,Sidi Bousber,0.4,Smara,0.5,Es-Semara,54.69571750563486,
234,Sais,Fès,3,Ain Kansra,0.429,Assais,0.8,Taroudant,54.8084147257701,
235,Bouargane,Agadir-Ida Ou Tanane,3,Imsouane,0.588,Ouirgane,0.824,Al Haouz,54.92111194590534,
236,wardana,Driouch,3,Ourdana,0.714,Argana,0.769,Taroudant,55.03380916604057,
237,Bouazier,Azilal,3,Bin El Ouidane,0.455,Bouarg,0.714,Nador,55.14650638617581,
238,Si a ben brahim,Azilal,3,Aït Abbas,0.5,Si Hsaien Ben Abderrahmane,0.683,El Jadida,55.25920360631105,
239,Hay mohamadi,Agadir-Ida Ou Tanane,3,Agadir,0.444,Mohammédia,0.636,Mohammedia,55.37190082644628,
240,A h said,Tinghir,3,Ferkla Es-Soufla,0.417,Ait Said,0.75,Essaouira,55.48459804658152,
241,Hdr,Guercif,3,Debdou,0.222,Lahdar,0.667,Youssoufia,55.597295266716756,
242,Hay Mohamadi,Agadir-Ida Ou Tanane,3,Agadir,0.444,Mohammédia,0.636,Mohammedia,55.70999248685199,
243,tansgharte,Tinghir,3,Tinghir,0.588,Tamanarte,0.737,Assa-Zag,55.82268970698723,
244,tazzakht,Tinghir,2,Outerbat,0.375,Taznakht,0.875,Ouarzazate,55.89782118707738,
245,tasouit,Tinghir,2,Assoul,0.615,Tarsouat,0.8,Chtouka-Aït Baha,55.97295266716754,
246,tarmoucht,Tinghir,2,Bou Azmou,0.444,Tabaroucht,0.842,Béni Mellal,56.048084147257704,
247,"A, kansara",Moulay Yacoub,2,Laajajra,0.556,Ain Kansra,0.8,Fès,56.12321562734786,
248,A chefk,Al Haouz,2,Ahl Tifnoute,0.316,Ain Chkef,0.75,Fès,56.19834710743802,
249,tansghart,Tinghir,2,Tinghir,0.625,Tanougha,0.706,Béni Mellal,56.273478587528174,
250,zaouit nogart,Tinghir,2,Ait Ouassif,0.5,Zaouiat Saiss,0.615,Sidi Bennour,56.34861006761833,
251,tlat boubker,Driouch,2,Oulad Boubker,0.8,Oulad Boubker,0.8,Driouch,56.42374154770849,
252,tissli,Tinghir,2,Tilmi,0.727,Tissint,0.769,Tata,56.498873027798645,
253,tigoudar,Essaouira,2,Lagdadra,0.5,Tigouga,0.8,Taroudant,56.57400450788881,
254,tibihite,Béni Mellal,2,Tilougguite,0.526,Tighirt,0.667,Tiznit,56.649135987978966,
255,Sbab,Guercif,2,Assebbab,0.667,Assebbab,0.667,Guercif,56.72426746806912,
256,Bnisadden,Sefrou,2,Ahl Sidi Lahcen,0.333,Bni Said,0.706,Tétouan,56.79939894815928,
257,Sab,Moulay Yacoub,2,Sidi El Abed,0.4,Sabbah,0.667,Skhirate-Témara,56.874530428249436,
258,Sab,Azilal,2,Tabia,0.5,Sabbah,0.667,Skhirate-Témara,56.94966190833959,
259,S.M.B.L,Taounate,2,Bouadel,0.286,Mibladen,0.4,Midelt,57.02479338842975,
260,S-A-Ouhamd,Essaouira,2,Sidi H'Mad Ou Hamed,0.69,Sidi H'Mad Ou Hamed,0.69,Essaouira,57.099924868519906,
261,"S,Fasma",Al Haouz,2,Sti Fadma,0.625,Sti Fadma,0.625,Al Haouz,57.17505634861007,
262,"Sidi A,Tadli",Sefrou,2,Ahl Sidi Lahcen,0.444,Sidi Ali,0.8,Zagora,57.25018782870023,
263,Sgangan,Nador,2,Zeghanghane,0.667,Sgamna,0.769,Khouribga,57.325319308790384,
264,Bni wanjel,Taounate,2,Bni Rzine,0.632,Bni Zrantel,0.762,Béni Mellal,57.40045078888054,
265,Bit Ghoulam,Taza,2,Tahla,0.5,Sebt Gzoula,0.727,Safi,57.4755822689707,
266,Segangan,Nador,2,Zeghanghane,0.737,Zeghanghane,0.737,Nador,57.550713749060854,
267,Sebab,Guercif,2,Assebbab,0.769,Assebbab,0.769,Guercif,57.62584522915101,
268,S'Rima,Taounate,2,Rghioua,0.462,Rima,0.8,Settat,57.700976709241175,
269,S A Hamd,Essaouira,2,Sidi H'Mad Ou Hamed,0.593,Ras Ain Rhamna,0.636,Marrakech,57.77610818933133,
270,Boukorra,Ouezzane,2,Kalaat Booqorra,0.522,Bouskoura,0.824,Nouaceur,57.85123966942149,
271,Boukora,Ouezzane,2,Bni Oual,0.533,Bouskoura,0.875,Nouaceur,57.926371149511645,
272,Bouhmed,Chefchaouen,2,Tabouda,0.571,Bouhmame,0.8,Sidi Bennour,58.0015026296018,
273,Ribat Elkher,Sefrou,2,Dar El Hamra,0.5,Mers El Kheir,0.64,Skhirate-Témara,58.07663410969196,
274,RassLoued,Taounate,2,Ras El Oued,0.8,Ras El Oued,0.8,Taounate,58.151765589782116,
275,Somâa,Béni Mellal,2,Oulad Gnaou,0.375,Smara,0.8,Es-Semara,58.22689706987228,
276,Bensergao,Ouarzazate,2,Amerzgane,0.444,El Kansera,0.632,Khemisset,58.302028549962436,
277,Bensergao,Agadir-Ida Ou Tanane,2,Idmine,0.133,El Kansera,0.632,Khemisset,58.37716003005259,
278,Skhinat,Fès,2,Ain Bida,0.4,Skhirate,0.8,Skhirate-Témara,58.45229151014275,
279,Sidi Abdelaziz,Sidi Slimane,2,Sidi Al Kamel,0.593,Sidi Abdeljalil,0.828,Safi,58.52742299023291,
280,Ras Alam,Moulay Yacoub,2,Sebt Loudaya,0.2,Ras Al Ain,0.778,Settat,58.602554470323064,
281,Qods1,Taza,2,Oued Amlil,0.267,Adis,0.444,Tata,58.67768595041322,
282,Qods,Taza,2,Oued Amlil,0.286,Adis,0.5,Tata,58.752817430503384,
283,"Q,Industriel",Agadir-Ida Ou Tanane,2,Aqesri,0.444,Tindine,0.526,Taroudant,58.82794891059354,
284,Bouzemalne,Taza,2,Bouyablane,0.7,Boulemane,0.842,Boulemane,58.9030803906837,
285,Boukourra,Ouezzane,2,Kalaat Booqorra,0.5,Bouskoura,0.889,Nouaceur,58.978211870773855,
286,Tadout,Boulemane,2,Talzemt,0.462,Tazouta,0.769,Sefrou,59.05334335086401,
287,Tabrkhachet,Tinghir,2,Souk Lakhmis Dades,0.345,Tabaroucht,0.667,Béni Mellal,59.12847483095417,
288,Beni Gorfet,Larache,2,Bni Garfett,0.818,Bni Garfett,0.818,Larache,59.203606311044325,
289,Bencharrou,Béni Mellal,2,Naour,0.533,Ben Maachou,0.667,El Jadida,59.27873779113448,
290,Ben Yazgha,Sefrou,2,Mtarnagha,0.526,Beni Ftah,0.632,Taza,59.353869271224646,
291,Bel,Sidi Kacem,2,Selfat,0.444,Jbiel,0.75,El Kelâa des Sraghna,59.4290007513148,
292,Barraka,Nador,2,Arekmane,0.4,Braksa,0.769,Khouribga,59.50413223140496,
293,Syba,Chichaoua,2,Saidate,0.364,Sbouya,0.6,Sidi Ifni,59.579263711495116,
294,Souk laarbaa,Kénitra,2,Oulad Slama,0.522,Souk Tolba,0.727,Larache,59.65439519158527,
295,Tasouit,Tinghir,2,Assoul,0.615,Tarsouat,0.8,Chtouka-Aït Baha,59.72952667167543,
296,Tarmast,Fquih Ben Salah,2,Tachraft,0.667,Tarmigt,0.714,Ouarzazate,59.80465815176559,
297,Taoujtat,El Hajeb,2,Agourai,0.533,Tazouta,0.8,Sefrou,59.87978963185575,
298,Takerkouste,Al Haouz,2,Lalla Takarkoust,0.667,Tamegroute,0.762,Zagora,59.95492111194591,
299,Taglafte,Azilal,2,Tanant,0.571,Tagleft,0.8,Béni Mellal,60.030052592036064,
300,Ourbiâa,Béni Mellal,2,Naour,0.5,Ourika,0.769,Al Haouz,60.10518407212622,
301,Oum bakht,Béni Mellal,2,Oulad M'Barek,0.636,Ait Oum El Bekht,0.64,Khénifra,60.18031555221638,
302,Ouled Boukhadou,Fquih Ben Salah,2,Ouled Bourahmoune,0.75,Oulad Boughadi,0.759,Khouribga,60.255447032306535,
303,Oulad-Tahar,Taounate,2,Oulad Daoud,0.636,Oulad Amghar,0.87,Al Hoceïma,60.33057851239669,
304,Ouidane,Al Haouz,2,Ouirgane,0.8,Al Ouidane,0.824,Marrakech,60.405709992486855,
305,Oued elabid,Azilal,2,Ouaoula,0.444,Oued Laou,0.7,Tétouan,60.48084147257701,
306,B.S. louta,Nador,2,Bni Sidel Louta,0.64,Louta,0.667,Al Hoceïma,60.55597295266717,
307,B.Hmed,Chefchaouen,2,Bni Ahmed Gharbia,0.435,Ben Ahmed,0.667,Khouribga,60.631104432757326,
308,B.Bch,Al Hoceïma,2,Bni Bouayach,0.471,Sabbah,0.545,Skhirate-Témara,60.70623591284748,
309,B'sabsa,Taounate,2,El Bsabsa,0.75,El Bsabsa,0.75,Taounate,60.78136739293764,
310,B'Sabsa,Taounate,2,El Bsabsa,0.75,El Bsabsa,0.75,Taounate,60.856498873027796,
311,Tessa,Taounate,2,Tissa,0.8,Tissa,0.8,Taounate,60.93163035311796,
312,Oued Romman,Meknès,2,Oued Jdida,0.571,Oued Ifrane,0.727,Khénifra,61.00676183320812,
313,Ouald Bder,Ouezzane,2,Moulay Abdelkader,0.593,Oulad Berhil,0.727,Taroudant,61.08189331329827,
314,Oled Bder,Ouezzane,2,Moulay Abdelkader,0.538,Ouled Zidane,0.667,Berrechid,61.15702479338843,
315,Cmsu,Agadir-Ida Ou Tanane,2,Imsouane,0.5,Missour,0.545,Boulemane,61.23215627347859,
316,Chouiter,Al Haouz,2,Tighedouine,0.526,Aïn Chouater,0.7,Errachidia,61.307287753568744,
317,Oel Bousalham,Taounate,2,El Bsabsa,0.636,Moulay Bousselham,0.733,Larache,61.3824192336589,
318,Od Ziane,Fquih Ben Salah,2,Oulad Zmam,0.556,Ouled Zidane,0.8,Berrechid,61.45755071374906,
319,Od Tahar,Taounate,2,Oued Jemaa,0.556,Oulad Amghar,0.7,Al Hoceïma,61.53268219383922,
320,Od Soltane,Sidi Kacem,2,Oulad Nouel,0.476,Dar Oum Soltane,0.72,Meknès,61.60781367392938,
321,Od Barkate,Fquih Ben Salah,2,Ouled Bourahmoune,0.444,Oulad Amrane,0.636,Youssoufia,61.682945154019535,
322,Tizagui,Azilal,2,Tisqi,0.5,Touizgui,0.8,Assa-Zag,61.75807663410969,
323,Azlaf,Driouch,2,Tleta Azlef,0.5,Azla,0.889,Tétouan,61.83320811419985,
324,As s charkia,Tinghir,2,Ait Sedrate Sahl Charkia,0.611,Meknassa Acharqia,0.621,Taza,61.908339594290005,
325,As jbel sofla,Tinghir,2,Ait Sedrate Jbel El Soufla,0.667,Ait Sedrate Jbel El Soufla,0.667,Tinghir,61.98347107438016,
326,As Jbel,Tinghir,2,Assoul,0.462,Jbiel,0.667,El Kelâa des Sraghna,62.058602554470326,
327,Arroui,Nador,2,Al Aroui,0.714,Azrou,0.727,Ifrane,62.13373403456048,
328,Aoulos,Taroudant,2,Aoulouz,0.769,Aoulouz,0.769,Taroudant,62.20886551465064,
329,Timskalte,Tinghir,2,Tilmi,0.429,Takate,0.667,Essaouira,62.2839969947408,
330,"N°6830,Sidi Belkacem",Inezgane-Aït Melloul,2,Sidi Bibi,0.429,Sidi Kacem,0.69,Sidi Kacem,62.35912847483095,
331,Médina,Al Haouz,2,Oukaimeden,0.5,Médiouna,0.857,Nouaceur,62.43425995492111,
332,Dg,Sidi Kacem,2,Zaggota,0.222,Madagh,0.5,Berkane,62.50939143501127,
333,Darksdani,Driouch,2,Dar El Kebdani,0.696,Dar El Kebdani,0.696,Driouch,62.58452291510143,
334,"My,Bouchta",Taounate,2,Bouhouda,0.556,Moulay Bouchta,0.75,Moulay Yacoub,62.65965439519159,
335,My thami,Ouezzane,2,Masmouda,0.375,Tamri,0.615,Agadir-Ida Ou Tanane,62.734785875281744,
336,Amria 2,Béni Mellal,2,Had Bradia,0.471,Lamrija,0.714,Guercif,62.8099173553719,
337,Amria,Béni Mellal,2,Had Bradia,0.533,Lamrija,0.833,Guercif,62.88504883546206,
338,Alwahda,Taza,2,Tahla,0.5,Lahdar,0.769,Youssoufia,62.960180315552215,
339,Alouhda,Taza,2,Bouchfaa,0.533,Tabouda,0.714,Chefchaouen,63.03531179564237,
340,ain bziz,Meknès,2,Aïn Orma,0.5,Ain Sbit,0.75,Khemisset,63.11044327573253,
341,Zerhoune,Meknès,2,Ouislane,0.5,Mzefroune,0.824,Ouezzane,63.18557475582269,
342,Z'Rizar,Taounate,2,Zrizer,0.769,Zrizer,0.769,Taounate,63.26070623591285,
343,Toufist,Al Hoceïma,2,Targuist,0.667,Tounfit,0.857,Midelt,63.335837716003006,
344,Mokrisset,Ouezzane,2,Lamrabih,0.353,Moqrisset,0.889,Chefchaouen,63.41096919609316,
345,Mokrissat,Chefchaouen,2,Moqrisset,0.778,Moqrisset,0.778,Chefchaouen,63.48610067618332,
346,Mly Hassan,Tétouan,2,Bni Arouss,0.4,Massa,0.667,Tiznit,63.561232156273476,
347,Douar Oulad Mkadem,Guelmim,2,Aouint Yghomane,0.242,Houara Oulad Raho,0.686,Guercif,63.63636363636363,
348,Douar Chems,Ouarzazate,2,Skoura Ahl El Oust,0.483,Rouached,0.632,Fquih Ben Salah,63.7114951164538,
349,Mezguitem,Guercif,2,Mazguitam,0.778,Mezguita,0.824,Ouarzazate,63.786626596543954,
350,Mesker,Ouezzane,2,Moulay Abdelkader,0.435,Meskoura,0.714,Khouribga,63.86175807663411,
351,Menara,Taroudant,2,Lamhara,0.615,Mnasra,0.833,Kénitra,63.93688955672427,
352,Menara,Ouarzazate,2,Afra,0.6,Mnasra,0.833,Kénitra,64.01202103681443,
353,Menara,Béni Mellal,2,Naour,0.545,Mnasra,0.833,Kénitra,64.08715251690458,
354,Meknassa,Taza,2,Meknassa Acharqia,0.64,Massa,0.769,Tiznit,64.16228399699474,
355,ait harouit,Tinghir,2,Aït Hani,0.737,Ait Hammou,0.762,Rehamna,64.2374154770849,
356,Alhaouz,Al Haouz,2,Tahannaout,0.588,Haouza,0.769,Es-Semara,64.31254695717506,
357,ait hamou oussaid,Tinghir,2,Ait Ouassif,0.643,Ait Haddou Youssef,0.743,Taroudant,64.38767843726521,
358,ait h said,Tinghir,2,Aït Hani,0.778,Ait Said,0.889,Essaouira,64.46280991735537,
359,ait gmate,Tinghir,2,Aït Hani,0.588,Ait Mait,0.824,Driouch,64.53794139744554,
360,ait driss,Tinghir,2,Ait Ouassif,0.6,Ait Oumdis,0.737,Ouarzazate,64.61307287753569,
361,ait boullal,Tinghir,2,Ait Youl,0.737,Ait Ouallal,0.909,Zagora,64.68820435762585,
362,ait boamrane,Tinghir,2,Aït Hani,0.6,Ait Naamane,0.783,El Hajeb,64.763335837716,
363,Meghasseine,Meknès,2,Mrhassiyine,0.727,Mrhassiyine,0.727,Meknès,64.83846731780616,
364,Medina,El Kelâa des Sraghna,2,Hiadna,0.5,Médiouna,0.857,Nouaceur,64.91359879789631,
365,El Kassam,Settat,2,Oulad Saïd,0.421,El Kansera,0.737,Khemisset,64.98873027798648,
366,Draa,Azilal,2,Rfala,0.667,Drargua,0.727,Inezgane-Aït Melloul,65.06386175807664,
367,Mazrawa,Taounate,2,Mezraoua,0.667,Smara,0.667,Es-Semara,65.13899323816679,
368,Marjane,Meknès,2,Majjate,0.714,Zemrane,0.714,El Kelâa des Sraghna,65.21412471825695,
369,Marinienne,Fès,2,Ain Bida,0.444,Mallalienne,0.667,Tétouan,65.2892561983471,
370,Marigha,Al Haouz,2,Amghras,0.571,Mtarnagha,0.75,Sefrou,65.36438767843727,
371,Marenienne,Fès,2,Louadaine,0.421,Mallalienne,0.667,Tétouan,65.43951915852742,
372,M.Bmellal,Béni Mellal,2,Beni Mellal,0.7,Beni Mellal,0.7,Béni Mellal,65.51465063861758,
373,Ait oum bakht,Béni Mellal,2,Ait Ouqabli,0.583,Ait Oum El Bekht,0.828,Khénifra,65.58978211870775,
374,Ait majber,Tinghir,2,Aït Elfarsi,0.571,Aït Majden,0.8,Azilal,65.6649135987979,
375,akdim ait mraou,Tinghir,2,Ait Youl,0.522,Sebt Aït Rahou,0.621,Khemisset,65.74004507888806,
376,akdim,Tinghir,2,Ouaklim,0.667,Aklim,0.8,Berkane,65.81517655897821,
377,ait wahi,Tinghir,2,Aït Hani,0.75,Ait Said,0.75,Essaouira,65.89030803906837,
378,ait ouffi,Tinghir,2,Ait Youl,0.706,Ait Ourir,0.778,Marrakech,65.96543951915852,
379,ait kassi,Tinghir,2,Ait Ouassif,0.8,Ait Ouassif,0.8,Tinghir,66.04057099924869,
380,F.Anceur,Béni Mellal,2,Foum El Anceur,0.636,Foum El Anceur,0.636,Béni Mellal,66.11570247933884,
381,Ennakhil,Rehamna,2,Ait Taleb,0.118,Ben Khlil,0.706,Tan-Tan,66.190833959429,
382,Ennakhil,Al Haouz,2,Ighil,0.462,Ben Khlil,0.706,Tan-Tan,66.26596543951916,
383,M'kanssa,Taounate,2,Kissane,0.533,Mkansa,0.857,Sidi Kacem,66.34109691960931,
384,M kellat magouna,Tinghir,2,Kalaat M'Gouna,0.733,Kalaat M'Gouna,0.733,Tinghir,66.41622839969948,
385,Lkrakra,Settat,2,Oulad Freiha,0.316,Laqraqra,0.667,Fquih Ben Salah,66.49135987978963,
386,Lkhmis,Tinghir,2,Tilmi,0.545,Khémisset,0.667,Khemisset,66.56649135987979,
387,Lakmis,Tinghir,2,Tilmi,0.545,Lamssid,0.615,Boujdour,66.64162283996994,
388,Laaouina,Azilal,2,Taounza,0.667,Laaouinate,0.889,Jerada,66.7167543200601,
389,Ait atab,Azilal,2,Aït Abbas,0.706,Ait Taleb,0.824,Rehamna,66.79188580015027,
390,Ait Sawane,Ouarzazate,2,Ait Zineb,0.632,Ait Naamane,0.762,El Hajeb,66.86701728024042,
391,bouzmlane,Taza,2,Bouyablane,0.737,Boulemane,0.778,Boulemane,66.94214876033058,
392,boumardoul,Tinghir,2,Bou Azmou,0.632,Bouarouss,0.737,Taounate,67.01728024042073,
393,bouchair,Settat,2,Oulad Sghir,0.526,Bouqachmir,0.778,Khemisset,67.0924117205109,
394,bni enssar,Nador,2,Beni Ansar,0.8,Beni Ansar,0.8,Nador,67.16754320060105,
395,Laamoucha,Settat,2,Lahouaza,0.588,Laaouama,0.706,Tanger-Assilah,67.24267468069121,
396,Krona,Driouch,2,Ourdana,0.5,Tekna,0.6,Sidi Kacem,67.31780616078137,
397,Krakra,Settat,2,Rima,0.4,Hrara,0.727,Safi,67.39293764087152,
398,Kolea,Inezgane-Aït Melloul,2,Ouled Teima,0.5,Boulemane,0.571,Boulemane,67.46806912096169,
399,Gfifat,Taroudant,2,Freija,0.5,Lagfifat,0.857,Chtouka-Aït Baha,67.54320060105184,
400,Fersiou,Ouezzane,2,Teroual,0.571,Tafersit,0.667,Driouch,67.618332081142,
401,Feriata,Béni Mellal,2,Boutferda,0.5,Fraita,0.769,El Kelâa des Sraghna,67.69346356123215,
402,Fansseur,Béni Mellal,2,Foum El Anceur,0.545,Aousserd,0.625,Aousserd,67.76859504132231,
403,Koka si Moussa,Settat,2,Zaouiat Sidi Ben Hamdoun,0.474,Sidi Moussa,0.72,El Kelâa des Sraghna,67.84372652141248,
404,Khlalta,Fquih Ben Salah,2,Fkih Ben Salah,0.381,Khlalfa,0.857,Taounate,67.91885800150263,
405,ighramloulne,Tinghir,2,Aghbalou N'Kerdous,0.533,Ighzrane,0.7,Taza,67.99398948159279,
406,ighramloule,Tinghir,2,Toudgha El Oulia,0.519,Ighzrane,0.632,Taza,68.06912096168294,
407,igheram amazdar,Tinghir,2,Ait Sedrate Sahl Charkia,0.41,M'Saada,0.545,Sidi Slimane,68.1442524417731,
408,ida ouguerd,Essaouira,2,Aguerd,0.706,Ida Ougoummad,0.75,Al Haouz,68.21938392186325,
409,ibrghoussne,Tinghir,2,Ait Ouassif,0.455,Tighedouine,0.636,Al Haouz,68.29451540195342,
410,iazaneen,Nador,2,Iaazzanene,0.778,Iaazzanene,0.778,Nador,68.36964688204358,
411,hay salam kelaa,Tinghir,2,Ait Sedrate Sahl El Gharbia,0.476,Had Al Gharbia,0.483,Tanger-Assilah,68.44477836213373,
412,hadkouret,Sidi Kacem,2,Taoughilt,0.444,Had Kourt,0.889,Ouezzane,68.5199098422239,
413,chahid baha,Sefrou,2,Ahl Sidi Lahcen,0.538,Ait Baha,0.737,Chtouka-Aït Baha,68.59504132231405,
414,Guèliz,Tinghir,2,Ouaklim,0.462,Guelmim,0.769,Guelmim,68.67017280240421,
415,Ghorm Alem,Béni Mellal,2,Oulad M'Barek,0.435,Laghoualem,0.7,Benslimane,68.74530428249436,
416,saiss,Fès,2,Ain Kansra,0.4,Assaisse,0.769,Ouarzazate,68.82043576258452,
417,ouarchdik,Tinghir,2,Ouaklim,0.5,Rouached,0.706,Fquih Ben Salah,68.89556724267469,
418,old taher,Taounate,2,Oulad Daoud,0.5,Oulad Amer,0.737,El Kelâa des Sraghna,68.97069872276484,
419,my bouchta,Taounate,2,Bni Bouchibet,0.609,Moulay Bouchta,0.833,Moulay Yacoub,69.045830202855,
420,mezguitem,Guercif,2,Mazguitam,0.778,Mezguita,0.824,Ouarzazate,69.12096168294515,
421,merna,Tinghir,2,Imider,0.545,Merija,0.727,Jerada,69.19609316303531,
422,mecheraa laine,Taroudant,2,Machraa El Ain,0.786,Machraa El Ain,0.786,Taroudant,69.27122464312546,
423,magaz kelaa,Tinghir,2,Aït Elfarsi,0.455,Melaab,0.588,Errachidia,69.34635612321563,
424,khmiss dadaes,Tinghir,2,Souk Lakhmis Dades,0.71,Souk Lakhmis Dades,0.71,Tinghir,69.42148760330579,
425,"k,militaire",Taza,2,Msila,0.5,Mzilate,0.556,Chichaoua,69.49661908339594,
426,sidi h o hamd,Essaouira,2,Sidi H'Mad Ou Hamed,0.812,Sidi H'Mad Ou Hamed,0.812,Essaouira,69.5717505634861,
427,sidi ahmed tadli,Sefrou,2,Sidi Youssef Ben Ahmed,0.526,Sidi Ahmed El Khadir,0.778,El Kelâa des Sraghna,69.64688204357626,
428,Aait adel,Al Haouz,2,Sti Fadma,0.444,Ait Aadel,0.889,El Kelâa des Sraghna,69.72201352366642,
429,A.taourirt,Al Hoceïma,2,Arbaa Taourirt,0.75,Taourirt,0.889,Taourirt,69.79714500375657,
430,senhaja,Sefrou,2,Dar El Hamra,0.421,Senada,0.769,Al Hoceïma,69.87227648384673,
431,Hay Elmohammadi,Agadir-Ida Ou Tanane,2,Agadir,0.381,Mohammédia,0.64,Mohammedia,69.9474079639369,
432,Hamria,Moulay Yacoub,2,Charqaoua,0.533,Lamrija,0.769,Guercif,70.02253944402705,
433,Jiyarin,Taza,2,Jbarna,0.615,Bni Yagrine,0.667,Settat,70.09767092411721,
434,J Melha,Sidi Kacem,2,Selfat,0.462,Jorf El Melha,0.7,Ouezzane,70.17280240420736,
435,Isskssi,Azilal,2,Tisqi,0.5,Isseksi,0.857,Béni Mellal,70.24793388429752,
436,Ikaouen,Al Hoceïma,2,Imzouren,0.667,Imaouen,0.857,Taroudant,70.32306536438767,
437,Igraouen,Khouribga,2,Mrizigue,0.5,Imaouen,0.8,Taroudant,70.39819684447784,
438,A S Jbel,Tinghir,2,Ait Sedrate Jbel El Oulia,0.485,Bni Sidel Jbel,0.636,Nador,70.47332832456799,
439,A H oyahya,Tinghir,2,Aït Hani,0.444,Ait Yahya,0.737,Midelt,70.54845980465815,
440,A H Said,Tinghir,2,Ferkla Es-Soufla,0.417,Ait Said,0.75,Essaouira,70.62359128474831,
441,zouagha,Fès,2,Louadaine,0.5,Ounagha,0.857,Essaouira,70.69872276483846,
442,15 Gar,Taza,1,Ras Laksar,0.375,M'Garto,0.615,Khouribga,70.73628850488355,
443,6éme BSI,Taza,1,Msila,0.462,Mesti,0.615,Sidi Ifni,70.77385424492863,
444,7Eme Bsi,Taza,1,Msila,0.462,Mesti,0.615,Sidi Ifni,70.81141998497371,
445,7Eme Bsi Melitaire,Taza,1,Msila,0.435,Ameur Seflia,0.533,Kénitra,70.84898572501878,
446,7eme BISI,Taza,1,Msila,0.429,Mesti,0.429,Sidi Ifni,70.88655146506386,
447,A H yahya,Tinghir,1,Aït Hani,0.471,Ait Yahya,0.778,Midelt,70.92411720510894,
448,A S J oulia,Tinghir,1,Ferkla El Oulia,0.615,Rass Oumlil,0.636,Tan-Tan,70.96168294515402,
449,A S J soufla,Tinghir,1,Ferkla Es-Soufla,0.714,Ferkla Es-Soufla,0.714,Tinghir,70.99924868519909,
450,A S Jbel olia,Tinghir,1,Ait Sedrate Jbel El Oulia,0.684,Ait Sedrate Jbel El Oulia,0.684,Tinghir,71.03681442524417,
451,A S S charkia,Tinghir,1,Ait Sedrate Sahl Charkia,0.703,Ait Sedrate Sahl Charkia,0.703,Tinghir,71.07438016528926,
452,A S Scharkia,Tinghir,1,Ait Sedrate Sahl Charkia,0.667,Assaki,0.667,Al Haouz,71.11194590533434,
453,tisli,Tinghir,1,Tilmi,0.8,Tisqi,0.8,Azilal,71.14951164537942,
454,A S jbel,Tinghir,1,Ait Sedrate Jbel El Oulia,0.485,Bni Sidel Jbel,0.636,Nador,71.18707738542449,
455,A S gbel sofla,Tinghir,1,Ait Sedrate Jbel El Soufla,0.65,Ait Sedrate Jbel El Soufla,0.65,Tinghir,71.22464312546957,
456,tamlalte,Tinghir,1,Imilchil,0.375,Tamallalt,0.824,El Kelâa des Sraghna,71.26220886551465,
457,takkad,Chtouka-Aït Baha,1,Tabia,0.545,Akka,0.8,Tata,71.29977460555973,
458,"sidi med b,lahcen",Taounate,1,Sidi M'Hamed Ben Lahcen,0.8,Sidi M'Hamed Ben Lahcen,0.8,Taounate,71.33734034560482,
459,sidi kamel,Larache,1,Sidi Lyamani,0.636,Sidi Al Kamel,0.87,Sidi Slimane,71.37490608564988,
460,sidi ahmed tadli,Meknès,1,Oued Jdida,0.308,Sidi Ahmed El Khadir,0.778,El Kelâa des Sraghna,71.41247182569496,
461,sidi ahmed hamed,Essaouira,1,Sidi H'Mad Ou Hamed,0.743,Sidi H'Mad Ou Hamed,0.743,Essaouira,71.45003756574005,
462,sidi A Tadeli Lalal yaza,Sefrou,1,Dar El Hamra,0.389,Sidi Allal Tazi,0.667,Kénitra,71.48760330578513,
463,sidi A Tadeli,Sefrou,1,Ahl Sidi Lahcen,0.5,Sidi Al Kamel,0.769,Sidi Slimane,71.5251690458302,
464,sghanghan,Nador,1,Zeghanghane,0.8,Zeghanghane,0.8,Nador,71.56273478587528,
465,Abdellah Chefchaouni,Ouarzazate,1,Afella N'Dra,0.438,Chefchaouen,0.645,Chefchaouen,71.60030052592036,
466,Abdellah Chefchaouni,Agadir-Ida Ou Tanane,1,Adaghas,0.37,Chefchaouen,0.645,Chefchaouen,71.63786626596544,
467,A/Hmmou,Al Hoceïma,1,Izemmouren,0.471,Ait Hammou,0.824,Rehamna,71.67543200601052,
468,A/ Chefk,Al Haouz,1,Ahl Tifnoute,0.316,Ain Chkef,0.75,Fès,71.71299774605559,
469,A.ali Youssef,Al Hoceïma,1,Aït Youssef Ou Ali,0.645,Oulad Ali Youssef,0.8,Boulemane,71.75056348610067,
470,Hdida,Tinghir,1,Tinejdad,0.462,Haddada,0.667,Kénitra,71.78812922614576,
471,Hay khatabi rue 4 n°32,Nador,1,Hassi Berkane,0.353,Al Kharroub,0.375,Tétouan,71.82569496619084,
472,Hay hassani,Al Haouz,1,Assaki,0.588,Bni Hassane,0.636,Azilal,71.86326070623592,
473,Hay elyasmine,Sidi Kacem,1,Chbanate,0.286,Ras El Ain,0.609,Youssoufia,71.90082644628099,
474,Hay eljadid,Larache,1,Bahhara Oulad Ayad,0.483,El Jadida,0.7,El Jadida,71.93839218632607,
475,Hay Taslouine,Agadir-Ida Ou Tanane,1,Imsouane,0.476,Taliouine,0.727,Tata,71.97595792637115,
476,Hay Sidi Daoud,Inezgane-Aït Melloul,1,Oulad Dahou,0.56,Ait Sidi Daoud,0.857,Marrakech,72.01352366641623,
477,Hay Salam,Meknès,1,Ait Yaazem,0.526,Had Soualem,0.7,Nouaceur,72.0510894064613,
478,Hay Mohammadi,Béni Mellal,1,Sidi Hammadi,0.64,Mohammédia,0.696,Mohammedia,72.08865514650638,
479,Hay Maurice,Inezgane-Aït Melloul,1,Ait Melloul,0.364,Ait Ouribel,0.545,Khemisset,72.12622088655147,
480,Hay Korsi Rue Almasjid,Taroudant,1,Sidi Abdellah Ou Said,0.419,Ksar al Majaz,0.457,Fahs-Anjra,72.16378662659655,
481,Hay Jadid,Sidi Kacem,1,Ain Jemaa,0.444,El Jadida,0.667,El Jadida,72.20135236664163,
482,Idaouzemzème,Essaouira,1,Ida Ou Aazza,0.583,Ida Ou Moumen,0.64,Taroudant,72.2389181066867,
483,Idaouzemzeme,Essaouira,1,Ida Ou Aazza,0.583,Ida Ou Moumen,0.64,Taroudant,72.27648384673178,
484,Idaouguelloule,Essaouira,1,Sidi El Jazouli,0.483,Ida Ou Guelloul,0.897,Agadir-Ida Ou Tanane,72.31404958677686,
485,Houciema,Al Hoceïma,1,Al Hoceïma,0.667,Haouzia,0.667,El Jadida,72.35161532682194,
486,Jamaat Lamrasla,Safi,1,Lamrasla,0.696,Lamrasla,0.696,Safi,72.38918106686701,
487,Jabriénne,Ouezzane,1,Aïn Béida,0.333,Jabria,0.667,Sidi Bennour,72.42674680691209,
488,Iwareden,Azilal,1,Aït Majden,0.556,Mibladen,0.625,Midelt,72.46431254695717,
489,Issakssi,Azilal,1,Tisqi,0.462,Isseksi,0.8,Béni Mellal,72.50187828700226,
490,Irguita,Taroudant,1,Igli,0.545,Tizguite,0.667,Ifrane,72.53944402704734,
491,Imzilne,Tinghir,1,Imider,0.615,Idmine,0.769,Agadir-Ida Ou Tanane,72.5770097670924,
492,Imouzar Kendr,Sefrou,1,Imouzzer Kandar,0.786,Imouzzer Kandar,0.786,Sefrou,72.61457550713749,
493,Imgoune,Taroudant,1,Bigoudine,0.75,Imsouane,0.8,Agadir-Ida Ou Tanane,72.65214124718257,
494,Imgharne,Ouarzazate,1,Idelsane,0.5,Ighzrane,0.75,Taza,72.68970698722765,
495,Ikhourba,Béni Mellal,1,Boutferda,0.471,Khouribga,0.824,Khouribga,72.72727272727273,
496,Ijfi,Driouch,1,Ifarni,0.6,Tifni,0.667,Azilal,72.7648384673178,
497,Ihoudjjine,Azilal,1,Imi N'Oulaoune,0.417,Bigoudine,0.737,Taroudant,72.80240420736288,
498,Ihoudjine,Azilal,1,Imi N'Oulaoune,0.435,Bigoudine,0.778,Taroudant,72.83996994740797,
499,Ihchach,Essaouira,1,El Hanchane,0.444,Tichla,0.615,Aousserd,72.87753568745305,
500,Ighrmloulne,Tinghir,1,Aghbalou N'Kerdous,0.483,Tighedouine,0.636,Al Haouz,72.91510142749812,
501,Ighrem Amazdar,Tinghir,1,Taghzoute N'Ait Atta,0.412,Ighrem N'Ougdal,0.621,Ouarzazate,72.9526671675432,
502,Haoura,Guercif,1,Bouchaouene,0.471,Harhoura,0.857,Skhirate-Témara,72.99023290758828,
503,Haouara,Taza,1,Maghraoua,0.625,Laouamra,0.8,Larache,73.02779864763336,
504,Hana,El Kelâa des Sraghna,1,Hiadna,0.8,Hiadna,0.8,El Kelâa des Sraghna,73.06536438767844,
505,Hamria,Taounate,1,Zarkat,0.5,Lamrija,0.769,Guercif,73.10293012772351,
506,Hamd,Tinghir,1,Imider,0.4,Tamda,0.667,Rehamna,73.14049586776859,
507,Hal Merbea,Fquih Ben Salah,1,Hel Merbaa,0.8,Hel Merbaa,0.8,Fquih Ben Salah,73.17806160781367,
508,Had msila,Taza,1,Msila,0.714,Msila,0.714,Taza,73.21562734785876,
509,Had Sidi Abdellah,Rehamna,1,Sidi Abdallah,0.8,Sidi Abdallah,0.8,Rehamna,73.25319308790384,
510,Hachane,Essaouira,1,El Hanchane,0.778,El Hanchane,0.778,Essaouira,73.2907588279489,
511,H.Mohmadi,Béni Mellal,1,Sidi Hammadi,0.571,Mohammédia,0.632,Mohammedia,73.32832456799399,
512,H.Mohamadi,Béni Mellal,1,Sidi Hammadi,0.545,Mohammédia,0.7,Mohammedia,73.36589030803907,
513,Jiha-Soufla,Taounate,1,Thar Es-Souk,0.522,Toudgha Essoufla,0.667,Tinghir,73.40345604808415,
514,Jida,Tinghir,1,Tinejdad,0.5,Jaidate,0.727,Marrakech,73.44102178812922,
515,Jerf lmlha,Sidi Kacem,1,Ain Jemaa,0.421,Jorf El Melha,0.783,Ouezzane,73.4785875281743,
516,Jemeât old mimoun,Moulay Yacoub,1,Oulad Mimoun,0.621,Oulad Mimoun,0.621,Moulay Yacoub,73.51615326821938,
517,Jamat sidi ghayat,Al Haouz,1,Sidi Badhaj,0.5,Zaouiat Sidi Hamza,0.686,Midelt,73.55371900826447,
518,Guéliz,Al Haouz,1,Iguidi,0.5,Guelmim,0.769,Guelmim,73.59128474830955,
519,Guèliz,Al Haouz,1,Iguidi,0.5,Guelmim,0.769,Guelmim,73.62885048835462,
520,Gueldaman,Taza,1,Galdamane,0.778,Galdamane,0.778,Taza,73.6664162283997,
521,Gourziana,Taounate,1,Ourtzagh,0.588,Ourdana,0.75,Driouch,73.70398196844478,
522,Ghiyata gharb,Taza,1,Ghiata Al Gharbia,0.8,Ghiata Al Gharbia,0.8,Taza,73.74154770848986,
523,Karoil,Azilal,1,Azilal,0.5,Martil,0.667,Tétouan,73.77911344853494,
524,Kalaa-Ourache,Taounate,1,Abdelghaya Souahel,0.645,Larache,0.7,Larache,73.81667918858001,
525,Kalaa Sraghna,El Kelâa des Sraghna,1,El Kelâat Es-Sraghna,0.727,El Kelâat Es-Sraghna,0.727,El Kelâa des Sraghna,73.85424492862509,
526,Kalaa Magoune,Ouarzazate,1,Amerzgane,0.364,Kalaat M'Gouna,0.815,Tinghir,73.89181066867017,
527,Kaa Assrass,Chefchaouen,1,Al Hamra,0.421,Assaisse,0.632,Ouarzazate,73.92937640871526,
528,K_Ba_Mohamed,Taounate,1,Sidi Haj M’hamed,0.519,Karia Ba Mohamed,0.714,Moulay Yacoub,73.96694214876032,
529,K.Tadla,Béni Mellal,1,Kasba Tadla,0.667,Tamda,0.667,Rehamna,74.0045078888054,
530,Jnan nokbi,Fès,1,Ain Bida,0.556,Jnane Bouih,0.667,Youssoufia,74.04207362885049,
531,Jnan kastiyine,Larache,1,Ksar el-Kebir,0.296,Mrhassiyine,0.56,Meknès,74.07963936889557,
532,Jnan Ward,Fès,1,Ain Kansra,0.421,Ain Harrouda,0.571,Médiouna,74.11720510894065,
533,Hay Alfarah Im 14 N°5,Agadir-Ida Ou Tanane,1,Ait Aissi Ihahane,0.216,Moulay Brahim,0.485,Al Haouz,74.15477084898572,
534,Fahs anjra,Fahs-Anjra,1,Anjra,0.667,Lahsasna,0.667,Berrechid,74.1923365890308,
535,Fahs Anjra,Fahs-Anjra,1,Anjra,0.667,Lahsasna,0.667,Berrechid,74.22990232907588,
536,Kmis Anjra,Fahs-Anjra,1,Anjra,0.667,Anjra,0.667,Fahs-Anjra,74.26746806912097,
537,Khmiss anjra,Fahs-Anjra,1,Anjra,0.588,Kissane,0.632,Taounate,74.30503380916603,
538,Khmiss Anjra,Chefchaouen,1,Bni Mansour,0.348,Kissane,0.632,Taounate,74.34259954921112,
539,Khmiss AitAmira,Chtouka-Aït Baha,1,Ait Mzal,0.348,Ait Amira,0.667,Inezgane-Aït Melloul,74.3801652892562,
540,Khmis Anjra,Fahs-Anjra,1,Anjra,0.625,Khmis Ksiba,0.636,Rehamna,74.41773102930128,
541,Khmalca,Taounate,1,Khlalfa,0.714,Khlalfa,0.714,Taounate,74.45529676934636,
542,Kharba,Chtouka-Aït Baha,1,Tabia,0.545,Hrara,0.727,Safi,74.49286250939143,
543,Khandak Zeboua,Tétouan,1,Al Kharroub,0.4,Had Boumoussa,0.593,Fquih Ben Salah,74.53042824943651,
544,"Kelaat M,",Tinghir,1,Kalaat M'Gouna,0.609,Kalaat M'Gouna,0.609,Tinghir,74.5679939894816,
545,Kebdani,Nador,1,Iksane,0.462,Dar El Kebdani,0.667,Driouch,74.60555972952668,
546,Kcebia,Sidi Slimane,1,Kceibya,0.769,Kceibya,0.769,Sidi Slimane,74.64312546957176,
547,Karouel,Azilal,1,Taounza,0.429,Tazroute,0.667,Chefchaouen,74.68069120961682,
548,Guéliz,Taza,1,Oued Amlil,0.5,Guelmim,0.769,Guelmim,74.7182569496619,
549,Guéliz,Al Hoceïma,1,Targuist,0.429,Guelmim,0.769,Guelmim,74.75582268970699,
550,Labita od said,Settat,1,Oulad Saïd,0.667,Ait Said,0.727,Essaouira,74.79338842975207,
551,Laazib,Taroudant,1,Lamhadi,0.615,Melaab,0.667,Errachidia,74.83095416979714,
552,Laayayta,Béni Mellal,1,Kasba Tadla,0.211,Oulad Ayyad,0.526,Sefrou,74.86851990984222,
553,Laari Chikh,Taounate,1,Aïn Aïcha,0.5,Zaouiat Cheikh,0.64,Khénifra,74.9060856498873,
554,Laai chikh,Nador,1,Beni Chiker,0.571,Zaouiat Cheikh,0.667,Khénifra,74.94365138993238,
555,Laabiate,Sidi Slimane,1,Nouirate,0.5,Laaouinate,0.778,Jerada,74.98121712997747,
556,L'Habita,Sefrou,1,Dar El Hamra,0.5,Lgharbia,0.75,Sidi Bennour,75.01878287002253,
557,L Foukani,Driouch,1,Ifarni,0.533,El Gouraani,0.7,Youssoufia,75.05634861006762,
558,Kssibiya,Sidi Kacem,1,Sidi Kacem,0.444,Kceibya,0.667,Sidi Slimane,75.0939143501127,
559,Kssibat,Chefchaouen,1,Tassift,0.571,Khmis Ksiba,0.667,Rehamna,75.13148009015778,
560,Ghafsey,Taounate,1,Ghafsai,0.714,Ghafsai,0.714,Taounate,75.16904583020286,
561,Fraoua,Sidi Kacem,1,Zirara,0.5,Arbaoua,0.769,Larache,75.20661157024793,
562,Foum anseur,Béni Mellal,1,Foum El Anceur,0.8,Foum El Anceur,0.8,Béni Mellal,75.24417731029301,
563,Foum Anseur,Béni Mellal,1,Foum El Anceur,0.8,Foum El Anceur,0.8,Béni Mellal,75.2817430503381,
564,Fokra,Settat,1,Mzoura,0.545,Boukraa,0.667,Laâyoune,75.31930879038318,
565,Far,Tinghir,1,Aït Elfarsi,0.429,Ifarni,0.667,Driouch,75.35687453042824,
566,M'Sasa,Taounate,1,Messassa,0.714,M'Saada,0.769,Sidi Slimane,75.39444027047332,
567,M'Hirija,Guercif,1,Lamrija,0.667,Merija,0.714,Jerada,75.4320060105184,
568,M'Hannech,Tétouan,1,Mallalienne,0.5,M'Hajer,0.625,Driouch,75.46957175056349,
569,M bekay,Sefrou,1,Imouzzer Kandar,0.364,M'Haya,0.615,Moulay Yacoub,75.50713749060857,
570,M Bakay,Sefrou,1,Matmata,0.429,M'Haya,0.615,Moulay Yacoub,75.54470323065364,
571,Lmzem,El Kelâa des Sraghna,1,Zemrane,0.5,Talzemt,0.667,Boulemane,75.58226897069872,
572,Lmzam*,Azilal,1,Ait M'Hamed,0.353,Mazguitam,0.533,Guercif,75.6198347107438,
573,Lhotte,Tinghir,1,Outerbat,0.429,Hattane,0.615,Khouribga,75.65740045078888,
574,Lhote,Tinghir,1,Outerbat,0.462,Tlite,0.6,Ouarzazate,75.69496619083397,
575,Lemzar,Zagora,1,Zagora,0.5,Témara,0.667,Skhirate-Témara,75.73253193087903,
576,Lbour,Tinghir,1,Outerbat,0.462,Bourd,0.8,Al Hoceïma,75.77009767092412,
577,Lari Chiekh,Nador,1,Beni Chiker,0.545,Larache,0.667,Larache,75.8076634109692,
578,Lalla aicha,Ouezzane,1,Lamrabih,0.526,Laagagcha,0.7,Sidi Bennour,75.84522915101428,
579,Lalla Aicha,Ouezzane,1,Lamrabih,0.526,Laagagcha,0.7,Sidi Bennour,75.88279489105935,
580,Lakrimat,Essaouira,1,Korimate,0.75,Korimate,0.75,Essaouira,75.92036063110443,
581,Lakrakra,Settat,1,Lahouaza,0.5,Laqraqra,0.75,Fquih Ben Salah,75.95792637114951,
582,F.B.Salah,Fquih Ben Salah,1,Fkih Ben Salah,0.609,Bni Salah,0.667,Chefchaouen,75.9954921111946,
583,Ess ville,Essaouira,1,Essaouira,0.444,Guers Tiaallaline,0.538,Errachidia,76.03305785123968,
584,Ennakhil,Ouarzazate,1,Taznakht,0.5,Ben Khlil,0.706,Tan-Tan,76.07062359128474,
585,Ennakhil,Chichaoua,1,Ahdil,0.615,Ben Khlil,0.706,Tan-Tan,76.10818933132983,
586,Elwafae,Larache,1,Larache,0.143,Selfat,0.615,Sidi Kacem,76.14575507137491,
587,Elqods,Guelmim,1,Guelmim,0.308,Loulad,0.5,Khouribga,76.18332081141999,
588,Eloualja,Taounate,1,Khlalfa,0.533,Loulja,0.857,Fès,76.22088655146506,
589,Elkodia,Taroudant,1,El Koudia El Beida,0.56,El Ksiba,0.667,Béni Mellal,76.25845229151014,
590,Elhajeb II,El Hajeb,1,El Hajeb,0.778,El Hajeb,0.778,El Hajeb,76.29601803155522,
591,Elguenzra,Khemisset,1,El Kansera,0.526,El Guerdane,0.6,Taroudant,76.3335837716003,
592,El wahda,Taza,1,Outat El Haj,0.4,Lahdar,0.714,Youssoufia,76.37114951164538,
593,El bahri,Nador,1,Al Aroui,0.625,El Aamria,0.706,El Kelâa des Sraghna,76.40871525169045,
594,El Yasmine,Sidi Kacem,1,Ain Jemaa,0.421,Lahsinate,0.632,Essaouira,76.44628099173553,
595,"M,Bouchta M,Bouchta",Taounate,1,Bouhouda,0.519,Bouabout,0.593,Chichaoua,76.48384673178062,
596,"M, Bakay",Sefrou,1,Matmata,0.4,M'Haya,0.571,Moulay Yacoub,76.5214124718257,
597,M'sasa,Taounate,1,Messassa,0.714,M'Saada,0.769,Sidi Slimane,76.55897821187078,
598,Massira 2,Taza,1,Msila,0.571,Massa,0.714,Tiznit,76.59654395191585,
599,Massira 2,Béni Mellal,1,Kasba Tadla,0.4,Massa,0.714,Tiznit,76.63410969196093,
600,Massira,Taza,1,Msila,0.667,Massa,0.833,Tiznit,76.67167543200601,
601,Massira,Ouezzane,1,Masmouda,0.533,Massa,0.833,Tiznit,76.7092411720511,
602,Marjane,Boulemane,1,Boulemane,0.5,Zemrane,0.714,El Kelâa des Sraghna,76.74680691209616,
603,Marenniene,Fès,1,Louadaine,0.421,Bni Marghnine,0.609,Driouch,76.78437265214124,
604,Mallaha centre,Settat,1,Machraa Ben Abbou,0.452,Mallalienne,0.64,Tétouan,76.82193839218633,
605,Mallaha,Settat,1,Lahouaza,0.533,Tamallalt,0.625,El Kelâa des Sraghna,76.85950413223141,
606,Malhart,Settat,1,Mniaa,0.5,Al Hamra,0.667,Chefchaouen,76.89706987227649,
607,Maksouline,Al Hoceïma,1,Tifarouine,0.6,Bni Gmil Maksouline,0.69,Taounate,76.93463561232156,
608,Maimouna,Kénitra,1,Ait Malek,0.235,Médiouna,0.75,Nouaceur,76.97220135236664,
609,Mahrek Melak,Settat,1,Ain Blal,0.4,Machraa El Ain,0.615,Taroudant,77.00976709241172,
610,Machouar,Tinghir,1,Assoul,0.429,Mançoura,0.75,Taounate,77.0473328324568,
611,Machouar,Al Haouz,1,Aghouatim,0.588,Mançoura,0.75,Taounate,77.08489857250188,
612,Maayach,Tinghir,1,Imilchil,0.4,Ayacha,0.769,Larache,77.12246431254695,
613,M/bouchta,Taounate,1,Bni Bouchibet,0.636,Moulay Bouchta,0.783,Moulay Yacoub,77.16003005259203,
614,El Bassatine,Meknès,1,Mrhassiyine,0.522,El Bibane,0.667,Taounate,77.19759579263712,
615,Ehahane,Essaouira,1,El Hanchane,0.778,Zeghanghane,0.778,Nador,77.2351615326822,
616,Dr lagraa,Rehamna,1,Sidi Ali Labrahla,0.538,Dar Jamaa,0.667,Al Haouz,77.27272727272727,
617,Dr Zhair Bouata,Sidi Kacem,1,Zirara,0.476,Dar Bouazza,0.692,Casablanca,77.31029301277235,
618,Dr Lamharig,Sidi Kacem,1,Zirara,0.353,Lamhara,0.667,Taroudant,77.34785875281743,
619,Douar zrarda,Taounate,1,Oulad Daoud,0.522,Zrarda,0.667,Taza,77.38542449286251,
620,Douar tiaret bni frassen,Taza,1,Oulad Chrif,0.343,Bni Frassen,0.629,Taounate,77.4229902329076,
621,Douar tarouate,Ouezzane,1,Teroual,0.476,Ouarzazate,0.667,Ouarzazate,77.46055597295266,
622,Douar sidi saoud,Taounate,1,Oulad Daoud,0.667,Ait Sidi Daoud,0.733,Marrakech,77.49812171299774,
623,Douar ouled salem ain gdah,Taounate,1,Oued Jemaa,0.5,Dar Oulad Zidouh,0.571,Fquih Ben Salah,77.53568745304283,
624,Douar dar lakhchab,Moulay Yacoub,1,Bouchabel,0.444,Oued Lakhdar,0.6,El Kelâa des Sraghna,77.57325319308791,
625,Mdiq Fnideq,M'diq-Fnideq,1,Fnideq,0.706,Fnideq,0.706,M'diq-Fnideq,77.61081893313299,
626,Mbarek lbkay,Sefrou,1,Dar El Hamra,0.417,Majmaa Tolba,0.25,Khemisset,77.64838467317806,
627,Mbarek bakay,Sefrou,1,Mtarnagha,0.476,Al Barkanyene,0.48,Berkane,77.68595041322314,
628,Mbarek El Bakay,Sefrou,1,Dar El Hamra,0.593,Dar El Hamra,0.593,Sefrou,77.72351615326822,
629,Massira I,Taza,1,Msila,0.571,Massa,0.714,Tiznit,77.7610818933133,
630,Merna,Tinghir,1,Imider,0.545,Merija,0.727,Jerada,77.79864763335837,
631,Menzel,Sefrou,1,El Menzel,0.8,El Menzel,0.8,Sefrou,77.83621337340345,
632,Menara,Tiznit,1,Massa,0.545,Mnasra,0.833,Kénitra,77.87377911344853,
633,Menara,Taounate,1,Mezraoua,0.571,Mnasra,0.833,Kénitra,77.91134485349362,
634,Menara,Fquih Ben Salah,1,Hel Merbaa,0.5,Mnasra,0.833,Kénitra,77.9489105935387,
635,Menara,El Kelâa des Sraghna,1,Lamharra,0.571,Mnasra,0.833,Kénitra,77.98647633358377,
636,Menara,Boulemane,1,Ermila,0.333,Mnasra,0.833,Kénitra,78.02404207362885,
637,Menara,Azilal,1,Demnate,0.462,Mnasra,0.833,Kénitra,78.06160781367393,
638,Mellala,Settat,1,Mniaa,0.5,Mellila,0.857,Benslimane,78.09917355371901,
639,Mellaha,Tétouan,1,Mallalienne,0.444,Melaab,0.769,Errachidia,78.13673929376408,
640,Mellaha,Settat,1,Lahouaza,0.533,Melaab,0.769,Errachidia,78.17430503380916,
641,Meghrawa,Taza,1,Maghraoua,0.706,Maghraoua,0.706,Taza,78.21187077385424,
642,Meghater,Larache,1,Sidi Mohamed Lahmar,0.37,Ghmate,0.714,Al Haouz,78.24943651389933,
643,Medina,Essaouira,1,Tafedna,0.615,Médiouna,0.857,Nouaceur,78.28700225394441,
644,El Qods,El Kelâa des Sraghna,1,El Marbouh,0.471,El Mers,0.571,Boulemane,78.32456799398948,
645,El Hana,El Kelâa des Sraghna,1,El Aamria,0.625,El Hanchane,0.778,Essaouira,78.36213373403456,
646,"Douar Tahchoucht, Tamraght",Agadir-Ida Ou Tanane,1,Ida Ou Kazzou,0.308,Houara Oulad Raho,0.372,Guercif,78.39969947407964,
647,Douar Skhira moulay bouchta,Taounate,1,Bni Bouchibet,0.4,Moulay Bouchta,0.683,Moulay Yacoub,78.43726521412472,
648,Douar Matil,Chichaoua,1,Oulad M'Rabet,0.583,Dar Jamaa,0.6,Al Haouz,78.4748309541698,
649,Douar Lhouari,Sidi Kacem,1,Oulad Nouel,0.5,Dar Chaoui,0.696,Tanger-Assilah,78.51239669421487,
650,Douar Lazrak,Inezgane-Aït Melloul,1,Ouad Essafa,0.522,Dar El Hamra,0.667,Sefrou,78.54996243425995,
651,Douar Ibzazn,Al Hoceïma,1,Rouadi,0.444,Ouarzazate,0.636,Ouarzazate,78.58752817430504,
652,Douar Elmchaâ oudka,Taounate,1,Ras El Oued,0.533,Dar Chaoui,0.621,Tanger-Assilah,78.62509391435012,
653,Douar Elhomane,Inezgane-Aït Melloul,1,Ouad Essafa,0.48,Oulad El Garne,0.643,El Kelâa des Sraghna,78.66265965439518,
654,Douar Chaoui Onarqui,El Kelâa des Sraghna,1,Oulad Cherki,0.438,Dar Chaoui,0.667,Tanger-Assilah,78.70022539444027,
655,Douar Bouzgar Sidi Boushab,Agadir-Ida Ou Tanane,1,Ait Aissi Ihahane,0.372,Sidi Boushab,0.632,Chtouka-Aït Baha,78.73779113448535,
656,Douar Bahi,Azilal,1,Zaouiat Ahansal,0.48,Moulay Brahim,0.696,Al Haouz,78.77535687453043,
657,Mhamid 1 N°31,Al Haouz,1,Oukaimeden,0.273,M'Hamid El Ghizlane,0.581,Zagora,78.81292261457551,
658,Mghassyne,Meknès,1,Mrhassiyine,0.8,Mrhassiyine,0.8,Meknès,78.85048835462058,
659,Mezdglia jorf,Sefrou,1,El Menzel,0.364,Mezguita,0.571,Ouarzazate,78.88805409466566,
660,Mestitef,Sidi Kacem,1,Selfat,0.286,Mesti,0.769,Sidi Ifni,78.92561983471074,
661,Mesnana,Guercif,1,Saka,0.545,Meskala,0.714,Essaouira,78.96318557475583,
662,My Bouaazza,Khénifra,1,Ouaoumana,0.5,Moulay Bouazza,0.8,Khemisset,79.00075131480091,
663,My Abdlkrim,Taounate,1,Moulay Ahmed Cherif,0.467,Moulay Abdelkrim,0.815,Moulay Yacoub,79.03831705484598,
664,My Abdellah Chrif,Ouezzane,1,Moulay Abdelkader,0.588,Moulay Abdellah Amghar,0.718,El Jadida,79.07588279489106,
665,My Abdelkrim,Taounate,1,Moulay Ahmed Cherif,0.516,Moulay Abdelkrim,0.857,Moulay Yacoub,79.11344853493614,
666,My Abdelkarim,Taounate,1,Moulay Ahmed Cherif,0.5,Moulay Abdelkrim,0.828,Moulay Yacoub,79.15101427498122,
667,My Abdelkader,Sidi Kacem,1,Sidi Kacem,0.348,Moulay Abdelkader,0.867,Ouezzane,79.18858001502629,
668,My AHMED CHRIF,Al Hoceïma,1,Bni Hadifa,0.417,Moulay Ahmed Cherif,0.848,Taounate,79.22614575507137,
669,Mtiwa,Chefchaouen,1,Amtar,0.6,Smià,0.667,Taza,79.26371149511645,
670,Mrabih,Sidi Kacem,1,Bab Tiouka,0.375,Lamrabih,0.857,Ouezzane,79.30127723516154,
671,Moulay Bouchebla,Taounate,1,Moulay Ahmed Cherif,0.571,Moulay Bouchta,0.867,Moulay Yacoub,79.33884297520662,
672,Mouklata,Tétouan,1,Oued Laou,0.471,Oulad Mtaa,0.667,Al Haouz,79.37640871525169,
673,Moujahidin,Ouezzane,1,Bou Jedyane,0.476,Mouarid,0.706,Chichaoua,79.41397445529677,
674,Mly El Hassane,Tétouan,1,Mallalienne,0.4,Fam El Hisn,0.64,Assa-Zag,79.45154019534185,
675,Douar bni zgyiene,Taounate,1,Bni Rzine,0.615,Bni Rzine,0.615,Taounate,79.48910593538693,
676,Douar amghizide,Azilal,1,Zaouiat Ahansal,0.4,Oulad Amghar,0.593,Al Hoceïma,79.52667167543201,
677,Douar ait ichout,Sefrou,1,Aït Seghrouchen,0.387,Ait Ichou,0.72,Khemisset,79.56423741547708,
678,"Douar Afa, Azrarague",Agadir-Ida Ou Tanane,1,Ida Ou Kazzou,0.424,Ouarzazate,0.533,Ouarzazate,79.60180315552216,
679,DiourEssalam,Sidi Kacem,1,Zirara,0.444,Sidi Moussa Lhamri,0.667,Taroudant,79.63936889556724,
680,Diour sabone,Al Haouz,1,Ouirgane,0.6,Douirane,0.7,Chichaoua,79.67693463561233,
681,Demna,Taounate,1,Oued Jemaa,0.533,Demnate,0.833,Azilal,79.7145003756574,
682,De Passage,Ouarzazate,1,Idelsane,0.556,Sidi Aissa,0.6,Safi,79.75206611570248,
683,De Passage,Agadir-Ida Ou Tanane,1,Ait Aissi Ihahane,0.444,Sidi Aissa,0.6,Safi,79.78963185574756,
684,Dchar Ben Dibane,Larache,1,Ksar el-Kebir,0.345,Dar El Kebdani,0.533,Driouch,79.82719759579264,
685,Dar-Louhra,Taounate,1,Mançoura,0.556,Daoura,0.75,Tarfaya,79.86476333583772,
686,Mzlat,Tiznit,1,Massa,0.4,Mzilate,0.833,Chichaoua,79.90232907588279,
687,Mzioukat Chiadma,Essaouira,1,Zaouiat Ben Hmida,0.545,Zaouiat Cheikh,0.6,Khénifra,79.93989481592787,
688,My youssef,Meknès,1,Ouislane,0.444,Ouled Youssef,0.696,Fquih Ben Salah,79.97746055597295,
689,My driss,Meknès,1,Moulay Idriss Zarhoun,0.552,M'Diq,0.615,M'diq-Fnideq,80.01502629601804,
690,My abdellah cherif,Ouezzane,1,Moulay Abdelkader,0.629,Moulay Abdellah Amghar,0.7,El Jadida,80.0525920360631,
691,My El Hassan,Tétouan,1,Bni Arouss,0.364,Fam El Hisn,0.696,Assa-Zag,80.09015777610819,
692,My Driss,Meknès,1,Moulay Idriss Zarhoun,0.552,M'Diq,0.615,M'diq-Fnideq,80.12772351615327,
693,My Dris,Meknès,1,Moulay Idriss Zarhoun,0.5,M'Diq,0.667,M'diq-Fnideq,80.16528925619835,
694,Od Belhcen,Larache,1,Moulay Bousselham,0.444,Ain Lahcen,0.6,Tétouan,80.20285499624343,
695,Od Belahcen,Larache,1,Souaken,0.444,Ain Lahcen,0.667,Tétouan,80.2404207362885,
696,"O, Daoud",Taounate,1,Oulad Daoud,0.737,Oulad Daoud,0.737,Taounate,80.27798647633358,
697,O S B,Al Haouz,1,Sidi Badhaj,0.375,Oulad Sbih,0.533,El Kelâa des Sraghna,80.31555221637866,
698,O Akalay,Taroudant,1,Oualqadi,0.5,Saadla,0.571,Safi,80.35311795642374,
699,"N°80,Lot Almostakbal,Bloc3",Inezgane-Aït Melloul,1,Ait Melloul,0.167,Talmakante,0.4,Taroudant,80.39068369646883,
700,"N°39,Akniss",Taroudant,1,Lakhnafif,0.421,Lakhsas,0.471,Tiznit,80.4282494365139,
701,"N°20, Rue 958,Hay Salam",Agadir-Ida Ou Tanane,1,Ait Aissi Ihahane,0.256,Oulad Slama,0.424,Kénitra,80.46581517655898,
702,N°114 H Biranzarane,Taroudant,1,Tinzart,0.4,Bir Anzarane,0.733,Oued Ed-Dahab,80.50338091660406,
703,Nkheila,Settat,1,Mniaa,0.5,N'khila,0.857,Khouribga,80.54094665664914,
704,"N 222,Hay Alfalah",Chtouka-Aït Baha,1,Ait Abdellah,0.483,Ait Harz Allah,0.581,El Hajeb,80.57851239669421,
705,Médina,Safi,1,Loualidia,0.4,Médiouna,0.857,Nouaceur,80.61607813673929,
706,Médina,Meknès,1,Oued Jdida,0.5,Médiouna,0.857,Nouaceur,80.65364387678437,
707,Douar Asserssif,Agadir-Ida Ou Tanane,1,Aqesri,0.286,Moulay Aissa Ben Driss,0.595,Azilal,80.69120961682945,
708,Douar Ait Bousset,Chtouka-Aït Baha,1,Arbaa Aït Ahmed,0.5,Oulad Ali Youssef,0.706,Boulemane,80.72877535687454,
709,Douar Agafay,Agadir-Ida Ou Tanane,1,Adaghas,0.421,Dar Jamaa,0.667,Al Haouz,80.7663410969196,
710,D ouar Bénimalek,Ouezzane,1,Beni Malek,0.692,Beni Malek,0.692,Ouezzane,80.80390683696469,
711,D G,Sidi Kacem,1,Sidi Kacem,0.308,Madagh,0.444,Berkane,80.84147257700977,
712,Corona,Driouch,1,Ourdana,0.615,Ourdana,0.615,Driouch,80.87903831705485,
713,Coelma,Tétouan,1,Oued Laou,0.533,Goulmima,0.571,Errachidia,80.91660405709993,
714,Cite Scolaire,Tétouan,1,Bni Said,0.476,Ain Chair,0.364,Figuig,80.954169797145,
715,Chourfa,Fquih Ben Salah,1,Tachraft,0.533,Chouafaa,0.8,Larache,80.99173553719008,
716,Chjahaid baha,Sefrou,1,Ahl Sidi Lahcen,0.5,Ait Baha,0.667,Chtouka-Aït Baha,81.02930127723516,
717,"Chatre III,Ait Taoukte",Agadir-Ida Ou Tanane,1,Ida Ou Kazzou,0.286,Tataoute,0.467,Taroudant,81.06686701728025,
718,Old Ayad,Béni Mellal,1,Ouled Yaïch,0.632,Oulad Ayad,0.889,Fquih Ben Salah,81.10443275732531,
719,Od Teima,Taroudant,1,Oulad Berhil,0.5,Ouled Teima,0.842,Inezgane-Aït Melloul,81.1419984973704,
720,Od Rahou Benaissa,Nador,1,Beni Ansar,0.444,Sidi Ahmed Benaissa,0.722,Ouezzane,81.17956423741548,
721,Od Malrk,Sidi Kacem,1,Oulad Nouel,0.421,Oulad M'Barek,0.667,Béni Mellal,81.21712997746056,
722,Od Kasaba,Taounate,1,Oudka,0.571,Ouled Aissa,0.6,Taroudant,81.25469571750564,
723,Od Illoul,Béni Mellal,1,Timoulilt,0.444,Oulad Imloul,0.762,El Kelâa des Sraghna,81.29226145755071,
724,Od Ghalem,Settat,1,Toualet,0.5,Ouled Ghanem,0.762,Sidi Bennour,81.32982719759579,
725,Od Bouchour,Settat,1,Oulad Abbou,0.545,Bouhlou,0.667,Taza,81.36739293764087,
726,Oughroud,Tinghir,1,Bou Azmou,0.471,Bouhouda,0.75,Taounate,81.40495867768595,
727,Oued laabid,Azilal,1,Agoudi N'Lkhair,0.538,Oued Naam,0.7,Errachidia,81.44252441773104,
728,Oued kassaba,Taounate,1,Oued Jemaa,0.636,Ouled Aissa,0.783,Taroudant,81.4800901577761,
729,Oued kasaba,Taounate,1,Oued Jemaa,0.667,Ouled Aissa,0.727,Taroudant,81.51765589782119,
730,Oued Lahmer,Taza,1,Oued Amlil,0.571,Oued Lakhdar,0.783,El Kelâa des Sraghna,81.55522163786627,
731,Ouald Rahou,Guercif,1,Houara Oulad Raho,0.714,Oulad Dahou,0.818,Inezgane-Aït Melloul,81.59278737791135,
732,Ouadelabid,Azilal,1,Ouaoula,0.588,Bouadel,0.706,Taounate,81.63035311795642,
733,Ouad elabid,Azilal,1,Ouaoula,0.556,Oulad Saïd,0.762,Settat,81.6679188580015,
734,Ouad Almakhazine,Kénitra,1,Oulad Slama,0.593,Oued El Makhazine,0.848,Ouezzane,81.70548459804658,
735,Ouaadia,Al Hoceïma,1,Rouadi,0.769,Oualqadi,0.8,Taroudant,81.74305033809166,
736,Old Bader,Ouezzane,1,Moulay Abdelkader,0.538,Oulad Berhil,0.667,Taroudant,81.78061607813675,
737,DD Mohamed,Driouch,1,M'Hajer,0.471,Mohammédia,0.7,Mohammedia,81.81818181818181,
738,D.Tabarine,Tiznit,1,Ibdar,0.4,Tazarine,0.778,Taza,81.8557475582269,
739,D.Jihadia,Tata,1,Adis,0.462,Bni Hadifa,0.632,Al Hoceïma,81.89331329827198,
740,D.Jihadia,Al Haouz,1,Sti Fadma,0.444,Bni Hadifa,0.632,Al Hoceïma,81.93087903831706,
741,D.Irahalen,Ouarzazate,1,Siroua,0.375,Irohalen,0.778,Chichaoua,81.96844477836214,
742,Chahid Baba,Sefrou,1,Azzaba,0.471,Chahda,0.706,Safi,82.00601051840721,
743,Cab,Chtouka-Aït Baha,1,Tabia,0.5,Chtaiba,0.6,El Kelâa des Sraghna,82.04357625845229,
744,C boumalne,Tinghir,1,Boumalne Dadès,0.667,Boulemane,0.737,Boulemane,82.08114199849737,
745,Béninsser,Nador,1,Beni Ansar,0.737,Beni Ansar,0.737,Nador,82.11870773854245,
746,Béni assifan,Chefchaouen,1,Bni Selmane,0.609,Bni Hassane,0.783,Azilal,82.15627347858752,
747,Bureau Ikaouen,Tinghir,1,Ikniouen,0.545,Askaouen,0.636,Al Haouz,82.1938392186326,
748,Brakt Lamine,Safi,1,Sebt Gzoula,0.435,Ras El Ain,0.636,Youssoufia,82.23140495867769,
749,Bozamlane,Taza,1,Bouyablane,0.737,Bouyablane,0.737,Taza,82.26897069872277,
750,Oulad-Taher,Taounate,1,Oulad Daoud,0.636,Oulad Amer,0.857,El Kelâa des Sraghna,82.30653643876785,
751,"Oulad-Kadour,",Taounate,1,Oulad Daoud,0.75,Oulad Mkoudou,0.769,Sefrou,82.34410217881292,
752,Oulad-Boundar,Taounate,1,Oulad Daoud,0.75,Oulad Moumna,0.8,Chichaoua,82.381667918858,
753,Oulad allal,Meknès,1,Ait Ouallal,0.636,Oulad Salah,0.818,Nouaceur,82.41923365890308,
754,Oulad Tahar,Taounate,1,Oulad Daoud,0.636,Oulad Amghar,0.87,Al Hoceïma,82.45679939894816,
755,Oulad Jerrar,Tiznit,1,Ait Erkha,0.476,Oulad Zarrad,0.75,El Kelâa des Sraghna,82.49436513899323,
756,Oulaayoune,Essaouira,1,Moulay Bouzarqtoune,0.621,Laâyoune,0.889,Laâyoune,82.53193087903831,
757,Ouidane,El Kelâa des Sraghna,1,Taouzint,0.533,Al Ouidane,0.824,Marrakech,82.5694966190834,
758,Boulaajat,Taroudant,1,Ouled Aissa,0.5,Loulja,0.667,Fès,82.60706235912848,
759,Ousikiss,Tinghir,1,Ouaklim,0.4,Boukhrisse,0.667,Béni Mellal,82.64462809917356,
760,Ouriaa,Béni Mellal,1,Naour,0.545,Ourika,0.833,Al Haouz,82.68219383921863,
761,Ourbâa,Béni Mellal,1,Naour,0.545,Ourdana,0.769,Driouch,82.71975957926371,
762,Oum Rbie,Meknès,1,Ouislane,0.5,Oum Rabia,0.824,Khénifra,82.75732531930879,
763,Oum Rabii,Meknès,1,Oualili,0.625,Oum Rabia,0.889,Khénifra,82.79489105935387,
764,Oulkadi,Al Haouz,1,Ourika,0.615,Oualqadi,0.8,Taroudant,82.83245679939895,
765,Ouled jameâ,Moulay Yacoub,1,Oulad Mimoun,0.522,Oulad Amer,0.762,El Kelâa des Sraghna,82.87002253944402,
766,Ouled aarfa,Taroudant,1,Ouled Aissa,0.727,Oulad Aarrad,0.783,El Kelâa des Sraghna,82.9075882794891,
767,Ouled Jirar,Tiznit,1,Ouijjane,0.316,Oued Jdida,0.762,Meknès,82.94515401953419,
768,Ouled Jarrar,Tiznit,1,Ouijjane,0.4,Oulad Zarrad,0.75,El Kelâa des Sraghna,82.98271975957927,
769,Ouled Hammou,Fquih Ben Salah,1,Ouled Bourahmoune,0.69,Oued Laou,0.762,Tétouan,83.02028549962434,
770,Charrate,Taounate,1,Zarkat,0.571,Cherrat,0.8,Benslimane,83.05785123966942,
771,Charf Souani,Tanger-Assilah,1,Dar Chaoui,0.545,Charqaoua,0.667,Moulay Yacoub,83.0954169797145,
772,Chahid baha,Sefrou,1,Ahl Sidi Lahcen,0.538,Ait Baha,0.737,Chtouka-Aït Baha,83.13298271975958,
773,Chahid Baha Rfaif,Sefrou,1,Ahl Sidi Lahcen,0.438,Had Bradia,0.519,Béni Mellal,83.17054845980466,
774,Ras brouj,Settat,1,Machraa Ben Abbou,0.462,Ras Tabouda,0.7,Sefrou,83.20811419984973,
775,Ras Aghil,Sidi Kacem,1,Taoughilt,0.556,Ras Al Ain,0.632,Settat,83.24567993989481,
776,Ras Aghil,Meknès,1,Ras Ijerri,0.526,Ras Al Ain,0.632,Settat,83.2832456799399,
777,"R,Kheir",Sefrou,1,Kandar Sidi Khiar,0.417,Khenifra,0.667,Khénifra,83.32081141998498,
778,R kheir,Sefrou,1,Kandar Sidi Khiar,0.5,Mers El Kheir,0.7,Skhirate-Témara,83.35837716003006,
779,Quolla,Larache,1,Souk Tolba,0.5,Bni Quolla,0.75,Ouezzane,83.39594290007513,
780,Quartier Benkirane,Béni Mellal,1,Bni Zrantel,0.414,Hassi Berkane,0.581,Nador,83.43350864012021,
781,QUARTIER NAJMA RUE Espagne,Tanger-Assilah,1,Al Bahraoyine,0.256,Ait Naamane,0.486,El Hajeb,83.47107438016529,
782,Q-Industriel,Agadir-Ida Ou Tanane,1,Aqesri,0.444,Tindine,0.526,Taroudant,83.50864012021037,
783,Pres de lecole 6 novombre,Fès,1,Sidi Hrazem,0.167,Ras El Oued,0.222,Taounate,83.54620586025544,
784,Bouyafer,Nador,1,Bouarg,0.714,Sbouya,0.714,Sidi Ifni,83.58377160030052,
785,Boumya,Khénifra,1,Oum Rabia,0.533,Sbouya,0.833,Sidi Ifni,83.6213373403456,
786,Boumardoul,Tinghir,1,Bou Azmou,0.632,Bouarouss,0.737,Taounate,83.65890308039069,
787,Boumalne kcer,Tinghir,1,Boumalne Dadès,0.741,Boumalne Dadès,0.741,Tinghir,83.69646882043577,
788,Boumalne k,Tinghir,1,Boumalne Dadès,0.75,Boumalne Dadès,0.75,Tinghir,83.73403456048084,
789,Boumalene,Ouarzazate,1,Toundoute,0.333,Boulemane,0.778,Boulemane,83.77160030052592,
790,Bouigra,Chtouka-Aït Baha,1,Tizoughrane,0.556,Biougra,0.857,Inezgane-Aït Melloul,83.809166040571,
791,Bouhamza,Azilal,1,Taounza,0.533,Bouhmame,0.75,Sidi Bennour,83.84673178061608,
792,Bouhaira,Essaouira,1,Essaouira,0.588,Bouarfa,0.8,Figuig,83.88429752066116,
793,Bougumez,Azilal,1,Ouaouizaght,0.316,Aouguenz,0.75,Chtouka-Aït Baha,83.92186326070623,
794,Bougaala,Guelmim,1,Bouizakarne,0.526,Jouala,0.714,El Kelâa des Sraghna,83.95942900075131,
795,Bouezgar,Essaouira,1,Bouzemmour,0.556,Bouarg,0.714,Nador,83.9969947407964,
796,Bouderbala,Sefrou,1,Imouzzer Kandar,0.48,Boukraa,0.706,Laâyoune,84.03456048084148,
797,S / K,Sidi Kacem,1,Sidi Kacem,0.462,Saka,0.571,Guercif,84.07212622088655,
798,"Rue 516,Masdoura Inzgane",Inezgane-Aït Melloul,1,Inezgane,0.438,El Mansouria,0.5,Mohammedia,84.10969196093163,
799,Rue 309 Hay Moulay Rachid,Taroudant,1,Oulad Berhil,0.432,Moulay Brahim,0.579,Al Haouz,84.14725770097671,
800,Ribat El kheir,Sefrou,1,Dar El Hamra,0.538,Mers El Kheir,0.741,Skhirate-Témara,84.18482344102179,
801,Ribat El Kheir,Sefrou,1,Dar El Hamra,0.538,Mers El Kheir,0.741,Skhirate-Témara,84.22238918106687,
802,Riad Kostani,Meknès,1,Dar Oum Soltane,0.519,Had Kourt,0.571,Ouezzane,84.25995492111194,
803,Retba,Taounate,1,Ratba,0.8,Ratba,0.8,Taounate,84.29752066115702,
804,Remla,Larache,1,Khemis Sahel,0.353,Ermila,0.727,Boulemane,84.3350864012021,
805,Rbat El khier,Sefrou,1,Dar El Hamra,0.56,Rbaa El Fouki,0.692,Taza,84.37265214124719,
806,S.H. M'ed,Taounate,1,Sidi Haj M’hamed,0.5,Sidi Haj M’hamed,0.5,Taounate,84.41021788129225,
807,S.Abderhma,Taounate,1,Jbabra,0.5,Sidi Abdelkrim,0.583,Berrechid,84.44778362133734,
808,S.A.S,Essaouira,1,Meskala,0.333,Sfassif,0.5,Khemisset,84.48534936138242,
809,S.A.Elhadi,Sidi Kacem,1,Selfat,0.5,Sahel Chamali,0.609,Larache,84.5229151014275,
810,"S,Abder",Taounate,1,Jbabra,0.462,Sidi Jaber,0.588,Béni Mellal,84.56048084147258,
811,"S,A,Ouhamed",Essaouira,1,Sidi H'Mad Ou Hamed,0.6,Bouhmame,0.632,Sidi Bennour,84.59804658151765,
812,"S,A,Chrif",Sidi Kacem,1,Taoughilt,0.333,Oulad Chrif,0.6,Taza,84.63561232156273,
813,"S,A,Benaissa",Sidi Kacem,1,Mkansa,0.444,Sidi Ahmed Benaissa,0.645,Ouezzane,84.67317806160781,
814,S Y B A,Al Haouz,1,Sidi Badhaj,0.444,Sidi M'Bark,0.556,Sidi Ifni,84.7107438016529,
815,S H O hamdtidzi,Essaouira,1,Sidi H'Mad Ou Hamed,0.588,Sidi H'Mad Ou Hamed,0.588,Essaouira,84.74830954169798,
816,S A El Hadi,Sidi Kacem,1,Selfat,0.471,Sidi Ahmed El Khadir,0.71,El Kelâa des Sraghna,84.78587528174305,
817,Boukorra,Chefchaouen,1,Bni Bouzra,0.556,Bouskoura,0.824,Nouaceur,84.82344102178813,
818,Boukora,Chefchaouen,1,Bni Bouzra,0.588,Bouskoura,0.875,Nouaceur,84.86100676183321,
819,Boukhalef,Guercif,1,Bouchaouene,0.6,Bouhmame,0.706,Sidi Bennour,84.89857250187829,
820,Boujdian,Larache,1,Souaken,0.533,Oujda,0.769,Oujda-Angad,84.93613824192336,
821,Boujarrah,Tétouan,1,Bni Karrich,0.5,Bouarfa,0.75,Figuig,84.97370398196844,
822,Boubria,Berkane,1,Boughriba,0.75,Ourika,0.769,Al Haouz,85.01126972201352,
823,Boubaan,Nador,1,Bouarg,0.615,Boukraa,0.714,Laâyoune,85.0488354620586,
824,Bouazoune,Taounate,1,Ouaouzgane,0.737,Boulaouane,0.842,Sidi Bennour,85.08640120210369,
825,Bouaziar,Azilal,1,Azilal,0.571,Aziar,0.769,Agadir-Ida Ou Tanane,85.12396694214875,
826,Bouallou,Taounate,1,Bouarouss,0.706,Bouhlou,0.8,Taza,85.16153268219384,
827,Borj Mechkouk,Taounate,1,Bouhouda,0.476,Bir Mezoui,0.609,Khouribga,85.19909842223892,
828,Bolaajlat,Taroudant,1,Lamhara,0.5,Sidi Boulaalam,0.609,Essaouira,85.236664162284,
829,Bojediane,Larache,1,Sidi Lyamani,0.381,Bou Jedyane,0.8,Ouezzane,85.27422990232908,
830,Bnimaati,Settat,1,Mniaa,0.615,Bni Ayat,0.75,Azilal,85.31179564237415,
831,Sahrij,Azilal,1,Aït Majden,0.375,Assahrij,0.857,El Kelâa des Sraghna,85.34936138241923,
832,Sabati,Fès,1,Louadaine,0.4,Rabat,0.727,Rabat,85.38692712246431,
833,SI sidi yahya,Sidi Slimane,1,Sidi Al Kamel,0.538,Khemis Sidi Yahya,0.8,Khemisset,85.4244928625094,
834,S;Mokhfi,Taounate,1,Sidi El Mokhfi,0.636,Sidi El Mokhfi,0.636,Taounate,85.46205860255446,
835,S/Abdelah Cherif,Ouezzane,1,Sidi Ahmed Cherif,0.667,Sidi Ahmed Cherif,0.667,Ouezzane,85.49962434259955,
836,S.Sebt,Béni Mellal,1,Semguet,0.462,Assebbab,0.571,Guercif,85.53719008264463,
837,S.H.M'd,Taounate,1,Ras El Oued,0.333,M'Diq,0.5,M'diq-Fnideq,85.57475582268971,
838,Bit Ghouleme,Taza,1,Bni Lent,0.5,Boulemane,0.667,Boulemane,85.61232156273479,
839,Bin Jradi,Taza,1,Bab Boudir,0.421,Bir Jdid,0.706,Nouaceur,85.64988730277986,
840,Biban,Taounate,1,El Bibane,0.714,El Bibane,0.714,Taounate,85.68745304282494,
841,Sekour,Boulemane,1,Missour,0.615,Nekkour,0.769,Al Hoceïma,85.72501878287002,
842,Sebt lgardane,Taroudant,1,El Guerdane,0.667,El Guerdane,0.667,Taroudant,85.7625845229151,
843,Sebt Lagfifat,Taroudant,1,Lakhnafif,0.455,Lagfifat,0.762,Chtouka-Aït Baha,85.80015026296019,
844,Sebt Kdim,Tétouan,1,Bni Karrich,0.4,Souk Kdim,0.667,Fahs-Anjra,85.83771600300526,
845,Sebt Bni Guerfet,Larache,1,Bni Garfett,0.667,Bni Garfett,0.667,Larache,85.87528174305034,
846,Sebt,Taroudant,1,Sidi Borja,0.286,Settat,0.6,Settat,85.91284748309542,
847,Sbt Lagfifat,Taroudant,1,Lakhnafif,0.476,Lagfifat,0.8,Chtouka-Aït Baha,85.9504132231405,
848,Sas,Essaouira,1,Meskala,0.4,Sfassif,0.6,Khemisset,85.98797896318557,
849,Sarsar,Larache,1,Ksar Bjir,0.533,Smara,0.727,Es-Semara,86.02554470323065,
850,Sanit Rmel,Tétouan,1,Sahtryine,0.421,Ait Ouribel,0.667,Khemisset,86.06311044327573,
851,Samsa,Tétouan,1,Saddina,0.5,Sgamna,0.727,Khouribga,86.10067618332081,
852,Bouchibat,Al Hoceïma,1,Boudinar,0.588,Boughriba,0.778,Berkane,86.1382419233659,
853,Bouchamate,Taounate,1,Bouadel,0.588,Bouhmame,0.778,Sidi Bennour,86.17580766341096,
854,Sidi Mbraek,Sidi Ifni,1,Sidi M'Bark,0.818,Sidi M'Bark,0.818,Sidi Ifni,86.21337340345605,
855,Sidi Khyar,Sefrou,1,Kandar Sidi Khiar,0.667,Sidi Amar,0.737,Khénifra,86.25093914350113,
856,Sidi Ghayat,Al Haouz,1,Sidi Badhaj,0.636,Sidi Aayad,0.762,Midelt,86.28850488354621,
857,Sidi Driss,El Kelâa des Sraghna,1,Sidi Moussa,0.667,Sidi Aissa,0.8,Safi,86.32607062359128,
858,Sidi Brahim,Fès,1,Sidi Hrazem,0.727,Sidi Borja,0.762,Taroudant,86.36363636363636,
859,Sidi Amer Hadi,Sidi Kacem,1,Sidi Kacem,0.583,Sidi Ameur Al Hadi,0.875,Ouezzane,86.40120210368144,
860,Sidi Amer,Meknès,1,Nzala Bni Ammar,0.417,Sidi Amar,0.889,Khénifra,86.43876784372652,
861,Sidi Ahmed Zerrouk,Taza,1,Bab Marzouka,0.4,Sidi Ahmed Cherif,0.743,Ouezzane,86.4763335837716,
862,Sidi Ahmed Tadli,Sefrou,1,Sidi Youssef Ben Ahmed,0.526,Sidi Ahmed El Khadir,0.778,El Kelâa des Sraghna,86.51389932381667,
863,Sidi Abdellah Rhamna,Settat,1,Sidi Abdelkhaleq,0.667,Sidi Abdallah Ghiat,0.769,Marrakech,86.55146506386176,
864,Bni ahmed,Al Hoceïma,1,Bni Hadifa,0.632,Ben Ahmed,0.889,Khouribga,86.58903080390684,
865,Bni Saden,Sefrou,1,Bir Tamtam,0.421,Bni Said,0.824,Tétouan,86.62659654395192,
866,Bni Koulla,Ouezzane,1,Bni Quolla,0.8,Bni Quolla,0.8,Ouezzane,86.664162283997,
867,Bni Amer,El Kelâa des Sraghna,1,Oulad Amer,0.556,Bni Ammart,0.778,Taounate,86.70172802404207,
868,Bkakacha,Settat,1,Dar Chaffai,0.421,Ayacha,0.714,Larache,86.73929376408715,
869,Bit ghoulem,Taza,1,Bni Lent,0.526,Bni Faghloum,0.696,Chefchaouen,86.77685950413223,
870,Beni-Kissane,Taounate,1,Kissane,0.737,Bni Hassane,0.783,Azilal,86.81442524417731,
871,Beni guerfet,Larache,1,Bni Garfett,0.783,Bni Garfett,0.783,Larache,86.85199098422238,
872,Beni Saden,Sefrou,1,Bir Tamtam,0.4,Bni Said,0.778,Tétouan,86.88955672426746,
873,Beni Meraaz,Meknès,1,Ait Yaazem,0.476,Beni Mellal,0.727,Béni Mellal,86.92712246431255,
874,Beni Maraaz,Meknès,1,Nzala Bni Ammar,0.538,Bni Mathar,0.667,Jerada,86.96468820435763,
875,Beni Makada,Larache,1,Bni Garfett,0.455,Beni Malek,0.762,Ouezzane,87.00225394440271,
876,SidiAhmed Tadli,Sefrou,1,Sidi Youssef Ben Ahmed,0.486,Sidi Ahmed El Khadir,0.743,El Kelâa des Sraghna,87.03981968444778,
877,Sidi-Yahia Ben,Taounate,1,Sidi Yahya Bni Zeroual,0.667,Sidi Yahya Zaer,0.759,Skhirate-Témara,87.07738542449286,
878,Sidi-Yahia,Taounate,1,Sidi El Mokhfi,0.583,Sidi Aissa,0.8,Safi,87.11495116453794,
879,Sidi ouabdellah,Taroudant,1,Sidi Ahmed Ou Abdellah,0.811,Sidi Bouabdelli,0.867,Tiznit,87.15251690458302,
880,Sidi khyar,Sefrou,1,Kandar Sidi Khiar,0.667,Sidi Amar,0.737,Khénifra,87.1900826446281,
881,Sidi ghiate,Al Haouz,1,Ghmate,0.588,Sidi Ghanem,0.818,Chichaoua,87.22764838467317,
882,Sidi boujida,Fès,1,Ain Bida,0.6,Sidi Bouhria,0.833,Berkane,87.26521412471826,
883,Sidi ahmed Tadeli,Sefrou,1,Sidi Youssef Ben Ahmed,0.513,Sidi Ahmed Ou Abdellah,0.769,Taroudant,87.30277986476334,
884,Sidi Yahya,Sidi Slimane,1,Sidi Al Kamel,0.609,Sidi Yahya Zaer,0.8,Skhirate-Témara,87.34034560480842,
885,Sidi Yahia,Taounate,1,Sidi El Mokhfi,0.583,Sidi Aissa,0.8,Safi,87.37791134485349,
886,Ben Charrou,Béni Mellal,1,Bni Bataou,0.571,Ben Maachou,0.727,El Jadida,87.41547708489857,
887,Ben CHEIKH,Al Haouz,1,Ouneine,0.353,Beni Chiker,0.762,Nador,87.45304282494365,
888,Becheine,Taza,1,Barkine,0.533,Bouchaouene,0.632,Guercif,87.49060856498873,
889,Syba,Essaouira,1,Bizdad,0.4,Sbouya,0.6,Sidi Ifni,87.52817430503382,
890,Syba,Azilal,1,Tabant,0.4,Sbouya,0.6,Sidi Ifni,87.56574004507888,
891,Syba,Agadir-Ida Ou Tanane,1,Imsouane,0.333,Sbouya,0.6,Sidi Ifni,87.60330578512396,
892,Sraghna,Sefrou,1,Mtarnagha,0.625,Serghina,0.8,Boulemane,87.64087152516905,
893,Souk laarbia,Taounate,1,Oudka,0.471,Souk Tolba,0.636,Larache,87.67843726521413,
894,Souk Tlat,Sidi Kacem,1,Selfat,0.533,Souk Tolba,0.842,Larache,87.71600300525921,
895,Souk Lhad,Chefchaouen,1,Oued Malha,0.632,Souk Tolba,0.737,Larache,87.75356874530428,
896,Smd,Chichaoua,1,Saidate,0.4,Smià,0.571,Taza,87.79113448534936,
897,Berraka,Nador,1,Hassi Berkane,0.5,Braksa,0.769,Khouribga,87.82870022539444,
898,Berraca,Nador,1,Beni Ansar,0.353,Errachidia,0.706,Errachidia,87.86626596543952,
899,Bensheikh,Al Haouz,1,Ouneine,0.375,Beni Chiker,0.6,Nador,87.90383170548459,
900,Bensergao,Azilal,1,Demnate,0.375,El Kansera,0.632,Khemisset,87.94139744552967,
901,Beni-Ounjel,Taounate,1,Bni Oulid,0.7,Bni Oual,0.737,Ouezzane,87.97896318557476,
902,Tamait Oufella,Agadir-Ida Ou Tanane,1,Ida Ou Guelloul,0.483,Ait Ouallal,0.72,Zagora,88.01652892561984,
903,Tamadite,Taounate,1,Tamedit,0.8,Tamedit,0.8,Taounate,88.05409466566492,
904,Takyout,El Kelâa des Sraghna,1,Taouzint,0.667,Takoucht,0.8,Essaouira,88.09166040570999,
905,Taienest,Taza,1,Taïnaste,0.75,Taïnaste,0.75,Taza,88.12922614575507,
906,Tahar-Souk,Taounate,1,Thar Es-Souk,0.818,Thar Es-Souk,0.818,Taounate,88.16679188580015,
907,Tahar Souk,Taounate,1,Thar Es-Souk,0.818,Thar Es-Souk,0.818,Taounate,88.20435762584523,
908,Tabrent,Al Hoceïma,1,Targuist,0.533,Tabant,0.769,Azilal,88.2419233658903,
909,Tabolkhirte,Tinghir,1,Tinghir,0.444,Taourirt,0.632,Taourirt,88.27948910593538,
910,Tabarrant,Al Hoceïma,1,Chakran,0.5,Tabant,0.8,Azilal,88.31705484598046,
911,Tabarante,Taounate,1,Tafrant,0.75,Targante,0.824,Essaouira,88.35462058602555,
912,TAOUNATEDouar,Taounate,1,Taounate,0.762,Taounate,0.762,Taounate,88.39218632607063,
913,Syba,Tinghir,1,Outerbat,0.333,Sbouya,0.6,Sidi Ifni,88.4297520661157,
914,Bengrir,El Kelâa des Sraghna,1,Errafiaya,0.375,Ben Guerir,0.824,Rehamna,88.46731780616078,
915,Bendib,Sidi Slimane,1,Kceibya,0.462,Ben Taïeb,0.667,Driouch,88.50488354620586,
916,Ben Zit,Marrakech,1,Jbilate,0.286,Bni Zoli,0.667,Zagora,88.54244928625094,
917,Ben Tayeb,Nador,1,Beni Ansar,0.526,Ben Taïeb,0.889,Driouch,88.58001502629602,
918,Bani sadden,Sefrou,1,Aït Seghrouchen,0.462,Bni Said,0.737,Tétouan,88.61758076634109,
919,Bab wandar,Taounate,1,Jbabra,0.5,Bab Taza,0.667,Chefchaouen,88.65514650638617,
920,Bab tété,Ouarzazate,1,Télouet,0.4,Bab Berred,0.667,Chefchaouen,88.69271224643126,
921,Bab ramla,Taza,1,Bab Marzouka,0.571,Bab Taza,0.706,Chefchaouen,88.73027798647634,
922,Bab Mrouje,Taza,1,Bab Marzouka,0.727,Bab Marzouka,0.727,Taza,88.7678437265214,
923,BEN Maraaz,Meknès,1,Aïn Orma,0.444,El Marsa,0.667,Laâyoune,88.80540946656649,
924,B/jbel,Nador,1,Bni Sidel Jbel,0.6,Jbiel,0.727,El Kelâa des Sraghna,88.84297520661157,
925,B.sidel,Nador,1,Bni Sidel Jbel,0.571,Jbiel,0.667,El Kelâa des Sraghna,88.88054094665665,
926,Targha,Chefchaouen,1,Amtar,0.545,Mtarnagha,0.8,Sefrou,88.91810668670173,
927,Taoujdate,El Hajeb,1,Ait Boubidmane,0.522,Taounate,0.824,Taounate,88.9556724267468,
928,Taouiyalt,Taroudant,1,Taroudant,0.667,Taouyalte,0.889,Al Haouz,88.99323816679188,
929,Tamzirt,Ouarzazate,1,Tarmigt,0.714,Taghzirt,0.8,Béni Mellal,89.03080390683697,
930,Tamsslout,Taroudant,1,Tamaloukte,0.737,Tameslouht,0.842,Al Haouz,89.06836964688205,
931,Tamsemen,Driouch,1,Temsamane,0.471,Tamezmoute,0.667,Zagora,89.10593538692713,
932,Tamassint,Al Hoceïma,1,Targuist,0.471,Tissint,0.75,Tata,89.1435011269722,
933,Tamaounza,Agadir-Ida Ou Tanane,1,Taghazout,0.556,Taounza,0.875,Azilal,89.18106686701728,
934,B.Bouchibat,Al Hoceïma,1,Boudinar,0.526,Bni Bouchibet,0.75,Taounate,89.21863260706236,
935,B.Bchir,Al Hoceïma,1,Chakran,0.429,Beni Bechir,0.667,Taounate,89.25619834710744,
936,"B,M",Béni Mellal,1,Beni Mellal,0.286,Boumia,0.444,Midelt,89.29376408715251,
937,B' sabsa,Taounate,1,El Bsabsa,0.75,El Bsabsa,0.75,Taounate,89.33132982719759,
938,B Sidel,Nador,1,Bni Sidel Jbel,0.667,Jbiel,0.667,El Kelâa des Sraghna,89.36889556724267,
939,B K,Sidi Kacem,1,Bab Tiouka,0.462,N'Kob,0.5,Tinghir,89.40646130728776,
940,Tazourakht,Al Hoceïma,1,Arbaa Taourirt,0.5,Taznakht,0.778,Ouarzazate,89.44402704733284,
941,Tazitount,Chichaoua,1,Ain Tazitounte,0.783,Ain Tazitounte,0.783,Chichaoua,89.4815927873779,
942,Taughmerte,Taroudant,1,Toughmart,0.737,Toughmart,0.737,Taroudant,89.51915852742299,
943,Tassaltnt,Al Haouz,1,Taouyalte,0.556,Tasoultante,0.7,Marrakech,89.55672426746807,
944,Tassaltant,Marrakech,1,Tasoultante,0.762,Tasoultante,0.762,Marrakech,89.59429000751315,
945,Tassaltant,Azilal,1,Tabant,0.625,Tasoultante,0.762,Marrakech,89.63185574755823,
946,Tassaltant,Al Haouz,1,Taouyalte,0.526,Tasoultante,0.762,Marrakech,89.6694214876033,
947,Tasouite,Tinghir,1,Assoul,0.571,Tagounite,0.824,Zagora,89.70698722764838,
948,Baracca,Ouarzazate,1,Afra,0.545,Brachoua,0.667,Skhirate-Témara,89.74455296769347,
949,Baraacca,Taza,1,Jbarna,0.571,Brachoua,0.5,Skhirate-Témara,89.78211870773855,
950,Attaouia Chaaibia,El Kelâa des Sraghna,1,Laattaouia Ech-Chaybia,0.769,Laattaouia Ech-Chaybia,0.769,El Kelâa des Sraghna,89.81968444778362,
951,Assifane,Chefchaouen,1,Tassift,0.667,Ifrane,0.714,Ifrane,89.8572501878287,
952,As s Gharbia,Tinghir,1,Ait Sedrate Sahl El Gharbia,0.564,Had Al Gharbia,0.769,Tanger-Assilah,89.89481592787378,
953,As jbel oulia,Tinghir,1,Ferkla El Oulia,0.714,Ferkla El Oulia,0.714,Tinghir,89.93238166791886,
954,Aruit,Nador,1,Al Aroui,0.615,Targuist,0.769,Al Hoceïma,89.96994740796394,
955,Tisi Ousli,Taza,1,Oued Amlil,0.4,Tizi Ouzli,0.8,Driouch,90.00751314800901,
956,Tirset,Azilal,1,Tisqi,0.545,Tisrasse,0.714,Al Haouz,90.04507888805409,
957,Tinzerte,Taroudant,1,Tinzart,0.8,Tigzmerte,0.824,Tata,90.08264462809917,
958,Tikiouine,Marrakech,1,Sid Zouine,0.632,Tizounine,0.778,Tata,90.12021036814426,
959,Tiguenziouine,Al Haouz,1,Tighedouine,0.75,Tinzouline,0.783,Zagora,90.15777610818932,
960,Tighrmatine,Tinghir,1,Tilmi,0.5,Ighzrane,0.737,Taza,90.1953418482344,
961,Tifirte,Azilal,1,Tifni,0.667,Tighirt,0.714,Tiznit,90.23290758827949,
962,Tidrara,Al Haouz,1,Tisrasse,0.533,Tendrara,0.8,Jerada,90.27047332832457,
963,B.M,Béni Mellal,1,Beni Mellal,0.286,Boumia,0.444,Midelt,90.30803906836965,
964,B.Louta,Nador,1,Bouarg,0.615,Louta,0.833,Al Hoceïma,90.34560480841472,
965,B.Elain,Chefchaouen,1,Bni Selmane,0.556,Belfaa,0.615,Chtouka-Aït Baha,90.3831705484598,
966,Trifa II,Berkane,1,Saidia,0.286,Tifariti,0.75,Es-Semara,90.42073628850488,
967,Tozrigutte,Tinghir,1,Outerbat,0.444,Tizguite,0.667,Ifrane,90.45830202854997,
968,Touilaa,Tétouan,1,Tétouan,0.571,Toulal,0.769,Meknès,90.49586776859505,
969,Touibla,Tétouan,1,Tétouan,0.571,Toulal,0.769,Meknès,90.53343350864012,
970,Touelaa,Tétouan,1,Oued Laou,0.625,Toufelaazt,0.824,Chtouka-Aït Baha,90.5709992486852,
971,Tnine el ouleja,Taounate,1,Ras El Oued,0.538,Tnine Amellou,0.714,Sidi Ifni,90.60856498873028,
972,Tnin Ait Rkha,Tiznit,1,Ait Erkha,0.727,Ait Erkha,0.727,Tiznit,90.64613072877536,
973,Tmaloust,Ouezzane,1,Masmouda,0.5,Tamaloukte,0.778,Taroudant,90.68369646882043,
974,Tlat louta,Nador,1,Bni Sidel Louta,0.56,Tazouta,0.706,Sefrou,90.72126220886551,
975,Tlat Lamzam,Azilal,1,Ait Blal,0.421,Nzalat Laadam,0.667,Rehamna,90.7588279489106,
976,Tizki Akesri Tamraght,Agadir-Ida Ou Tanane,1,Aqesri,0.37,Sidi Ali Labrahla,0.526,Rehamna,90.79639368895567,
977,Tizi Oussli,Taza,1,Oued Amlil,0.381,Tizi Ouzli,0.857,Driouch,90.83395942900076,
978,Tislite,Azilal,1,Tisqi,0.667,Tlite,0.833,Ouarzazate,90.87152516904582,
979,Azou,Tinghir,1,Assoul,0.6,Azrou,0.889,Ifrane,90.9090909090909,
980,Azlaf,Nador,1,Al Aroui,0.462,Azla,0.889,Tétouan,90.94665664913599,
981,Aychtoume,Taounate,1,Taounate,0.471,Chtouka,0.625,El Jadida,90.98422238918107,
982,Zouagha,Fès,1,Louadaine,0.5,Ounagha,0.857,Essaouira,91.02178812922615,
983,Zerhounia,Meknès,1,Ouislane,0.353,El Hagounia,0.7,Es-Semara,91.05935386927122,
984,Zelten,Essaouira,1,Tahelouante,0.471,Zerkten,0.769,Al Haouz,91.0969196093163,
985,Zeagngan,Nador,1,Zeghanghane,0.737,Zaggota,0.667,Sidi Kacem,91.13448534936138,
986,Zaouite ait Ishaq,Khénifra,1,Aït Ishaq,0.692,Aït Ishaq,0.692,Khénifra,91.17205108940647,
987,Zaouia S K,Tétouan,1,Zaouiat Sidi Kacem,0.714,Zaouiat Sidi Kacem,0.714,Tétouan,91.20961682945153,
988,Zaouia Nezzaghia,Settat,1,Oulad Sghir,0.519,Zaouia Annahlia,0.774,Chichaoua,91.24718256949662,
989,Zagmouzne,Taroudant,1,Talgjount,0.556,Zagmouzen,0.889,Al Haouz,91.2847483095417,
990,Zaazaa,Larache,1,Zaaroura,0.571,Azzaba,0.5,Sefrou,91.32231404958678,
991,Z.S.A.Kader,Al Hoceïma,1,Zouaiat sidi Abdelkader,0.471,Saka,0.533,Guercif,91.35987978963186,
992,Z'Rarka,Taounate,1,Zarkat,0.769,Zrarda,0.769,Taza,91.39744552967693,
993,Z'Mamra,Taounate,1,Zarkat,0.615,Zemamra,0.857,Sidi Bennour,91.43501126972201,
994,Z .cheikh,Béni Mellal,1,Ouled Yaïch,0.3,Zaouiat Cheikh,0.696,Khénifra,91.4725770097671,
995,Wawirzagh,Azilal,1,Ouaouizaght,0.6,Ouaouizaght,0.6,Azilal,91.51014274981218,
996,Urbaine,Chefchaouen,1,Bni Selmane,0.444,Barkine,0.714,Taza,91.54770848985726,
997,Trik Alouahda,Taza,1,Tahla,0.444,Tabouda,0.6,Chefchaouen,91.58527422990232,
998,Aolos,Taroudant,1,Aoulouz,0.667,Aoulouz,0.667,Taroudant,91.6228399699474,
999,Anamer,Taroudant,1,Argana,0.5,Ameur,0.727,Salé,91.66040570999249,
1000,Amsernat,Agadir-Ida Ou Tanane,1,Tamri,0.462,Ternata,0.667,Zagora,91.69797145003757,
1001,Amkhlij,Al Haouz,1,Assaki,0.462,Mkhalif,0.714,Safi,91.73553719008264,
1002,Amdnagh,Tinghir,1,Tinghir,0.429,Madagh,0.769,Berkane,91.77310293012772,
1003,Amallal,Chefchaouen,1,Amtar,0.5,Tamallalt,0.875,El Kelâa des Sraghna,91.8106686701728,
1004,Alwafae,Larache,1,Larache,0.429,Ahlaf,0.667,Benslimane,91.84823441021788,
1005,Alquods,Taza,1,Galdamane,0.375,Aquermoud,0.625,Essaouira,91.88580015026297,
1006,Alquds,Agadir-Ida Ou Tanane,1,Aqesri,0.5,Al Oued,0.615,Chefchaouen,91.92336589030803,
1007,Alqods,Taza,1,Galdamane,0.4,Al Oued,0.615,Chefchaouen,91.96093163035312,
1008,ait aliyahya,Tinghir,1,Aït Hani,0.6,Ait Yahya,0.857,Midelt,91.9984973703982,
1009,ait aatab,Azilal,1,Ait Ouaarda,0.7,Ait Taleb,0.778,Rehamna,92.03606311044328,
1010,ainzora,Nador,1,Zaïo,0.545,Aïn Zohra,0.875,Driouch,92.07362885048835,
1011,ain chaib,Taroudant,1,Lamhadi,0.5,Ain Chair,0.889,Figuig,92.11119459053343,
1012,agouti,Tinghir,1,Assoul,0.5,Aghouatim,0.8,Al Haouz,92.14876033057851,
1013,Zoualet,Meknès,1,Toulal,0.615,Toualet,0.857,Settat,92.1863260706236,
1014,Al qods,Taza,1,Bab Boudir,0.471,Al Oued,0.714,Chefchaouen,92.22389181066868,
1015,Al qods,Nador,1,Al Aroui,0.533,Al Oued,0.714,Chefchaouen,92.26145755071374,
1016,Al masjid,Nador,1,Al Aroui,0.588,Al Mahbass,0.632,Assa-Zag,92.29902329075883,
1017,Al Wahda,Taza,1,Outat El Haj,0.4,Lahdar,0.714,Youssoufia,92.3365890308039,
1018,Al Boustane,Meknès,1,Dar Oum Soltane,0.692,Al Ouidane,0.762,Marrakech,92.37415477084899,
1019,Akdim,Tinghir,1,Ouaklim,0.667,Aklim,0.8,Berkane,92.41172051089407,
1020,Akch hsiya,Tinghir,1,Aït Hani,0.444,Lakhsas,0.588,Tiznit,92.44928625093914,
1021,Aity wassif,Tinghir,1,Ait Ouassif,0.818,Ait Ouassif,0.818,Tinghir,92.48685199098422,
1022,ait boyoysef,Tinghir,1,Ait Ouassif,0.609,Ait Haddou Youssef,0.667,Taroudant,92.5244177310293,
1023,ait boyousef,Tinghir,1,Ait Youl,0.7,Ait Haddou Youssef,0.733,Taroudant,92.56198347107438,
1024,ait bouyossef,Tinghir,1,Ait Ouassif,0.75,Ait Haddou Youssef,0.774,Taroudant,92.59954921111945,
1025,ait boulmane,Tinghir,1,Ait Youl,0.7,Ait Boubidmane,0.846,El Hajeb,92.63711495116453,
1026,ait boubker,Tinghir,1,Ait Youl,0.632,Sidi Boubker,0.783,Oujda-Angad,92.67468069120962,
1027,ait bouallal,Tinghir,1,Ait Youl,0.7,Ait Ouallal,0.957,Zagora,92.7122464312547,
1028,ait amer,Tinghir,1,Aït Elfarsi,0.632,Aït Kamra,0.824,Al Hoceïma,92.74981217129978,
1029,ait alouane,Tinghir,1,Ait Ouassif,0.636,Zaïtoune,0.737,Tétouan,92.78737791134485,
1030,ait ziad,Tinghir,1,Aït Hani,0.625,Ait Said,0.75,Essaouira,92.82494365138993,
1031,ait zelten,Essaouira,1,Tahelouante,0.476,Ait El Man,0.7,Boulemane,92.86250939143501,
1032,ait tazrine,Tinghir,1,Aït Hani,0.632,Ait Zineb,0.8,Ouarzazate,92.9000751314801,
1033,ait tazarin,Tinghir,1,Aït Elfarsi,0.636,Tazarine,0.737,Taza,92.93764087152518,
1034,ait sakri,Tinghir,1,Aït Hani,0.706,Ait Said,0.824,Essaouira,92.97520661157024,
1035,ait ouglif,Tinghir,1,Ait Youl,0.778,Ait Youl,0.778,Tinghir,93.01277235161533,
1036,ait oglif,Tinghir,1,Ait Youl,0.706,Aglif,0.714,Essaouira,93.05033809166041,
1037,ait messoud,Tinghir,1,Ait Youl,0.632,Ait Melloul,0.727,Inezgane-Aït Melloul,93.08790383170549,
1038,ait mahdi,Tinghir,1,Aït Hani,0.706,Ait Mait,0.824,Driouch,93.12546957175056,
1039,ait idit,Tinghir,1,Aït Hani,0.625,Ait Said,0.75,Essaouira,93.16303531179564,
1040,ait iaala,Tinghir,1,Aït Elfarsi,0.5,Ait Iaaza,0.889,Taroudant,93.20060105184072,
1041,ait hmoudene,Tinghir,1,Ait Youl,0.6,Ait Mimoune,0.783,Khemisset,93.2381667918858,
1042,ait hmed,Tinghir,1,Aït Hani,0.625,Ait M'Hamed,0.842,Azilal,93.27573253193088,
1043,ait hdouch,Tinghir,1,Ait Youl,0.667,Ait Daoud,0.737,Essaouira,93.31329827197595,
1044,Alhouda Bloc B N° 545,Agadir-Ida Ou Tanane,1,Ida Ou Kazzou,0.303,El Koudia El Beida,0.474,Taroudant,93.35086401202103,
1045,Albassatine,Meknès,1,Mrhassiyine,0.545,Al Bahraoyine,0.667,Tanger-Assilah,93.38842975206612,
1046,Ait s jbel,Tinghir,1,Ait Sedrate Jbel El Oulia,0.571,Bni Sidel Jbel,0.667,Nador,93.4259954921112,
1047,Ait moussa,Zagora,1,Ait Ouallal,0.667,Sidi Moussa,0.762,El Kelâa des Sraghna,93.46356123215628,
1048,Ait mahdi,Tinghir,1,Aït Hani,0.706,Ait Mait,0.824,Driouch,93.50112697220135,
1049,Ait maala,Azilal,1,Ait Blal,0.706,Ait Mzal,0.824,Chtouka-Aït Baha,93.53869271224643,
1050,Ait kassi ouali,Tinghir,1,Ait Ouassif,0.615,Aït Youssef Ou Ali,0.727,Al Hoceïma,93.57625845229151,
1051,Ait kassi,Tinghir,1,Ait Ouassif,0.8,Ait Ouassif,0.8,Tinghir,93.6138241923366,
1052,Ait hamoyahya,Tinghir,1,Aït Hani,0.571,Ait Yahya,0.818,Midelt,93.65138993238166,
1053,Ait hamou yahya,Boulemane,1,Almis Marmoucha,0.533,Ait Yahya,0.75,Midelt,93.68895567242674,
1054,Ait halli ait Daoud,Khemisset,1,Sebt Aït Rahou,0.545,Ait Sidi Daoud,0.727,Marrakech,93.72652141247183,
1055,Ait hadouch,Tinghir,1,Ait Youl,0.632,Ait Hammou,0.762,Rehamna,93.76408715251691,
1056,amejjaw,Driouch,1,Amejjaou,0.8,Amejjaou,0.8,Driouch,93.80165289256199,
1057,amdnagh,Tinghir,1,Tinghir,0.429,Madagh,0.769,Berkane,93.83921863260706,
1058,amassine tondout,Tinghir,1,Assoul,0.455,Imintanoute,0.593,Chichaoua,93.87678437265214,
1059,alouahda,Taza,1,Oulad Zbair,0.526,Lounasda,0.75,El Kelâa des Sraghna,93.91435011269722,
1060,almasjid,Nador,1,Al Aroui,0.5,Lamssid,0.667,Boujdour,93.9519158527423,
1061,aitali oyahya,Tinghir,1,Aït Hani,0.476,Ait Yahya,0.818,Midelt,93.98948159278739,
1062,booujediane,Larache,1,Souaken,0.444,Bou Jedyane,0.818,Ouezzane,94.02704733283245,
1063,bohrou,Tinghir,1,Bou Azmou,0.533,Bouhlou,0.769,Taza,94.06461307287753,
1064,bni enssar,Agadir-Ida Ou Tanane,1,Aziar,0.4,Beni Ansar,0.8,Nador,94.10217881292262,
1065,bizamame,Ouarzazate,1,Ouarzazate,0.444,Bir Tamtam,0.667,Sefrou,94.1397445529677,
1066,bin jradi,Taza,1,Bab Boudir,0.421,Bir Jdid,0.706,Nouaceur,94.17731029301277,
1067,bibane,Taounate,1,El Bibane,0.8,El Bibane,0.8,Taounate,94.21487603305785,
1068,beni bouyafrour,Nador,1,Bni Bouifrou,0.815,Bni Bouifrou,0.815,Nador,94.25244177310293,
1069,ben souda,Fès,1,Ain Bou Ali,0.5,Bni Oual,0.706,Ouezzane,94.29000751314801,
1070,bani Saden,Sefrou,1,Aït Seghrouchen,0.48,Bni Said,0.778,Tétouan,94.3275732531931,
1071,bab zitouba,Taza,1,Bab Marzouka,0.696,Bab Tiouka,0.762,Sidi Kacem,94.36513899323816,
1072,bab merzk,Taza,1,Bab Marzouka,0.762,Bab Marzouka,0.762,Taza,94.40270473328324,
1073,"b,s,louta",Nador,1,Selouane,0.588,Louta,0.714,Al Hoceïma,94.44027047332833,
1074,arroui,Nador,1,Al Aroui,0.714,Azrou,0.727,Ifrane,94.47783621337341,
1075,anonizme,Tinghir,1,Alnif,0.462,Tagounite,0.588,Zagora,94.51540195341848,
1076,amsa,Tétouan,1,Azla,0.5,Assa,0.75,Assa-Zag,94.55296769346356,
1077,Ait sedrat jbel,Tinghir,1,Ait Sedrate Jbel El Oulia,0.75,Ait Sedrate Jbel El Oulia,0.75,Tinghir,94.59053343350864,
1078,Ait gmat,Tinghir,1,Aït Hani,0.625,Ait Mait,0.875,Driouch,94.62809917355372,
1079,Ait boyoussef,Tinghir,1,Ait Ouassif,0.75,Ait Haddou Youssef,0.774,Taroudant,94.6656649135988,
1080,Ait amar ouissa,Tinghir,1,Ait Ouassif,0.615,Aït Kamra,0.583,Al Hoceïma,94.70323065364387,
1081,Ait ali imider,Tinghir,1,Imider,0.6,Ait Amira,0.696,Inezgane-Aït Melloul,94.74079639368895,
1082,Ait aabou,Tinghir,1,Ait Youl,0.706,Ait Daoud,0.778,Essaouira,94.77836213373403,
1083,Ait Tisslit,Béni Mellal,1,Ait Ouqabli,0.545,Tissint,0.667,Tata,94.81592787377912,
1084,Ait Tislit,Béni Mellal,1,Ait Ouqabli,0.571,Ait Tamlil,0.7,Azilal,94.8534936138242,
1085,Ait Sdrat Shel Charqia,Ouarzazate,1,Skoura Ahl El Oust,0.4,Ait Sedrate Sahl Charkia,0.87,Tinghir,94.89105935386927,
1086,Ait Sdrat Ghrbia,Ouarzazate,1,Ait Oumdis,0.385,Ait Sedrate Sahl El Gharbia,0.744,Tinghir,94.92862509391435,
1087,centre,El Kelâa des Sraghna,1,Zemrane,0.462,Metrane,0.615,Sidi Bennour,94.96619083395943,
1088,bouzlne,Taza,1,Bouyablane,0.706,Boulemane,0.75,Boulemane,95.00375657400451,
1089,bouramana,Driouch,1,Ourdana,0.75,Ouaoumana,0.778,Khénifra,95.04132231404958,
1090,bouqorra,Ouezzane,1,Kalaat Booqorra,0.609,Bouskoura,0.706,Nouaceur,95.07888805409466,
1091,boujdiane,Larache,1,Souaken,0.5,Bou Jedyane,0.8,Ouezzane,95.11645379413974,
1092,boujdian,Larache,1,Souaken,0.533,Oujda,0.769,Oujda-Angad,95.15401953418483,
1093,bouachiba,Azilal,1,Ouaoula,0.5,Boughriba,0.778,Berkane,95.19158527422991,
1094,hdida,Tinghir,1,Tinejdad,0.462,Haddada,0.667,Kénitra,95.22915101427498,
1095,hay dari,Agadir-Ida Ou Tanane,1,Tadrart,0.533,Had Dra,0.667,Essaouira,95.26671675432006,
1096,harmomou,Sefrou,1,Ahermoumou,0.778,Ahermoumou,0.778,Sefrou,95.30428249436514,
1097,harmomo,Sefrou,1,Ahermoumou,0.706,Ahermoumou,0.706,Sefrou,95.34184823441022,
1098,hamria,Taounate,1,Zarkat,0.5,Lamrija,0.769,Guercif,95.3794139744553,
1099,hamria,Ouezzane,1,Lamrabih,0.571,Lamrija,0.769,Guercif,95.41697971450037,
1100,had mssila,Taza,1,Msila,0.667,H'Ssyia,0.706,Zagora,95.45454545454545,
1101,ghorm El Alem,Béni Mellal,1,Foum El Anceur,0.593,Laghoualem,0.609,Benslimane,95.49211119459054,
1102,ghigou,Sefrou,1,Aït Seghrouchen,0.381,Guigou,0.833,Boulemane,95.52967693463562,
1103,farkhana,Nador,1,Arekmane,0.625,Argana,0.714,Taroudant,95.56724267468068,
1104,dépisté à azrou,Larache,1,Rissana Janoubia,0.452,Ait Sebaa Lajrouf,0.438,Ifrane,95.60480841472577,
1105,dr doultma,Essaouira,1,Sidi Boulaalam,0.5,Dar Oum Soltane,0.64,Meknès,95.64237415477085,
1106,dr Afra,Ouarzazate,1,Afra,0.727,Afra,0.727,Ouarzazate,95.67993989481593,
1107,douar ain sora,Taounate,1,Oulad Daoud,0.48,Oulad Ali Mansour,0.645,Chefchaouen,95.71750563486101,
1108,douar OUDAD,Taounate,1,Oulad Daoud,0.636,Ouaoula,0.667,Azilal,95.75507137490608,
1109,dalas,Béni Mellal,1,Dir El Ksiba,0.235,Dakhla,0.727,Oued Ed-Dahab,95.79263711495116,
1110,Ait Iaala,Tinghir,1,Aït Elfarsi,0.5,Ait Iaaza,0.889,Taroudant,95.83020285499624,
1111,Ait Guirte,Azilal,1,Ait Taguella,0.636,Ait Ourir,0.737,Marrakech,95.86776859504133,
1112,Ait Guirt,Azilal,1,Ait Ouaarda,0.6,Ait Ourir,0.778,Marrakech,95.90533433508641,
1113,Ait Abou,Khemisset,1,Ait Ikkou,0.706,Ait Daoud,0.824,Essaouira,95.94290007513148,
1114,Ainjamaa,Meknès,1,Aïn Orma,0.625,Ain Jemaa,0.824,Sidi Kacem,95.98046581517656,
1115,Ainchgag,Sefrou,1,Ain Timguenai,0.476,Ain Cheggag,0.842,Fès,96.01803155522164,
1116,AinDoreij,Ouezzane,1,Ain Dfali,0.556,Adrej,0.714,Boulemane,96.05559729526672,
1117,Ain Taoujtat,El Hajeb,1,Ait Boubidmane,0.462,Ain Taoujdate,0.88,Moulay Yacoub,96.09316303531179,
1118,Ain K ara,Moulay Yacoub,1,Ain Taoujdate,0.545,Ain Kansra,0.842,Fès,96.13072877535687,
1119,ighmnigrane,Tinghir,1,Tinghir,0.556,Ighzrane,0.737,Taza,96.16829451540195,
1120,igherme,Taroudant,1,Irherm,0.769,Irherm,0.769,Taroudant,96.20586025544704,
1121,igermaouas,Driouch,1,Amejjaou,0.444,Ijarmaouas,0.8,Al Hoceïma,96.24342599549212,
1122,idaogaylat,Taroudant,1,Ida Ou Gailal,0.696,Ida Ou Gailal,0.696,Taroudant,96.28099173553719,
1123,ibrghosne,Tinghir,1,Tinghir,0.375,Tighedouine,0.6,Al Haouz,96.31855747558227,
1124,iazanenn,Nador,1,Iaazzanene,0.778,Iaazzanene,0.778,Nador,96.35612321562735,
1125,iatachne,Tinghir,1,Aït Hani,0.375,Tafetachte,0.667,Essaouira,96.39368895567243,
1126,laksir,El Hajeb,1,Iqaddar,0.308,Laqsir,0.833,Moulay Yacoub,96.4312546957175,
1127,lagnat,Béni Mellal,1,Oulad Gnaou,0.588,Lagnadiz,0.714,Khouribga,96.46882043576258,
1128,kolla,Larache,1,Souk Tolba,0.533,Kechoula,0.615,Chichaoua,96.50638617580766,
1129,kella,Tinghir,1,Toudgha El Oulia,0.381,Mellila,0.667,Benslimane,96.54395191585274,
1130,karia ba med,Taounate,1,Ras El Oued,0.435,Karia Ba Mohamed,0.857,Moulay Yacoub,96.58151765589783,
1131,karia ba ahmd,Taounate,1,Aïn Aïcha,0.455,Karia Ba Mohamed,0.828,Moulay Yacoub,96.6190833959429,
1132,jnan ward,Fès,1,Ain Kansra,0.421,Ain Harrouda,0.571,Médiouna,96.65664913598798,
1133,jmaat abdellah,Al Haouz,1,Tameslouht,0.167,Ait Abdellah,0.846,Chtouka-Aït Baha,96.69421487603306,
1134,izourka,Tinghir,1,Outerbat,0.533,Ourika,0.769,Al Haouz,96.73178061607814,
1135,imzoudar,Tinghir,1,Imider,0.571,Mzoudia,0.8,Chichaoua,96.76934635612322,
1136,imghrane,Tinghir,1,Tinghir,0.533,Ighzrane,0.875,Taza,96.80691209616829,
1137,ighrmloune,Tinghir,1,Aghbalou N'Kerdous,0.5,Tighedouine,0.667,Al Haouz,96.84447783621337,
1138,Ait Sadrat J oulioa,Tinghir,1,Ait Sedrate Jbel El Oulia,0.773,Ait Sedrate Jbel El Oulia,0.773,Tinghir,96.88204357625845,
1139,Ait Rouadi,Béni Mellal,1,Ait Ouqabli,0.762,Ait Ouadrim,0.857,Chtouka-Aït Baha,96.91960931630354,
1140,Ait Moussa Fadma,Ouarzazate,1,Ait Oumdis,0.538,Ait Ouaarda,0.741,Azilal,96.9571750563486,
1141,Ait Moumen,Taza,1,Bab Marzouka,0.455,Ait Mimoune,0.762,Khemisset,96.99474079639369,
1142,oled bouaziri,Settat,1,Oulad Abbou,0.583,Oulad Bourima,0.692,Taza,97.03230653643877,
1143,o ghalem,Settat,1,Toualet,0.533,Ouled Ghanem,0.7,Sidi Bennour,97.06987227648385,
1144,nakhla,Tétouan,1,Azla,0.6,Dakhla,0.833,Oued Ed-Dahab,97.10743801652893,
1145,my abdelkrim,Taounate,1,Moulay Ahmed Cherif,0.516,Moulay Abdelkrim,0.857,Moulay Yacoub,97.145003756574,
1146,my abdelkader,Sidi Kacem,1,Sidi Kacem,0.348,Moulay Abdelkader,0.867,Ouezzane,97.18256949661908,
1147,municipalité nador,Nador,1,Nador,0.435,Sidi Ali Ben Hamdouche,0.5,El Jadida,97.22013523666416,
1148,moujjou,Sefrou,1,Ahermoumou,0.588,Boujdour,0.667,Boujdour,97.25770097670924,
1149,moqrisat,Ouezzane,1,Brikcha,0.4,Moqrisset,0.824,Chefchaouen,97.29526671675433,
1150,mirna,Tinghir,1,Imider,0.545,Smià,0.667,Taza,97.3328324567994,
1151,mezguitem,Taza,1,El Gouzate,0.421,Mezguita,0.824,Ouarzazate,97.37039819684448,
1152,menzel,Sefrou,1,El Menzel,0.8,El Menzel,0.8,Sefrou,97.40796393688956,
1153,marnissa,Taounate,1,Tissa,0.615,Massa,0.769,Tiznit,97.44552967693464,
1154,lharte,Tinghir,1,Aït Elfarsi,0.353,Lahdar,0.667,Youssoufia,97.48309541697971,
1155,lhart,Tinghir,1,Aït Elfarsi,0.375,Lahdar,0.727,Youssoufia,97.52066115702479,
1156,lbour,Tinghir,1,Outerbat,0.462,Bourd,0.8,Al Hoceïma,97.55822689706987,
1157,lamzem,El Kelâa des Sraghna,1,Oulad Amer,0.5,Talzemt,0.615,Boulemane,97.59579263711495,
1158,Ain Chgaga,Sefrou,1,Mtarnagha,0.526,Ain Cheggag,0.857,Fès,97.63335837716004,
1159,Ai Boussalef,Taza,1,Bouyablane,0.545,Ait Ouassif,0.696,Tinghir,97.6709241172051,
1160,Aguidir,Chichaoua,1,Ait Hadi,0.533,Iguidi,0.769,Al Haouz,97.70848985725019,
1161,Agouidir,Chichaoua,1,Ighoud,0.571,Agoudim,0.8,Midelt,97.74605559729527,
1162,Aglou,Agadir-Ida Ou Tanane,1,Taghazout,0.571,Aghbalou,0.769,Khénifra,97.78362133734035,
1163,Aghwatime,Al Haouz,1,Aghouatim,0.778,Aghouatim,0.778,Al Haouz,97.82118707738543,
1164,Aghbalo K,Sefrou,1,Aghbalou Aqorar,0.667,Aghbalou,0.824,Khénifra,97.8587528174305,
1165,Agdime,Tinghir,1,Imider,0.5,Agoudim,0.769,Midelt,97.89631855747558,
1166,Agdal,Fès,1,Ain Bida,0.462,Imgdal,0.727,Al Haouz,97.93388429752066,
1167,Afellaisen,Chichaoua,1,Afalla Issen,0.818,Afalla Issen,0.818,Chichaoua,97.97145003756575,
1168,Admam,Al Hoceïma,1,Senada,0.545,Oulad Zmam,0.667,Fquih Ben Salah,98.00901577761081,
1169,Ad Sayeh,Essaouira,1,Sidi Ahmed Essayeh,0.615,Aday,0.667,Assa-Zag,98.0465815176559,
1170,Abdellah Chefchaouni,Tinghir,1,Ferkla El Oulia,0.4,Chefchaouen,0.645,Chefchaouen,98.08414725770098,
1171,omyache,Tinghir,1,Imilchil,0.4,Rouached,0.667,Fquih Ben Salah,98.12171299774606,
1172,oled mhala,Taroudant,1,Ouled Aissa,0.667,Oued Malha,0.7,Chefchaouen,98.15927873779114,
1173,oled bouchair,Settat,1,Oulad Abbou,0.583,Oulad Boughadi,0.741,Khouribga,98.19684447783621,
1174,A.D.C,Sidi Kacem,1,Sidi Kacem,0.267,Agdz,0.444,Ouarzazate,98.23441021788129,
1175,A. Taorirt,Al Hoceïma,1,Arbaa Taourirt,0.75,Taourirt,0.778,Taourirt,98.27197595792637,
1176,"A,taourirt",Al Hoceïma,1,Arbaa Taourirt,0.75,Taourirt,0.889,Taourirt,98.30954169797145,
1177,sebte tafraoutene,Taroudant,1,Tafraouten,0.741,Tafraouten,0.741,Taroudant,98.34710743801652,
1178,sais,Fès,1,Ain Kansra,0.429,Assais,0.8,Taroudant,98.3846731780616,
1179,sahel,Tiznit,1,Arbaa Sahel,0.625,Salé,0.667,Salé,98.42223891810669,
1180,saghro,Tinghir,1,Tinghir,0.462,Maghraoua,0.667,Taza,98.45980465815177,
1181,regragua,Essaouira,1,Sidi Aissa Regragui,0.519,Reggada,0.667,Tiznit,98.49737039819685,
1182,regraga,Al Haouz,1,Agafay,0.462,Reggada,0.714,Tiznit,98.53493613824192,
1183,rass lma,Nador,1,Hassi Berkane,0.476,Ras El Ma,0.824,Berkane,98.572501878287,
1184,rahouana,Nador,1,Selouane,0.5,Lahouaza,0.75,Settat,98.61006761833208,
1185,qd ben aouda,Kénitra,1,Ben Mansour,0.609,Kariat Ben Aouda,0.714,Ouezzane,98.64763335837716,
1186,ouledamghar,Driouch,1,Ourdana,0.556,Oulad Amghar,0.87,Al Hoceïma,98.68519909842225,
1187,oued fes,Fès,1,Fès,0.545,Oued Zem,0.75,Khouribga,98.72276483846731,
1188,oued Kasaba,Taounate,1,Oued Jemaa,0.667,Ouled Aissa,0.727,Taroudant,98.7603305785124,
1189,Ain Chifa,Sefrou,1,Ain Timguenai,0.545,Ain Chkef,0.778,Fès,98.79789631855748,
1190,tizitounte,Chichaoua,1,Ain Tazitounte,0.75,Tiztoutine,0.8,Driouch,98.83546205860256,
1191,tighmatine,Tinghir,1,Tilmi,0.533,Tighmi,0.75,Tiznit,98.87302779864763,
1192,tazintest,Taroudant,1,Tizi N'Test,0.8,Tizi N'Test,0.8,Taroudant,98.91059353869271,
1193,tazakhte,Tinghir,1,Taghzoute N'Ait Atta,0.357,Taznakht,0.875,Ouarzazate,98.94815927873779,
1194,taynza,Tinghir,1,Tinejdad,0.286,Taza,0.8,Taza,98.98572501878287,
1195,tassouit,Tinghir,1,Assoul,0.714,Tassousfi,0.824,Tata,99.02329075882795,
1196,tasouite,Tinghir,1,Assoul,0.571,Tagounite,0.824,Zagora,99.06085649887302,
1197,tarmouchte,Tinghir,1,Outerbat,0.444,Tabaroucht,0.8,Béni Mellal,99.0984222389181,
1198,taoujtat,El Hajeb,1,Agourai,0.533,Tazouta,0.8,Sefrou,99.13598797896319,
1199,taouima,Nador,1,Al Aroui,0.533,Touama,0.769,Marrakech,99.17355371900827,
1200,"A,Y,Ouali",Al Hoceïma,1,Rouadi,0.533,Oualili,0.625,Meknès,99.21111945905335,
1201,"A, Mediona A ,Medoina",Taounate,1,Ain Mediouna,0.545,Ain Mediouna,0.545,Taounate,99.24868519909842,
1202,A s s charkia,Tinghir,1,Ait Sedrate Sahl Charkia,0.703,Ait Sedrate Sahl Charkia,0.703,Tinghir,99.2862509391435,
1203,A s jbel,Tinghir,1,Ait Sedrate Jbel El Oulia,0.485,Bni Sidel Jbel,0.636,Nador,99.32381667918858,
1204,A S jbel sofla,Tinghir,1,Ait Sedrate Jbel El Soufla,0.7,Ait Sedrate Jbel El Soufla,0.7,Tinghir,99.36138241923366,
1205,A S jbel olia,Tinghir,1,Ait Sedrate Jbel El Oulia,0.684,Ait Sedrate Jbel El Oulia,0.684,Tinghir,99.39894815927873,
1206,Houara od rahou,Taza,1,Oulad Bourima,0.5,Houara Oulad Raho,0.875,Guercif,99.43651389932381,
1207,Hors Province,Settat,1,Ras Al Ain,0.435,Sid Zouine,0.348,Marrakech,99.4740796393689,
1208,Hmer Iglalcha,Taroudant,1,Ahmar Laglalcha,0.786,Ahmar Laglalcha,0.786,Taroudant,99.51164537941398,
1209,Hkmiss,Tinghir,1,M'Ssici,0.462,Khémisset,0.667,Khemisset,99.54921111945906,
1210,Hk,Sidi Kacem,1,Tekna,0.286,Chbika,0.5,Tan-Tan,99.58677685950413,
1211,Hidar,Driouch,1,Midar,0.8,Midar,0.8,Driouch,99.62434259954921,
1212,Hey Mohammadi,Béni Mellal,1,Sidi Hammadi,0.64,Mohammédia,0.696,Mohammedia,99.66190833959429,
1213,Hed Mssila,Taza,1,Msila,0.667,H'Ssyia,0.706,Zagora,99.69947407963937,
1214,15Eme Gare,Taza,1,El Gouzate,0.5,M'Garto,0.588,Khouribga,99.73703981968445,
1215,zgangan,Nador,1,Zeghanghane,0.778,Zeghanghane,0.778,Nador,99.77460555972952,
1216,zegota,Sidi Kacem,1,Zaggota,0.769,Zaggota,0.769,Sidi Kacem,99.8121712997746,
1217,zayo,Nador,1,Zaïo,0.75,Zaïo,0.75,Nador,99.84973703981969,
1218,z elbir,Tinghir,1,M'Semrir,0.533,Ksar el-Kebir,0.6,Larache,99.88730277986477,
1219,trik alwahda,Taza,1,Tahla,0.471,Sti Fadma,0.476,Al Haouz,99.92486851990984,
1220,tlat louta,Nador,1,Bni Sidel Louta,0.56,Tazouta,0.706,Sefrou,99.96243425995492,
1221,tkhabecht,Driouch,1,Tafersit,0.471,Tafetachte,0.632,Essaouira,100.0,
