rang,Commune,Province,n_cas,suggestion_meme_province,score_meme_province,suggestion_globale,score_globale,province_suggestion_globale,cumsum_pct,DECISION_HUMAINE
1,Iminoulaoun,Ouarzazate,107,Siroua,0.471,Imi N'Oulaoune,0.88,Azilal,3.102348506813569,
2,Tizgui,Azilal,99,Tisqi,0.545,Touizgui,0.857,Assa-Zag,5.972745723398086,
3,Iminifri,Azilal,43,Tifni,0.462,Sidi Ifni,0.471,Sidi Ifni,7.219483908379241,
4,ait hamd,Tinghir,34,Aït Hani,0.75,Ait Hadi,0.875,Chichaoua,8.20527689185271,
5,Takhsayte,Fquih Ben Salah,33,Tachraft,0.588,Takate,0.8,Essaouira,9.16207596404755,
6,Sarghine,Tinghir,29,Tinghir,0.4,Serghina,0.75,Boulemane,10.002899391127864,
7,Bouzemlan,Taza,29,Bouyablane,0.632,Boulemane,0.778,Boulemane,10.843722818208176,
8,Lamzem,El Kelâa des Sraghna,28,Oulad Amer,0.5,Talzemt,0.615,Boulemane,11.655552334009858,
9,Ait hamd,Tinghir,27,Aït Hani,0.75,Ait Hadi,0.875,Chichaoua,12.438387938532909,
10,ait idir,Tinghir,25,Aït Hani,0.625,Ait Said,0.75,Essaouira,13.163235720498696,
11,Bourmane,Ouarzazate,23,Toundoute,0.471,Boulemane,0.824,Boulemane,13.83009567990722,
12,Ait idir,Tinghir,23,Aït Hani,0.625,Ait Said,0.75,Essaouira,14.496955639315743,
13,Lbrouj,Settat,22,Lahouaza,0.429,El Borouj,0.8,Khouribga,15.134821687445637,
14,Ghdira Hamra,Béni Mellal,22,Sidi Hammadi,0.583,Al Hamra,0.7,Chefchaouen,15.772687735575529,
15,ait tazarine,Tinghir,22,Aït Elfarsi,0.609,Tazarine,0.8,Taza,16.41055378370542,
16,Bouachiba,Azilal,20,Ouaoula,0.5,Boughriba,0.778,Berkane,16.990432009278052,
17,Bouzemlane,Taza,19,Bouyablane,0.7,Boulemane,0.842,Boulemane,17.54131632357205,
18,Boutaghrar,Tinghir,19,Outerbat,0.444,Boughriba,0.737,Berkane,18.09220063786605,
19,Skour,Boulemane,18,Missour,0.667,Meskoura,0.769,Khouribga,18.614091040881416,
20,Zegotta,Sidi Kacem,18,Zaggota,0.714,Zaggota,0.714,Sidi Kacem,19.13598144389678,
21,Tassouit,Tinghir,18,Assoul,0.714,Tassousfi,0.824,Tata,19.657871846912148,
22,Tassouite,Tinghir,17,Assoul,0.667,Tassousfi,0.778,Tata,20.150768338648884,
23,Bab mrouj,Taza,17,Bab Marzouka,0.762,Bab Marzouka,0.762,Taza,20.643664830385617,
24,""" """,Taounate,17,M'tioua,0.2,N'Kob,0.25,Tinghir,21.136561322122354,
25,Ait tazarine,Tinghir,17,Aït Elfarsi,0.609,Tazarine,0.8,Taza,21.62945781385909,
26,Chahid Baha,Sefrou,17,Ahl Sidi Lahcen,0.538,Ait Baha,0.737,Chtouka-Aït Baha,22.122354305595824,
27,Taguela,Azilal,16,Ait Taguella,0.737,Ait Taguella,0.737,Azilal,22.586256886053928,
28,Khenichate,Sidi Kacem,15,Khnichet,0.778,Khnichet,0.778,Sidi Kacem,23.021165555233402,
29,Bani Saden,Sefrou,15,Aït Seghrouchen,0.48,Bni Said,0.778,Tétouan,23.456074224412873,
30,Bni Kolla,Sidi Kacem,15,Bir Taleb,0.444,Bni Quolla,0.842,Ouezzane,23.890982893592344,
31,Tislit,Azilal,15,Tisqi,0.727,Tiglit,0.833,Guelmim,24.32589156277182,
32,sarghine,Tinghir,15,Tinghir,0.4,Serghina,0.75,Boulemane,24.76080023195129,
33,Fariata,Béni Mellal,14,Had Bradia,0.471,Fraita,0.769,El Kelâa des Sraghna,25.16671498985213,
34,"S,A,B,B",Azilal,14,Aït Abbas,0.125,Sabbah,0.615,Skhirate-Témara,25.572629747752973,
35,Beni Sadden,Sefrou,13,Aït Seghrouchen,0.154,Bni Said,0.737,Tétouan,25.949550594375182,
36,Bouzamlane,Taza,13,Bouyablane,0.8,Bouyablane,0.8,Taza,26.32647144099739,
37,Timolilte,Azilal,13,Imlil,0.714,Timoulilt,0.889,Béni Mellal,26.7033922876196,
38,Mzem,El Kelâa des Sraghna,13,Zemrane,0.545,Zemrane,0.545,El Kelâa des Sraghna,27.08031313424181,
39,My Brahim,Al Haouz,13,Moulay Brahim,0.818,Moulay Brahim,0.818,Al Haouz,27.457233980864018,
40,Foum Anser,Béni Mellal,13,Foum El Anceur,0.75,Foum El Anceur,0.75,Béni Mellal,27.834154827486227,
41,Iaazazen,Nador,12,Iaazzanene,0.778,Iaazzanene,0.778,Nador,28.182081762829807,
42,Tdili,Azilal,12,Tisqi,0.6,Tilmi,0.8,Tinghir,28.530008698173383,
43,boutghrar,Tinghir,12,Outerbat,0.588,Boughriba,0.778,Berkane,28.877935633516962,
44,Aderj,Sefrou,12,Ahermoumou,0.4,Adrej,0.8,Boulemane,29.22586256886054,
45,"A,Chefk",Al Haouz,11,Ahl Tifnoute,0.316,Tancherfi,0.625,Jerada,29.544795592925485,
46,Ighilamgone,Tinghir,11,Kalaat M'Gouna,0.48,Ighil N'Oumgoun,0.692,Azilal,29.863728616990432,
47,Iminoulaouen,Ouarzazate,11,Toundoute,0.476,Imi N'Oulaoune,0.846,Azilal,30.18266164105538,
48,Lkhmiss Dades,Tinghir,11,Souk Lakhmis Dades,0.774,Souk Lakhmis Dades,0.774,Tinghir,30.501594665120326,
49,My Bouchta,Taounate,11,Bni Bouchibet,0.609,Moulay Bouchta,0.833,Moulay Yacoub,30.820527689185273,
50,Yasmine,Sidi Kacem,11,Ain Jemaa,0.5,Lahsinate,0.625,Essaouira,31.139460713250216,
51,Tirest,Azilal,11,Tisqi,0.545,Tiflet,0.667,Khemisset,31.458393737315163,
52,kabdani,Driouch,11,Dar El Kebdani,0.571,Tabant,0.615,Azilal,31.77732676138011,
53,Kouacem,Fquih Ben Salah,11,Rouached,0.667,Kouzemt,0.714,Essaouira,32.096259785445056,
54,Tibihit,Béni Mellal,10,Taghzirt,0.4,Tighirt,0.714,Tiznit,32.38619889823137,
55,Bani saden,Sefrou,10,Aït Seghrouchen,0.48,Bni Said,0.778,Tétouan,32.676138011017684,
56,"A,Mediona",Taounate,10,Ain Mediouna,0.762,Médiouna,0.824,Nouaceur,32.966077123804,
57,lekhmiss,Tinghir,10,Souk Lakhmis Dades,0.538,Khémisset,0.706,Khemisset,33.25601623659032,
58,Boujediane,Larache,10,Souaken,0.471,Bou Jedyane,0.857,Ouezzane,33.545955349376634,
59,Ourbiaa,Béni Mellal,10,Naour,0.5,Ourika,0.769,Al Haouz,33.83589446216295,
60,Neknafa,Essaouira,10,Meskala,0.571,Tekna,0.667,Sidi Kacem,34.12583357494926,
61,Bab Mrouj,Taza,10,Bab Marzouka,0.762,Bab Marzouka,0.762,Taza,34.415772687735576,
62,Ait guirte,Azilal,9,Ait Taguella,0.636,Ait Ourir,0.737,Marrakech,34.67671788924326,
63,Kansara,Moulay Yacoub,9,Laajajra,0.533,Mkansa,0.769,Sidi Kacem,34.937663090750945,
64,Lakhemis,Tinghir,9,Souk Lakhmis Dades,0.538,Khémisset,0.706,Khemisset,35.198608292258626,
65,Tisi ousli,Taza,9,Oued Amlil,0.4,Tizi Ouzli,0.8,Driouch,35.45955349376631,
66,Bouzmlne,Taza,9,Bouyablane,0.667,Boulemane,0.706,Boulemane,35.720498695273996,
67,Ain Doreij,Ouezzane,9,Ain Dfali,0.632,Aïn Orma,0.667,Meknès,35.98144389678168,
68,tassouite,Tinghir,9,Assoul,0.667,Tassousfi,0.778,Tata,36.24238909828936,
69,Amsa,Tétouan,9,Azla,0.5,Assa,0.75,Assa-Zag,36.50333429979704,
70,"B,Oulid",Taounate,9,Bni Oulid,0.75,Bni Oulid,0.75,Taounate,36.76427950130473,
71,Mesker,Sidi Kacem,9,Sidi Kacem,0.125,Meskoura,0.714,Khouribga,37.02522470281241,
72,Beni hassen,Azilal,8,Bni Hassane,0.818,Bni Hassane,0.818,Azilal,37.257175993041464,
73,S K,Sidi Kacem,8,Sidi Kacem,0.462,Saka,0.571,Guercif,37.48912728327051,
74,Sahraoua,Sidi Kacem,8,Bab Tiouka,0.444,Maghraoua,0.824,Taza,37.72107857349957,
75,Taouloklot,Chichaoua,8,Taouloukoult,0.818,Taouloukoult,0.818,Chichaoua,37.95302986372862,
76,"Od, Naceur",Fquih Ben Salah,8,Oulad Nacer,0.762,Oulad Nacer,0.762,Fquih Ben Salah,38.18498115395767,
77,Assg,Tinghir,8,Assoul,0.6,Assa,0.75,Assa-Zag,38.41693244418672,
78,Daour Jdid,Fquih Ben Salah,8,Dar Oulad Zidouh,0.538,Oued Jdida,0.7,Meknès,38.648883734415776,
79,Ait Idir,Tinghir,8,Aït Hani,0.625,Ait Said,0.75,Essaouira,38.880835024644824,
80,Ouad Elbour,Chichaoua,8,Oued L'Bour,0.818,Oued L'Bour,0.818,Chichaoua,39.11278631487388,
81,Tizqui,Azilal,8,Tisqi,0.727,Tisqi,0.727,Azilal,39.34473760510293,
82,Zaouia,Sidi Kacem,8,Zaggota,0.615,Mzoudia,0.769,Chichaoua,39.57668889533198,
83,El Kelaa,El Kelâa des Sraghna,8,El Aamria,0.588,Hel Merbaa,0.667,Fquih Ben Salah,39.80864018556103,
84,Ighilnoumgoune,Tinghir,7,Ikniouen,0.455,Ighil N'Oumgoun,0.897,Azilal,40.011597564511455,
85,Hsseya,Tinghir,7,Toudgha Essoufla,0.364,H'Ssyia,0.769,Zagora,40.21455494346187,
86,Lakhmiss Dadès,Ouarzazate,7,Ghassate,0.455,Souk Lakhmis Dades,0.812,Tinghir,40.41751232241229,
87,Menara,Al Haouz,7,Amghras,0.462,Mnasra,0.833,Kénitra,40.620469701362715,
88,ait yassine,Tinghir,7,Ait Ouassif,0.727,Ait Yadine,0.857,Khemisset,40.82342708031313,
89,"Q,militaire",Taza,7,Msila,0.5,Mzilate,0.556,Chichaoua,41.026384459263554,
90,hanchan,Essaouira,7,El Hanchane,0.778,El Hanchane,0.778,Essaouira,41.229341838213976,
91,Chtioui,Fquih Ben Salah,7,Bni Oukil,0.5,Tiouli,0.769,Jerada,41.4322992171644,
92,Tikiouine,Agadir-Ida Ou Tanane,7,Imsouane,0.588,Tizounine,0.778,Tata,41.635256596114814,
93,Dar kebdani,Nador,7,Arekmane,0.526,Dar El Kebdani,0.88,Driouch,41.83821397506524,
94,imzilne,Tinghir,7,Imider,0.615,Idmine,0.769,Agadir-Ida Ou Tanane,42.04117135401566,
95,Bab Wandar,Taounate,7,Jbabra,0.5,Bab Taza,0.667,Chefchaouen,42.244128732966075,
96,Somaa,Béni Mellal,7,Oulad Gnaou,0.375,Smara,0.8,Es-Semara,42.4470861119165,
97,Sebbab,Taza,7,Smià,0.4,Assebbab,0.857,Guercif,42.65004349086692,
98,S Y B Z,Taounate,7,Sidi Yahya Bni Zeroual,0.483,Sidi Yahya Bni Zeroual,0.483,Taounate,42.853000869817336,
99,tabrkhachte,Tinghir,7,Souk Lakhmis Dades,0.345,Tamchachate,0.727,El Hajeb,43.05595824876776,
100,Beni sadden,Sefrou,7,Aït Seghrouchen,0.154,Bni Said,0.737,Tétouan,43.25891562771818,
101,lbrouj,Settat,7,Lahouaza,0.429,El Borouj,0.8,Khouribga,43.4618730066686,
102,Tizentest,Taroudant,6,Tizi N'Test,0.8,Tizi N'Test,0.8,Taroudant,43.63583647434039,
103,Municipalité,Tétouan,6,Mallalienne,0.435,Mzilate,0.526,Chichaoua,43.80979994201218,
104,amajaw,Driouch,6,Amejjaou,0.571,Majjat,0.667,Chichaoua,43.98376340968397,
105,slilou,Tinghir,6,Assoul,0.5,Smimou,0.667,Essaouira,44.157726877355756,
106,"A,chefk",Al Haouz,6,Ahl Tifnoute,0.316,Tancherfi,0.625,Jerada,44.331690345027546,
107,Bin jradi,Taza,6,Bab Boudir,0.421,Bir Jdid,0.706,Nouaceur,44.505653812699336,
108,Ras Alma,Moulay Yacoub,6,Moulay Abdelkrim,0.417,Ras El Ma,0.824,Berkane,44.67961728037112,
109,Sk,Sidi Kacem,6,Sidi Kacem,0.333,Saka,0.667,Guercif,44.85358074804291,
110,B.Bouayach,Al Hoceïma,6,Bni Bouayach,0.818,Bni Bouayach,0.818,Al Hoceïma,45.0275442157147,
111,B.Mellal,Béni Mellal,6,Beni Mellal,0.737,Beni Mellal,0.737,Béni Mellal,45.20150768338649,
112,Ghorm El Alem,Béni Mellal,6,Foum El Anceur,0.593,Laghoualem,0.609,Benslimane,45.37547115105828,
113,O Akalay,Agadir-Ida Ou Tanane,6,Adaghas,0.4,Saadla,0.571,Safi,45.54943461873007,
114,Boutaghrar,Fquih Ben Salah,6,Tachraft,0.556,Boughriba,0.737,Berkane,45.72339808640186,
115,"Bouzemlane,c",Taza,6,Bouyablane,0.636,Boulemane,0.762,Boulemane,45.89736155407365,
116,B.bouayach,Al Hoceïma,6,Bni Bouayach,0.818,Bni Bouayach,0.818,Al Hoceïma,46.07132502174543,
117,Ait Idir,Ouarzazate,6,Ait Oumdis,0.667,Ait Said,0.75,Essaouira,46.24528848941722,
118,"S,Redoune",Ouezzane,6,Sidi Redouane,0.727,Sidi Redouane,0.727,Ouezzane,46.41925195708901,
119,Bouazayer,Azilal,6,Taounza,0.5,Ouazzane,0.706,Ouezzane,46.5932154247608,
120,A S Jbel sofla,Tinghir,6,Ait Sedrate Jbel El Soufla,0.7,Ait Sedrate Jbel El Soufla,0.7,Tinghir,46.76717889243259,
121,M.B.Mellal,Béni Mellal,6,Beni Mellal,0.667,Beni Mellal,0.667,Béni Mellal,46.94114236010438,
122,Al wahda,Taza,6,Outat El Haj,0.4,Lahdar,0.714,Youssoufia,47.11510582777617,
123,Ajdir,Taza,6,Bab Boudir,0.533,Ajdir 2,0.833,Al Hoceïma,47.28906929544796,
124,"s,redouane",Ouezzane,6,Sidi Redouane,0.783,Sidi Redouane,0.783,Ouezzane,47.46303276311974,
125,Ghar Nhal,Béni Mellal,6,Had Bradia,0.421,Hjar Ennhal,0.8,Tanger-Assilah,47.63699623079153,
126,Ait Tazarin,Tinghir,5,Aït Elfarsi,0.636,Tazarine,0.737,Taza,47.78196578718469,
127,Bssabssa,Taounate,5,Messassa,0.75,Messassa,0.75,Taounate,47.926935343577846,
128,Oulad Harti,Larache,5,Oulad Ouchih,0.696,Oulad Chrif,0.818,Taza,48.071904899971,
129,Menara,Chichaoua,5,Majjat,0.5,Mnasra,0.833,Kénitra,48.21687445636417,
130,Dhar,Essaouira,5,Had Dra,0.545,Adar,0.75,Tata,48.361844012757324,
131,Al ouhda,Taza,5,El Gouzate,0.556,Al Oued,0.8,Chefchaouen,48.50681356915048,
132,A.Medouna,Taounate,5,Ain Mediouna,0.762,Médiouna,0.824,Nouaceur,48.65178312554364,
133,A.Y.Ouali,Al Hoceïma,5,Rouadi,0.533,Oualili,0.625,Meknès,48.796752681936795,
134,Kabdani,Driouch,5,Dar El Kebdani,0.571,Tabant,0.615,Azilal,48.94172223832995,
135,ait brahim,Tinghir,5,Aït Hani,0.667,Ait Baha,0.778,Chtouka-Aït Baha,49.08669179472311,
136,c boumalne,Tinghir,5,Boumalne Dadès,0.667,Boulemane,0.737,Boulemane,49.231661351116266,
137,Farkhana,Nador,5,Arekmane,0.625,Argana,0.714,Taroudant,49.37663090750942,
138,Al quods,Taza,5,Bab Boudir,0.444,Al Oued,0.667,Chefchaouen,49.52160046390258,
139,A.Taourirt,Al Hoceïma,5,Arbaa Taourirt,0.75,Taourirt,0.889,Taourirt,49.66657002029574,
140,Beni Garfat,Larache,5,Bni Garfett,0.818,Bni Garfett,0.818,Larache,49.811539576688894,
141,Ait Atab,Azilal,5,Aït Abbas,0.706,Ait Taleb,0.824,Rehamna,49.95650913308205,
142,Taghgigt,Guelmim,5,Tiglit,0.571,Taghzirt,0.75,Béni Mellal,50.10147868947521,
143,Kelaa,El Kelâa des Sraghna,5,El Aamria,0.571,Melaab,0.727,Errachidia,50.246448245868365,
144,Rhouazi,Taounate,5,Rghioua,0.714,Ghouazi,0.857,Moulay Yacoub,50.39141780226152,
145,Bibane,Taounate,5,El Bibane,0.8,El Bibane,0.8,Taounate,50.536387358654686,
146,sekoura,Sefrou,5,Sefrou,0.615,Meskoura,0.8,Khouribga,50.68135691504784,
147,tighrmatine,Tinghir,5,Tilmi,0.5,Ighzrane,0.737,Taza,50.826326471441,
148,"A,Maatouf",Taounate,5,Ain Maatouf,0.8,Ain Maatouf,0.8,Taounate,50.97129602783416,
149,kansara,Moulay Yacoub,5,Laajajra,0.533,Mkansa,0.769,Sidi Kacem,51.116265584227314,
150,Taouima,Nador,5,Al Aroui,0.533,Touama,0.769,Marrakech,51.26123514062047,
151,B.E.O,Azilal,5,Bin El Ouidane,0.316,Bzou,0.444,El Kelâa des Sraghna,51.40620469701363,
152,Bouzmlane,Taza,5,Bouyablane,0.737,Boulemane,0.778,Boulemane,51.551174253406785,
153,H K,Sidi Kacem,5,Sidi Kacem,0.308,N'Kob,0.5,Tinghir,51.69614380979994,
154,Ait brahim,Tinghir,4,Aït Hani,0.667,Ait Baha,0.778,Chtouka-Aït Baha,51.812119454914466,
155,Z . Cheikh,Béni Mellal,4,Oulad M'Barek,0.348,Zaouiat Cheikh,0.667,Khénifra,51.928095100029,
156,Iwariden,Azilal,4,Aït Majden,0.556,Mibladen,0.625,Midelt,52.04407074514352,
157,Hajra,Béni Mellal,4,Had Bradia,0.533,Anjra,0.8,Fahs-Anjra,52.160046390258046,
158,tabrkhacht,Tinghir,4,Outerbat,0.333,Tabaroucht,0.7,Béni Mellal,52.27602203537257,
159,tazitount,Chichaoua,4,Ain Tazitounte,0.783,Ain Tazitounte,0.783,Chichaoua,52.391997680487094,
160,A S S gharbia,Tinghir,4,Ait Sedrate Sahl El Gharbia,0.65,Had Al Gharbia,0.741,Tanger-Assilah,52.507973325601625,
161,"A,Aicha",Taounate,4,Aïn Aïcha,0.75,Ayacha,0.769,Larache,52.62394897071615,
162,"S,Redouane",Ouezzane,4,Sidi Redouane,0.783,Sidi Redouane,0.783,Ouezzane,52.739924615830674,
163,Rk,Guercif,4,Saka,0.333,Zarkat,0.5,Taounate,52.8559002609452,
164,AS jberl,Tinghir,4,Assoul,0.429,Sidi Jaber,0.667,Béni Mellal,52.97187590605973,
165,tabrkhcht,Tinghir,4,Outerbat,0.353,Tabaroucht,0.737,Béni Mellal,53.08785155117425,
166,"A,Mediouna",Taounate,4,Ain Mediouna,0.818,Médiouna,0.889,Nouaceur,53.20382719628878,
167,Binlwidane,Azilal,4,Bin El Ouidane,0.75,Bin El Ouidane,0.75,Azilal,53.3198028414033,
168,Ras lma,Moulay Yacoub,4,Sidi El Abed,0.105,Ras El Ma,0.875,Berkane,53.43577848651783,
169,Sarghin,Tinghir,4,Tinghir,0.429,Serghina,0.8,Boulemane,53.55175413163236,
170,Beni Aros,Larache,4,Bni Garfett,0.6,Bni Arouss,0.842,Tétouan,53.66772977674688,
171,laamarcha,Settat,4,Dar Chaffai,0.5,Laamamra,0.824,Chichaoua,53.783705421861406,
172,Babmrouj,Taza,4,Bab Marzouka,0.7,Bab Marzouka,0.7,Taza,53.89968106697594,
173,ighilnoumgoune,Tinghir,4,Ikniouen,0.455,Ighil N'Oumgoun,0.897,Azilal,54.01565671209046,
174,Passage,Chichaoua,4,Gmassa,0.615,Assa,0.727,Assa-Zag,54.131632357204985,
175,Jyarine,Taza,4,Barkine,0.714,Barkine,0.714,Taza,54.24760800231951,
176,Syba,Al Haouz,4,Sidi Badhaj,0.4,Sbouya,0.6,Sidi Ifni,54.36358364743404,
177,Bourached,Taza,4,Bouchfaa,0.588,Rouached,0.824,Fquih Ben Salah,54.479559292548565,
178,Boumlne,Ouarzazate,4,Toundoute,0.5,Boulemane,0.75,Boulemane,54.59553493766309,
179,Skhinate,Fès,4,Sidi Hrazem,0.421,Skhirate,0.875,Skhirate-Témara,54.71151058277761,
180,Skoura,Taounate,4,Ourtzagh,0.571,Meskoura,0.857,Khouribga,54.827486227892145,
181,B.S.jbel,Nador,4,Bni Sidel Jbel,0.545,Jbiel,0.615,El Kelâa des Sraghna,54.94346187300667,
182,Takerkoust,Al Haouz,4,Lalla Takarkoust,0.692,Tamegroute,0.7,Zagora,55.05943751812119,
183,Ouled Abdellah,Fquih Ben Salah,4,Oulad Fares El Halla,0.588,Oulad Salah,0.72,Nouaceur,55.17541316323572,
184,Ait Hamd,Tinghir,4,Aït Hani,0.75,Ait Hadi,0.875,Chichaoua,55.29138880835025,
185,Kolla,Larache,4,Souk Tolba,0.533,Kechoula,0.615,Chichaoua,55.40736445346477,
186,Ait Hamou Ousaid,Tinghir,4,Ait Ouassif,0.593,Ait Haddou Youssef,0.706,Taroudant,55.5233400985793,
187,Agoudid,Azilal,4,Agoudi N'Lkhair,0.545,Agoudim,0.857,Midelt,55.63931574369382,
188,Tichibite,Azilal,4,Tisqi,0.429,Chaibate,0.706,El Jadida,55.75529138880835,
189,Tigoudar,Essaouira,4,Lagdadra,0.5,Tigouga,0.8,Taroudant,55.87126703392288,
190,Ghorm El Alam,Béni Mellal,4,Foum El Anceur,0.519,Sour El Aaz,0.667,El Kelâa des Sraghna,55.9872426790374,
191,Guéliz,Tinghir,4,Ouaklim,0.462,Guelmim,0.769,Guelmim,56.103218324151925,
192,Ighilamgoune,Tinghir,4,Kalaat M'Gouna,0.538,Ighil N'Oumgoun,0.741,Azilal,56.219193969266456,
193,15 Eme Gare,Taza,4,El Gouzate,0.476,Oulad El Garne,0.56,El Kelâa des Sraghna,56.33516961438098,
194,Bkakcha,Settat,4,Dar Chaffai,0.444,Brikcha,0.714,Ouezzane,56.451145259495505,
195,Lahmadna,El Kelâa des Sraghna,4,Hiadna,0.714,Lahsasna,0.75,Berrechid,56.56712090461003,
196,Alqods,Agadir-Ida Ou Tanane,4,Aqesri,0.5,Al Oued,0.615,Chefchaouen,56.68309654972456,
197,ait h ousaid,Tinghir,4,Aït Hani,0.7,Ait Said,0.8,Essaouira,56.799072194839084,
198,boukerra,Ouezzane,4,Bou Jedyane,0.526,Boukraa,0.8,Laâyoune,56.91504783995361,
199,ait abdoune,Tinghir,4,Ait Youl,0.632,Ait Yadine,0.762,Khemisset,57.03102348506813,
200,Ait h said,Tinghir,4,Aït Hani,0.778,Ait Said,0.889,Essaouira,57.146999130182664,
201,Hcia,Tinghir,4,M'Ssici,0.364,Zghira,0.6,Ouezzane,57.26297477529719,
202,Alouahda,Taza,4,Oulad Zbair,0.526,Lounasda,0.75,El Kelâa des Sraghna,57.37895042041171,
203,M.I.B.D,Azilal,4,Moulay Aissa Ben Driss,0.276,Mibladen,0.533,Midelt,57.494926065526236,
204,Boutghrah,Tinghir,4,Outerbat,0.588,Boughriba,0.778,Berkane,57.61090171064077,
205,Ouled Mbarek,Fquih Ben Salah,4,Oulad Zmam,0.636,Oulad M'Barek,0.88,Béni Mellal,57.72687735575529,
206,Ihchach,Agadir-Ida Ou Tanane,3,Ait Aissi Ihahane,0.333,Tichla,0.615,Aousserd,57.81385908959118,
207,Iknioune,Ouarzazate,3,Toundoute,0.471,Ikniouen,0.875,Tinghir,57.90084082342708,
208,Hdr,Guercif,3,Debdou,0.222,Lahdar,0.667,Youssoufia,57.98782255726297,
209,Hay mohamadi,Agadir-Ida Ou Tanane,3,Agadir,0.444,Mohammédia,0.636,Mohammedia,58.07480429109887,
210,"A,chefkaoui",Al Haouz,3,Askaouen,0.526,Dar Chaoui,0.667,Tanger-Assilah,58.16178602493476,
211,A. taourirt,Al Hoceïma,3,Arbaa Taourirt,0.8,Taourirt,0.842,Taourirt,58.24876775877066,
212,Bit goulem,Taza,3,Bni Lent,0.556,Sebt Gzoula,0.667,Safi,58.33574949260655,
213,15éme GARE,Taza,3,El Gouzate,0.5,M'Garto,0.588,Khouribga,58.422731226442444,
214,Mesmoda,Ouezzane,3,Masmouda,0.8,Masmouda,0.8,Ouezzane,58.50971296027834,
215,Medina,Al Haouz,3,Oukaimeden,0.5,Médiouna,0.857,Nouaceur,58.596694694114234,
216,Mansoura,Chefchaouen,3,Bni Mansour,0.737,Mançoura,0.875,Taounate,58.68367642795013,
217,"M,Bouchta",Taounate,3,Bouhouda,0.588,Bouchfaa,0.706,Taza,58.770658161786024,
218,ait idr,Tinghir,3,Aït Hani,0.667,Ait Said,0.8,Essaouira,58.85763989562192,
219,Jamila,Fquih Ben Salah,3,Bejaad,0.5,Msila,0.727,Taza,58.944621629457814,
220,Haouafate,Sidi Kacem,3,Chbanate,0.588,Al Haouafate,0.857,Sidi Slimane,59.031603363293705,
221,Kamoune,Béni Mellal,3,Naour,0.5,Zaïtoune,0.667,Tétouan,59.1185850971296,
222,Walili,Meknès,3,Oualili,0.769,Talilit,0.769,Driouch,59.205566830965495,
223,berraka,Nador,3,Hassi Berkane,0.5,Braksa,0.769,Khouribga,59.29254856480139,
224,My brahim,Al Haouz,3,Moulay Brahim,0.818,Moulay Brahim,0.818,Al Haouz,59.379530298637285,
225,b.chiker,Nador,3,Beni Chiker,0.737,Beni Chiker,0.737,Nador,59.46651203247318,
226,Foum er,Béni Mellal,3,Foum El Anceur,0.667,Foum Jemaa,0.706,El Kelâa des Sraghna,59.553493766309074,
227,My Idriss,Meknès,3,Moulay Idriss Zarhoun,0.6,Moulay Idriss Zarhoun,0.6,Meknès,59.64047550014497,
228,As jbel olia,Tinghir,3,Ferkla El Oulia,0.667,Ras El Ma,0.667,Berkane,59.727457233980864,
229,ait slimane,Tinghir,3,Aït Hani,0.632,Sidi Slimane,0.783,Sidi Slimane,59.814438967816756,
230,Menara,Tinghir,3,Imider,0.5,Mnasra,0.833,Kénitra,59.901420701652654,
231,Ait mraou,Tinghir,3,Ait Youl,0.706,Aït Kamra,0.778,Al Hoceïma,59.988402435488545,
232,Ait yassine,Tinghir,3,Ait Ouassif,0.727,Ait Yadine,0.857,Khemisset,60.075384169324444,
233,ait s jbel,Tinghir,3,Ait Sedrate Jbel El Oulia,0.571,Bni Sidel Jbel,0.667,Nador,60.162365903160335,
234,agouidir,Chichaoua,3,Ighoud,0.571,Agoudim,0.8,Midelt,60.249347636996234,
235,MunicipalitéBM,Béni Mellal,3,Tilougguite,0.32,Bni Tadjite,0.48,Errachidia,60.336329370832125,
236,Municipalité,Nador,3,Beni Chiker,0.435,Mzilate,0.526,Chichaoua,60.42331110466802,
237,Lalla Aicha,Sidi Kacem,3,Bab Tiouka,0.19,Laagagcha,0.7,Sidi Bennour,60.510292838503915,
238,Hay Mohamadi,Agadir-Ida Ou Tanane,3,Agadir,0.444,Mohammédia,0.636,Mohammedia,60.597274572339806,
239,Mbarek El bakay,Sefrou,3,Dar El Hamra,0.593,Dar El Hamra,0.593,Sefrou,60.684256306175705,
240,boumalne k,Tinghir,3,Boumalne Dadès,0.75,Boumalne Dadès,0.75,Tinghir,60.771238040011596,
241,"Ol,DAOUD",Taounate,3,Oulad Daoud,0.737,Oulad Daoud,0.737,Taounate,60.858219773847495,
242,Tibihite,Béni Mellal,3,Tilougguite,0.526,Tighirt,0.667,Tiznit,60.945201507683386,
243,Tighboula,Béni Mellal,3,Timoulilt,0.556,Tigouga,0.75,Taroudant,61.032183241519284,
244,Od Youssef,Settat,3,Guisser,0.471,Ouled Youssef,0.87,Fquih Ben Salah,61.119164975355176,
245,B.Abdellah,Al Hoceïma,3,Bni Abdellah,0.818,Bni Abdellah,0.818,Al Hoceïma,61.20614670919107,
246,Taddert,Guercif,3,Tissaf,0.308,Taddart,0.857,Taza,61.293128443026966,
247,boutaghrar,Tinghir,3,Outerbat,0.444,Boughriba,0.737,Berkane,61.38011017686286,
248,Ouizghet,Taounate,3,Ourtzagh,0.625,Ouizeght,0.875,Midelt,61.467091910698755,
249,Ait Tazarine,Tinghir,3,Aït Elfarsi,0.609,Tazarine,0.8,Taza,61.55407364453465,
250,Laanoucer,Sefrou,3,Laanoussar,0.737,Laanoussar,0.737,Sefrou,61.641055378370545,
251,Oued Laabid,Azilal,3,Agoudi N'Lkhair,0.538,Oued Naam,0.7,Errachidia,61.72803711220644,
252,Oulad L'Harti,Larache,3,Oulad Ouchih,0.64,Oulad Chrif,0.75,Taza,61.81501884604233,
253,Tassouite,Ouarzazate,3,Tansifte,0.706,Tassousfi,0.778,Tata,61.90200057987823,
254,Gouzat,Taza,3,El Gouzate,0.75,El Gouzate,0.75,Taza,61.98898231371412,
255,Ghorm el alam,Béni Mellal,3,Foum El Anceur,0.519,Sour El Aaz,0.667,El Kelâa des Sraghna,62.075964047550016,
256,Kebdani,Driouch,3,Dar El Kebdani,0.667,Dar El Kebdani,0.667,Driouch,62.16294578138591,
257,Barraca,Nador,3,Bouarg,0.462,Brachoua,0.667,Skhirate-Témara,62.249927515221806,
258,Slilou,Tinghir,3,Assoul,0.5,Smimou,0.667,Essaouira,62.3369092490577,
259,B.chiker,Nador,3,Beni Chiker,0.737,Beni Chiker,0.737,Nador,62.42389098289359,
260,Bab M'rouj,Taza,3,Bab Marzouka,0.727,Bab Marzouka,0.727,Taza,62.51087271672949,
261,B.ensar,Nador,3,Beni Ansar,0.706,Beni Ansar,0.706,Nador,62.59785445056538,
262,Si a ben brahim,Azilal,3,Aït Abbas,0.5,Si Hsaien Ben Abderrahmane,0.683,El Jadida,62.68483618440128,
263,ighrmloulne,Tinghir,3,Aghbalou N'Kerdous,0.483,Tighedouine,0.636,Al Haouz,62.77181791823717,
264,Senhaja,Sefrou,3,Dar El Hamra,0.421,Senada,0.769,Al Hoceïma,62.85879965207307,
265,R'Ghiwa,Taounate,3,Rghioua,0.714,Rghioua,0.714,Taounate,62.94578138590896,
266,Sidi ahmed tadli,Sefrou,3,Sidi Youssef Ben Ahmed,0.526,Sidi Ahmed El Khadir,0.778,El Kelâa des Sraghna,63.03276311974486,
267,Sekoura,Sefrou,3,Sefrou,0.615,Meskoura,0.8,Khouribga,63.11974485358075,
268,Beni Gorfat,Larache,3,Bni Garfett,0.727,Bni Garfett,0.727,Larache,63.20672658741664,
269,Ben cheikh,Al Haouz,3,Ouneine,0.353,Beni Chiker,0.762,Nador,63.29370832125254,
270,Rquen,Tinghir,3,Ikniouen,0.462,Tafraouten,0.533,Taroudant,63.38069005508843,
271,Sidi A Tadeli,Sefrou,3,Ahl Sidi Lahcen,0.5,Sidi Al Kamel,0.769,Sidi Slimane,63.46767178892433,
272,Sidi Ahmed Bouheddane,Ouezzane,3,Sidi Redouane,0.706,Sidi Ahmed Ou Amar,0.718,Taroudant,63.55465352276022,
273,Bouazier,Azilal,3,Bin El Ouidane,0.455,Bouarg,0.714,Nador,63.64163525659612,
274,tansgharte,Tinghir,3,Tinghir,0.588,Tamanarte,0.737,Assa-Zag,63.72861699043201,
275,Jiyarine,Taza,3,Barkine,0.667,Bni Yagrine,0.737,Settat,63.8155987242679,
276,segangan,Nador,3,Zeghanghane,0.737,Zeghanghane,0.737,Nador,63.9025804581038,
277,Jnan ward,Fès,3,Ain Kansra,0.421,Ain Harrouda,0.571,Médiouna,63.98956219193969,
278,S.Kacem,Sidi Kacem,3,Sidi Kacem,0.706,Sidi Kacem,0.706,Sidi Kacem,64.07654392577558,
279,Sais,Fès,3,Ain Kansra,0.429,Assais,0.8,Taroudant,64.16352565961148,
280,Safsaf,Sidi Kacem,3,Selfat,0.333,Sefsaf,0.833,Sidi Slimane,64.25050739344738,
281,S/R,Ouezzane,3,Sidi Bousber,0.4,Smara,0.5,Es-Semara,64.33748912728328,
282,Bouargane,Agadir-Ida Ou Tanane,3,Imsouane,0.588,Ouirgane,0.824,Al Haouz,64.42447086111916,
283,A h said,Tinghir,3,Ferkla Es-Soufla,0.417,Ait Said,0.75,Essaouira,64.51145259495506,
284,zte sidi kacem,Tétouan,3,Zaouiat Sidi Kacem,0.812,Sidi Kacem,0.833,Sidi Kacem,64.59843432879096,
285,wardana,Driouch,3,Ourdana,0.714,Argana,0.769,Taroudant,64.68541606262684,
286,zaouit nogart,Tinghir,2,Ait Ouassif,0.5,Zaouiat Saiss,0.615,Sidi Bennour,64.74340388518411,
287,zouagha,Fès,2,Louadaine,0.5,Ounagha,0.857,Essaouira,64.80139170774137,
288,A chefk,Al Haouz,2,Ahl Tifnoute,0.316,Ain Chkef,0.75,Fès,64.85937953029864,
289,"A, kansara",Moulay Yacoub,2,Laajajra,0.556,Ain Kansra,0.8,Fès,64.9173673528559,
290,sidi ahmed tadli,Sefrou,2,Sidi Youssef Ben Ahmed,0.526,Sidi Ahmed El Khadir,0.778,El Kelâa des Sraghna,64.97535517541316,
291,sidi h o hamd,Essaouira,2,Sidi H'Mad Ou Hamed,0.812,Sidi H'Mad Ou Hamed,0.812,Essaouira,65.03334299797042,
292,A H Said,Tinghir,2,Ferkla Es-Soufla,0.417,Ait Said,0.75,Essaouira,65.09133082052769,
293,Segangan,Nador,2,Zeghanghane,0.737,Zeghanghane,0.737,Nador,65.14931864308495,
294,Bni wanjel,Taounate,2,Bni Rzine,0.632,Bni Zrantel,0.762,Béni Mellal,65.20730646564222,
295,Bnisadden,Sefrou,2,Ahl Sidi Lahcen,0.333,Bni Said,0.706,Tétouan,65.26529428819948,
296,S.M.B.L,Taounate,2,Bouadel,0.286,Mibladen,0.4,Midelt,65.32328211075674,
297,S.Redouane,Sidi Kacem,2,Oulad Nouel,0.476,Sidi Redouane,0.783,Ouezzane,65.381269933314,
298,Sab,Azilal,2,Tabia,0.5,Sabbah,0.667,Skhirate-Témara,65.43925775587127,
299,Sab,Moulay Yacoub,2,Sidi El Abed,0.4,Sabbah,0.667,Skhirate-Témara,65.49724557842853,
300,S'Rima,Taounate,2,Rghioua,0.462,Rima,0.8,Settat,65.5552334009858,
301,"S,Fasma",Al Haouz,2,Sti Fadma,0.625,Sti Fadma,0.625,Al Haouz,65.61322122354305,
302,S-A-Ouhamd,Essaouira,2,Sidi H'Mad Ou Hamed,0.69,Sidi H'Mad Ou Hamed,0.69,Essaouira,65.67120904610032,
303,Ribat Elkher,Sefrou,2,Dar El Hamra,0.5,Mers El Kheir,0.64,Skhirate-Témara,65.72919686865758,
304,S A Hamd,Essaouira,2,Sidi H'Mad Ou Hamed,0.593,Ras Ain Rhamna,0.636,Marrakech,65.78718469121485,
305,"Sidi A,Tadli",Sefrou,2,Ahl Sidi Lahcen,0.444,Sidi Ali,0.8,Zagora,65.84517251377211,
306,Sidi Abdelaziz,Sidi Slimane,2,Sidi Al Kamel,0.593,Sidi Abdeljalil,0.828,Safi,65.90316033632936,
307,Bensergao,Agadir-Ida Ou Tanane,2,Idmine,0.133,El Kansera,0.632,Khemisset,65.96114815888663,
308,Bensergao,Ouarzazate,2,Amerzgane,0.444,El Kansera,0.632,Khemisset,66.0191359814439,
309,Bit Ghoulam,Taza,2,Tahla,0.5,Sebt Gzoula,0.727,Safi,66.07712380400116,
310,Sbab,Guercif,2,Assebbab,0.667,Assebbab,0.667,Guercif,66.13511162655843,
311,Sebab,Guercif,2,Assebbab,0.769,Assebbab,0.769,Guercif,66.19309944911569,
312,Bouhmed,Chefchaouen,2,Tabouda,0.571,Bouhmame,0.8,Sidi Bennour,66.25108727167294,
313,Boukora,Ouezzane,2,Bni Oual,0.533,Bouskoura,0.875,Nouaceur,66.30907509423021,
314,Boukorra,Ouezzane,2,Kalaat Booqorra,0.522,Bouskoura,0.824,Nouaceur,66.36706291678748,
315,Boukourra,Ouezzane,2,Kalaat Booqorra,0.5,Bouskoura,0.889,Nouaceur,66.42505073934474,
316,Qods,Taza,2,Oued Amlil,0.286,Adis,0.5,Tata,66.483038561902,
317,Qods1,Taza,2,Oued Amlil,0.267,Adis,0.444,Tata,66.54102638445926,
318,Ras Alam,Moulay Yacoub,2,Sebt Loudaya,0.2,Ras Al Ain,0.778,Settat,66.59901420701652,
319,RassLoued,Taounate,2,Ras El Oued,0.8,Ras El Oued,0.8,Taounate,66.65700202957379,
320,Oum bakht,Béni Mellal,2,Oulad M'Barek,0.636,Ait Oum El Bekht,0.64,Khénifra,66.71498985213105,
321,Ourbiâa,Béni Mellal,2,Naour,0.5,Ourika,0.769,Al Haouz,66.77297767468832,
322,Syba,Chichaoua,2,Saidate,0.364,Sbouya,0.6,Sidi Ifni,66.83096549724557,
323,Bencharrou,Béni Mellal,2,Naour,0.533,Ben Maachou,0.667,El Jadida,66.88895331980284,
324,Beni Gorfet,Larache,2,Bni Garfett,0.818,Bni Garfett,0.818,Larache,66.9469411423601,
325,Skhinat,Fès,2,Ain Bida,0.4,Skhirate,0.8,Skhirate-Témara,67.00492896491737,
326,Sgangan,Nador,2,Zeghanghane,0.667,Sgamna,0.769,Khouribga,67.06291678747463,
327,Barraka,Nador,2,Arekmane,0.4,Braksa,0.769,Khouribga,67.1209046100319,
328,Bel,Sidi Kacem,2,Selfat,0.444,Jbiel,0.75,El Kelâa des Sraghna,67.17889243258915,
329,Ben Yazgha,Sefrou,2,Mtarnagha,0.526,Beni Ftah,0.632,Taza,67.23688025514642,
330,Somâa,Béni Mellal,2,Oulad Gnaou,0.375,Smara,0.8,Es-Semara,67.29486807770368,
331,Souk laarbaa,Kénitra,2,Oulad Slama,0.522,Souk Tolba,0.727,Larache,67.35285590026095,
332,Taoujtat,El Hajeb,2,Agourai,0.533,Tazouta,0.8,Sefrou,67.41084372281821,
333,B.bouayach II,Al Hoceïma,2,Bni Bouayach,0.72,Bni Bouayach,0.72,Al Hoceïma,67.46883154537547,
334,B.hadifa,Al Hoceïma,2,Bni Hadifa,0.778,Bni Hadifa,0.778,Al Hoceïma,67.52681936793273,
335,Tabrkhachet,Tinghir,2,Souk Lakhmis Dades,0.345,Tabaroucht,0.667,Béni Mellal,67.58480719049,
336,Tadout,Boulemane,2,Talzemt,0.462,Tazouta,0.769,Sefrou,67.64279501304726,
337,Taglafte,Azilal,2,Tanant,0.571,Tagleft,0.8,Béni Mellal,67.70078283560453,
338,"Q,Industriel",Agadir-Ida Ou Tanane,2,Aqesri,0.444,Tindine,0.526,Taroudant,67.75877065816178,
339,Bouzemalne,Taza,2,Bouyablane,0.7,Boulemane,0.842,Boulemane,67.81675848071905,
340,B.Hmed,Chefchaouen,2,Bni Ahmed Gharbia,0.435,Ben Ahmed,0.667,Khouribga,67.87474630327631,
341,B.S. louta,Nador,2,Bni Sidel Louta,0.64,Louta,0.667,Al Hoceïma,67.93273412583358,
342,Tarmast,Fquih Ben Salah,2,Tachraft,0.667,Tarmigt,0.714,Ouarzazate,67.99072194839084,
343,Tasouit,Tinghir,2,Assoul,0.615,Tarsouat,0.8,Chtouka-Aït Baha,68.04870977094811,
344,Tessa,Taounate,2,Tissa,0.8,Tissa,0.8,Taounate,68.10669759350536,
345,Takerkouste,Al Haouz,2,Lalla Takarkoust,0.667,Tamegroute,0.762,Zagora,68.16468541606262,
346,Chouiter,Al Haouz,2,Tighedouine,0.526,Aïn Chouater,0.7,Errachidia,68.22267323861989,
347,Oulad-Tahar,Taounate,2,Oulad Daoud,0.636,Oulad Amghar,0.87,Al Hoceïma,68.28066106117716,
348,Ouled Boukhadou,Fquih Ben Salah,2,Ouled Bourahmoune,0.75,Oulad Boughadi,0.759,Khouribga,68.33864888373442,
349,Ouald Bder,Ouezzane,2,Moulay Abdelkader,0.593,Oulad Berhil,0.727,Taroudant,68.39663670629167,
350,Oued Romman,Meknès,2,Oued Jdida,0.571,Oued Ifrane,0.727,Khénifra,68.45462452884894,
351,Oued elabid,Azilal,2,Ouaoula,0.444,Oued Laou,0.7,Tétouan,68.5126123514062,
352,Ouidane,Al Haouz,2,Ouirgane,0.8,Al Ouidane,0.824,Marrakech,68.57060017396347,
353,B'sabsa,Taounate,2,El Bsabsa,0.75,El Bsabsa,0.75,Taounate,68.62858799652074,
354,"B,Ounjel",Taounate,2,Bouadel,0.667,Bouadel,0.667,Taounate,68.68657581907799,
355,B.Bch,Al Hoceïma,2,Bni Bouayach,0.471,Sabbah,0.545,Skhirate-Témara,68.74456364163525,
356,Timskalte,Tinghir,2,Tilmi,0.429,Takate,0.667,Essaouira,68.80255146419252,
357,B.Boufrah,Al Hoceïma,2,Bni Boufrah,0.8,Bni Boufrah,0.8,Al Hoceïma,68.86053928674978,
358,Cmsu,Agadir-Ida Ou Tanane,2,Imsouane,0.5,Missour,0.545,Boulemane,68.91852710930705,
359,Od Soltane,Sidi Kacem,2,Oulad Nouel,0.476,Dar Oum Soltane,0.72,Meknès,68.97651493186432,
360,Od Tahar,Taounate,2,Oued Jemaa,0.556,Oulad Amghar,0.7,Al Hoceïma,69.03450275442157,
361,Od Ziane,Fquih Ben Salah,2,Oulad Zmam,0.556,Ouled Zidane,0.8,Berrechid,69.09249057697883,
362,Oel Bousalham,Taounate,2,El Bsabsa,0.636,Moulay Bousselham,0.733,Larache,69.1504783995361,
363,Oled Bder,Ouezzane,2,Moulay Abdelkader,0.538,Ouled Zidane,0.667,Berrechid,69.20846622209336,
364,Od Barkate,Fquih Ben Salah,2,Ouled Bourahmoune,0.444,Oulad Amrane,0.636,Youssoufia,69.26645404465063,
365,Od Mbark,Béni Mellal,2,Oulad M'Barek,0.762,Oulad M'Barek,0.762,Béni Mellal,69.32444186720788,
366,Darksdani,Driouch,2,Dar El Kebdani,0.696,Dar El Kebdani,0.696,Driouch,69.38242968976515,
367,Dg,Sidi Kacem,2,Zaggota,0.222,Madagh,0.5,Berkane,69.44041751232241,
368,As s charkia,Tinghir,2,Ait Sedrate Sahl Charkia,0.611,Meknassa Acharqia,0.621,Taza,69.49840533487968,
369,Azlaf,Driouch,2,Tleta Azlef,0.5,Azla,0.889,Tétouan,69.55639315743694,
370,B S jbel,Nador,2,Bni Sidel Jbel,0.727,Bni Sidel Jbel,0.727,Nador,69.6143809799942,
371,Toufist,Al Hoceïma,2,Targuist,0.667,Tounfit,0.857,Midelt,69.67236880255146,
372,Z'Rizar,Taounate,2,Zrizer,0.769,Zrizer,0.769,Taounate,69.73035662510873,
373,Tizagui,Azilal,2,Tisqi,0.5,Touizgui,0.8,Assa-Zag,69.78834444766599,
374,B'Sabsa,Taounate,2,El Bsabsa,0.75,El Bsabsa,0.75,Taounate,69.84633227022326,
375,My thami,Ouezzane,2,Masmouda,0.375,Tamri,0.615,Agadir-Ida Ou Tanane,69.90432009278052,
376,"My,Bouchta",Taounate,2,Bouhouda,0.556,Moulay Bouchta,0.75,Moulay Yacoub,69.96230791533777,
377,Médina,Al Haouz,2,Oukaimeden,0.5,Médiouna,0.857,Nouaceur,70.02029573789504,
378,"N°6830,Sidi Belkacem",Inezgane-Aït Melloul,2,Sidi Bibi,0.429,Sidi Kacem,0.69,Sidi Kacem,70.0782835604523,
379,Mezguitem,Guercif,2,Mazguitam,0.778,Mezguita,0.824,Ouarzazate,70.13627138300957,
380,Mly Hassan,Tétouan,2,Bni Arouss,0.4,Massa,0.667,Tiznit,70.19425920556684,
381,Mokrissat,Chefchaouen,2,Moqrisset,0.778,Moqrisset,0.778,Chefchaouen,70.25224702812409,
382,Mokrisset,Ouezzane,2,Lamrabih,0.353,Moqrisset,0.889,Chefchaouen,70.31023485068135,
383,Amria 2,Béni Mellal,2,Had Bradia,0.471,Lamrija,0.714,Guercif,70.36822267323862,
384,Aoulos,Taroudant,2,Aoulouz,0.769,Aoulouz,0.769,Taroudant,70.42621049579589,
385,Arroui,Nador,2,Al Aroui,0.714,Azrou,0.727,Ifrane,70.48419831835315,
386,As Jbel,Tinghir,2,Assoul,0.462,Jbiel,0.667,El Kelâa des Sraghna,70.5421861409104,
387,ait boamrane,Tinghir,2,Aït Hani,0.6,Ait Naamane,0.783,El Hajeb,70.60017396346767,
388,ait boullal,Tinghir,2,Ait Youl,0.737,Ait Ouallal,0.909,Zagora,70.65816178602493,
389,Zerhoune,Meknès,2,Ouislane,0.5,Mzefroune,0.824,Ouezzane,70.7161496085822,
390,ain bziz,Meknès,2,Aïn Orma,0.5,Ain Sbit,0.75,Khemisset,70.77413743113947,
391,As jbel sofla,Tinghir,2,Ait Sedrate Jbel El Soufla,0.667,Ait Sedrate Jbel El Soufla,0.667,Tinghir,70.83212525369673,
392,Douar Chems,Ouarzazate,2,Skoura Ahl El Oust,0.483,Rouached,0.632,Fquih Ben Salah,70.89011307625398,
393,Douar Oulad Mkadem,Guelmim,2,Aouint Yghomane,0.242,Houara Oulad Raho,0.686,Guercif,70.94810089881125,
394,Menara,Ouarzazate,2,Afra,0.6,Mnasra,0.833,Kénitra,71.00608872136851,
395,Menara,Taroudant,2,Lamhara,0.615,Mnasra,0.833,Kénitra,71.06407654392578,
396,Mesker,Ouezzane,2,Moulay Abdelkader,0.435,Meskoura,0.714,Khouribga,71.12206436648304,
397,Medina,El Kelâa des Sraghna,2,Hiadna,0.5,Médiouna,0.857,Nouaceur,71.1800521890403,
398,Meghasseine,Meknès,2,Mrhassiyine,0.727,Mrhassiyine,0.727,Meknès,71.23804001159756,
399,Meknassa,Taza,2,Meknassa Acharqia,0.64,Massa,0.769,Tiznit,71.29602783415483,
400,ait h said,Tinghir,2,Aït Hani,0.778,Ait Said,0.889,Essaouira,71.3540156567121,
401,ait hamou oussaid,Tinghir,2,Ait Ouassif,0.643,Ait Haddou Youssef,0.743,Taroudant,71.41200347926936,
402,ait harouit,Tinghir,2,Aït Hani,0.737,Ait Hammou,0.762,Rehamna,71.46999130182661,
403,ait kassi,Tinghir,2,Ait Ouassif,0.8,Ait Ouassif,0.8,Tinghir,71.52797912438388,
404,Alhaouz,Al Haouz,2,Tahannaout,0.588,Haouza,0.769,Es-Semara,71.58596694694114,
405,Alouhda,Taza,2,Bouchfaa,0.533,Tabouda,0.714,Chefchaouen,71.64395476949841,
406,Alwahda,Taza,2,Tahla,0.5,Lahdar,0.769,Youssoufia,71.70194259205567,
407,Amria,Béni Mellal,2,Had Bradia,0.533,Lamrija,0.833,Guercif,71.75993041461292,
408,Menara,Béni Mellal,2,Naour,0.545,Mnasra,0.833,Kénitra,71.81791823717019,
409,Draa,Azilal,2,Rfala,0.667,Drargua,0.727,Inezgane-Aït Melloul,71.87590605972746,
410,El Kassam,Settat,2,Oulad Saïd,0.421,El Kansera,0.737,Khemisset,71.93389388228472,
411,Marenienne,Fès,2,Louadaine,0.421,Mallalienne,0.667,Tétouan,71.99188170484199,
412,Marigha,Al Haouz,2,Amghras,0.571,Mtarnagha,0.75,Sefrou,72.04986952739925,
413,Marinienne,Fès,2,Ain Bida,0.444,Mallalienne,0.667,Tétouan,72.1078573499565,
414,Marjane,Meknès,2,Majjate,0.714,Zemrane,0.714,El Kelâa des Sraghna,72.16584517251377,
415,Mazrawa,Taounate,2,Mezraoua,0.667,Smara,0.667,Es-Semara,72.22383299507104,
416,M.Bmellal,Béni Mellal,2,Beni Mellal,0.7,Beni Mellal,0.7,Béni Mellal,72.2818208176283,
417,Ennakhil,Al Haouz,2,Ighil,0.462,Ben Khlil,0.706,Tan-Tan,72.33980864018557,
418,Ait majber,Tinghir,2,Aït Elfarsi,0.571,Aït Majden,0.8,Azilal,72.39779646274282,
419,Ait oum bakht,Béni Mellal,2,Ait Ouqabli,0.583,Ait Oum El Bekht,0.828,Khénifra,72.45578428530008,
420,ait ouffi,Tinghir,2,Ait Youl,0.706,Ait Ourir,0.778,Marrakech,72.51377210785735,
421,ait wahi,Tinghir,2,Aït Hani,0.75,Ait Said,0.75,Essaouira,72.57175993041461,
422,akdim,Tinghir,2,Ouaklim,0.667,Aklim,0.8,Berkane,72.62974775297188,
423,ait driss,Tinghir,2,Ait Ouassif,0.6,Ait Oumdis,0.737,Ouarzazate,72.68773557552913,
424,ait gmate,Tinghir,2,Aït Hani,0.588,Ait Mait,0.824,Driouch,72.7457233980864,
425,Ennakhil,Rehamna,2,Ait Taleb,0.118,Ben Khlil,0.706,Tan-Tan,72.80371122064366,
426,F.Anceur,Béni Mellal,2,Foum El Anceur,0.636,Foum El Anceur,0.636,Béni Mellal,72.86169904320093,
427,Fansseur,Béni Mellal,2,Foum El Anceur,0.545,Aousserd,0.625,Aousserd,72.9196868657582,
428,Lkhmis,Tinghir,2,Tilmi,0.545,Khémisset,0.667,Khemisset,72.97767468831546,
429,Lkrakra,Settat,2,Oulad Freiha,0.316,Laqraqra,0.667,Fquih Ben Salah,73.03566251087271,
430,M kellat magouna,Tinghir,2,Kalaat M'Gouna,0.733,Kalaat M'Gouna,0.733,Tinghir,73.09365033342998,
431,M'kanssa,Taounate,2,Kissane,0.533,Mkansa,0.857,Sidi Kacem,73.15163815598724,
432,Lakmis,Tinghir,2,Tilmi,0.545,Lamssid,0.615,Boujdour,73.20962597854451,
433,chahid baha,Sefrou,2,Ahl Sidi Lahcen,0.538,Ait Baha,0.737,Chtouka-Aït Baha,73.26761380110177,
434,Ait atab,Azilal,2,Aït Abbas,0.706,Ait Taleb,0.824,Rehamna,73.32560162365903,
435,bni enssar,Nador,2,Beni Ansar,0.8,Beni Ansar,0.8,Nador,73.38358944621629,
436,bouchair,Settat,2,Oulad Sghir,0.526,Bouqachmir,0.778,Khemisset,73.44157726877356,
437,akdim ait mraou,Tinghir,2,Ait Youl,0.522,Sebt Aït Rahou,0.621,Khemisset,73.49956509133082,
438,bab mrouj,Taza,2,Bab Marzouka,0.762,Bab Marzouka,0.762,Taza,73.55755291388809,
439,Feriata,Béni Mellal,2,Boutferda,0.5,Fraita,0.769,El Kelâa des Sraghna,73.61554073644534,
440,Fersiou,Ouezzane,2,Teroual,0.571,Tafersit,0.667,Driouch,73.6735285590026,
441,Gfifat,Taroudant,2,Freija,0.5,Lagfifat,0.857,Chtouka-Aït Baha,73.73151638155987,
442,Koka si Moussa,Settat,2,Zaouiat Sidi Ben Hamdoun,0.474,Sidi Moussa,0.72,El Kelâa des Sraghna,73.78950420411714,
443,Kolea,Inezgane-Aït Melloul,2,Ouled Teima,0.5,Boulemane,0.571,Boulemane,73.8474920266744,
444,Krakra,Settat,2,Rima,0.4,Hrara,0.727,Safi,73.90547984923167,
445,Krona,Driouch,2,Ourdana,0.5,Tekna,0.6,Sidi Kacem,73.96346767178892,
446,Laamoucha,Settat,2,Lahouaza,0.588,Laaouama,0.706,Tanger-Assilah,74.02145549434618,
447,Ait Sawane,Ouarzazate,2,Ait Zineb,0.632,Ait Naamane,0.762,El Hajeb,74.07944331690345,
448,hadkouret,Sidi Kacem,2,Taoughilt,0.444,Had Kourt,0.889,Ouezzane,74.13743113946072,
449,hay salam kelaa,Tinghir,2,Ait Sedrate Sahl El Gharbia,0.476,Had Al Gharbia,0.483,Tanger-Assilah,74.19541896201798,
450,iazaneen,Nador,2,Iaazzanene,0.778,Iaazzanene,0.778,Nador,74.25340678457523,
451,boumardoul,Tinghir,2,Bou Azmou,0.632,Bouarouss,0.737,Taounate,74.3113946071325,
452,bouzmlane,Taza,2,Bouyablane,0.737,Boulemane,0.778,Boulemane,74.36938242968976,
453,"k,militaire",Taza,2,Msila,0.5,Mzilate,0.556,Chichaoua,74.42737025224703,
454,khmiss dadaes,Tinghir,2,Souk Lakhmis Dades,0.71,Souk Lakhmis Dades,0.71,Tinghir,74.4853580748043,
455,ibrghoussne,Tinghir,2,Ait Ouassif,0.455,Tighedouine,0.636,Al Haouz,74.54334589736155,
456,ida ouguerd,Essaouira,2,Aguerd,0.706,Ida Ougoummad,0.75,Al Haouz,74.60133371991881,
457,igheram amazdar,Tinghir,2,Ait Sedrate Sahl Charkia,0.41,M'Saada,0.545,Sidi Slimane,74.65932154247608,
458,ighramloule,Tinghir,2,Toudgha El Oulia,0.519,Ighzrane,0.632,Taza,74.71730936503334,
459,ighramloulne,Tinghir,2,Aghbalou N'Kerdous,0.533,Ighzrane,0.7,Taza,74.77529718759061,
460,Laaouina,Azilal,2,Taounza,0.667,Laaouinate,0.889,Jerada,74.83328501014788,
461,Ghorm Alem,Béni Mellal,2,Oulad M'Barek,0.435,Laghoualem,0.7,Benslimane,74.89127283270513,
462,Guèliz,Tinghir,2,Ouaklim,0.462,Guelmim,0.769,Guelmim,74.94926065526239,
463,Khlalta,Fquih Ben Salah,2,Fkih Ben Salah,0.381,Khlalfa,0.857,Taounate,75.00724847781966,
464,senhaja,Sefrou,2,Dar El Hamra,0.421,Senada,0.769,Al Hoceïma,75.06523630037692,
465,Aait adel,Al Haouz,2,Sti Fadma,0.444,Ait Aadel,0.889,El Kelâa des Sraghna,75.12322412293419,
466,my bouchta,Taounate,2,Bni Bouchibet,0.609,Moulay Bouchta,0.833,Moulay Yacoub,75.18121194549144,
467,old taher,Taounate,2,Oulad Daoud,0.5,Oulad Amer,0.737,El Kelâa des Sraghna,75.2391997680487,
468,ouarchdik,Tinghir,2,Ouaklim,0.5,Rouached,0.706,Fquih Ben Salah,75.29718759060597,
469,magaz kelaa,Tinghir,2,Aït Elfarsi,0.455,Melaab,0.588,Errachidia,75.35517541316324,
470,mecheraa laine,Taroudant,2,Machraa El Ain,0.786,Machraa El Ain,0.786,Taroudant,75.4131632357205,
471,merna,Tinghir,2,Imider,0.545,Merija,0.727,Jerada,75.47115105827775,
472,mezguitem,Guercif,2,Mazguitam,0.778,Mezguita,0.824,Ouarzazate,75.52913888083502,
473,tansghart,Tinghir,2,Tinghir,0.625,Tanougha,0.706,Béni Mellal,75.58712670339229,
474,A.taourirt,Al Hoceïma,2,Arbaa Taourirt,0.75,Taourirt,0.889,Taourirt,75.64511452594955,
475,"s,yahya/zeroual",Taounate,2,Sidi Yahya Bni Zeroual,0.757,Sidi Yahya Bni Zeroual,0.757,Taounate,75.70310234850682,
476,saiss,Fès,2,Ain Kansra,0.4,Assaisse,0.769,Ouarzazate,75.76109017106408,
477,Hamria,Moulay Yacoub,2,Charqaoua,0.533,Lamrija,0.769,Guercif,75.81907799362133,
478,Hay Elmohammadi,Agadir-Ida Ou Tanane,2,Agadir,0.381,Mohammédia,0.64,Mohammedia,75.8770658161786,
479,Isskssi,Azilal,2,Tisqi,0.5,Isseksi,0.857,Béni Mellal,75.93505363873587,
480,J Melha,Sidi Kacem,2,Selfat,0.462,Jorf El Melha,0.7,Ouezzane,75.99304146129313,
481,Jiyarin,Taza,2,Jbarna,0.615,Bni Yagrine,0.667,Settat,76.0510292838504,
482,Igraouen,Khouribga,2,Mrizigue,0.5,Imaouen,0.8,Taroudant,76.10901710640765,
483,Ikaouen,Al Hoceïma,2,Imzouren,0.667,Imaouen,0.857,Taroudant,76.16700492896491,
484,A H oyahya,Tinghir,2,Aït Hani,0.444,Ait Yahya,0.737,Midelt,76.22499275152218,
485,A S Jbel,Tinghir,2,Ait Sedrate Jbel El Oulia,0.485,Bni Sidel Jbel,0.636,Nador,76.28298057407945,
486,tarmoucht,Tinghir,2,Bou Azmou,0.444,Tabaroucht,0.842,Béni Mellal,76.34096839663671,
487,tasouit,Tinghir,2,Assoul,0.615,Tarsouat,0.8,Chtouka-Aït Baha,76.39895621919396,
488,tlat boubker,Driouch,2,Oulad Boubker,0.8,Oulad Boubker,0.8,Driouch,76.45694404175123,
489,tissli,Tinghir,2,Tilmi,0.727,Tissint,0.769,Tata,76.5149318643085,
490,tazzakht,Tinghir,2,Outerbat,0.375,Taznakht,0.875,Ouarzazate,76.57291968686576,
491,tibihite,Béni Mellal,2,Tilougguite,0.526,Tighirt,0.667,Tiznit,76.63090750942303,
492,tigoudar,Essaouira,2,Lagdadra,0.5,Tigouga,0.8,Taroudant,76.68889533198029,
493,tisli,Tinghir,1,Tilmi,0.8,Tisqi,0.8,Azilal,76.71788924325891,
494,tighmatine,Tinghir,1,Tilmi,0.533,Tighmi,0.75,Tiznit,76.74688315453754,
495,tazintest,Taroudant,1,Tizi N'Test,0.8,Tizi N'Test,0.8,Taroudant,76.77587706581618,
496,tazakhte,Tinghir,1,Taghzoute N'Ait Atta,0.357,Taznakht,0.875,Ouarzazate,76.80487097709481,
497,A s s charkia,Tinghir,1,Ait Sedrate Sahl Charkia,0.703,Ait Sedrate Sahl Charkia,0.703,Tinghir,76.83386488837344,
498,"A, Mediona A ,Medoina",Taounate,1,Ain Mediouna,0.545,Ain Mediouna,0.545,Taounate,76.86285879965207,
499,sidi A Tadeli,Sefrou,1,Ahl Sidi Lahcen,0.5,Sidi Al Kamel,0.769,Sidi Slimane,76.8918527109307,
500,sidi A Tadeli Lalal yaza,Sefrou,1,Dar El Hamra,0.389,Sidi Allal Tazi,0.667,Kénitra,76.92084662220934,
501,sidi ahmed hamed,Essaouira,1,Sidi H'Mad Ou Hamed,0.743,Sidi H'Mad Ou Hamed,0.743,Essaouira,76.94984053348797,
502,sidi ahmed tadli,Meknès,1,Oued Jdida,0.308,Sidi Ahmed El Khadir,0.778,El Kelâa des Sraghna,76.9788344447666,
503,sidi kamel,Larache,1,Sidi Lyamani,0.636,Sidi Al Kamel,0.87,Sidi Slimane,77.00782835604522,
504,"sidi med b,lahcen",Taounate,1,Sidi M'Hamed Ben Lahcen,0.8,Sidi M'Hamed Ben Lahcen,0.8,Taounate,77.03682226732386,
505,takkad,Chtouka-Aït Baha,1,Tabia,0.545,Akka,0.8,Tata,77.06581617860249,
506,tamlalte,Tinghir,1,Imilchil,0.375,Tamallalt,0.824,El Kelâa des Sraghna,77.09481008988112,
507,"A,Y,Ouali",Al Hoceïma,1,Rouadi,0.533,Oualili,0.625,Meknès,77.12380400115975,
508,"A,taourirt",Al Hoceïma,1,Arbaa Taourirt,0.75,Taourirt,0.889,Taourirt,77.15279791243839,
509,A. Taorirt,Al Hoceïma,1,Arbaa Taourirt,0.75,Taourirt,0.778,Taourirt,77.18179182371702,
510,A.D.C,Sidi Kacem,1,Sidi Kacem,0.267,Agdz,0.444,Ouarzazate,77.21078573499565,
511,A.Gdah,Taounate,1,Ain Legdah,0.625,Madagh,0.667,Berkane,77.23977964627429,
512,A.ali Youssef,Al Hoceïma,1,Aït Youssef Ou Ali,0.645,Oulad Ali Youssef,0.8,Boulemane,77.26877355755292,
513,Hay elyasmine,Sidi Kacem,1,Chbanate,0.286,Ras El Ain,0.609,Youssoufia,77.29776746883155,
514,Hay hassani,Al Haouz,1,Assaki,0.588,Bni Hassane,0.636,Azilal,77.32676138011017,
515,Hay khatabi rue 4 n°32,Nador,1,Hassi Berkane,0.353,Al Kharroub,0.375,Tétouan,77.3557552913888,
516,Hdida,Tinghir,1,Tinejdad,0.462,Haddada,0.667,Kénitra,77.38474920266744,
517,Hed Mssila,Taza,1,Msila,0.667,H'Ssyia,0.706,Zagora,77.41374311394607,
518,Hey Mohammadi,Béni Mellal,1,Sidi Hammadi,0.64,Mohammédia,0.696,Mohammedia,77.4427370252247,
519,Hidar,Driouch,1,Midar,0.8,Midar,0.8,Driouch,77.47173093650333,
520,Hk,Sidi Kacem,1,Tekna,0.286,Chbika,0.5,Tan-Tan,77.50072484778197,
521,Hkmiss,Tinghir,1,M'Ssici,0.462,Khémisset,0.667,Khemisset,77.5297187590606,
522,Hmer Iglalcha,Taroudant,1,Ahmar Laglalcha,0.786,Ahmar Laglalcha,0.786,Taroudant,77.55871267033923,
523,Hors Province,Settat,1,Ras Al Ain,0.435,Sid Zouine,0.348,Marrakech,77.58770658161787,
524,Houara od rahou,Taza,1,Oulad Bourima,0.5,Houara Oulad Raho,0.875,Guercif,77.6167004928965,
525,Houciema,Al Hoceïma,1,Al Hoceïma,0.667,Haouzia,0.667,El Jadida,77.64569440417512,
526,Idaouguelloule,Essaouira,1,Sidi El Jazouli,0.483,Ida Ou Guelloul,0.897,Agadir-Ida Ou Tanane,77.67468831545375,
527,Idaouzemzeme,Essaouira,1,Ida Ou Aazza,0.583,Ida Ou Moumen,0.64,Taroudant,77.70368222673238,
528,Idaouzemzème,Essaouira,1,Ida Ou Aazza,0.583,Ida Ou Moumen,0.64,Taroudant,77.73267613801102,
529,Jiha-Soufla,Taounate,1,Thar Es-Souk,0.522,Toudgha Essoufla,0.667,Tinghir,77.76167004928965,
530,Ighrmloulne,Tinghir,1,Aghbalou N'Kerdous,0.483,Tighedouine,0.636,Al Haouz,77.79066396056828,
531,Ihchach,Essaouira,1,El Hanchane,0.444,Tichla,0.615,Aousserd,77.81965787184691,
532,Ihoudjine,Azilal,1,Imi N'Oulaoune,0.435,Bigoudine,0.778,Taroudant,77.84865178312555,
533,Ihoudjjine,Azilal,1,Imi N'Oulaoune,0.417,Bigoudine,0.737,Taroudant,77.87764569440418,
534,Ijfi,Driouch,1,Ifarni,0.6,Tifni,0.667,Azilal,77.90663960568281,
535,Ikhourba,Béni Mellal,1,Boutferda,0.471,Khouribga,0.824,Khouribga,77.93563351696143,
536,Imgharne,Ouarzazate,1,Idelsane,0.5,Ighzrane,0.75,Taza,77.96462742824006,
537,Imgoune,Taroudant,1,Bigoudine,0.75,Imsouane,0.8,Agadir-Ida Ou Tanane,77.9936213395187,
538,Imouzar Kendr,Sefrou,1,Imouzzer Kandar,0.786,Imouzzer Kandar,0.786,Sefrou,78.02261525079733,
539,Hay Maurice,Inezgane-Aït Melloul,1,Ait Melloul,0.364,Ait Ouribel,0.545,Khemisset,78.05160916207596,
540,Hay Mohammadi,Béni Mellal,1,Sidi Hammadi,0.64,Mohammédia,0.696,Mohammedia,78.0806030733546,
541,Hay Salam,Meknès,1,Ait Yaazem,0.526,Had Soualem,0.7,Nouaceur,78.10959698463323,
542,Hay Sidi Daoud,Inezgane-Aït Melloul,1,Oulad Dahou,0.56,Ait Sidi Daoud,0.857,Marrakech,78.13859089591186,
543,Hay Taslouine,Agadir-Ida Ou Tanane,1,Imsouane,0.476,Taliouine,0.727,Tata,78.1675848071905,
544,Hay eljadid,Larache,1,Bahhara Oulad Ayad,0.483,El Jadida,0.7,El Jadida,78.19657871846913,
545,Hana,El Kelâa des Sraghna,1,Hiadna,0.8,Hiadna,0.8,El Kelâa des Sraghna,78.22557262974776,
546,Haouara,Taza,1,Maghraoua,0.625,Laouamra,0.8,Larache,78.25456654102638,
547,Haoura,Guercif,1,Bouchaouene,0.471,Harhoura,0.857,Skhirate-Témara,78.28356045230501,
548,Hay Alfarah Im 14 N°5,Agadir-Ida Ou Tanane,1,Ait Aissi Ihahane,0.216,Moulay Brahim,0.485,Al Haouz,78.31255436358364,
549,Hay Jadid,Sidi Kacem,1,Ain Jemaa,0.444,El Jadida,0.667,El Jadida,78.34154827486228,
550,Hay Korsi Rue Almasjid,Taroudant,1,Sidi Abdellah Ou Said,0.419,Ksar al Majaz,0.457,Fahs-Anjra,78.37054218614091,
551,Imzilne,Tinghir,1,Imider,0.615,Idmine,0.769,Agadir-Ida Ou Tanane,78.39953609741954,
552,Irguita,Taroudant,1,Igli,0.545,Tizguite,0.667,Ifrane,78.42853000869817,
553,Issakssi,Azilal,1,Tisqi,0.462,Isseksi,0.8,Béni Mellal,78.45752391997681,
554,Iwareden,Azilal,1,Aït Majden,0.556,Mibladen,0.625,Midelt,78.48651783125544,
555,Jabriénne,Ouezzane,1,Aïn Béida,0.333,Jabria,0.667,Sidi Bennour,78.51551174253407,
556,Jamaat Lamrasla,Safi,1,Lamrasla,0.696,Lamrasla,0.696,Safi,78.5445056538127,
557,Jamat sidi ghayat,Al Haouz,1,Sidi Badhaj,0.5,Zaouiat Sidi Hamza,0.686,Midelt,78.57349956509132,
558,Jemeât old mimoun,Moulay Yacoub,1,Oulad Mimoun,0.621,Oulad Mimoun,0.621,Moulay Yacoub,78.60249347636996,
559,Jerf lmlha,Sidi Kacem,1,Ain Jemaa,0.421,Jorf El Melha,0.783,Ouezzane,78.63148738764859,
560,Jida,Tinghir,1,Tinejdad,0.5,Jaidate,0.727,Marrakech,78.66048129892722,
561,Jnan Ward,Fès,1,Ain Kansra,0.421,Ain Harrouda,0.571,Médiouna,78.68947521020586,
562,Jnan kastiyine,Larache,1,Ksar el-Kebir,0.296,Mrhassiyine,0.56,Meknès,78.71846912148449,
563,Jnan nokbi,Fès,1,Ain Bida,0.556,Jnane Bouih,0.667,Youssoufia,78.74746303276312,
564,K.Tadla,Béni Mellal,1,Kasba Tadla,0.667,Tamda,0.667,Rehamna,78.77645694404175,
565,K_Ba_Mohamed,Taounate,1,Sidi Haj M’hamed,0.519,Karia Ba Mohamed,0.714,Moulay Yacoub,78.80545085532039,
566,Kaa Assrass,Chefchaouen,1,Al Hamra,0.421,Assaisse,0.632,Ouarzazate,78.83444476659902,
567,Kalaa Magoune,Ouarzazate,1,Amerzgane,0.364,Kalaat M'Gouna,0.815,Tinghir,78.86343867787764,
568,Kalaa Sraghna,El Kelâa des Sraghna,1,El Kelâat Es-Sraghna,0.727,El Kelâat Es-Sraghna,0.727,El Kelâa des Sraghna,78.89243258915627,
569,Kalaa-Ourache,Taounate,1,Abdelghaya Souahel,0.645,Larache,0.7,Larache,78.9214265004349,
570,Karoil,Azilal,1,Azilal,0.5,Martil,0.667,Tétouan,78.95042041171354,
571,Hachane,Essaouira,1,El Hanchane,0.778,El Hanchane,0.778,Essaouira,78.97941432299217,
572,Had Sidi Abdellah,Rehamna,1,Sidi Abdallah,0.8,Sidi Abdallah,0.8,Rehamna,79.0084082342708,
573,Had msila,Taza,1,Msila,0.714,Msila,0.714,Taza,79.03740214554944,
574,Hal Merbea,Fquih Ben Salah,1,Hel Merbaa,0.8,Hel Merbaa,0.8,Fquih Ben Salah,79.06639605682807,
575,Hamd,Tinghir,1,Imider,0.4,Tamda,0.667,Rehamna,79.0953899681067,
576,Hamria,Taounate,1,Zarkat,0.5,Lamrija,0.769,Guercif,79.12438387938533,
577,Guéliz,Al Hoceïma,1,Targuist,0.429,Guelmim,0.769,Guelmim,79.15337779066397,
578,Guéliz,Taza,1,Oued Amlil,0.5,Guelmim,0.769,Guelmim,79.18237170194259,
579,H.Mohamadi,Béni Mellal,1,Sidi Hammadi,0.545,Mohammédia,0.7,Mohammedia,79.21136561322122,
580,H.Mohmadi,Béni Mellal,1,Sidi Hammadi,0.571,Mohammédia,0.632,Mohammedia,79.24035952449985,
581,Karouel,Azilal,1,Taounza,0.429,Tazroute,0.667,Chefchaouen,79.26935343577848,
582,Kcebia,Sidi Slimane,1,Kceibya,0.769,Kceibya,0.769,Sidi Slimane,79.29834734705712,
583,Kebdani,Nador,1,Iksane,0.462,Dar El Kebdani,0.667,Driouch,79.32734125833575,
584,"Kelaat M,",Tinghir,1,Kalaat M'Gouna,0.609,Kalaat M'Gouna,0.609,Tinghir,79.35633516961438,
585,Khandak Zeboua,Tétouan,1,Al Kharroub,0.4,Had Boumoussa,0.593,Fquih Ben Salah,79.38532908089302,
586,Kharba,Chtouka-Aït Baha,1,Tabia,0.545,Hrara,0.727,Safi,79.41432299217165,
587,Khmalca,Taounate,1,Khlalfa,0.714,Khlalfa,0.714,Taounate,79.44331690345028,
588,Khmis Anjra,Fahs-Anjra,1,Anjra,0.625,Khmis Ksiba,0.636,Rehamna,79.47231081472891,
589,Khmiss AitAmira,Chtouka-Aït Baha,1,Ait Mzal,0.348,Ait Amira,0.667,Inezgane-Aït Melloul,79.50130472600753,
590,Khmiss Anjra,Chefchaouen,1,Bni Mansour,0.348,Kissane,0.632,Taounate,79.53029863728617,
591,Khmiss anjra,Fahs-Anjra,1,Anjra,0.588,Kissane,0.632,Taounate,79.5592925485648,
592,Kmis Anjra,Fahs-Anjra,1,Anjra,0.667,Anjra,0.667,Fahs-Anjra,79.58828645984343,
593,Foum Anseur,Béni Mellal,1,Foum El Anceur,0.8,Foum El Anceur,0.8,Béni Mellal,79.61728037112206,
594,Foum anseur,Béni Mellal,1,Foum El Anceur,0.8,Foum El Anceur,0.8,Béni Mellal,79.6462742824007,
595,Fraoua,Sidi Kacem,1,Zirara,0.5,Arbaoua,0.769,Larache,79.67526819367933,
596,Ghafsey,Taounate,1,Ghafsai,0.714,Ghafsai,0.714,Taounate,79.70426210495796,
597,Ghiyata gharb,Taza,1,Ghiata Al Gharbia,0.8,Ghiata Al Gharbia,0.8,Taza,79.7332560162366,
598,Kssibat,Chefchaouen,1,Tassift,0.571,Khmis Ksiba,0.667,Rehamna,79.76224992751523,
599,Kssibiya,Sidi Kacem,1,Sidi Kacem,0.444,Kceibya,0.667,Sidi Slimane,79.79124383879385,
600,L Foukani,Driouch,1,Ifarni,0.533,El Gouraani,0.7,Youssoufia,79.82023775007248,
601,L'Habita,Sefrou,1,Dar El Hamra,0.5,Lgharbia,0.75,Sidi Bennour,79.84923166135111,
602,Laabiate,Sidi Slimane,1,Nouirate,0.5,Laaouinate,0.778,Jerada,79.87822557262974,
603,Laai chikh,Nador,1,Beni Chiker,0.571,Zaouiat Cheikh,0.667,Khénifra,79.90721948390838,
604,Laari Chikh,Taounate,1,Aïn Aïcha,0.5,Zaouiat Cheikh,0.64,Khénifra,79.93621339518701,
605,Gourziana,Taounate,1,Ourtzagh,0.588,Ourdana,0.75,Driouch,79.96520730646564,
606,Gueldaman,Taza,1,Galdamane,0.778,Galdamane,0.778,Taza,79.99420121774428,
607,Guèliz,Al Haouz,1,Iguidi,0.5,Guelmim,0.769,Guelmim,80.02319512902291,
608,Guéliz,Al Haouz,1,Iguidi,0.5,Guelmim,0.769,Guelmim,80.05218904030154,
609,M bekay,Sefrou,1,Imouzzer Kandar,0.364,M'Haya,0.615,Moulay Yacoub,80.08118295158017,
610,M'Hannech,Tétouan,1,Mallalienne,0.5,M'Hajer,0.625,Driouch,80.1101768628588,
611,M'Hirija,Guercif,1,Lamrija,0.667,Merija,0.714,Jerada,80.13917077413743,
612,M'Sasa,Taounate,1,Messassa,0.714,M'Saada,0.769,Sidi Slimane,80.16816468541606,
613,M'sasa,Taounate,1,Messassa,0.714,M'Saada,0.769,Sidi Slimane,80.19715859669469,
614,Laayayta,Béni Mellal,1,Kasba Tadla,0.211,Oulad Ayyad,0.526,Sefrou,80.22615250797332,
615,Laazib,Taroudant,1,Lamhadi,0.615,Melaab,0.667,Errachidia,80.25514641925196,
616,Labita od said,Settat,1,Oulad Saïd,0.667,Ait Said,0.727,Essaouira,80.28414033053059,
617,Lakrakra,Settat,1,Lahouaza,0.5,Laqraqra,0.75,Fquih Ben Salah,80.31313424180922,
618,Lakrimat,Essaouira,1,Korimate,0.75,Korimate,0.75,Essaouira,80.34212815308786,
619,Lalla Aicha,Ouezzane,1,Lamrabih,0.526,Laagagcha,0.7,Sidi Bennour,80.37112206436649,
620,Lalla aicha,Ouezzane,1,Lamrabih,0.526,Laagagcha,0.7,Sidi Bennour,80.40011597564512,
621,Lari Chiekh,Nador,1,Beni Chiker,0.545,Larache,0.667,Larache,80.42910988692374,
622,Lbour,Tinghir,1,Outerbat,0.462,Bourd,0.8,Al Hoceïma,80.45810379820237,
623,Far,Tinghir,1,Aït Elfarsi,0.429,Ifarni,0.667,Driouch,80.487097709481,
624,Fokra,Settat,1,Mzoura,0.545,Boukraa,0.667,Laâyoune,80.51609162075964,
625,Elkodia,Taroudant,1,El Koudia El Beida,0.56,El Ksiba,0.667,Béni Mellal,80.54508553203827,
626,Eloualja,Taounate,1,Khlalfa,0.533,Loulja,0.857,Fès,80.5740794433169,
627,Elqods,Guelmim,1,Guelmim,0.308,Loulad,0.5,Khouribga,80.60307335459554,
628,Elwafae,Larache,1,Larache,0.143,Selfat,0.615,Sidi Kacem,80.63206726587417,
629,Ennakhil,Chichaoua,1,Ahdil,0.615,Ben Khlil,0.706,Tan-Tan,80.6610611771528,
630,Ennakhil,Ouarzazate,1,Taznakht,0.5,Ben Khlil,0.706,Tan-Tan,80.69005508843144,
631,Ess ville,Essaouira,1,Essaouira,0.444,Guers Tiaallaline,0.538,Errachidia,80.71904899971005,
632,F.B.Salah,Fquih Ben Salah,1,Fkih Ben Salah,0.609,Bni Salah,0.667,Chefchaouen,80.74804291098869,
633,Fahs Anjra,Fahs-Anjra,1,Anjra,0.667,Lahsasna,0.667,Berrechid,80.77703682226732,
634,Fahs anjra,Fahs-Anjra,1,Anjra,0.667,Lahsasna,0.667,Berrechid,80.80603073354595,
635,Lemzar,Zagora,1,Zagora,0.5,Témara,0.667,Skhirate-Témara,80.83502464482459,
636,Lhote,Tinghir,1,Outerbat,0.462,Tlite,0.6,Ouarzazate,80.86401855610322,
637,Lhotte,Tinghir,1,Outerbat,0.429,Hattane,0.615,Khouribga,80.89301246738185,
638,Lmzam*,Azilal,1,Ait M'Hamed,0.353,Mazguitam,0.533,Guercif,80.92200637866048,
639,Lmzem,El Kelâa des Sraghna,1,Zemrane,0.5,Talzemt,0.667,Boulemane,80.95100028993912,
640,M Bakay,Sefrou,1,Matmata,0.429,M'Haya,0.615,Moulay Yacoub,80.97999420121775,
641,Mbarek El Bakay,Sefrou,1,Dar El Hamra,0.593,Dar El Hamra,0.593,Sefrou,81.00898811249638,
642,Mbarek bakay,Sefrou,1,Mtarnagha,0.476,Al Barkanyene,0.48,Berkane,81.037982023775,
643,"M, Bakay",Sefrou,1,Matmata,0.4,M'Haya,0.571,Moulay Yacoub,81.06697593505363,
644,"M,Bouchta M,Bouchta",Taounate,1,Bouhouda,0.519,Bouabout,0.593,Chichaoua,81.09596984633227,
645,M/bouchta,Taounate,1,Bni Bouchibet,0.636,Moulay Bouchta,0.783,Moulay Yacoub,81.1249637576109,
646,Maayach,Tinghir,1,Imilchil,0.4,Ayacha,0.769,Larache,81.15395766888953,
647,Machouar,Al Haouz,1,Aghouatim,0.588,Mançoura,0.75,Taounate,81.18295158016817,
648,Machouar,Tinghir,1,Assoul,0.429,Mançoura,0.75,Taounate,81.2119454914468,
649,Mahrek Melak,Settat,1,Ain Blal,0.4,Machraa El Ain,0.615,Taroudant,81.24093940272543,
650,Maimouna,Kénitra,1,Ait Malek,0.235,Médiouna,0.75,Nouaceur,81.26993331400406,
651,Maksouline,Al Hoceïma,1,Tifarouine,0.6,Bni Gmil Maksouline,0.69,Taounate,81.2989272252827,
652,Malhart,Settat,1,Mniaa,0.5,Al Hamra,0.667,Chefchaouen,81.32792113656132,
653,Mallaha,Settat,1,Lahouaza,0.533,Tamallalt,0.625,El Kelâa des Sraghna,81.35691504783995,
654,Mallaha centre,Settat,1,Machraa Ben Abbou,0.452,Mallalienne,0.64,Tétouan,81.38590895911858,
655,Elguenzra,Khemisset,1,El Kansera,0.526,El Guerdane,0.6,Taroudant,81.41490287039721,
656,Elhajeb II,El Hajeb,1,El Hajeb,0.778,El Hajeb,0.778,El Hajeb,81.44389678167585,
657,Dr Zhair Bouata,Sidi Kacem,1,Zirara,0.476,Dar Bouazza,0.692,Casablanca,81.47289069295448,
658,Dr lagraa,Rehamna,1,Sidi Ali Labrahla,0.538,Dar Jamaa,0.667,Al Haouz,81.50188460423311,
659,Ehahane,Essaouira,1,El Hanchane,0.778,Zeghanghane,0.778,Nador,81.53087851551174,
660,El Bassatine,Meknès,1,Mrhassiyine,0.522,El Bibane,0.667,Taounate,81.55987242679038,
661,El Hana,El Kelâa des Sraghna,1,El Aamria,0.625,El Hanchane,0.778,Essaouira,81.58886633806901,
662,El Qods,El Kelâa des Sraghna,1,El Marbouh,0.471,El Mers,0.571,Boulemane,81.61786024934764,
663,El Yasmine,Sidi Kacem,1,Ain Jemaa,0.421,Lahsinate,0.632,Essaouira,81.64685416062626,
664,El bahri,Nador,1,Al Aroui,0.625,El Aamria,0.706,El Kelâa des Sraghna,81.6758480719049,
665,El wahda,Taza,1,Outat El Haj,0.4,Lahdar,0.714,Youssoufia,81.70484198318353,
666,Marenniene,Fès,1,Louadaine,0.421,Bni Marghnine,0.609,Driouch,81.73383589446216,
667,Marjane,Boulemane,1,Boulemane,0.5,Zemrane,0.714,El Kelâa des Sraghna,81.7628298057408,
668,Massira,Ouezzane,1,Masmouda,0.533,Massa,0.833,Tiznit,81.79182371701943,
669,Massira,Taza,1,Msila,0.667,Massa,0.833,Tiznit,81.82081762829806,
670,Massira 2,Béni Mellal,1,Kasba Tadla,0.4,Massa,0.714,Tiznit,81.84981153957669,
671,Massira 2,Taza,1,Msila,0.571,Massa,0.714,Tiznit,81.87880545085532,
672,Massira I,Taza,1,Msila,0.571,Massa,0.714,Tiznit,81.90779936213396,
673,Mestitef,Sidi Kacem,1,Selfat,0.286,Mesti,0.769,Sidi Ifni,81.93679327341259,
674,Mezdglia jorf,Sefrou,1,El Menzel,0.364,Mezguita,0.571,Ouarzazate,81.96578718469121,
675,Mbarek lbkay,Sefrou,1,Dar El Hamra,0.417,Majmaa Tolba,0.25,Khemisset,81.99478109596984,
676,Mdiq Fnideq,M'diq-Fnideq,1,Fnideq,0.706,Fnideq,0.706,M'diq-Fnideq,82.02377500724847,
677,Medina,Essaouira,1,Tafedna,0.615,Médiouna,0.857,Nouaceur,82.05276891852711,
678,Meghater,Larache,1,Sidi Mohamed Lahmar,0.37,Ghmate,0.714,Al Haouz,82.08176282980574,
679,Meghrawa,Taza,1,Maghraoua,0.706,Maghraoua,0.706,Taza,82.11075674108437,
680,Mellaha,Settat,1,Lahouaza,0.533,Melaab,0.769,Errachidia,82.139750652363,
681,Mellaha,Tétouan,1,Mallalienne,0.444,Melaab,0.769,Errachidia,82.16874456364164,
682,Mellala,Settat,1,Mniaa,0.5,Mellila,0.857,Benslimane,82.19773847492027,
683,Menara,Azilal,1,Demnate,0.462,Mnasra,0.833,Kénitra,82.2267323861989,
684,Menara,Boulemane,1,Ermila,0.333,Mnasra,0.833,Kénitra,82.25572629747752,
685,Douar tarouate,Ouezzane,1,Teroual,0.476,Ouarzazate,0.667,Ouarzazate,82.28472020875616,
686,Douar tiaret bni frassen,Taza,1,Oulad Chrif,0.343,Bni Frassen,0.629,Taounate,82.31371412003479,
687,Douar zrarda,Taounate,1,Oulad Daoud,0.522,Zrarda,0.667,Taza,82.34270803131342,
688,Dr Lamharig,Sidi Kacem,1,Zirara,0.353,Lamhara,0.667,Taroudant,82.37170194259205,
689,Douar Matil,Chichaoua,1,Oulad M'Rabet,0.583,Dar Jamaa,0.6,Al Haouz,82.40069585387069,
690,Douar Skhira moulay bouchta,Taounate,1,Bni Bouchibet,0.4,Moulay Bouchta,0.683,Moulay Yacoub,82.42968976514932,
691,"Douar Tahchoucht, Tamraght",Agadir-Ida Ou Tanane,1,Ida Ou Kazzou,0.308,Houara Oulad Raho,0.372,Guercif,82.45868367642795,
692,Douar ait ichout,Sefrou,1,Aït Seghrouchen,0.387,Ait Ichou,0.72,Khemisset,82.48767758770659,
693,Douar amghizide,Azilal,1,Zaouiat Ahansal,0.4,Oulad Amghar,0.593,Al Hoceïma,82.51667149898522,
694,Douar bni zgyiene,Taounate,1,Bni Rzine,0.615,Bni Rzine,0.615,Taounate,82.54566541026385,
695,Douar dar lakhchab,Moulay Yacoub,1,Bouchabel,0.444,Oued Lakhdar,0.6,El Kelâa des Sraghna,82.57465932154247,
696,Douar ouled salem ain gdah,Taounate,1,Oued Jemaa,0.5,Dar Oulad Zidouh,0.571,Fquih Ben Salah,82.6036532328211,
697,Douar sidi saoud,Taounate,1,Oulad Daoud,0.667,Ait Sidi Daoud,0.733,Marrakech,82.63264714409974,
698,Menara,El Kelâa des Sraghna,1,Lamharra,0.571,Mnasra,0.833,Kénitra,82.66164105537837,
699,Menara,Fquih Ben Salah,1,Hel Merbaa,0.5,Mnasra,0.833,Kénitra,82.690634966657,
700,Menara,Taounate,1,Mezraoua,0.571,Mnasra,0.833,Kénitra,82.71962887793563,
701,Menara,Tiznit,1,Massa,0.545,Mnasra,0.833,Kénitra,82.74862278921427,
702,Menzel,Sefrou,1,El Menzel,0.8,El Menzel,0.8,Sefrou,82.7776167004929,
703,Merna,Tinghir,1,Imider,0.545,Merija,0.727,Jerada,82.80661061177153,
704,Mesnana,Guercif,1,Saka,0.545,Meskala,0.714,Essaouira,82.83560452305016,
705,My abdellah cherif,Ouezzane,1,Moulay Abdelkader,0.629,Moulay Abdellah Amghar,0.7,El Jadida,82.8645984343288,
706,My driss,Meknès,1,Moulay Idriss Zarhoun,0.552,M'Diq,0.615,M'diq-Fnideq,82.89359234560742,
707,Mghassyne,Meknès,1,Mrhassiyine,0.8,Mrhassiyine,0.8,Meknès,82.92258625688605,
708,Mhamid 1 N°31,Al Haouz,1,Oukaimeden,0.273,M'Hamid El Ghizlane,0.581,Zagora,82.95158016816468,
709,Mly El Hassane,Tétouan,1,Mallalienne,0.4,Fam El Hisn,0.64,Assa-Zag,82.98057407944331,
710,Moujahidin,Ouezzane,1,Bou Jedyane,0.476,Mouarid,0.706,Chichaoua,83.00956799072195,
711,Mouklata,Tétouan,1,Oued Laou,0.471,Oulad Mtaa,0.667,Al Haouz,83.03856190200058,
712,Moulay Bouchebla,Taounate,1,Moulay Ahmed Cherif,0.571,Moulay Bouchta,0.867,Moulay Yacoub,83.06755581327921,
713,Mrabih,Sidi Kacem,1,Bab Tiouka,0.375,Lamrabih,0.857,Ouezzane,83.09654972455785,
714,Mtiwa,Chefchaouen,1,Amtar,0.6,Smià,0.667,Taza,83.12554363583648,
715,My AHMED CHRIF,Al Hoceïma,1,Bni Hadifa,0.417,Moulay Ahmed Cherif,0.848,Taounate,83.15453754711511,
716,Douar Elhomane,Inezgane-Aït Melloul,1,Ouad Essafa,0.48,Oulad El Garne,0.643,El Kelâa des Sraghna,83.18353145839373,
717,Douar Elmchaâ oudka,Taounate,1,Ras El Oued,0.533,Dar Chaoui,0.621,Tanger-Assilah,83.21252536967236,
718,Douar Ibzazn,Al Hoceïma,1,Rouadi,0.444,Ouarzazate,0.636,Ouarzazate,83.241519280951,
719,Douar Lazrak,Inezgane-Aït Melloul,1,Ouad Essafa,0.522,Dar El Hamra,0.667,Sefrou,83.27051319222963,
720,Douar Lhouari,Sidi Kacem,1,Oulad Nouel,0.5,Dar Chaoui,0.696,Tanger-Assilah,83.29950710350826,
721,Médina,Safi,1,Loualidia,0.4,Médiouna,0.857,Nouaceur,83.3285010147869,
722,"N 222,Hay Alfalah",Chtouka-Aït Baha,1,Ait Abdellah,0.483,Ait Harz Allah,0.581,El Hajeb,83.35749492606553,
723,Nkheila,Settat,1,Mniaa,0.5,N'khila,0.857,Khouribga,83.38648883734416,
724,N°114 H Biranzarane,Taroudant,1,Tinzart,0.4,Bir Anzarane,0.733,Oued Ed-Dahab,83.4154827486228,
725,"N°20, Rue 958,Hay Salam",Agadir-Ida Ou Tanane,1,Ait Aissi Ihahane,0.256,Oulad Slama,0.424,Kénitra,83.44447665990143,
726,"N°39,Akniss",Taroudant,1,Lakhnafif,0.421,Lakhsas,0.471,Tiznit,83.47347057118006,
727,My Abdelkader,Sidi Kacem,1,Sidi Kacem,0.348,Moulay Abdelkader,0.867,Ouezzane,83.50246448245868,
728,My Abdelkarim,Taounate,1,Moulay Ahmed Cherif,0.5,Moulay Abdelkrim,0.828,Moulay Yacoub,83.53145839373731,
729,My Abdelkrim,Taounate,1,Moulay Ahmed Cherif,0.516,Moulay Abdelkrim,0.857,Moulay Yacoub,83.56045230501594,
730,My Abdellah Chrif,Ouezzane,1,Moulay Abdelkader,0.588,Moulay Abdellah Amghar,0.718,El Jadida,83.58944621629458,
731,My Abdlkrim,Taounate,1,Moulay Ahmed Cherif,0.467,Moulay Abdelkrim,0.815,Moulay Yacoub,83.61844012757321,
732,My BRAHIM,Al Haouz,1,Moulay Brahim,0.818,Moulay Brahim,0.818,Al Haouz,83.64743403885184,
733,My Bouaazza,Khénifra,1,Ouaoumana,0.5,Moulay Bouazza,0.8,Khemisset,83.67642795013047,
734,My Dris,Meknès,1,Moulay Idriss Zarhoun,0.5,M'Diq,0.667,M'diq-Fnideq,83.7054218614091,
735,My Driss,Meknès,1,Moulay Idriss Zarhoun,0.552,M'Diq,0.615,M'diq-Fnideq,83.73441577268774,
736,My El Hassan,Tétouan,1,Bni Arouss,0.364,Fam El Hisn,0.696,Assa-Zag,83.76340968396637,
737,De Passage,Agadir-Ida Ou Tanane,1,Ait Aissi Ihahane,0.444,Sidi Aissa,0.6,Safi,83.792403595245,
738,De Passage,Ouarzazate,1,Idelsane,0.556,Sidi Aissa,0.6,Safi,83.82139750652362,
739,Demna,Taounate,1,Oued Jemaa,0.533,Demnate,0.833,Azilal,83.85039141780226,
740,Diour sabone,Al Haouz,1,Ouirgane,0.6,Douirane,0.7,Chichaoua,83.87938532908089,
741,DiourEssalam,Sidi Kacem,1,Zirara,0.444,Sidi Moussa Lhamri,0.667,Taroudant,83.90837924035952,
742,"Douar Afa, Azrarague",Agadir-Ida Ou Tanane,1,Ida Ou Kazzou,0.424,Ouarzazate,0.533,Ouarzazate,83.93737315163816,
743,Douar Agafay,Agadir-Ida Ou Tanane,1,Adaghas,0.421,Dar Jamaa,0.667,Al Haouz,83.96636706291679,
744,Douar Ait Bousset,Chtouka-Aït Baha,1,Arbaa Aït Ahmed,0.5,Oulad Ali Youssef,0.706,Boulemane,83.99536097419542,
745,Douar Asserssif,Agadir-Ida Ou Tanane,1,Aqesri,0.286,Moulay Aissa Ben Driss,0.595,Azilal,84.02435488547405,
746,Douar Bahi,Azilal,1,Zaouiat Ahansal,0.48,Moulay Brahim,0.696,Al Haouz,84.05334879675269,
747,Douar Bouzgar Sidi Boushab,Agadir-Ida Ou Tanane,1,Ait Aissi Ihahane,0.372,Sidi Boushab,0.632,Chtouka-Aït Baha,84.08234270803132,
748,Douar Chaoui Onarqui,El Kelâa des Sraghna,1,Oulad Cherki,0.438,Dar Chaoui,0.667,Tanger-Assilah,84.11133661930994,
749,My youssef,Meknès,1,Ouislane,0.444,Ouled Youssef,0.696,Fquih Ben Salah,84.14033053058857,
750,Mzioukat Chiadma,Essaouira,1,Zaouiat Ben Hmida,0.545,Zaouiat Cheikh,0.6,Khénifra,84.1693244418672,
751,Mzlat,Tiznit,1,Massa,0.4,Mzilate,0.833,Chichaoua,84.19831835314584,
752,Médina,Meknès,1,Oued Jdida,0.5,Médiouna,0.857,Nouaceur,84.22731226442447,
753,Ouaadia,Al Hoceïma,1,Rouadi,0.769,Oualqadi,0.8,Taroudant,84.2563061757031,
754,Ouad Almakhazine,Kénitra,1,Oulad Slama,0.593,Oued El Makhazine,0.848,Ouezzane,84.28530008698174,
755,"N°80,Lot Almostakbal,Bloc3",Inezgane-Aït Melloul,1,Ait Melloul,0.167,Talmakante,0.4,Taroudant,84.31429399826037,
756,O Akalay,Taroudant,1,Oualqadi,0.5,Saadla,0.571,Safi,84.343287909539,
757,O S B,Al Haouz,1,Sidi Badhaj,0.375,Oulad Sbih,0.533,El Kelâa des Sraghna,84.37228182081763,
758,"O, Daoud",Taounate,1,Oulad Daoud,0.737,Oulad Daoud,0.737,Taounate,84.40127573209627,
759,Od Belahcen,Larache,1,Souaken,0.444,Ain Lahcen,0.667,Tétouan,84.43026964337488,
760,Od Belhcen,Larache,1,Moulay Bousselham,0.444,Ain Lahcen,0.6,Tétouan,84.45926355465352,
761,Od Bouchour,Settat,1,Oulad Abbou,0.545,Bouhlou,0.667,Taza,84.48825746593215,
762,Od Brhil,Taroudant,1,Oulad Berhil,0.8,Oulad Berhil,0.8,Taroudant,84.51725137721078,
763,Od Ghalem,Settat,1,Toualet,0.5,Ouled Ghanem,0.762,Sidi Bennour,84.54624528848942,
764,Od Illoul,Béni Mellal,1,Timoulilt,0.444,Oulad Imloul,0.762,El Kelâa des Sraghna,84.57523919976805,
765,Od Kasaba,Taounate,1,Oudka,0.571,Ouled Aissa,0.6,Taroudant,84.60423311104668,
766,Od Malrk,Sidi Kacem,1,Oulad Nouel,0.421,Oulad M'Barek,0.667,Béni Mellal,84.63322702232531,
767,Od Mbarek,Béni Mellal,1,Oulad M'Barek,0.818,Oulad M'Barek,0.818,Béni Mellal,84.66222093360395,
768,Dchar Ben Dibane,Larache,1,Ksar el-Kebir,0.345,Dar El Kebdani,0.533,Driouch,84.69121484488258,
769,Coelma,Tétouan,1,Oued Laou,0.533,Goulmima,0.571,Errachidia,84.72020875616121,
770,Corona,Driouch,1,Ourdana,0.615,Ourdana,0.615,Driouch,84.74920266743983,
771,D G,Sidi Kacem,1,Sidi Kacem,0.308,Madagh,0.444,Berkane,84.77819657871846,
772,D ouar Bénimalek,Ouezzane,1,Beni Malek,0.692,Beni Malek,0.692,Ouezzane,84.8071904899971,
773,D.Irahalen,Ouarzazate,1,Siroua,0.375,Irohalen,0.778,Chichaoua,84.83618440127573,
774,D.Jihadia,Al Haouz,1,Sti Fadma,0.444,Bni Hadifa,0.632,Al Hoceïma,84.86517831255436,
775,D.Jihadia,Tata,1,Adis,0.462,Bni Hadifa,0.632,Al Hoceïma,84.894172223833,
776,D.Tabarine,Tiznit,1,Ibdar,0.4,Tazarine,0.778,Taza,84.92316613511163,
777,DD Mohamed,Driouch,1,M'Hajer,0.471,Mohammédia,0.7,Mohammedia,84.95216004639026,
778,Dar-Louhra,Taounate,1,Mançoura,0.556,Daoura,0.75,Tarfaya,84.9811539576689,
779,Od Noual,Sidi Kacem,1,Oulad Nouel,0.737,Oulad Nouel,0.737,Sidi Kacem,85.01014786894753,
780,Od Rahou Benaissa,Nador,1,Beni Ansar,0.444,Sidi Ahmed Benaissa,0.722,Ouezzane,85.03914178022615,
781,Od Sghair,Settat,1,Oulad Sghir,0.8,Oulad Sghir,0.8,Settat,85.06813569150478,
782,Od Teima,Taroudant,1,Oulad Berhil,0.5,Ouled Teima,0.842,Inezgane-Aït Melloul,85.09712960278341,
783,Old Ayad,Béni Mellal,1,Ouled Yaïch,0.632,Oulad Ayad,0.889,Fquih Ben Salah,85.12612351406204,
784,Old Bader,Ouezzane,1,Moulay Abdelkader,0.538,Oulad Berhil,0.667,Taroudant,85.15511742534068,
785,"Oulad-Kadour,",Taounate,1,Oulad Daoud,0.75,Oulad Mkoudou,0.769,Sefrou,85.18411133661931,
786,Oulad-Taher,Taounate,1,Oulad Daoud,0.636,Oulad Amer,0.857,El Kelâa des Sraghna,85.21310524789794,
787,Ouled Hammou,Fquih Ben Salah,1,Ouled Bourahmoune,0.69,Oued Laou,0.762,Tétouan,85.24209915917658,
788,Ouled Jarrar,Tiznit,1,Ouijjane,0.4,Oulad Zarrad,0.75,El Kelâa des Sraghna,85.27109307045521,
789,Ouled Jirar,Tiznit,1,Ouijjane,0.316,Oued Jdida,0.762,Meknès,85.30008698173384,
790,Ouad elabid,Azilal,1,Ouaoula,0.556,Oulad Saïd,0.762,Settat,85.32908089301247,
791,Ouadelabid,Azilal,1,Ouaoula,0.588,Bouadel,0.706,Taounate,85.35807480429109,
792,Ouald Rahou,Guercif,1,Houara Oulad Raho,0.714,Oulad Dahou,0.818,Inezgane-Aït Melloul,85.38706871556973,
793,Oued Lahmer,Taza,1,Oued Amlil,0.571,Oued Lakhdar,0.783,El Kelâa des Sraghna,85.41606262684836,
794,Oued kasaba,Taounate,1,Oued Jemaa,0.667,Ouled Aissa,0.727,Taroudant,85.44505653812699,
795,Oued kassaba,Taounate,1,Oued Jemaa,0.636,Ouled Aissa,0.783,Taroudant,85.47405044940562,
796,Oued laabid,Azilal,1,Agoudi N'Lkhair,0.538,Oued Naam,0.7,Errachidia,85.50304436068426,
797,Oughroud,Tinghir,1,Bou Azmou,0.471,Bouhouda,0.75,Taounate,85.53203827196289,
798,Ouidane,El Kelâa des Sraghna,1,Taouzint,0.533,Al Ouidane,0.824,Marrakech,85.56103218324152,
799,Chourfa,Fquih Ben Salah,1,Tachraft,0.533,Chouafaa,0.8,Larache,85.59002609452016,
800,Cite Scolaire,Tétouan,1,Bni Said,0.476,Ain Chair,0.364,Figuig,85.61902000579879,
801,Béni assifan,Chefchaouen,1,Bni Selmane,0.609,Bni Hassane,0.783,Azilal,85.64801391707742,
802,Béninsser,Nador,1,Beni Ansar,0.737,Beni Ansar,0.737,Nador,85.67700782835604,
803,C boumalne,Tinghir,1,Boumalne Dadès,0.667,Boulemane,0.737,Boulemane,85.70600173963467,
804,Cab,Chtouka-Aït Baha,1,Tabia,0.5,Chtaiba,0.6,El Kelâa des Sraghna,85.7349956509133,
805,Chahid Baba,Sefrou,1,Azzaba,0.471,Chahda,0.706,Safi,85.76398956219194,
806,Chahid Baha Rfaif,Sefrou,1,Ahl Sidi Lahcen,0.438,Had Bradia,0.519,Béni Mellal,85.79298347347057,
807,Chahid baha,Sefrou,1,Ahl Sidi Lahcen,0.538,Ait Baha,0.737,Chtouka-Aït Baha,85.8219773847492,
808,Charf Souani,Tanger-Assilah,1,Dar Chaoui,0.545,Charqaoua,0.667,Moulay Yacoub,85.85097129602784,
809,Charrate,Taounate,1,Zarkat,0.571,Cherrat,0.8,Benslimane,85.87996520730647,
810,"Chatre III,Ait Taoukte",Agadir-Ida Ou Tanane,1,Ida Ou Kazzou,0.286,Tataoute,0.467,Taroudant,85.9089591185851,
811,Chjahaid baha,Sefrou,1,Ahl Sidi Lahcen,0.5,Ait Baha,0.667,Chtouka-Aït Baha,85.93795302986373,
812,Oulaayoune,Essaouira,1,Moulay Bouzarqtoune,0.621,Laâyoune,0.889,Laâyoune,85.96694694114235,
813,Oulad Jerrar,Tiznit,1,Ait Erkha,0.476,Oulad Zarrad,0.75,El Kelâa des Sraghna,85.99594085242099,
814,Oulad Tahar,Taounate,1,Oulad Daoud,0.636,Oulad Amghar,0.87,Al Hoceïma,86.02493476369962,
815,Oulad allal,Meknès,1,Ait Ouallal,0.636,Oulad Salah,0.818,Nouaceur,86.05392867497825,
816,Oulad-Boundar,Taounate,1,Oulad Daoud,0.75,Oulad Moumna,0.8,Chichaoua,86.08292258625688,
817,Rbat El khier,Sefrou,1,Dar El Hamra,0.56,Rbaa El Fouki,0.692,Taza,86.11191649753552,
818,Ouled aarfa,Taroudant,1,Ouled Aissa,0.727,Oulad Aarrad,0.783,El Kelâa des Sraghna,86.14091040881415,
819,Ouled jameâ,Moulay Yacoub,1,Oulad Mimoun,0.522,Oulad Amer,0.762,El Kelâa des Sraghna,86.16990432009278,
820,Oulkadi,Al Haouz,1,Ourika,0.615,Oualqadi,0.8,Taroudant,86.19889823137142,
821,Oum Rabii,Meknès,1,Oualili,0.625,Oum Rabia,0.889,Khénifra,86.22789214265005,
822,Oum Rbie,Meknès,1,Ouislane,0.5,Oum Rabia,0.824,Khénifra,86.25688605392868,
823,Ourbâa,Béni Mellal,1,Naour,0.545,Ourdana,0.769,Driouch,86.2858799652073,
824,Ouriaa,Béni Mellal,1,Naour,0.545,Ourika,0.833,Al Haouz,86.31487387648593,
825,Ousikiss,Tinghir,1,Ouaklim,0.4,Boukhrisse,0.667,Béni Mellal,86.34386778776457,
826,Pres de lecole 6 novombre,Fès,1,Sidi Hrazem,0.167,Ras El Oued,0.222,Taounate,86.3728616990432,
827,Q-Industriel,Agadir-Ida Ou Tanane,1,Aqesri,0.444,Tindine,0.526,Taroudant,86.40185561032183,
828,Boumya,Khénifra,1,Oum Rabia,0.533,Sbouya,0.833,Sidi Ifni,86.43084952160046,
829,Bouyafer,Nador,1,Bouarg,0.714,Sbouya,0.714,Sidi Ifni,86.4598434328791,
830,Bozamlane,Taza,1,Bouyablane,0.737,Bouyablane,0.737,Taza,86.48883734415773,
831,Brakt Lamine,Safi,1,Sebt Gzoula,0.435,Ras El Ain,0.636,Youssoufia,86.51783125543636,
832,Bureau Ikaouen,Tinghir,1,Ikniouen,0.545,Askaouen,0.636,Al Haouz,86.546825166715,
833,Boukhalef,Guercif,1,Bouchaouene,0.6,Bouhmame,0.706,Sidi Bennour,86.57581907799361,
834,Boukora,Chefchaouen,1,Bni Bouzra,0.588,Bouskoura,0.875,Nouaceur,86.60481298927225,
835,Boukorra,Chefchaouen,1,Bni Bouzra,0.556,Bouskoura,0.824,Nouaceur,86.63380690055088,
836,Boulaajat,Taroudant,1,Ouled Aissa,0.5,Loulja,0.667,Fès,86.66280081182951,
837,Boumalene,Ouarzazate,1,Toundoute,0.333,Boulemane,0.778,Boulemane,86.69179472310815,
838,Boumalne k,Tinghir,1,Boumalne Dadès,0.75,Boumalne Dadès,0.75,Tinghir,86.72078863438678,
839,Boumalne kcer,Tinghir,1,Boumalne Dadès,0.741,Boumalne Dadès,0.741,Tinghir,86.74978254566541,
840,Boumardoul,Tinghir,1,Bou Azmou,0.632,Bouarouss,0.737,Taounate,86.77877645694404,
841,QUARTIER NAJMA RUE Espagne,Tanger-Assilah,1,Al Bahraoyine,0.256,Ait Naamane,0.486,El Hajeb,86.80777036822268,
842,Quartier Benkirane,Béni Mellal,1,Bni Zrantel,0.414,Hassi Berkane,0.581,Nador,86.83676427950131,
843,Quolla,Larache,1,Souk Tolba,0.5,Bni Quolla,0.75,Ouezzane,86.86575819077994,
844,R kheir,Sefrou,1,Kandar Sidi Khiar,0.5,Mers El Kheir,0.7,Skhirate-Témara,86.89475210205856,
845,"R,Kheir",Sefrou,1,Kandar Sidi Khiar,0.417,Khenifra,0.667,Khénifra,86.9237460133372,
846,Ras Aghil,Meknès,1,Ras Ijerri,0.526,Ras Al Ain,0.632,Settat,86.95273992461583,
847,Ras Aghil,Sidi Kacem,1,Taoughilt,0.556,Ras Al Ain,0.632,Settat,86.98173383589446,
848,Ras brouj,Settat,1,Machraa Ben Abbou,0.462,Ras Tabouda,0.7,Sefrou,87.01072774717309,
849,S.A.S,Essaouira,1,Meskala,0.333,Sfassif,0.5,Khemisset,87.03972165845173,
850,S.Abderhma,Taounate,1,Jbabra,0.5,Sidi Abdelkrim,0.583,Berrechid,87.06871556973036,
851,S.H. M'ed,Taounate,1,Sidi Haj M’hamed,0.5,Sidi Haj M’hamed,0.5,Taounate,87.09770948100899,
852,Remla,Larache,1,Khemis Sahel,0.353,Ermila,0.727,Boulemane,87.12670339228762,
853,Retba,Taounate,1,Ratba,0.8,Ratba,0.8,Taounate,87.15569730356626,
854,Riad Kostani,Meknès,1,Dar Oum Soltane,0.519,Had Kourt,0.571,Ouezzane,87.18469121484489,
855,Ribat El Kheir,Sefrou,1,Dar El Hamra,0.538,Mers El Kheir,0.741,Skhirate-Témara,87.21368512612351,
856,Ribat El kheir,Sefrou,1,Dar El Hamra,0.538,Mers El Kheir,0.741,Skhirate-Témara,87.24267903740214,
857,Rue 309 Hay Moulay Rachid,Taroudant,1,Oulad Berhil,0.432,Moulay Brahim,0.579,Al Haouz,87.27167294868077,
858,"Rue 516,Masdoura Inzgane",Inezgane-Aït Melloul,1,Inezgane,0.438,El Mansouria,0.5,Mohammedia,87.3006668599594,
859,S / K,Sidi Kacem,1,Sidi Kacem,0.462,Saka,0.571,Guercif,87.32966077123804,
860,S A El Hadi,Sidi Kacem,1,Selfat,0.471,Sidi Ahmed El Khadir,0.71,El Kelâa des Sraghna,87.35865468251667,
861,S H O hamdtidzi,Essaouira,1,Sidi H'Mad Ou Hamed,0.588,Sidi H'Mad Ou Hamed,0.588,Essaouira,87.3876485937953,
862,Bouigra,Chtouka-Aït Baha,1,Tizoughrane,0.556,Biougra,0.857,Inezgane-Aït Melloul,87.41664250507394,
863,Boujarrah,Tétouan,1,Bni Karrich,0.5,Bouarfa,0.75,Figuig,87.44563641635257,
864,Boujdian,Larache,1,Souaken,0.533,Oujda,0.769,Oujda-Angad,87.4746303276312,
865,Boubaan,Nador,1,Bouarg,0.615,Boukraa,0.714,Laâyoune,87.50362423890982,
866,Boubria,Berkane,1,Boughriba,0.75,Ourika,0.769,Al Haouz,87.53261815018845,
867,Bouchamate,Taounate,1,Bouadel,0.588,Bouhmame,0.778,Sidi Bennour,87.56161206146709,
868,Bouchibat,Al Hoceïma,1,Boudinar,0.588,Boughriba,0.778,Berkane,87.59060597274572,
869,Bouderbala,Sefrou,1,Imouzzer Kandar,0.48,Boukraa,0.706,Laâyoune,87.61959988402435,
870,Bouezgar,Essaouira,1,Bouzemmour,0.556,Bouarg,0.714,Nador,87.64859379530299,
871,Bougaala,Guelmim,1,Bouizakarne,0.526,Jouala,0.714,El Kelâa des Sraghna,87.67758770658162,
872,Bougumez,Azilal,1,Ouaouizaght,0.316,Aouguenz,0.75,Chtouka-Aït Baha,87.70658161786025,
873,Bouhaira,Essaouira,1,Essaouira,0.588,Bouarfa,0.8,Figuig,87.73557552913888,
874,Bouhamza,Azilal,1,Taounza,0.533,Bouhmame,0.75,Sidi Bennour,87.76456944041752,
875,S Y B A,Al Haouz,1,Sidi Badhaj,0.444,Sidi M'Bark,0.556,Sidi Ifni,87.79356335169615,
876,"S,A,Benaissa",Sidi Kacem,1,Mkansa,0.444,Sidi Ahmed Benaissa,0.645,Ouezzane,87.82255726297477,
877,"S,A,Chrif",Sidi Kacem,1,Taoughilt,0.333,Oulad Chrif,0.6,Taza,87.8515511742534,
878,"S,A,Ouhamed",Essaouira,1,Sidi H'Mad Ou Hamed,0.6,Bouhmame,0.632,Sidi Bennour,87.88054508553203,
879,"S,Abder",Taounate,1,Jbabra,0.462,Sidi Jaber,0.588,Béni Mellal,87.90953899681067,
880,S.A.Elhadi,Sidi Kacem,1,Selfat,0.5,Sahel Chamali,0.609,Larache,87.9385329080893,
881,Bni Saden,Sefrou,1,Bir Tamtam,0.421,Bni Said,0.824,Tétouan,87.96752681936793,
882,Bni ahmed,Al Hoceïma,1,Bni Hadifa,0.632,Ben Ahmed,0.889,Khouribga,87.99652073064657,
883,Bnimaati,Settat,1,Mniaa,0.615,Bni Ayat,0.75,Azilal,88.0255146419252,
884,Bojediane,Larache,1,Sidi Lyamani,0.381,Bou Jedyane,0.8,Ouezzane,88.05450855320383,
885,Bolaajlat,Taroudant,1,Lamhara,0.5,Sidi Boulaalam,0.609,Essaouira,88.08350246448246,
886,Borj Mechkouk,Taounate,1,Bouhouda,0.476,Bir Mezoui,0.609,Khouribga,88.1124963757611,
887,S.H.M'd,Taounate,1,Ras El Oued,0.333,M'Diq,0.5,M'diq-Fnideq,88.14149028703972,
888,S.Sebt,Béni Mellal,1,Semguet,0.462,Assebbab,0.571,Guercif,88.17048419831835,
889,S/Abdelah Cherif,Ouezzane,1,Sidi Ahmed Cherif,0.667,Sidi Ahmed Cherif,0.667,Ouezzane,88.19947810959698,
890,S;Mokhfi,Taounate,1,Sidi El Mokhfi,0.636,Sidi El Mokhfi,0.636,Taounate,88.22847202087561,
891,SI sidi yahya,Sidi Slimane,1,Sidi Al Kamel,0.538,Khemis Sidi Yahya,0.8,Khemisset,88.25746593215425,
892,Sabati,Fès,1,Louadaine,0.4,Rabat,0.727,Rabat,88.28645984343288,
893,Sahrij,Azilal,1,Aït Majden,0.375,Assahrij,0.857,El Kelâa des Sraghna,88.31545375471151,
894,Bouallou,Taounate,1,Bouarouss,0.706,Bouhlou,0.8,Taza,88.34444766599015,
895,Bouaziar,Azilal,1,Azilal,0.571,Aziar,0.769,Agadir-Ida Ou Tanane,88.37344157726878,
896,Bouazoune,Taounate,1,Ouaouzgane,0.737,Boulaouane,0.842,Sidi Bennour,88.40243548854741,
897,Bin Jradi,Taza,1,Bab Boudir,0.421,Bir Jdid,0.706,Nouaceur,88.43142939982603,
898,Bit Ghouleme,Taza,1,Bni Lent,0.5,Boulemane,0.667,Boulemane,88.46042331110466,
899,Samsa,Tétouan,1,Saddina,0.5,Sgamna,0.727,Khouribga,88.4894172223833,
900,Sanit Rmel,Tétouan,1,Sahtryine,0.421,Ait Ouribel,0.667,Khemisset,88.51841113366193,
901,Sarsar,Larache,1,Ksar Bjir,0.533,Smara,0.727,Es-Semara,88.54740504494056,
902,Sas,Essaouira,1,Meskala,0.4,Sfassif,0.6,Khemisset,88.5763989562192,
903,Sbt Lagfifat,Taroudant,1,Lakhnafif,0.476,Lagfifat,0.8,Chtouka-Aït Baha,88.60539286749783,
904,Sebt,Taroudant,1,Sidi Borja,0.286,Settat,0.6,Settat,88.63438677877646,
905,Sebt Bni Guerfet,Larache,1,Bni Garfett,0.667,Bni Garfett,0.667,Larache,88.66338069005509,
906,Sebt Kdim,Tétouan,1,Bni Karrich,0.4,Souk Kdim,0.667,Fahs-Anjra,88.69237460133373,
907,Sebt Lagfifat,Taroudant,1,Lakhnafif,0.455,Lagfifat,0.762,Chtouka-Aït Baha,88.72136851261236,
908,Sebt lgardane,Taroudant,1,El Guerdane,0.667,El Guerdane,0.667,Taroudant,88.75036242389098,
909,Bit ghoulem,Taza,1,Bni Lent,0.526,Bni Faghloum,0.696,Chefchaouen,88.77935633516961,
910,Bkakacha,Settat,1,Dar Chaffai,0.421,Ayacha,0.714,Larache,88.80835024644824,
911,Bni Amer,El Kelâa des Sraghna,1,Oulad Amer,0.556,Bni Ammart,0.778,Taounate,88.83734415772687,
912,Bni Koulla,Ouezzane,1,Bni Quolla,0.8,Bni Quolla,0.8,Ouezzane,88.86633806900551,
913,SidiAhmed Tadli,Sefrou,1,Sidi Youssef Ben Ahmed,0.486,Sidi Ahmed El Khadir,0.743,El Kelâa des Sraghna,88.89533198028414,
914,Sekour,Boulemane,1,Missour,0.615,Nekkour,0.769,Al Hoceïma,88.92432589156277,
915,Sidi Abdellah Rhamna,Settat,1,Sidi Abdelkhaleq,0.667,Sidi Abdallah Ghiat,0.769,Marrakech,88.9533198028414,
916,Sidi Ahmed Tadli,Sefrou,1,Sidi Youssef Ben Ahmed,0.526,Sidi Ahmed El Khadir,0.778,El Kelâa des Sraghna,88.98231371412004,
917,Sidi Ahmed Zerrouk,Taza,1,Bab Marzouka,0.4,Sidi Ahmed Cherif,0.743,Ouezzane,89.01130762539867,
918,Sidi Amer,Meknès,1,Nzala Bni Ammar,0.417,Sidi Amar,0.889,Khénifra,89.0403015366773,
919,Sidi Amer Hadi,Sidi Kacem,1,Sidi Kacem,0.583,Sidi Ameur Al Hadi,0.875,Ouezzane,89.06929544795592,
920,Sidi Brahim,Fès,1,Sidi Hrazem,0.727,Sidi Borja,0.762,Taroudant,89.09828935923456,
921,Sidi Driss,El Kelâa des Sraghna,1,Sidi Moussa,0.667,Sidi Aissa,0.8,Safi,89.12728327051319,
922,Beni-Kissane,Taounate,1,Kissane,0.737,Bni Hassane,0.783,Azilal,89.15627718179182,
923,Beni-Ounjel,Taounate,1,Bni Oulid,0.7,Bni Oual,0.737,Ouezzane,89.18527109307045,
924,Bensergao,Azilal,1,Demnate,0.375,El Kansera,0.632,Khemisset,89.21426500434909,
925,Bensheikh,Al Haouz,1,Ouneine,0.375,Beni Chiker,0.6,Nador,89.24325891562772,
926,Berraca,Nador,1,Beni Ansar,0.353,Errachidia,0.706,Errachidia,89.27225282690635,
927,Berraka,Nador,1,Hassi Berkane,0.5,Braksa,0.769,Khouribga,89.30124673818499,
928,Biban,Taounate,1,El Bibane,0.714,El Bibane,0.714,Taounate,89.33024064946362,
929,Beni Maraaz,Meknès,1,Nzala Bni Ammar,0.538,Bni Mathar,0.667,Jerada,89.35923456074224,
930,Beni Meraaz,Meknès,1,Ait Yaazem,0.476,Beni Mellal,0.727,Béni Mellal,89.38822847202087,
931,Beni Saden,Sefrou,1,Bir Tamtam,0.4,Bni Said,0.778,Tétouan,89.4172223832995,
932,Beni guerfet,Larache,1,Bni Garfett,0.783,Bni Garfett,0.783,Larache,89.44621629457814,
933,Sidi Ghayat,Al Haouz,1,Sidi Badhaj,0.636,Sidi Aayad,0.762,Midelt,89.47521020585677,
934,Sidi Khyar,Sefrou,1,Kandar Sidi Khiar,0.667,Sidi Amar,0.737,Khénifra,89.5042041171354,
935,Sidi Mbraek,Sidi Ifni,1,Sidi M'Bark,0.818,Sidi M'Bark,0.818,Sidi Ifni,89.53319802841403,
936,Sidi Yahia,Taounate,1,Sidi El Mokhfi,0.583,Sidi Aissa,0.8,Safi,89.56219193969267,
937,Sidi Yahya,Sidi Slimane,1,Sidi Al Kamel,0.609,Sidi Yahya Zaer,0.8,Skhirate-Témara,89.5911858509713,
938,Sidi ahmed Tadeli,Sefrou,1,Sidi Youssef Ben Ahmed,0.513,Sidi Ahmed Ou Abdellah,0.769,Taroudant,89.62017976224993,
939,Sidi boujida,Fès,1,Ain Bida,0.6,Sidi Bouhria,0.833,Berkane,89.64917367352857,
940,Sidi ghiate,Al Haouz,1,Ghmate,0.588,Sidi Ghanem,0.818,Chichaoua,89.67816758480718,
941,Sidi khyar,Sefrou,1,Kandar Sidi Khiar,0.667,Sidi Amar,0.737,Khénifra,89.70716149608582,
942,Sidi ouabdellah,Taroudant,1,Sidi Ahmed Ou Abdellah,0.811,Sidi Bouabdelli,0.867,Tiznit,89.73615540736445,
943,Sidi-Yahia,Taounate,1,Sidi El Mokhfi,0.583,Sidi Aissa,0.8,Safi,89.76514931864308,
944,Sidi-Yahia Ben,Taounate,1,Sidi Yahya Bni Zeroual,0.667,Sidi Yahya Zaer,0.759,Skhirate-Témara,89.79414322992172,
945,Baracca,Ouarzazate,1,Afra,0.545,Brachoua,0.667,Skhirate-Témara,89.82313714120035,
946,Becheine,Taza,1,Barkine,0.533,Bouchaouene,0.632,Guercif,89.85213105247898,
947,Ben CHEIKH,Al Haouz,1,Ouneine,0.353,Beni Chiker,0.762,Nador,89.88112496375761,
948,Ben Charrou,Béni Mellal,1,Bni Bataou,0.571,Ben Maachou,0.727,El Jadida,89.91011887503625,
949,Ben Tayeb,Nador,1,Beni Ansar,0.526,Ben Taïeb,0.889,Driouch,89.93911278631488,
950,Smd,Chichaoua,1,Saidate,0.4,Smià,0.571,Taza,89.96810669759351,
951,Souk Lhad,Chefchaouen,1,Oued Malha,0.632,Souk Tolba,0.737,Larache,89.99710060887213,
952,Souk Tlat,Sidi Kacem,1,Selfat,0.533,Souk Tolba,0.842,Larache,90.02609452015076,
953,Souk laarbia,Taounate,1,Oudka,0.471,Souk Tolba,0.636,Larache,90.0550884314294,
954,Sraghna,Sefrou,1,Mtarnagha,0.625,Serghina,0.8,Boulemane,90.08408234270803,
955,Syba,Agadir-Ida Ou Tanane,1,Imsouane,0.333,Sbouya,0.6,Sidi Ifni,90.11307625398666,
956,Syba,Azilal,1,Tabant,0.4,Sbouya,0.6,Sidi Ifni,90.1420701652653,
957,Ben Zit,Marrakech,1,Jbilate,0.286,Bni Zoli,0.667,Zagora,90.17106407654393,
958,Bendib,Sidi Slimane,1,Kceibya,0.462,Ben Taïeb,0.667,Driouch,90.20005798782256,
959,Bengrir,El Kelâa des Sraghna,1,Errafiaya,0.375,Ben Guerir,0.824,Rehamna,90.2290518991012,
960,Beni Makada,Larache,1,Bni Garfett,0.455,Beni Malek,0.762,Ouezzane,90.25804581037983,
961,Bab Mrouje,Taza,1,Bab Marzouka,0.727,Bab Marzouka,0.727,Taza,90.28703972165845,
962,Bab ramla,Taza,1,Bab Marzouka,0.571,Bab Taza,0.706,Chefchaouen,90.31603363293708,
963,Syba,Essaouira,1,Bizdad,0.4,Sbouya,0.6,Sidi Ifni,90.34502754421571,
964,Syba,Tinghir,1,Outerbat,0.333,Sbouya,0.6,Sidi Ifni,90.37402145549434,
965,TAOUNATEDouar,Taounate,1,Taounate,0.762,Taounate,0.762,Taounate,90.40301536677298,
966,Tabarante,Taounate,1,Tafrant,0.75,Targante,0.824,Essaouira,90.43200927805161,
967,Tabarrant,Al Hoceïma,1,Chakran,0.5,Tabant,0.8,Azilal,90.46100318933024,
968,Tabolkhirte,Tinghir,1,Tinghir,0.444,Taourirt,0.632,Taourirt,90.48999710060887,
969,Tabrent,Al Hoceïma,1,Targuist,0.533,Tabant,0.769,Azilal,90.51899101188751,
970,Tahar Souk,Taounate,1,Thar Es-Souk,0.818,Thar Es-Souk,0.818,Taounate,90.54798492316614,
971,Tahar-Souk,Taounate,1,Thar Es-Souk,0.818,Thar Es-Souk,0.818,Taounate,90.57697883444477,
972,Taienest,Taza,1,Taïnaste,0.75,Taïnaste,0.75,Taza,90.60597274572339,
973,Bab tété,Ouarzazate,1,Télouet,0.4,Bab Berred,0.667,Chefchaouen,90.63496665700202,
974,Bab wandar,Taounate,1,Jbabra,0.5,Bab Taza,0.667,Chefchaouen,90.66396056828066,
975,Bani sadden,Sefrou,1,Aït Seghrouchen,0.462,Bni Said,0.737,Tétouan,90.69295447955929,
976,Baraacca,Taza,1,Jbarna,0.571,Brachoua,0.5,Skhirate-Témara,90.72194839083792,
977,Takyout,El Kelâa des Sraghna,1,Taouzint,0.667,Takoucht,0.8,Essaouira,90.75094230211656,
978,Tamadite,Taounate,1,Tamedit,0.8,Tamedit,0.8,Taounate,90.77993621339519,
979,Tamait Oufella,Agadir-Ida Ou Tanane,1,Ida Ou Guelloul,0.483,Ait Ouallal,0.72,Zagora,90.80893012467382,
980,Tamaounza,Agadir-Ida Ou Tanane,1,Taghazout,0.556,Taounza,0.875,Azilal,90.83792403595245,
981,Tamassint,Al Hoceïma,1,Targuist,0.471,Tissint,0.75,Tata,90.86691794723109,
982,Tamsemen,Driouch,1,Temsamane,0.471,Tamezmoute,0.667,Zagora,90.8959118585097,
983,Tamsslout,Taroudant,1,Tamaloukte,0.737,Tameslouht,0.842,Al Haouz,90.92490576978834,
984,Tamzirt,Ouarzazate,1,Tarmigt,0.714,Taghzirt,0.8,Béni Mellal,90.95389968106697,
985,Taouiyalt,Taroudant,1,Taroudant,0.667,Taouyalte,0.889,Al Haouz,90.9828935923456,
986,Taoujdate,El Hajeb,1,Ait Boubidmane,0.522,Taounate,0.824,Taounate,91.01188750362424,
987,B.bouayach I,Al Hoceïma,1,Bni Bouayach,0.75,Bni Bouayach,0.75,Al Hoceïma,91.04088141490287,
988,B.bounsar,Al Hoceïma,1,Boudinar,0.706,Bni Bounsar,0.8,Taounate,91.0698753261815,
989,B.sidel,Nador,1,Bni Sidel Jbel,0.571,Jbiel,0.667,El Kelâa des Sraghna,91.09886923746014,
990,B.sidel jbal,Nador,1,Bni Sidel Jbel,0.769,Bni Sidel Jbel,0.769,Nador,91.12786314873877,
991,B/jbel,Nador,1,Bni Sidel Jbel,0.6,Jbiel,0.727,El Kelâa des Sraghna,91.1568570600174,
992,BEN Maraaz,Meknès,1,Aïn Orma,0.444,El Marsa,0.667,Laâyoune,91.18585097129603,
993,B.Elain,Chefchaouen,1,Bni Selmane,0.556,Belfaa,0.615,Chtouka-Aït Baha,91.21484488257465,
994,B.Ensar,Nador,1,Beni Ansar,0.706,Beni Ansar,0.706,Nador,91.24383879385329,
995,B.Gmil Maksouline,Al Hoceïma,1,Tifarouine,0.519,Bni Gmil Maksouline,0.889,Taounate,91.27283270513192,
996,B.Louta,Nador,1,Bouarg,0.615,Louta,0.833,Al Hoceïma,91.30182661641055,
997,B.M,Béni Mellal,1,Beni Mellal,0.286,Boumia,0.444,Midelt,91.33082052768918,
998,B.S Jbel,Nador,1,Bni Sidel Jbel,0.636,Bni Sidel Jbel,0.636,Nador,91.35981443896782,
999,B.S jbel,Nador,1,Bni Sidel Jbel,0.636,Bni Sidel Jbel,0.636,Nador,91.38880835024645,
1000,Targha,Chefchaouen,1,Amtar,0.545,Mtarnagha,0.8,Sefrou,91.41780226152508,
1001,Tasouite,Tinghir,1,Assoul,0.571,Tagounite,0.824,Zagora,91.44679617280372,
1002,Tassaltant,Al Haouz,1,Taouyalte,0.526,Tasoultante,0.762,Marrakech,91.47579008408235,
1003,Tassaltant,Azilal,1,Tabant,0.625,Tasoultante,0.762,Marrakech,91.50478399536098,
1004,Tassaltant,Marrakech,1,Tasoultante,0.762,Tasoultante,0.762,Marrakech,91.5337779066396,
1005,Tassaltnt,Al Haouz,1,Taouyalte,0.556,Tasoultante,0.7,Marrakech,91.56277181791823,
1006,Taughmerte,Taroudant,1,Toughmart,0.737,Toughmart,0.737,Taroudant,91.59176572919687,
1007,Tazitount,Chichaoua,1,Ain Tazitounte,0.783,Ain Tazitounte,0.783,Chichaoua,91.6207596404755,
1008,Tazourakht,Al Hoceïma,1,Arbaa Taourirt,0.5,Taznakht,0.778,Ouarzazate,91.64975355175413,
1009,"B,bouayach",Al Hoceïma,1,Bni Bouayach,0.818,Bni Bouayach,0.818,Al Hoceïma,91.67874746303276,
1010,"B,chiker",Nador,1,Beni Chiker,0.737,Beni Chiker,0.737,Nador,91.7077413743114,
1011,"B,enssar",Nador,1,Beni Ansar,0.667,Beni Ansar,0.667,Nador,91.73673528559003,
1012,B. Bounsar,Al Hoceïma,1,Boudinar,0.667,Bni Bounsar,0.857,Taounate,91.76572919686866,
1013,B. ensar,Nador,1,Beni Ansar,0.667,Bir Ennasr,0.667,Benslimane,91.7947231081473,
1014,B.Bchir,Al Hoceïma,1,Chakran,0.429,Beni Bechir,0.667,Taounate,91.82371701942591,
1015,B.Bouayach II,Al Hoceïma,1,Bni Bouayach,0.72,Bni Bouayach,0.72,Al Hoceïma,91.85271093070455,
1016,Tidrara,Al Haouz,1,Tisrasse,0.533,Tendrara,0.8,Jerada,91.88170484198318,
1017,Tifirte,Azilal,1,Tifni,0.667,Tighirt,0.714,Tiznit,91.91069875326181,
1018,Tighrmatine,Tinghir,1,Tilmi,0.5,Ighzrane,0.737,Taza,91.93969266454044,
1019,Tiguenziouine,Al Haouz,1,Tighedouine,0.75,Tinzouline,0.783,Zagora,91.96868657581908,
1020,Tikiouine,Marrakech,1,Sid Zouine,0.632,Tizounine,0.778,Tata,91.99768048709771,
1021,Tinzerte,Taroudant,1,Tinzart,0.8,Tigzmerte,0.824,Tata,92.02667439837634,
1022,Tirset,Azilal,1,Tisqi,0.545,Tisrasse,0.714,Al Haouz,92.05566830965498,
1023,B.Bouchibat,Al Hoceïma,1,Boudinar,0.526,Bni Bouchibet,0.75,Taounate,92.08466222093361,
1024,B.Bouyafroun,Nador,1,Bni Bouifrou,0.667,Bouarouss,0.667,Taounate,92.11365613221224,
1025,Z .cheikh,Béni Mellal,1,Ouled Yaïch,0.3,Zaouiat Cheikh,0.696,Khénifra,92.14265004349086,
1026,Z'Mamra,Taounate,1,Zarkat,0.615,Zemamra,0.857,Sidi Bennour,92.1716439547695,
1027,Z'Rarka,Taounate,1,Zarkat,0.769,Zrarda,0.769,Taza,92.20063786604813,
1028,Z.S.A.Kader,Al Hoceïma,1,Zouaiat sidi Abdelkader,0.471,Saka,0.533,Guercif,92.22963177732676,
1029,Tisi Ousli,Taza,1,Oued Amlil,0.4,Tizi Ouzli,0.8,Driouch,92.25862568860539,
1030,Tislite,Azilal,1,Tisqi,0.667,Tlite,0.833,Ouarzazate,92.28761959988402,
1031,Tizi Oussli,Taza,1,Oued Amlil,0.381,Tizi Ouzli,0.857,Driouch,92.31661351116266,
1032,Tizki Akesri Tamraght,Agadir-Ida Ou Tanane,1,Aqesri,0.37,Sidi Ali Labrahla,0.526,Rehamna,92.34560742244129,
1033,Tlat Lamzam,Azilal,1,Ait Blal,0.421,Nzalat Laadam,0.667,Rehamna,92.37460133371992,
1034,Tlat louta,Nador,1,Bni Sidel Louta,0.56,Tazouta,0.706,Sefrou,92.40359524499856,
1035,Tmaloust,Ouezzane,1,Masmouda,0.5,Tamaloukte,0.778,Taroudant,92.43258915627719,
1036,Tnin Ait Rkha,Tiznit,1,Ait Erkha,0.727,Ait Erkha,0.727,Tiznit,92.46158306755581,
1037,Tnine el ouleja,Taounate,1,Ras El Oued,0.538,Tnine Amellou,0.714,Sidi Ifni,92.49057697883444,
1038,Touelaa,Tétouan,1,Oued Laou,0.625,Toufelaazt,0.824,Chtouka-Aït Baha,92.51957089011307,
1039,"B,M",Béni Mellal,1,Beni Mellal,0.286,Boumia,0.444,Midelt,92.5485648013917,
1040,"B,Maraghnine",Driouch,1,Bni Marghnine,0.8,Bni Marghnine,0.8,Driouch,92.57755871267034,
1041,Assifane,Chefchaouen,1,Tassift,0.667,Ifrane,0.714,Ifrane,92.60655262394897,
1042,Attaouia Chaaibia,El Kelâa des Sraghna,1,Laattaouia Ech-Chaybia,0.769,Laattaouia Ech-Chaybia,0.769,El Kelâa des Sraghna,92.6355465352276,
1043,Aychtoume,Taounate,1,Taounate,0.471,Chtouka,0.625,El Jadida,92.66454044650624,
1044,Azlaf,Nador,1,Al Aroui,0.462,Azla,0.889,Tétouan,92.69353435778487,
1045,Azou,Tinghir,1,Assoul,0.6,Azrou,0.889,Ifrane,92.7225282690635,
1046,B Bouyafrou,Nador,1,Bni Bouifrou,0.783,Bni Bouifrou,0.783,Nador,92.75152218034212,
1047,B K,Sidi Kacem,1,Bab Tiouka,0.462,N'Kob,0.5,Tinghir,92.78051609162075,
1048,B Sidel,Nador,1,Bni Sidel Jbel,0.667,Jbiel,0.667,El Kelâa des Sraghna,92.80951000289939,
1049,B' sabsa,Taounate,1,El Bsabsa,0.75,El Bsabsa,0.75,Taounate,92.83850391417802,
1050,Touibla,Tétouan,1,Tétouan,0.571,Toulal,0.769,Meknès,92.86749782545665,
1051,Touilaa,Tétouan,1,Tétouan,0.571,Toulal,0.769,Meknès,92.89649173673529,
1052,Tozrigutte,Tinghir,1,Outerbat,0.444,Tizguite,0.667,Ifrane,92.92548564801392,
1053,Trifa II,Berkane,1,Saidia,0.286,Tifariti,0.75,Es-Semara,92.95447955929255,
1054,Trik Alouahda,Taza,1,Tahla,0.444,Tabouda,0.6,Chefchaouen,92.98347347057118,
1055,Urbaine,Chefchaouen,1,Bni Selmane,0.444,Barkine,0.714,Taza,93.01246738184982,
1056,Wawirzagh,Azilal,1,Ouaouizaght,0.6,Ouaouizaght,0.6,Azilal,93.04146129312845,
1057,ait bouyossef,Tinghir,1,Ait Ouassif,0.75,Ait Haddou Youssef,0.774,Taroudant,93.07045520440707,
1058,ait boyousef,Tinghir,1,Ait Youl,0.7,Ait Haddou Youssef,0.733,Taroudant,93.0994491156857,
1059,ait boyoysef,Tinghir,1,Ait Ouassif,0.609,Ait Haddou Youssef,0.667,Taroudant,93.12844302696433,
1060,Zaazaa,Larache,1,Zaaroura,0.571,Azzaba,0.5,Sefrou,93.15743693824297,
1061,Zagmouzne,Taroudant,1,Talgjount,0.556,Zagmouzen,0.889,Al Haouz,93.1864308495216,
1062,Zaouia Nezzaghia,Settat,1,Oulad Sghir,0.519,Zaouia Annahlia,0.774,Chichaoua,93.21542476080023,
1063,Zaouia S K,Tétouan,1,Zaouiat Sidi Kacem,0.714,Zaouiat Sidi Kacem,0.714,Tétouan,93.24441867207887,
1064,Zaouite ait Ishaq,Khénifra,1,Aït Ishaq,0.692,Aït Ishaq,0.692,Khénifra,93.2734125833575,
1065,Zeagngan,Nador,1,Zeghanghane,0.737,Zaggota,0.667,Sidi Kacem,93.30240649463613,
1066,Zelten,Essaouira,1,Tahelouante,0.471,Zerkten,0.769,Al Haouz,93.33140040591476,
1067,Zerhounia,Meknès,1,Ouislane,0.353,El Hagounia,0.7,Es-Semara,93.3603943171934,
1068,Zouagha,Fès,1,Louadaine,0.5,Ounagha,0.857,Essaouira,93.38938822847201,
1069,Zoualet,Meknès,1,Toulal,0.615,Toualet,0.857,Settat,93.41838213975065,
1070,agouti,Tinghir,1,Assoul,0.5,Aghouatim,0.8,Al Haouz,93.44737605102928,
1071,As jbel oulia,Tinghir,1,Ferkla El Oulia,0.714,Ferkla El Oulia,0.714,Tinghir,93.47636996230791,
1072,As s Gharbia,Tinghir,1,Ait Sedrate Sahl El Gharbia,0.564,Had Al Gharbia,0.769,Tanger-Assilah,93.50536387358655,
1073,Amallal,Chefchaouen,1,Amtar,0.5,Tamallalt,0.875,El Kelâa des Sraghna,93.53435778486518,
1074,Amdnagh,Tinghir,1,Tinghir,0.429,Madagh,0.769,Berkane,93.56335169614381,
1075,Amkhlij,Al Haouz,1,Assaki,0.462,Mkhalif,0.714,Safi,93.59234560742244,
1076,Amsernat,Agadir-Ida Ou Tanane,1,Tamri,0.462,Ternata,0.667,Zagora,93.62133951870108,
1077,Anamer,Taroudant,1,Argana,0.5,Ameur,0.727,Salé,93.65033342997971,
1078,Aolos,Taroudant,1,Aoulouz,0.667,Aoulouz,0.667,Taroudant,93.67932734125833,
1079,Aruit,Nador,1,Al Aroui,0.615,Targuist,0.769,Al Hoceïma,93.70832125253696,
1080,ain chaib,Taroudant,1,Lamhadi,0.5,Ain Chair,0.889,Figuig,93.7373151638156,
1081,ainzora,Nador,1,Zaïo,0.545,Aïn Zohra,0.875,Driouch,93.76630907509423,
1082,ait aatab,Azilal,1,Ait Ouaarda,0.7,Ait Taleb,0.778,Rehamna,93.79530298637286,
1083,ait aliyahya,Tinghir,1,Aït Hani,0.6,Ait Yahya,0.857,Midelt,93.8242968976515,
1084,ait alouane,Tinghir,1,Ait Ouassif,0.636,Zaïtoune,0.737,Tétouan,93.85329080893013,
1085,ait amer,Tinghir,1,Aït Elfarsi,0.632,Aït Kamra,0.824,Al Hoceïma,93.88228472020876,
1086,ait bouallal,Tinghir,1,Ait Youl,0.7,Ait Ouallal,0.957,Zagora,93.91127863148739,
1087,ait boubker,Tinghir,1,Ait Youl,0.632,Sidi Boubker,0.783,Oujda-Angad,93.94027254276602,
1088,ait boulmane,Tinghir,1,Ait Youl,0.7,Ait Boubidmane,0.846,El Hajeb,93.96926645404466,
1089,ait hdouch,Tinghir,1,Ait Youl,0.667,Ait Daoud,0.737,Essaouira,93.99826036532328,
1090,ait hmed,Tinghir,1,Aït Hani,0.625,Ait M'Hamed,0.842,Azilal,94.02725427660191,
1091,ait hmoudene,Tinghir,1,Ait Youl,0.6,Ait Mimoune,0.783,Khemisset,94.05624818788054,
1092,ait iaala,Tinghir,1,Aït Elfarsi,0.5,Ait Iaaza,0.889,Taroudant,94.08524209915917,
1093,ait idit,Tinghir,1,Aït Hani,0.625,Ait Said,0.75,Essaouira,94.1142360104378,
1094,ait mahdi,Tinghir,1,Aït Hani,0.706,Ait Mait,0.824,Driouch,94.14322992171644,
1095,Al Wahda,Taza,1,Outat El Haj,0.4,Lahdar,0.714,Youssoufia,94.17222383299507,
1096,Al masjid,Nador,1,Al Aroui,0.588,Al Mahbass,0.632,Assa-Zag,94.2012177442737,
1097,Al qods,Nador,1,Al Aroui,0.533,Al Oued,0.714,Chefchaouen,94.23021165555234,
1098,Al qods,Taza,1,Bab Boudir,0.471,Al Oued,0.714,Chefchaouen,94.25920556683097,
1099,Albassatine,Meknès,1,Mrhassiyine,0.545,Al Bahraoyine,0.667,Tanger-Assilah,94.2881994781096,
1100,Alhouda Bloc B N° 545,Agadir-Ida Ou Tanane,1,Ida Ou Kazzou,0.303,El Koudia El Beida,0.474,Taroudant,94.31719338938822,
1101,Alqods,Taza,1,Galdamane,0.4,Al Oued,0.615,Chefchaouen,94.34618730066686,
1102,Alquds,Agadir-Ida Ou Tanane,1,Aqesri,0.5,Al Oued,0.615,Chefchaouen,94.37518121194549,
1103,Alquods,Taza,1,Galdamane,0.375,Aquermoud,0.625,Essaouira,94.40417512322412,
1104,Alwafae,Larache,1,Larache,0.429,Ahlaf,0.667,Benslimane,94.43316903450275,
1105,Ait moussa,Zagora,1,Ait Ouallal,0.667,Sidi Moussa,0.762,El Kelâa des Sraghna,94.46216294578139,
1106,Ait s jbel,Tinghir,1,Ait Sedrate Jbel El Oulia,0.571,Bni Sidel Jbel,0.667,Nador,94.49115685706002,
1107,Ait sedrat jbel,Tinghir,1,Ait Sedrate Jbel El Oulia,0.75,Ait Sedrate Jbel El Oulia,0.75,Tinghir,94.52015076833865,
1108,Aity wassif,Tinghir,1,Ait Ouassif,0.818,Ait Ouassif,0.818,Tinghir,94.54914467961729,
1109,Akch hsiya,Tinghir,1,Aït Hani,0.444,Lakhsas,0.588,Tiznit,94.57813859089592,
1110,Akdim,Tinghir,1,Ouaklim,0.667,Aklim,0.8,Berkane,94.60713250217454,
1111,Al Boustane,Meknès,1,Dar Oum Soltane,0.692,Al Ouidane,0.762,Marrakech,94.63612641345317,
1112,ait messoud,Tinghir,1,Ait Youl,0.632,Ait Melloul,0.727,Inezgane-Aït Melloul,94.6651203247318,
1113,ait oglif,Tinghir,1,Ait Youl,0.706,Aglif,0.714,Essaouira,94.69411423601044,
1114,ait ouglif,Tinghir,1,Ait Youl,0.778,Ait Youl,0.778,Tinghir,94.72310814728907,
1115,ait sakri,Tinghir,1,Aït Hani,0.706,Ait Said,0.824,Essaouira,94.7521020585677,
1116,ait tazarin,Tinghir,1,Aït Elfarsi,0.636,Tazarine,0.737,Taza,94.78109596984633,
1117,ait tazrine,Tinghir,1,Aït Hani,0.632,Ait Zineb,0.8,Ouarzazate,94.81008988112497,
1118,ait zelten,Essaouira,1,Tahelouante,0.476,Ait El Man,0.7,Boulemane,94.8390837924036,
1119,ait ziad,Tinghir,1,Aït Hani,0.625,Ait Said,0.75,Essaouira,94.86807770368223,
1120,aitali oyahya,Tinghir,1,Aït Hani,0.476,Ait Yahya,0.818,Midelt,94.89707161496086,
1121,boujdiane,Larache,1,Souaken,0.5,Bou Jedyane,0.8,Ouezzane,94.92606552623948,
1122,almasjid,Nador,1,Al Aroui,0.5,Lamssid,0.667,Boujdour,94.95505943751812,
1123,alouahda,Taza,1,Oulad Zbair,0.526,Lounasda,0.75,El Kelâa des Sraghna,94.98405334879675,
1124,amassine tondout,Tinghir,1,Assoul,0.455,Imintanoute,0.593,Chichaoua,95.01304726007538,
1125,amdnagh,Tinghir,1,Tinghir,0.429,Madagh,0.769,Berkane,95.04204117135401,
1126,amejjaw,Driouch,1,Amejjaou,0.8,Amejjaou,0.8,Driouch,95.07103508263265,
1127,amsa,Tétouan,1,Azla,0.5,Assa,0.75,Assa-Zag,95.10002899391128,
1128,anonizme,Tinghir,1,Alnif,0.462,Tagounite,0.588,Zagora,95.12902290518991,
1129,arroui,Nador,1,Al Aroui,0.714,Azrou,0.727,Ifrane,95.15801681646855,
1130,"b,s,louta",Nador,1,Selouane,0.588,Louta,0.714,Al Hoceïma,95.18701072774718,
1131,b.bouayach,Al Hoceïma,1,Bni Bouayach,0.818,Bni Bouayach,0.818,Al Hoceïma,95.21600463902581,
1132,bab merzk,Taza,1,Bab Marzouka,0.762,Bab Marzouka,0.762,Taza,95.24499855030443,
1133,bab zitouba,Taza,1,Bab Marzouka,0.696,Bab Tiouka,0.762,Sidi Kacem,95.27399246158306,
1134,Ait kassi ouali,Tinghir,1,Ait Ouassif,0.615,Aït Youssef Ou Ali,0.727,Al Hoceïma,95.3029863728617,
1135,Ait maala,Azilal,1,Ait Blal,0.706,Ait Mzal,0.824,Chtouka-Aït Baha,95.33198028414033,
1136,Ait mahdi,Tinghir,1,Aït Hani,0.706,Ait Mait,0.824,Driouch,95.36097419541896,
1137,Ait hadouch,Tinghir,1,Ait Youl,0.632,Ait Hammou,0.762,Rehamna,95.3899681066976,
1138,Ait halli ait Daoud,Khemisset,1,Sebt Aït Rahou,0.545,Ait Sidi Daoud,0.727,Marrakech,95.41896201797623,
1139,Ait hamou yahya,Boulemane,1,Almis Marmoucha,0.533,Ait Yahya,0.75,Midelt,95.44795592925486,
1140,Ait hamoyahya,Tinghir,1,Aït Hani,0.571,Ait Yahya,0.818,Midelt,95.47694984053349,
1141,Ait kassi,Tinghir,1,Ait Ouassif,0.8,Ait Ouassif,0.8,Tinghir,95.50594375181213,
1142,bani Saden,Sefrou,1,Aït Seghrouchen,0.48,Bni Said,0.778,Tétouan,95.53493766309074,
1143,ben souda,Fès,1,Ain Bou Ali,0.5,Bni Oual,0.706,Ouezzane,95.56393157436938,
1144,beni bouyafrour,Nador,1,Bni Bouifrou,0.815,Bni Bouifrou,0.815,Nador,95.59292548564801,
1145,bibane,Taounate,1,El Bibane,0.8,El Bibane,0.8,Taounate,95.62191939692664,
1146,bin jradi,Taza,1,Bab Boudir,0.421,Bir Jdid,0.706,Nouaceur,95.65091330820528,
1147,bizamame,Ouarzazate,1,Ouarzazate,0.444,Bir Tamtam,0.667,Sefrou,95.67990721948391,
1148,bni enssar,Agadir-Ida Ou Tanane,1,Aziar,0.4,Beni Ansar,0.8,Nador,95.70890113076254,
1149,bohrou,Tinghir,1,Bou Azmou,0.533,Bouhlou,0.769,Taza,95.73789504204117,
1150,booujediane,Larache,1,Souaken,0.444,Bou Jedyane,0.818,Ouezzane,95.7668889533198,
1151,bouachiba,Azilal,1,Ouaoula,0.5,Boughriba,0.778,Berkane,95.79588286459844,
1152,boujdian,Larache,1,Souaken,0.533,Oujda,0.769,Oujda-Angad,95.82487677587707,
1153,hdida,Tinghir,1,Tinejdad,0.462,Haddada,0.667,Kénitra,95.85387068715569,
1154,iatachne,Tinghir,1,Aït Hani,0.375,Tafetachte,0.667,Essaouira,95.88286459843432,
1155,bouqorra,Ouezzane,1,Kalaat Booqorra,0.609,Bouskoura,0.706,Nouaceur,95.91185850971296,
1156,bouramana,Driouch,1,Ourdana,0.75,Ouaoumana,0.778,Khénifra,95.94085242099159,
1157,bouzlne,Taza,1,Bouyablane,0.706,Boulemane,0.75,Boulemane,95.96984633227022,
1158,centre,El Kelâa des Sraghna,1,Zemrane,0.462,Metrane,0.615,Sidi Bennour,95.99884024354886,
1159,dalas,Béni Mellal,1,Dir El Ksiba,0.235,Dakhla,0.727,Oued Ed-Dahab,96.02783415482749,
1160,douar OUDAD,Taounate,1,Oulad Daoud,0.636,Ouaoula,0.667,Azilal,96.05682806610612,
1161,douar ain sora,Taounate,1,Oulad Daoud,0.48,Oulad Ali Mansour,0.645,Chefchaouen,96.08582197738475,
1162,dr Afra,Ouarzazate,1,Afra,0.727,Afra,0.727,Ouarzazate,96.11481588866339,
1163,dr doultma,Essaouira,1,Sidi Boulaalam,0.5,Dar Oum Soltane,0.64,Meknès,96.143809799942,
1164,Ait aabou,Tinghir,1,Ait Youl,0.706,Ait Daoud,0.778,Essaouira,96.17280371122064,
1165,Ait ali imider,Tinghir,1,Imider,0.6,Ait Amira,0.696,Inezgane-Aït Melloul,96.20179762249927,
1166,Ait amar ouissa,Tinghir,1,Ait Ouassif,0.615,Aït Kamra,0.583,Al Hoceïma,96.2307915337779,
1167,Ait boyoussef,Tinghir,1,Ait Ouassif,0.75,Ait Haddou Youssef,0.774,Taroudant,96.25978544505654,
1168,Ait gmat,Tinghir,1,Aït Hani,0.625,Ait Mait,0.875,Driouch,96.28877935633517,
1169,Ait Rouadi,Béni Mellal,1,Ait Ouqabli,0.762,Ait Ouadrim,0.857,Chtouka-Aït Baha,96.3177732676138,
1170,Ait Sadrat J oulioa,Tinghir,1,Ait Sedrate Jbel El Oulia,0.773,Ait Sedrate Jbel El Oulia,0.773,Tinghir,96.34676717889243,
1171,Ait Sdrat Ghrbia,Ouarzazate,1,Ait Oumdis,0.385,Ait Sedrate Sahl El Gharbia,0.744,Tinghir,96.37576109017107,
1172,Ait Sdrat Shel Charqia,Ouarzazate,1,Skoura Ahl El Oust,0.4,Ait Sedrate Sahl Charkia,0.87,Tinghir,96.4047550014497,
1173,Ait Tislit,Béni Mellal,1,Ait Ouqabli,0.571,Ait Tamlil,0.7,Azilal,96.43374891272833,
1174,Ait Tisslit,Béni Mellal,1,Ait Ouqabli,0.545,Tissint,0.667,Tata,96.46274282400695,
1175,dépisté à azrou,Larache,1,Rissana Janoubia,0.452,Ait Sebaa Lajrouf,0.438,Ifrane,96.49173673528558,
1176,farkhana,Nador,1,Arekmane,0.625,Argana,0.714,Taroudant,96.52073064656422,
1177,ghigou,Sefrou,1,Aït Seghrouchen,0.381,Guigou,0.833,Boulemane,96.54972455784285,
1178,ghorm El Alem,Béni Mellal,1,Foum El Anceur,0.593,Laghoualem,0.609,Benslimane,96.57871846912148,
1179,had mssila,Taza,1,Msila,0.667,H'Ssyia,0.706,Zagora,96.60771238040012,
1180,hamria,Ouezzane,1,Lamrabih,0.571,Lamrija,0.769,Guercif,96.63670629167875,
1181,hamria,Taounate,1,Zarkat,0.5,Lamrija,0.769,Guercif,96.66570020295738,
1182,harmomo,Sefrou,1,Ahermoumou,0.706,Ahermoumou,0.706,Sefrou,96.69469411423601,
1183,harmomou,Sefrou,1,Ahermoumou,0.778,Ahermoumou,0.778,Sefrou,96.72368802551465,
1184,hay dari,Agadir-Ida Ou Tanane,1,Tadrart,0.533,Had Dra,0.667,Essaouira,96.75268193679328,
1185,kella,Tinghir,1,Toudgha El Oulia,0.381,Mellila,0.667,Benslimane,96.7816758480719,
1186,kolla,Larache,1,Souk Tolba,0.533,Kechoula,0.615,Chichaoua,96.81066975935053,
1187,lagnat,Béni Mellal,1,Oulad Gnaou,0.588,Lagnadiz,0.714,Khouribga,96.83966367062916,
1188,laksir,El Hajeb,1,Iqaddar,0.308,Laqsir,0.833,Moulay Yacoub,96.8686575819078,
1189,iazanenn,Nador,1,Iaazzanene,0.778,Iaazzanene,0.778,Nador,96.89765149318643,
1190,ibrghosne,Tinghir,1,Tinghir,0.375,Tighedouine,0.6,Al Haouz,96.92664540446506,
1191,idaogaylat,Taroudant,1,Ida Ou Gailal,0.696,Ida Ou Gailal,0.696,Taroudant,96.9556393157437,
1192,igermaouas,Driouch,1,Amejjaou,0.444,Ijarmaouas,0.8,Al Hoceïma,96.98463322702233,
1193,igherme,Taroudant,1,Irherm,0.769,Irherm,0.769,Taroudant,97.01362713830096,
1194,ighmnigrane,Tinghir,1,Tinghir,0.556,Ighzrane,0.737,Taza,97.0426210495796,
1195,ighrmloune,Tinghir,1,Aghbalou N'Kerdous,0.5,Tighedouine,0.667,Al Haouz,97.07161496085821,
1196,imghrane,Tinghir,1,Tinghir,0.533,Ighzrane,0.875,Taza,97.10060887213685,
1197,iminifri,Azilal,1,Tifni,0.462,Sidi Ifni,0.471,Sidi Ifni,97.12960278341548,
1198,Ait Iaala,Tinghir,1,Aït Elfarsi,0.5,Ait Iaaza,0.889,Taroudant,97.15859669469411,
1199,Ait Moumen,Taza,1,Bab Marzouka,0.455,Ait Mimoune,0.762,Khemisset,97.18759060597274,
1200,Ait Moussa Fadma,Ouarzazate,1,Ait Oumdis,0.538,Ait Ouaarda,0.741,Azilal,97.21658451725138,
1201,Ain Chgaga,Sefrou,1,Mtarnagha,0.526,Ain Cheggag,0.857,Fès,97.24557842853001,
1202,Ain Chifa,Sefrou,1,Ain Timguenai,0.545,Ain Chkef,0.778,Fès,97.27457233980864,
1203,Ain K ara,Moulay Yacoub,1,Ain Taoujdate,0.545,Ain Kansra,0.842,Fès,97.30356625108728,
1204,Ain Taoujtat,El Hajeb,1,Ait Boubidmane,0.462,Ain Taoujdate,0.88,Moulay Yacoub,97.33256016236591,
1205,AinDoreij,Ouezzane,1,Ain Dfali,0.556,Adrej,0.714,Boulemane,97.36155407364454,
1206,Ainchgag,Sefrou,1,Ain Timguenai,0.476,Ain Cheggag,0.842,Fès,97.39054798492316,
1207,Ainjamaa,Meknès,1,Aïn Orma,0.625,Ain Jemaa,0.824,Sidi Kacem,97.41954189620179,
1208,Ait Abou,Khemisset,1,Ait Ikkou,0.706,Ait Daoud,0.824,Essaouira,97.44853580748043,
1209,Ait Guirt,Azilal,1,Ait Ouaarda,0.6,Ait Ourir,0.778,Marrakech,97.47752971875906,
1210,Ait Guirte,Azilal,1,Ait Taguella,0.636,Ait Ourir,0.737,Marrakech,97.50652363003769,
1211,imzoudar,Tinghir,1,Imider,0.571,Mzoudia,0.8,Chichaoua,97.53551754131632,
1212,izourka,Tinghir,1,Outerbat,0.533,Ourika,0.769,Al Haouz,97.56451145259496,
1213,jmaat abdellah,Al Haouz,1,Tameslouht,0.167,Ait Abdellah,0.846,Chtouka-Aït Baha,97.59350536387359,
1214,jnan ward,Fès,1,Ain Kansra,0.421,Ain Harrouda,0.571,Médiouna,97.62249927515222,
1215,karia ba ahmd,Taounate,1,Aïn Aïcha,0.455,Karia Ba Mohamed,0.828,Moulay Yacoub,97.65149318643086,
1216,karia ba med,Taounate,1,Ras El Oued,0.435,Karia Ba Mohamed,0.857,Moulay Yacoub,97.68048709770949,
1217,oued fes,Fès,1,Fès,0.545,Oued Zem,0.75,Khouribga,97.7094810089881,
1218,ouledamghar,Driouch,1,Ourdana,0.556,Oulad Amghar,0.87,Al Hoceïma,97.73847492026674,
1219,qd ben aouda,Kénitra,1,Ben Mansour,0.609,Kariat Ben Aouda,0.714,Ouezzane,97.76746883154537,
1220,lamzem,El Kelâa des Sraghna,1,Oulad Amer,0.5,Talzemt,0.615,Boulemane,97.796462742824,
1221,lbour,Tinghir,1,Outerbat,0.462,Bourd,0.8,Al Hoceïma,97.82545665410264,
1222,lhart,Tinghir,1,Aït Elfarsi,0.375,Lahdar,0.727,Youssoufia,97.85445056538127,
1223,lharte,Tinghir,1,Aït Elfarsi,0.353,Lahdar,0.667,Youssoufia,97.8834444766599,
1224,marnissa,Taounate,1,Tissa,0.615,Massa,0.769,Tiznit,97.91243838793854,
1225,menzel,Sefrou,1,El Menzel,0.8,El Menzel,0.8,Sefrou,97.94143229921717,
1226,mezguitem,Taza,1,El Gouzate,0.421,Mezguita,0.824,Ouarzazate,97.9704262104958,
1227,mirna,Tinghir,1,Imider,0.545,Smià,0.667,Taza,97.99942012177442,
1228,moqrisat,Ouezzane,1,Brikcha,0.4,Moqrisset,0.824,Chefchaouen,98.02841403305305,
1229,moujjou,Sefrou,1,Ahermoumou,0.588,Boujdour,0.667,Boujdour,98.05740794433169,
1230,Agouidir,Chichaoua,1,Ighoud,0.571,Agoudim,0.8,Midelt,98.08640185561032,
1231,Aguidir,Chichaoua,1,Ait Hadi,0.533,Iguidi,0.769,Al Haouz,98.11539576688895,
1232,Ai Boussalef,Taza,1,Bouyablane,0.545,Ait Ouassif,0.696,Tinghir,98.14438967816758,
1233,Afellaisen,Chichaoua,1,Afalla Issen,0.818,Afalla Issen,0.818,Chichaoua,98.17338358944622,
1234,Agdal,Fès,1,Ain Bida,0.462,Imgdal,0.727,Al Haouz,98.20237750072485,
1235,Agdime,Tinghir,1,Imider,0.5,Agoudim,0.769,Midelt,98.23137141200348,
1236,Aghbalo K,Sefrou,1,Aghbalou Aqorar,0.667,Aghbalou,0.824,Khénifra,98.26036532328212,
1237,Aghwatime,Al Haouz,1,Aghouatim,0.778,Aghouatim,0.778,Al Haouz,98.28935923456075,
1238,Aglou,Agadir-Ida Ou Tanane,1,Taghazout,0.571,Aghbalou,0.769,Khénifra,98.31835314583937,
1239,municipalité nador,Nador,1,Nador,0.435,Sidi Ali Ben Hamdouche,0.5,El Jadida,98.347347057118,
1240,my abdelkader,Sidi Kacem,1,Sidi Kacem,0.348,Moulay Abdelkader,0.867,Ouezzane,98.37634096839663,
1241,my abdelkrim,Taounate,1,Moulay Ahmed Cherif,0.516,Moulay Abdelkrim,0.857,Moulay Yacoub,98.40533487967527,
1242,nakhla,Tétouan,1,Azla,0.6,Dakhla,0.833,Oued Ed-Dahab,98.4343287909539,
1243,o ghalem,Settat,1,Toualet,0.533,Ouled Ghanem,0.7,Sidi Bennour,98.46332270223253,
1244,oled bouaziri,Settat,1,Oulad Abbou,0.583,Oulad Bourima,0.692,Taza,98.49231661351116,
1245,oled bouchair,Settat,1,Oulad Abbou,0.583,Oulad Boughadi,0.741,Khouribga,98.5213105247898,
1246,oled mhala,Taroudant,1,Ouled Aissa,0.667,Oued Malha,0.7,Chefchaouen,98.55030443606843,
1247,omyache,Tinghir,1,Imilchil,0.4,Rouached,0.667,Fquih Ben Salah,98.57929834734706,
1248,oued Kasaba,Taounate,1,Oued Jemaa,0.667,Ouled Aissa,0.727,Taroudant,98.6082922586257,
1249,rahouana,Nador,1,Selouane,0.5,Lahouaza,0.75,Settat,98.63728616990431,
1250,rass lma,Nador,1,Hassi Berkane,0.476,Ras El Ma,0.824,Berkane,98.66628008118295,
1251,regraga,Al Haouz,1,Agafay,0.462,Reggada,0.714,Tiznit,98.69527399246158,
1252,regragua,Essaouira,1,Sidi Aissa Regragui,0.519,Reggada,0.667,Tiznit,98.72426790374021,
1253,saghro,Tinghir,1,Tinghir,0.462,Maghraoua,0.667,Taza,98.75326181501885,
1254,sahel,Tiznit,1,Arbaa Sahel,0.625,Salé,0.667,Salé,98.78225572629748,
1255,sais,Fès,1,Ain Kansra,0.429,Assais,0.8,Taroudant,98.81124963757611,
1256,sebte tafraoutene,Taroudant,1,Tafraouten,0.741,Tafraouten,0.741,Taroudant,98.84024354885474,
1257,sghanghan,Nador,1,Zeghanghane,0.8,Zeghanghane,0.8,Nador,98.86923746013338,
1258,A/ Chefk,Al Haouz,1,Ahl Tifnoute,0.316,Ain Chkef,0.75,Fès,98.89823137141201,
1259,A/Hmmou,Al Hoceïma,1,Izemmouren,0.471,Ait Hammou,0.824,Rehamna,98.92722528269063,
1260,Abdellah Chefchaouni,Agadir-Ida Ou Tanane,1,Adaghas,0.37,Chefchaouen,0.645,Chefchaouen,98.95621919396926,
1261,Abdellah Chefchaouni,Ouarzazate,1,Afella N'Dra,0.438,Chefchaouen,0.645,Chefchaouen,98.9852131052479,
1262,Abdellah Chefchaouni,Tinghir,1,Ferkla El Oulia,0.4,Chefchaouen,0.645,Chefchaouen,99.01420701652653,
1263,Ad Sayeh,Essaouira,1,Sidi Ahmed Essayeh,0.615,Aday,0.667,Assa-Zag,99.04320092780516,
1264,Admam,Al Hoceïma,1,Senada,0.545,Oulad Zmam,0.667,Fquih Ben Salah,99.07219483908379,
1265,taynza,Tinghir,1,Tinejdad,0.286,Taza,0.8,Taza,99.10118875036243,
1266,tizitounte,Chichaoua,1,Ain Tazitounte,0.75,Tiztoutine,0.8,Driouch,99.13018266164106,
1267,tkhabecht,Driouch,1,Tafersit,0.471,Tafetachte,0.632,Essaouira,99.15917657291969,
1268,tlat louta,Nador,1,Bni Sidel Louta,0.56,Tazouta,0.706,Sefrou,99.18817048419832,
1269,trik alwahda,Taza,1,Tahla,0.471,Sti Fadma,0.476,Al Haouz,99.21716439547696,
1270,z elbir,Tinghir,1,M'Semrir,0.533,Ksar el-Kebir,0.6,Larache,99.24615830675558,
1271,zayo,Nador,1,Zaïo,0.75,Zaïo,0.75,Nador,99.27515221803421,
1272,zegota,Sidi Kacem,1,Zaggota,0.769,Zaggota,0.769,Sidi Kacem,99.30414612931284,
1273,zgangan,Nador,1,Zeghanghane,0.778,Zeghanghane,0.778,Nador,99.33314004059147,
1274,A S S charkia,Tinghir,1,Ait Sedrate Sahl Charkia,0.703,Ait Sedrate Sahl Charkia,0.703,Tinghir,99.3621339518701,
1275,A S Scharkia,Tinghir,1,Ait Sedrate Sahl Charkia,0.667,Assaki,0.667,Al Haouz,99.39112786314874,
1276,A S gbel sofla,Tinghir,1,Ait Sedrate Jbel El Soufla,0.65,Ait Sedrate Jbel El Soufla,0.65,Tinghir,99.42012177442737,
1277,A S jbel,Tinghir,1,Ait Sedrate Jbel El Oulia,0.485,Bni Sidel Jbel,0.636,Nador,99.449115685706,
1278,A S jbel olia,Tinghir,1,Ait Sedrate Jbel El Oulia,0.684,Ait Sedrate Jbel El Oulia,0.684,Tinghir,99.47810959698464,
1279,A S jbel sofla,Tinghir,1,Ait Sedrate Jbel El Soufla,0.7,Ait Sedrate Jbel El Soufla,0.7,Tinghir,99.50710350826327,
1280,A s jbel,Tinghir,1,Ait Sedrate Jbel El Oulia,0.485,Bni Sidel Jbel,0.636,Nador,99.5360974195419,
1281,Ighrem Amazdar,Tinghir,1,Taghzoute N'Ait Atta,0.412,Ighrem N'Ougdal,0.621,Ouarzazate,99.56509133082052,
1282,15 Gar,Taza,1,Ras Laksar,0.375,M'Garto,0.615,Khouribga,99.59408524209915,
1283,15Eme Gare,Taza,1,El Gouzate,0.5,M'Garto,0.588,Khouribga,99.62307915337779,
1284,6éme BSI,Taza,1,Msila,0.462,Mesti,0.615,Sidi Ifni,99.65207306465642,
1285,7Eme Bsi,Taza,1,Msila,0.462,Mesti,0.615,Sidi Ifni,99.68106697593505,
1286,7Eme Bsi Melitaire,Taza,1,Msila,0.435,Ameur Seflia,0.533,Kénitra,99.71006088721369,
1287,7eme BISI,Taza,1,Msila,0.429,Mesti,0.429,Sidi Ifni,99.73905479849232,
1288,A H yahya,Tinghir,1,Aït Hani,0.471,Ait Yahya,0.778,Midelt,99.76804870977095,
1289,A S J oulia,Tinghir,1,Ferkla El Oulia,0.615,Rass Oumlil,0.636,Tan-Tan,99.79704262104958,
1290,A S J soufla,Tinghir,1,Ferkla Es-Soufla,0.714,Ferkla Es-Soufla,0.714,Tinghir,99.82603653232822,
1291,A S Jbel olia,Tinghir,1,Ait Sedrate Jbel El Oulia,0.684,Ait Sedrate Jbel El Oulia,0.684,Tinghir,99.85503044360684,
1292,taouima,Nador,1,Al Aroui,0.533,Touama,0.769,Marrakech,99.88402435488547,
1293,taoujtat,El Hajeb,1,Agourai,0.533,Tazouta,0.8,Sefrou,99.9130182661641,
1294,tarmouchte,Tinghir,1,Outerbat,0.444,Tabaroucht,0.8,Béni Mellal,99.94201217744273,
1295,tasouite,Tinghir,1,Assoul,0.571,Tagounite,0.824,Zagora,99.97100608872137,
1296,tassouit,Tinghir,1,Assoul,0.714,Tassousfi,0.824,Tata,100.0,
