region,annee,mois,cas_predits,ci_lower_95,ci_upper_95
Béni Mellal-Khénifra,2025,1,103.94511851816073,84.36489364444215,123.5253433918793
Béni Mellal-Khénifra,2025,2,108.08356755642602,88.0933546844759,128.07378042837615
Béni Mellal-Khénifra,2025,3,114.98506418176795,94.32460751318763,135.64552085034828
Béni Mellal-Khénifra,2025,4,111.56639513074332,91.23236842320925,131.9004218382774
Béni Mellal-Khénifra,2025,5,96.00940717512651,77.19762544512194,114.82118890513108
Béni Mellal-Khénifra,2025,6,88.90227732307605,70.84264127655547,106.96191336959663
Béni Mellal-Khénifra,2025,7,78.3560063961379,61.466491373626305,95.2455214186495
Béni Mellal-Khénifra,2025,8,77.55698824963876,60.76083021164149,94.35314628763604
Béni Mellal-Khénifra,2025,9,89.01536192639999,70.96027784542619,107.07044600737379
Béni Mellal-Khénifra,2025,10,93.88773167500675,75.31441474105456,112.46104860895893
Béni Mellal-Khénifra,2025,11,104.80207093258701,85.09995360257305,124.50418826260098
Béni Mellal-Khénifra,2025,12,107.0374167343109,87.19052134943475,126.88431211918704
Béni Mellal-Khénifra,2026,1,107.21794350508297,87.31639372260803,127.11949328755792
Béni Mellal-Khénifra,2026,2,112.34871306371062,91.94879870979571,132.74862741762553
Béni Mellal-Khénifra,2026,3,117.09913206097065,96.23861130233809,137.9596528196032
Béni Mellal-Khénifra,2026,4,116.05950838653848,95.28021717052019,136.83879960255678
Béni Mellal-Khénifra,2026,5,98.5802336417786,79.4942590616072,117.66620822195001
Béni Mellal-Khénifra,2026,6,90.74679182490291,72.47386833240043,109.0197153174054
Béni Mellal-Khénifra,2026,7,81.0886315180535,63.861726114802856,98.31553692130416
Béni Mellal-Khénifra,2026,8,79.15650554340428,62.15296195045778,96.16004913635078
Béni Mellal-Khénifra,2026,9,90.45392037443015,72.23789045213312,108.6699502967272
Béni Mellal-Khénifra,2026,10,95.6416051707419,76.87799320538193,114.40521713610187
Béni Mellal-Khénifra,2026,11,106.49074259195716,86.61309542702278,126.36838975689153
Béni Mellal-Khénifra,2026,12,110.05683317211779,89.8732491750593,130.24041716917628
Béni Mellal-Khénifra,2027,1,107.97613444982248,87.97858101849025,127.97368788115472
Béni Mellal-Khénifra,2027,2,113.08066662530338,92.56933742735355,133.59199582325323
Béni Mellal-Khénifra,2027,3,118.18923524995228,97.18551434356458,139.19295615634
Béni Mellal-Khénifra,2027,4,115.8985315676006,95.10900800276917,136.68805513243203
Béni Mellal-Khénifra,2027,5,100.94852982848296,81.58904931734652,120.3080103396194
Béni Mellal-Khénifra,2027,6,91.52811818194036,73.13808544150645,109.91815092237427
Béni Mellal-Khénifra,2027,7,81.7516632876371,64.42693135936696,99.07639521590724
Béni Mellal-Khénifra,2027,8,79.23714139500882,62.22600336870832,96.24827942130932
Béni Mellal-Khénifra,2027,9,91.00639642466068,72.72836756908401,109.28442528023734
Béni Mellal-Khénifra,2027,10,96.90157882903534,77.99758974127207,115.80556791679862
Béni Mellal-Khénifra,2027,11,107.87770076525774,87.82855282529674,127.92684870521875
Béni Mellal-Khénifra,2027,12,111.61681258693076,91.25366545246126,131.97995972140026
Béni Mellal-Khénifra,2028,1,111.1625573351599,90.82564523400035,131.49946943631946
Béni Mellal-Khénifra,2028,2,113.54881269088693,92.97506762747379,134.1225577543001
Béni Mellal-Khénifra,2028,3,120.04983702048324,98.87717391006866,141.22250013089783
Béni Mellal-Khénifra,2028,4,117.61019978607438,96.66278302488445,138.5576165472643
Béni Mellal-Khénifra,2028,5,101.30387975445149,81.90863638240191,120.69912312650106
Béni Mellal-Khénifra,2028,6,92.11306683379131,73.66532683695911,110.5608068306235
Béni Mellal-Khénifra,2028,7,81.94021584005773,64.59290740116727,99.2875242789482
Béni Mellal-Khénifra,2028,8,79.79577039087563,62.703348258774284,96.88819252297698
Béni Mellal-Khénifra,2028,9,91.7214365070243,73.34418578853635,110.09868722551224
Béni Mellal-Khénifra,2028,10,96.25562148573046,77.40306016951368,115.10818280194724
Béni Mellal-Khénifra,2028,11,108.52986792230767,88.41695591161152,128.64277993300382
Béni Mellal-Khénifra,2028,12,110.27923638884128,90.04075080067142,130.51772197701115
Béni Mellal-Khénifra,2029,1,110.686147551288,90.38603963284726,130.98625546972875
Béni Mellal-Khénifra,2029,2,115.04534570249822,94.33016145116808,135.76052995382838
Béni Mellal-Khénifra,2029,3,121.27927424093863,99.99449223068038,142.5640562511969
Béni Mellal-Khénifra,2029,4,118.68966526116388,97.64304279696748,139.73628772536028
Béni Mellal-Khénifra,2029,5,100.41937183627765,81.11203343891285,119.72671023364245
Béni Mellal-Khénifra,2029,6,91.92058165001153,73.49095296991801,110.35021033010504
Béni Mellal-Khénifra,2029,7,82.08318133370948,64.7175682992289,99.44879436819005
Béni Mellal-Khénifra,2029,8,79.84358573499428,62.7397948982833,96.94737657170526
Béni Mellal-Khénifra,2029,9,91.76691736118285,73.3891684124579,110.14466630990779
Béni Mellal-Khénifra,2029,10,97.47490111882891,78.50359892224304,116.44620331541478
Béni Mellal-Khénifra,2029,11,109.14104580739196,88.97873705187851,129.3033545629054
Béni Mellal-Khénifra,2029,12,112.2871420373957,91.86420151416257,132.71008256062882
Béni Mellal-Khénifra,2030,1,111.80949531148632,91.39921830397061,132.21977231900203
Béni Mellal-Khénifra,2030,2,115.20152463285032,94.4723004551114,135.93074881058925
Béni Mellal-Khénifra,2030,3,120.93859939811473,99.68551712709503,142.19168166913443
Béni Mellal-Khénifra,2030,4,117.96226056697228,96.98244024504412,138.94208088890042
Béni Mellal-Khénifra,2030,5,100.34098025199604,81.04186025578437,119.64010024820772
Béni Mellal-Khénifra,2030,6,92.24824272919298,73.78417081975681,110.71231463862915
Béni Mellal-Khénifra,2030,7,82.06859836603834,64.70236424976886,99.43483248230783
Béni Mellal-Khénifra,2030,8,80.26205489287135,63.10397805218613,97.42013173355656
Béni Mellal-Khénifra,2030,9,92.01799917359938,73.60912146878404,110.42687687841472
Béni Mellal-Khénifra,2030,10,96.8300961733306,77.9195298337969,115.7406625128643
Béni Mellal-Khénifra,2030,11,109.10206727730248,88.94012107894787,129.2640134756571
Béni Mellal-Khénifra,2030,12,112.47651923639067,92.03438886784588,132.91864960493547
Béni Mellal-Khénifra,2031,1,111.95110348031407,91.52638306178402,132.37582389884415
Béni Mellal-Khénifra,2031,2,115.67119293250384,94.89806255735489,136.44432330765278
Béni Mellal-Khénifra,2031,3,120.78922030110942,99.54877320386456,142.0296673983543
Béni Mellal-Khénifra,2031,4,117.63454042044502,96.68432363754039,138.58475720334965
Béni Mellal-Khénifra,2031,5,101.04092115797762,81.67232132973992,120.40952098621533
Béni Mellal-Khénifra,2031,6,92.52023509389778,74.0276295973182,111.01284059047737
Béni Mellal-Khénifra,2031,7,82.25945196375571,64.874871705237,99.64403222227442
Béni Mellal-Khénifra,2031,8,79.71830263364119,62.62413281302918,96.8124724542532
Béni Mellal-Khénifra,2031,9,91.70656741739909,73.33597220040753,110.07716263439065
Béni Mellal-Khénifra,2031,10,97.28261741952193,78.33207589853944,116.23315894050441
Béni Mellal-Khénifra,2031,11,109.64777657018385,89.43918067919836,129.85637246116934
Béni Mellal-Khénifra,2031,12,113.23753799112195,92.72435394686194,133.75072203538198
Béni Mellal-Khénifra,2032,1,112.76180516670598,92.26121026325316,133.2624000701588
Béni Mellal-Khénifra,2032,2,114.800529974817,94.10896477120656,135.49209517842743
Béni Mellal-Khénifra,2032,3,121.052750962447,99.78942077322455,142.31608115166947
Béni Mellal-Khénifra,2032,4,117.94715367912399,96.96900764192755,138.92529971632044
Béni Mellal-Khénifra,2032,5,101.36250320176367,81.96160476812543,120.76340163540192
Béni Mellal-Khénifra,2032,6,92.39159228700447,73.91330924483019,110.86987532917875
Béni Mellal-Khénifra,2032,7,82.12324383287772,64.75127198278742,99.49521568296802
Béni Mellal-Khénifra,2032,8,79.99818130451908,62.8703156295155,97.12604697952266
Béni Mellal-Khénifra,2032,9,91.89244940786756,73.4982264197257,110.28667239600942
Béni Mellal-Khénifra,2032,10,96.76737149645002,77.8644528153864,115.67029017751365
Béni Mellal-Khénifra,2032,11,109.22029258688985,89.04783983903957,129.39274533474014
Béni Mellal-Khénifra,2032,12,113.17185220143003,92.66609345263505,133.677610950225
Béni Mellal-Khénifra,2033,1,112.53045476647698,92.05126958670388,133.00963994625008
Béni Mellal-Khénifra,2033,2,115.34077712969231,94.59875177880448,136.08280248058014
Béni Mellal-Khénifra,2033,3,120.99702543089487,99.73829655099007,142.25575431079966
Béni Mellal-Khénifra,2033,4,118.35947853643084,97.34308498804461,139.37587208481708
Béni Mellal-Khénifra,2033,5,100.74266331842257,81.40329940319356,120.08202723365159
Béni Mellal-Khénifra,2033,6,92.44362679213238,73.95911873011285,110.9281348541519
Béni Mellal-Khénifra,2033,7,81.69381541848293,64.368361681681,99.01926915528486
Béni Mellal-Khénifra,2033,8,79.41209342555717,62.36297074276344,96.46121610835091
Béni Mellal-Khénifra,2033,9,91.10554743914392,72.79122098268942,109.41987389559841
Béni Mellal-Khénifra,2033,10,97.12499500387634,78.18470514463577,116.0652848631169
Béni Mellal-Khénifra,2033,11,109.40109059532739,89.2102259836013,129.59195520705347
Béni Mellal-Khénifra,2033,12,112.86356412130478,92.38399501140282,133.34313323120674
Béni Mellal-Khénifra,2034,1,112.88746664904237,92.37402187973478,133.40091141834995
Béni Mellal-Khénifra,2034,2,115.13338944137352,94.41051591395494,135.8562629687921
Béni Mellal-Khénifra,2034,3,120.77048179897642,99.53202575870887,142.00893783924397
Béni Mellal-Khénifra,2034,4,117.45223856988278,96.51882755141406,138.3856495883515
Béni Mellal-Khénifra,2034,5,100.60188134407557,81.27686509326182,119.92689759488931
Béni Mellal-Khénifra,2034,6,92.50098653604768,74.01071213972338,110.99126093237197
Béni Mellal-Khénifra,2034,7,82.18364623364423,64.80708217903299,99.56021028825546
Béni Mellal-Khénifra,2034,8,80.0721630599344,62.94996787919102,97.19435824067777
Béni Mellal-Khénifra,2034,9,91.7465291353946,73.36855207404983,110.12450619673936
Béni Mellal-Khénifra,2034,10,97.22482932183043,78.27785244574136,116.1718061979195
Béni Mellal-Khénifra,2034,11,109.20407873823174,89.03048107437844,129.37767640208506
Béni Mellal-Khénifra,2034,12,113.3991159732175,92.86997872942446,133.92825321701054
Béni Mellal-Khénifra,2035,1,112.73784989951987,92.23847824316569,133.23722155587404
Béni Mellal-Khénifra,2035,2,115.54237451506069,94.78189141445435,136.30285761566702
Béni Mellal-Khénifra,2035,3,120.84954235937055,99.60415253502892,142.0949321837122
Béni Mellal-Khénifra,2035,4,117.8868314603229,96.91363837468752,138.86002454595825
Béni Mellal-Khénifra,2035,5,100.84549865845345,81.49593146952597,120.19506584738093
Béni Mellal-Khénifra,2035,6,92.52578295587955,74.03257284425213,111.01899306750697
Béni Mellal-Khénifra,2035,7,81.70221839864426,64.37567609940724,99.02876069788128
Béni Mellal-Khénifra,2035,8,79.09135442890842,62.07712083046856,96.10558802734828
Béni Mellal-Khénifra,2035,9,90.57620748472364,72.31533703690964,108.83707793253764
Béni Mellal-Khénifra,2035,10,96.95600769521809,78.0327171834271,115.87929820700909
Béni Mellal-Khénifra,2035,11,109.17083222735891,89.00090169950585,129.34076275521198
Béni Mellal-Khénifra,2035,12,112.9211965797345,92.43461930412067,133.40777385534832
Béni Mellal-Khénifra,2036,1,113.20805178907644,92.66421965634957,133.75188392180328
Béni Mellal-Khénifra,2036,2,115.30745919395062,94.5693183612379,136.04560002666335
Béni Mellal-Khénifra,2036,3,121.5401051303623,100.23192517550191,142.8482850852227
Béni Mellal-Khénifra,2036,4,118.24166127779506,97.23662906228466,139.24669349330546
Béni Mellal-Khénifra,2036,5,100.9994641570722,81.6345760787044,120.36435223544
Béni Mellal-Khénifra,2036,6,92.51839816429246,74.0258878654649,111.01090846312003
Béni Mellal-Khénifra,2036,7,82.18260454040079,64.80426098279297,99.56094809800861
Béni Mellal-Khénifra,2036,8,79.90494400548786,62.801857702942314,97.00803030803341
Béni Mellal-Khénifra,2036,9,91.50898738043915,73.15589536992435,109.86207939095395
Béni Mellal-Khénifra,2036,10,96.97352695007909,78.0518751076424,115.89517879251578
Béni Mellal-Khénifra,2036,11,109.15303049300948,88.98444403088635,129.3216169551326
Béni Mellal-Khénifra,2036,12,113.44283272645004,92.9048742654262,133.98079118747387
Béni Mellal-Khénifra,2037,1,112.84511596687778,92.33560944823178,133.35462248552378
Béni Mellal-Khénifra,2037,2,115.21104756064678,94.4822653069826,135.93982981431094
Béni Mellal-Khénifra,2037,3,120.99892967748428,99.7399666886528,142.25789266631577
Béni Mellal-Khénifra,2037,4,117.81392802289835,96.8481811893583,138.77967485643842
Béni Mellal-Khénifra,2037,5,100.74524402902505,81.40556911656454,120.08491894148555
Béni Mellal-Khénifra,2037,6,92.39182627177338,73.91249329038214,110.87115925316462
Béni Mellal-Khénifra,2037,7,81.51339274510113,64.20685983381134,98.81992565639092
Béni Mellal-Khénifra,2037,8,78.69401790095581,61.724666391309015,95.66336941060261
Béni Mellal-Khénifra,2037,9,90.80759445097839,72.52247988323485,109.09270901872192
Béni Mellal-Khénifra,2037,10,97.3092449313578,78.3500379138882,116.26845194882739
Béni Mellal-Khénifra,2037,11,109.58792248345786,89.37851524930232,129.7973297176134
Béni Mellal-Khénifra,2037,12,113.16878927930736,92.65483774111102,133.6827408175037
Béni Mellal-Khénifra,2038,1,112.87305413364349,92.36040550595526,133.38570276133171
Béni Mellal-Khénifra,2038,2,115.37400010070535,94.6289923029236,136.11900789848707
Béni Mellal-Khénifra,2038,3,121.09563961113307,99.82759244613456,142.36368677613157
Béni Mellal-Khénifra,2038,4,117.58861329664697,96.64333605038475,138.53389054290918
Béni Mellal-Khénifra,2038,5,100.2261990214857,80.93858482811157,119.51381321485982
Béni Mellal-Khénifra,2038,6,92.32410843739586,73.8518253058198,110.79639156897193
Béni Mellal-Khénifra,2038,7,82.18701227509726,64.80936402278861,99.5646605274059
Béni Mellal-Khénifra,2038,8,79.63578282974781,62.56294961271301,96.70861604678261
Béni Mellal-Khénifra,2038,9,91.91508232683985,73.51941308363375,110.31075157004595
Béni Mellal-Khénifra,2038,10,97.31293898109986,78.3569389495407,116.26893901265902
Béni Mellal-Khénifra,2038,11,109.37897106022386,89.18912408728926,129.56881803315846
Béni Mellal-Khénifra,2038,12,113.64787984923991,93.078017574652,134.21774212382783
Béni Mellal-Khénifra,2039,1,112.44412256872359,91.97192396483115,132.91632117261602
Béni Mellal-Khénifra,2039,2,115.45678583632176,94.70543351981041,136.2081381528331
Béni Mellal-Khénifra,2039,3,120.91894529951496,99.66722664504974,142.17066395398018
Béni Mellal-Khénifra,2039,4,117.40255582758321,96.47452515466334,138.3305865005031
Béni Mellal-Khénifra,2039,5,100.35104780364904,81.05059368859972,119.65150191869836
Béni Mellal-Khénifra,2039,6,92.4467366750852,73.96198901487188,110.93148433529853
Béni Mellal-Khénifra,2039,7,81.896543979398,64.54903818799815,99.24404977079786
Béni Mellal-Khénifra,2039,8,78.56356311483742,61.60902594344344,95.5181002862314
Béni Mellal-Khénifra,2039,9,90.80221112726409,72.51757443783251,109.08684781669567
Béni Mellal-Khénifra,2039,10,96.99919061439496,78.07152869095354,115.92685253783638
Béni Mellal-Khénifra,2039,11,109.36122297032081,89.17335115959557,129.54909478104605
Béni Mellal-Khénifra,2039,12,113.5109121672283,92.95325835516189,134.0685659792947
Béni Mellal-Khénifra,2040,1,112.7966019132928,92.29109062631764,133.30211320026797
Béni Mellal-Khénifra,2040,2,115.00206951699485,94.2915614917453,135.7125775422444
Béni Mellal-Khénifra,2040,3,121.38930527454808,100.09482221419817,142.68378833489797
Béni Mellal-Khénifra,2040,4,117.6096880603578,96.66242044179603,138.55695567891956
Béni Mellal-Khénifra,2040,5,100.85900650501569,81.50799346952064,120.21001954051073
Béni Mellal-Khénifra,2040,6,92.15464669360352,73.70033054071283,110.60896284649422
Béni Mellal-Khénifra,2040,7,82.17873078641698,64.80099731271893,99.55646426011502
Béni Mellal-Khénifra,2040,8,79.46841907015981,62.41456076726704,96.52227737305259
Béni Mellal-Khénifra,2040,9,91.7251026845164,73.3492182903717,110.1009870786611
Béni Mellal-Khénifra,2040,10,97.01078288230507,78.0855328314089,115.93603293320123
Béni Mellal-Khénifra,2040,11,109.32096518692389,89.13656365510991,129.50536671873786
Béni Mellal-Khénifra,2040,12,113.8549695607868,93.26568097653785,134.44425814503575
Béni Mellal-Khénifra,2041,1,112.4724798297446,91.99775689491011,132.9472027645791
Béni Mellal-Khénifra,2041,2,115.19151943461482,94.46451999403173,135.91851887519792
Béni Mellal-Khénifra,2041,3,121.1937432798003,99.91724452057866,142.47024203902194
Béni Mellal-Khénifra,2041,4,117.4136706645052,96.4844319979093,138.3429093311011
Béni Mellal-Khénifra,2041,5,100.71902499911559,81.38194681875547,120.05610317947571
Béni Mellal-Khénifra,2041,6,91.85047406921132,73.42785063706702,110.27309750135561
Béni Mellal-Khénifra,2041,7,81.51809130278502,64.21155659837356,98.82462600719649
Béni Mellal-Khénifra,2041,8,78.6245578847235,61.66326419113828,95.58585157830872
Béni Mellal-Khénifra,2041,9,90.84767604420362,72.5582882950985,109.13706379330874
Béni Mellal-Khénifra,2041,10,97.27221511482075,78.31686446776921,116.2275657618723
Béni Mellal-Khénifra,2041,11,109.5732797977651,89.36519513479814,129.78136446073205
Béni Mellal-Khénifra,2041,12,113.62145260500955,93.05336427392076,134.18954093609833
Béni Mellal-Khénifra,2042,1,112.58708712762056,92.10132544736274,133.0728488078784
Béni Mellal-Khénifra,2042,2,115.65151327413166,94.88075279086965,136.42227375739367
Béni Mellal-Khénifra,2042,3,121.15474588821365,99.88097086458217,142.42852091184514
Béni Mellal-Khénifra,2042,4,117.48231031013893,96.54616924040315,138.4184513798747
Béni Mellal-Khénifra,2042,5,100.34474942339413,81.04528735988478,119.64421148690349
Béni Mellal-Khénifra,2042,6,92.32457058333047,73.85255279181861,110.79658837484233
Béni Mellal-Khénifra,2042,7,82.01048933605584,64.65254188404816,99.36843678806352
Béni Mellal-Khénifra,2042,8,79.63375732098262,62.5613507522492,96.70616388971605
Béni Mellal-Khénifra,2042,9,91.94774962477956,73.54861748314099,110.34688176641814
Béni Mellal-Khénifra,2042,10,97.31692614814148,78.36069125378347,116.27316104249948
Béni Mellal-Khénifra,2042,11,109.36726967735981,89.1783852310113,129.55615412370832
Béni Mellal-Khénifra,2042,12,113.78835832486287,93.20521715340169,134.37149949632405
Béni Mellal-Khénifra,2043,1,112.42178583282214,91.95209824095065,132.89147342469363
Béni Mellal-Khénifra,2043,2,115.46524225738783,94.71278387268728,136.21770064208837
Béni Mellal-Khénifra,2043,3,120.89985603716562,99.64931821179516,142.15039386253608
Béni Mellal-Khénifra,2043,4,117.47976838832133,96.54386168587767,138.41567509076498
Béni Mellal-Khénifra,2043,5,100.40076380159117,81.09525777365252,119.70626982952982
Béni Mellal-Khénifra,2043,6,92.45787862011316,73.97201544724363,110.94374179298269
Béni Mellal-Khénifra,2043,7,81.66206371999162,64.34055336999211,98.98357406999114
Béni Mellal-Khénifra,2043,8,78.33155592689363,61.415293260612756,95.2478185931745
Béni Mellal-Khénifra,2043,9,90.6155680643575,72.35037062705386,108.88076550166114
Béni Mellal-Khénifra,2043,10,97.00174242746593,78.07387274645625,115.92961210847561
Béni Mellal-Khénifra,2043,11,109.33417114914782,89.14864157301761,129.51970072527803
Béni Mellal-Khénifra,2043,12,113.71081001766633,93.13426302816578,134.2873570071669
Béni Mellal-Khénifra,2044,1,112.73513912340333,92.23575645887644,133.23452178793022
Béni Mellal-Khénifra,2044,2,115.52118752677544,94.76244284044397,136.27993221310692
Béni Mellal-Khénifra,2044,3,121.10126723303175,99.83269551854733,142.36983894751617
Béni Mellal-Khénifra,2044,4,117.69594382242346,96.74004767947186,138.65183996537507
Béni Mellal-Khénifra,2044,5,100.798739648777,81.4535528595562,120.1439264379978
Béni Mellal-Khénifra,2044,6,92.31916731036644,73.84767998264765,110.79065463808523
Béni Mellal-Khénifra,2044,7,82.17385396856486,64.79657201681042,99.5511359203193
Béni Mellal-Khénifra,2044,8,79.169876385492,62.16195117517796,96.17780159580605
Béni Mellal-Khénifra,2044,9,91.55230615721013,73.19432933039863,109.91028298402162
Béni Mellal-Khénifra,2044,10,97.00382457930675,78.07928776177913,115.92836139683438
Béni Mellal-Khénifra,2044,11,109.30119418124153,89.11864779164618,129.48374057083686
Béni Mellal-Khénifra,2044,12,113.96426711719893,93.36578757559494,134.56274665880292
Béni Mellal-Khénifra,2045,1,112.36931555571772,91.90451694800497,132.83411416343048
Béni Mellal-Khénifra,2045,2,115.40744246765753,94.66041095634912,136.15447397896594
Béni Mellal-Khénifra,2045,3,120.91406956476406,99.65968703832993,142.1684520911982
Béni Mellal-Khénifra,2045,4,117.64520719891797,96.69461653498368,138.59579786285227
Béni Mellal-Khénifra,2045,5,100.89278708602446,81.54157419604654,120.24399997600237
Béni Mellal-Khénifra,2045,6,92.18583311313286,73.72956950303276,110.64209672323295
Béni Mellal-Khénifra,2045,7,81.50674928761546,64.20091207931439,98.81258649591653
Béni Mellal-Khénifra,2045,8,78.3029941662869,61.389602689486196,95.21638564308759
Béni Mellal-Khénifra,2045,9,90.4429593691894,72.19592204614122,108.68999669223757
Béni Mellal-Khénifra,2045,10,97.26904091976486,78.31401120662649,116.22407063290323
Béni Mellal-Khénifra,2045,11,109.53746451664095,89.33245474937497,129.74247428390692
Béni Mellal-Khénifra,2045,12,113.75184794750142,93.17263205870735,134.33106383629547
Casablanca-Settat,2025,1,2.611773776735268,0.8928555906800115,4.3306919627905245
Casablanca-Settat,2025,2,2.5590917698323907,0.8655911763455197,4.252592363319262
Casablanca-Settat,2025,3,2.50801027502454,0.8364698689298842,4.179550681119196
Casablanca-Settat,2025,4,2.6090561759608257,0.8930950278677003,4.325017324053951
Casablanca-Settat,2025,5,2.6200918358086858,0.8969683181250623,4.343215353492309
Casablanca-Settat,2025,6,2.6083686135552817,0.887432204226482,4.329305022884082
Casablanca-Settat,2025,7,2.38563988332999,0.7670796463817497,4.00420012027823
Casablanca-Settat,2025,8,2.3729611644722026,0.7591122632823692,3.986810065662036
Casablanca-Settat,2025,9,2.470523833250136,0.817763663714099,4.123284002786173
Casablanca-Settat,2025,10,2.48008118295615,0.8241744261765593,4.135987939735741
Casablanca-Settat,2025,11,2.4456380048530764,0.8043095492980405,4.086966460408112
Casablanca-Settat,2025,12,2.5849355419468445,0.8843806332500184,4.285490450643671
Casablanca-Settat,2026,1,2.6115574191621054,0.8927130977208606,4.33040174060335
Casablanca-Settat,2026,2,2.5592602490078273,0.865699913355674,4.252820584659981
Casablanca-Settat,2026,3,2.5080339600359354,0.836485204460687,4.1795827156111836
Casablanca-Settat,2026,4,2.608126804970893,0.892490642713605,4.3237629672281805
Casablanca-Settat,2026,5,2.6182304612466165,0.8957506828891604,4.340710239604073
Casablanca-Settat,2026,6,2.608349130740624,0.8874194652326912,4.329278796248557
Casablanca-Settat,2026,7,2.385633020281209,0.7670751622133032,4.004190878349115
Casablanca-Settat,2026,8,2.3726239447829034,0.7588987369693831,3.9863491525964236
Casablanca-Settat,2026,9,2.4705619744586995,0.8177883384371982,4.123335610480201
Casablanca-Settat,2026,10,2.4800312269067324,0.8241420760986136,4.135920377714851
Casablanca-Settat,2026,11,2.4459727876758275,0.804509498404113,4.087436076947542
Casablanca-Settat,2026,12,2.5848768091164347,0.8843421145977881,4.285411503635081
Casablanca-Settat,2027,1,2.611268613381682,0.8925421596981244,4.329995067065239
Casablanca-Settat,2027,2,2.559254957766678,0.8656964453357516,4.252813470197605
Casablanca-Settat,2027,3,2.5080231151795305,0.8364781445852068,4.179568085773854
Casablanca-Settat,2027,4,2.6081484283760594,0.8925048809236991,4.32379197582842
Casablanca-Settat,2027,5,2.618246791495292,0.8957614791899586,4.340732103800626
Casablanca-Settat,2027,6,2.6083432675737197,0.8874155946479318,4.329270940499508
Casablanca-Settat,2027,7,2.38562908396271,0.767072643612627,4.004185524312793
Casablanca-Settat,2027,8,2.3722140876488433,0.7586393461103376,3.9857888291873493
Casablanca-Settat,2027,9,2.4705619744586995,0.8177883384371982,4.123335610480201
Casablanca-Settat,2027,10,2.4799397224071993,0.824082826276372,4.135796618538027
Casablanca-Settat,2027,11,2.4459729198374425,0.8045095836428624,4.0874362560320225
Casablanca-Settat,2027,12,2.584860923726301,0.8843316833597847,4.285390164092817
Casablanca-Settat,2028,1,2.6122910050643666,0.8932106707527165,4.331371339376017
Casablanca-Settat,2028,2,2.559230997459685,0.8656807988051702,4.252781196114199
Casablanca-Settat,2028,3,2.509724666203041,0.8374212828848611,4.182028049521221
Casablanca-Settat,2028,4,2.609163159082179,0.892932401311036,4.325393916853322
Casablanca-Settat,2028,5,2.618479611308697,0.8959143441155835,4.341044878501811
Casablanca-Settat,2028,6,2.6083832945899355,0.887442055910217,4.329324533269654
Casablanca-Settat,2028,7,2.387773035132676,0.7684635207576502,4.007082549507702
Casablanca-Settat,2028,8,2.372159610900423,0.7586051648094161,3.98571405699143
Casablanca-Settat,2028,9,2.4705619744590823,0.817788338437446,4.123335610480718
Casablanca-Settat,2028,10,2.479930683792922,0.8240769727390937,4.13578439484675
Casablanca-Settat,2028,11,2.445973707770842,0.8045100917801988,4.087437323761485
Casablanca-Settat,2028,12,2.584418046261435,0.8841016887235471,4.284734403799323
Casablanca-Settat,2029,1,2.61226553495876,0.8931938595720159,4.331337210345504
Casablanca-Settat,2029,2,2.5592271668185442,0.865678290474865,4.252776043162223
Casablanca-Settat,2029,3,2.5102795115051646,0.8377792388714711,4.182779784138858
Casablanca-Settat,2029,4,2.608835878580361,0.8927187755175641,4.324952981643158
Casablanca-Settat,2029,5,2.618810310163814,0.8961304551042373,4.341490165223391
Casablanca-Settat,2029,6,2.6083669521369792,0.8874313570429937,4.329302547230965
Casablanca-Settat,2029,7,2.3885294575937577,0.7689398360303477,4.008119079157168
Casablanca-Settat,2029,8,2.3714648889677754,0.758161150883411,3.98476862705214
Casablanca-Settat,2029,9,2.470593518649333,0.8178087436869694,4.1233782936116965
Casablanca-Settat,2029,10,2.4799132180493344,0.8240656632263359,4.135760772872333
Casablanca-Settat,2029,11,2.4459747284208584,0.8045107499589399,4.087438706882777
Casablanca-Settat,2029,12,2.5843995220354112,0.8840894534645607,4.284709590606262
Casablanca-Settat,2030,1,2.6124639097253195,0.8933239779369542,4.331603841513685
Casablanca-Settat,2030,2,2.5593227794300417,0.8657404452879451,4.2529051135721385
Casablanca-Settat,2030,3,2.510295835180165,0.8378411542358895,4.182750516124441
Casablanca-Settat,2030,4,2.60841152139383,0.8924424201053427,4.324380622682318
Casablanca-Settat,2030,5,2.618685320821285,0.8960481109068141,4.341322530735756
Casablanca-Settat,2030,6,2.6083083710834396,0.8873927036029614,4.329224038563918
Casablanca-Settat,2030,7,2.3885376182969615,0.7689451452809246,4.0081300913129985
Casablanca-Settat,2030,8,2.3709149308919044,0.7578134950063287,3.98401636677748
Casablanca-Settat,2030,9,2.4705855401469052,0.817803581371439,4.123367498922372
Casablanca-Settat,2030,10,2.479896127794076,0.8240546245836564,4.1357376310044955
Casablanca-Settat,2030,11,2.4455607127793546,0.804247527270703,4.086873898288006
Casablanca-Settat,2030,12,2.5843761819278286,0.8840741284099463,4.2846782354457105
Casablanca-Settat,2031,1,2.612440724989497,0.8933086610860208,4.331572788892974
Casablanca-Settat,2031,2,2.5605989718777327,0.8665669869599746,4.2546309567954905
Casablanca-Settat,2031,3,2.5102973198799363,0.8378421210487601,4.182752518711112
Casablanca-Settat,2031,4,2.6084145833707355,0.8924444411786818,4.324384725562789
Casablanca-Settat,2031,5,2.618142513044234,0.8957800103517268,4.340505015736741
Casablanca-Settat,2031,6,2.608669582848691,0.8874656225127004,4.329873543184681
Casablanca-Settat,2031,7,2.3882319574401394,0.7687504040568893,4.00771351082339
Casablanca-Settat,2031,8,2.371364502300092,0.7580980985845962,3.984630906015588
Casablanca-Settat,2031,9,2.4705154559269356,0.8177582380150863,4.123272673838785
Casablanca-Settat,2031,10,2.4798950210799413,0.8240539074207811,4.135736134739101
Casablanca-Settat,2031,11,2.445559656532747,0.8042468464717614,4.086872466593733
Casablanca-Settat,2031,12,2.5843820103269524,0.8840779589986347,4.28468606165527
Casablanca-Settat,2032,1,2.612308462511406,0.8932224642609761,4.331394460761836
Casablanca-Settat,2032,2,2.560773611939725,0.8666802495866541,4.254866974292796
Casablanca-Settat,2032,3,2.51220692523462,0.8390718815078793,4.18534196896136
Casablanca-Settat,2032,4,2.6083456766030975,0.8923989499509175,4.324292403255278
Casablanca-Settat,2032,5,2.618165510480281,0.8957952466536834,4.340535774306879
Casablanca-Settat,2032,6,2.6086109751128452,0.8874273003074615,4.329794649918229
Casablanca-Settat,2032,7,2.3882349029098697,0.7687522889951444,4.007717516824595
Casablanca-Settat,2032,8,2.3713721977087054,0.758103028368329,3.9846413670490817
Casablanca-Settat,2032,9,2.469385561670491,0.8171237352107961,4.121647388130186
Casablanca-Settat,2032,10,2.4798413865534523,0.824019178679668,4.135663594427236
Casablanca-Settat,2032,11,2.4450489942312834,0.8039232630961488,4.086174725366418
Casablanca-Settat,2032,12,2.5843597253978436,0.8840633348283844,4.284656115967303
Casablanca-Settat,2033,1,2.611874830983183,0.8929381655829487,4.330811496383417
Casablanca-Settat,2033,2,2.5607624340940784,0.8666729239423481,4.254851944245809
Casablanca-Settat,2033,3,2.512114727034111,0.8390124311318379,4.185217022936384
Casablanca-Settat,2033,4,2.608259965262375,0.8923425615813931,4.3241773689433565
Casablanca-Settat,2033,5,2.618115409256065,0.8957621298118432,4.340468688700287
Casablanca-Settat,2033,6,2.608534565427947,0.8873768129273283,4.329692317928565
Casablanca-Settat,2033,7,2.3880239133328134,0.7686163827274064,4.00743144393822
Casablanca-Settat,2033,8,2.370082053946181,0.7572870720430809,3.982877035849281
Casablanca-Settat,2033,9,2.4693855618041898,0.8171237352973002,4.12164738831108
Casablanca-Settat,2033,10,2.4798413865534523,0.824019178679668,4.135663594427236
Casablanca-Settat,2033,11,2.4467686703596025,0.8049355774838622,4.088601763235343
Casablanca-Settat,2033,12,2.584352930201981,0.884058876186615,4.284646984217347
Casablanca-Settat,2034,1,2.615417689645582,0.8946530102071013,4.336182369084062
Casablanca-Settat,2034,2,2.5607689268626204,0.8666771822123118,4.254860671512929
Casablanca-Settat,2034,3,2.512595978579254,0.8393233224651382,4.18586863469337
Casablanca-Settat,2034,4,2.608251852630545,0.8923371927305683,4.324166512530521
Casablanca-Settat,2034,5,2.6194494374281105,0.896430486250269,4.342468388605952
Casablanca-Settat,2034,6,2.6085176686021168,0.8873657693064514,4.329669567897782
Casablanca-Settat,2034,7,2.3878544465926557,0.7685079073294645,4.007200985855847
Casablanca-Settat,2034,8,2.3674284466834723,0.7555855608416082,3.9792713325253364
Casablanca-Settat,2034,9,2.4693855618232528,0.8171237353095291,4.121647388336976
Casablanca-Settat,2034,10,2.4798377425104543,0.8240168185581798,4.135658666462729
Casablanca-Settat,2034,11,2.446769174383463,0.8049359025944269,4.088602446172499
Casablanca-Settat,2034,12,2.5851019356219695,0.8844480072974226,4.285755863946516
Casablanca-Settat,2035,1,2.6153974687531454,0.8946396403467751,4.336155297159515
Casablanca-Settat,2035,2,2.5509754212342988,0.8616812377685237,4.240269604700074
Casablanca-Settat,2035,3,2.512245206486617,0.8390975551807489,4.185392857792485
Casablanca-Settat,2035,4,2.6082027580232654,0.8923048010066834,4.324100715039847
Casablanca-Settat,2035,5,2.6199802803778485,0.8967778257165431,4.343182735039154
Casablanca-Settat,2035,6,2.6085026000396296,0.8873558038273222,4.329649396251937
Casablanca-Settat,2035,7,2.3878631944614934,0.7685134946534591,4.007212894269528
Casablanca-Settat,2035,8,2.367171276895047,0.755422499265731,3.9789200545243624
Casablanca-Settat,2035,9,2.467373370186711,0.8159964563849023,4.118750283988519
Casablanca-Settat,2035,10,2.4797888286285876,0.8239851427471634,4.135592514510012
Casablanca-Settat,2035,11,2.446769464782456,0.8049360899432938,4.088602839621618
Casablanca-Settat,2035,12,2.585077904911399,0.8844322324759009,4.285723577346897
Casablanca-Settat,2036,1,2.621493204920284,0.8977694596577526,4.345216950182815
Casablanca-Settat,2036,2,2.5508271107367593,0.8615854120122299,4.240068809461288
Casablanca-Settat,2036,3,2.512943234409454,0.8395468845978924,4.186339584221016
Casablanca-Settat,2036,4,2.6081710976929666,0.8922839191572196,4.324058276228714
Casablanca-Settat,2036,5,2.619985255021628,0.8967811301493906,4.343189379893865
Casablanca-Settat,2036,6,2.608161513383588,0.8871315911696693,4.329191435597506
Casablanca-Settat,2036,7,2.38786270266123,0.7685132085949413,4.007212196727519
Casablanca-Settat,2036,8,2.3676241995627936,0.7557092746084575,3.97953912451713
Casablanca-Settat,2036,9,2.4673733702252827,0.8159964564095241,4.118750284041042
Casablanca-Settat,2036,10,2.4797886660150605,0.8239850374512259,4.135592294578895
Casablanca-Settat,2036,11,2.443109954923059,0.802778178232306,4.083441731613812
Casablanca-Settat,2036,12,2.5850775597674156,0.8844320056154484,4.285723113919383
Casablanca-Settat,2037,1,2.621431108748146,0.8977284019229559,4.345133815573336
Casablanca-Settat,2037,2,2.5505454632431683,0.8614409120237023,4.239650014462635
Casablanca-Settat,2037,3,2.513505499746519,0.8399093980887118,4.1871016014043265
Casablanca-Settat,2037,4,2.6081710976929666,0.8922839191572196,4.324058276228714
Casablanca-Settat,2037,5,2.621229181690955,0.8975941518836394,4.344864211498271
Casablanca-Settat,2037,6,2.607946591486628,0.8869895076750474,4.328903675298209
Casablanca-Settat,2037,7,2.387866869081166,0.7685158750612495,4.007217863101083
Casablanca-Settat,2037,8,2.367577733325473,0.7556796414929532,3.979475825157993
Casablanca-Settat,2037,9,2.4673737385761196,0.8159966946368802,4.1187507825153595
Casablanca-Settat,2037,10,2.4797884030185116,0.8239848670237921,4.135591939013231
Casablanca-Settat,2037,11,2.4431648656521845,0.8028129329924991,4.083516798311869
Casablanca-Settat,2037,12,2.5857135299685825,0.884845260230817,4.286581799706348
Casablanca-Settat,2038,1,2.6221816443689523,0.8982186128168186,4.346144675921086
Casablanca-Settat,2038,2,2.550538144499605,0.8614361199318161,4.239640169067394
Casablanca-Settat,2038,3,2.513541619683748,0.8399327237570418,4.187150515610454
Casablanca-Settat,2038,4,2.6080216139011636,0.8921856992992938,4.323857528503034
Casablanca-Settat,2038,5,2.621162844781969,0.8975489234590037,4.344776766104934
Casablanca-Settat,2038,6,2.607516587689893,0.8867076075326568,4.32832556784713
Casablanca-Settat,2038,7,2.3877670590931555,0.7684513905781676,4.007082727608143
Casablanca-Settat,2038,8,2.3681465506563155,0.756038737362489,3.980254363950142
Casablanca-Settat,2038,9,2.467374987536332,0.8159975014953649,4.1187524735773
Casablanca-Settat,2038,10,2.480289306458789,0.8242658432941272,4.1363127696234505
Casablanca-Settat,2038,11,2.443164009324212,0.8028123813081407,4.083515637340283
Casablanca-Settat,2038,12,2.5857095846217715,0.8848426681976505,4.286576501045893
Casablanca-Settat,2039,1,2.6221769456962423,0.8982155043600557,4.346138387032429
Casablanca-Settat,2039,2,2.550533444928779,0.8614330438758067,4.239633845981751
Casablanca-Settat,2039,3,2.513413888690522,0.8398505535585383,4.186977223822506
Casablanca-Settat,2039,4,2.607955066792207,0.8921418672456598,4.323768266338754
Casablanca-Settat,2039,5,2.6216179272719566,0.8978470261332983,4.345388828410615
Casablanca-Settat,2039,6,2.607394649900093,0.8866270097075473,4.328162290092639
Casablanca-Settat,2039,7,2.387445074714073,0.7682461999229748,4.006643949505172
Casablanca-Settat,2039,8,2.368076663462198,0.7559941291654957,3.9801591977589004
Casablanca-Settat,2039,9,2.4673181860021987,0.8159607764773982,4.118675595526999
Casablanca-Settat,2039,10,2.480289007538282,0.8242656495749066,4.136312365501658
Casablanca-Settat,2039,11,2.4434241249919606,0.8029662108711424,4.083882039112779
Casablanca-Settat,2039,12,2.5857871410914814,0.8848926129329868,4.286681669249976
Casablanca-Settat,2040,1,2.622114145987865,0.8981739737536254,4.346054318222105
Casablanca-Settat,2040,2,2.550452351268054,0.8613803382590686,4.23952436427704
Casablanca-Settat,2040,3,2.514527865256331,0.8405695947117331,4.188486135800929
Casablanca-Settat,2040,4,2.60787395023019,0.8920884504673281,4.323659449993052
Casablanca-Settat,2040,5,2.621368936205392,0.8976965866111877,4.345041285799596
Casablanca-Settat,2040,6,2.60745427928571,0.886666418548991,4.328242140022429
Casablanca-Settat,2040,7,2.387142018185253,0.7680539064966725,4.006230129873834
Casablanca-Settat,2040,8,2.3684997680837503,0.7562603978311713,3.9807391383363293
Casablanca-Settat,2040,9,2.4673200352707827,0.8159619715413182,4.118678099000247
Casablanca-Settat,2040,10,2.480946110879697,0.8246335949942691,4.137258626765124
Casablanca-Settat,2040,11,2.443436884713393,0.802974414256284,4.083899355170502
Casablanca-Settat,2040,12,2.586537355270948,0.8852869230108478,4.287787787531048
Casablanca-Settat,2041,1,2.6221161074818924,0.898175271977083,4.346056942986702
Casablanca-Settat,2041,2,2.5544174468973133,0.8633963350845832,4.245438558710044
Casablanca-Settat,2041,3,2.51468301460896,0.8406704347499656,4.188695594467955
Casablanca-Settat,2041,4,2.607847563004923,0.8920710477360987,4.323624078273747
Casablanca-Settat,2041,5,2.6213146688774334,0.8976611316511549,4.344968206103712
Casablanca-Settat,2041,6,2.607420327944606,0.8866439716883199,4.328196684200892
Casablanca-Settat,2041,7,2.3874971302558503,0.768279793796345,4.006714466715356
Casablanca-Settat,2041,8,2.3685002260349286,0.756260690205365,3.980739761864492
Casablanca-Settat,2041,9,2.4673715995820613,0.815995320165773,4.11874787899835
Casablanca-Settat,2041,10,2.4809039775724187,0.8246063068763476,4.13720164826849
Casablanca-Settat,2041,11,2.443435515721712,0.8029735331245413,4.0838974983188825
Casablanca-Settat,2041,12,2.5865405153234486,0.8852890018303274,4.28779202881657
Casablanca-Settat,2042,1,2.62354024040145,0.898860597073843,4.348219883729057
Casablanca-Settat,2042,2,2.554310402299917,0.863327129904329,4.245293674695505
Casablanca-Settat,2042,3,2.514688415944959,0.8406739553049098,4.188702876585008
Casablanca-Settat,2042,4,2.6078089390342662,0.8920455754845671,4.323572302583965
Casablanca-Settat,2042,5,2.621034197155793,0.8974773069506352,4.344591087360951
Casablanca-Settat,2042,6,2.6073847817641465,0.8866204653422738,4.328149098186019
Casablanca-Settat,2042,7,2.3871432669324077,0.768052430477628,4.006234103387188
Casablanca-Settat,2042,8,2.368554143866986,0.7562949820185767,3.980813305715395
Casablanca-Settat,2042,9,2.467347974563769,0.8159800402007855,4.118715908926752
Casablanca-Settat,2042,10,2.4809036093406935,0.824606068221651,4.137201150459736
Casablanca-Settat,2042,11,2.443503287727094,0.8030167389845979,4.0839898364695895
Casablanca-Settat,2042,12,2.587272591237779,0.8857639731665043,4.288781209309054
Casablanca-Settat,2043,1,2.6234636455453004,0.8988099748233722,4.348117316267229
Casablanca-Settat,2043,2,2.5543266295318396,0.8633377573129308,4.245315501750748
Casablanca-Settat,2043,3,2.5144434664928506,0.8405158992408743,4.1883710337448266
Casablanca-Settat,2043,4,2.60780979961108,0.8920461435590112,4.323573455663149
Casablanca-Settat,2043,5,2.620961628164053,0.8974293381997178,4.344493918128388
Casablanca-Settat,2043,6,2.6072838240836114,0.8865537193690576,4.328013928798165
Casablanca-Settat,2043,7,2.386787665929196,0.7678296929291095,4.005745638929282
Casablanca-Settat,2043,8,2.3700061597667057,0.7572133285467302,3.982798990986681
Casablanca-Settat,2043,9,2.4673844848685245,0.8160036413848908,4.118765328352158
Casablanca-Settat,2043,10,2.480900679834346,0.8246041706792488,4.137197188989443
Casablanca-Settat,2043,11,2.4440727996993488,0.803333263763498,4.084812335635199
Casablanca-Settat,2043,12,2.586108092105955,0.8851591234186422,4.287057060793268
Casablanca-Settat,2044,1,2.6234039093734927,0.8987704615079346,4.3480373572390505
Casablanca-Settat,2044,2,2.554559625264024,0.8634900155029801,4.245629235025068
Casablanca-Settat,2044,3,2.5150239793016134,0.8408907258804614,4.189157232722765
Casablanca-Settat,2044,4,2.6078093886486506,0.8920458724859719,4.323572904811329
Casablanca-Settat,2044,5,2.62053685896494,0.8972249869145519,4.343848731015328
Casablanca-Settat,2044,6,2.60727194444823,0.8865458636543615,4.327998025242099
Casablanca-Settat,2044,7,2.387579304526439,0.7683286614803229,4.006829947572555
Casablanca-Settat,2044,8,2.3701595305019314,0.7573103514788029,3.98300870952506
Casablanca-Settat,2044,9,2.46956318764373,0.8172207130584699,4.12190566222899
Casablanca-Settat,2044,10,2.480900601029899,0.8246041196033995,4.137197082456398
Casablanca-Settat,2044,11,2.4440748239514676,0.8033345691507843,4.08481507875215
Casablanca-Settat,2044,12,2.5860934200079844,0.8851494970793319,4.287037342936637
Casablanca-Settat,2045,1,2.6239045189462127,0.8990102644009388,4.348798773491486
Casablanca-Settat,2045,2,2.554570992888696,0.8634974611023121,4.245644524675081
Casablanca-Settat,2045,3,2.502827477754424,0.8344843470307837,4.171170608478064
Casablanca-Settat,2045,4,2.6078093886486506,0.8920458724859719,4.323572904811329
Casablanca-Settat,2045,5,2.6202624725458032,0.8970459083701698,4.343479036721437
Casablanca-Settat,2045,6,2.606623954539323,0.8861215898537089,4.327126319224937
Casablanca-Settat,2045,7,2.387482301646794,0.768267154637603,4.006697448655985
Casablanca-Settat,2045,8,2.3703598082996282,0.757437545413322,3.9832820711859345
Casablanca-Settat,2045,9,2.4693443826893633,0.8170810507666102,4.121607714612116
Casablanca-Settat,2045,10,2.481357228324404,0.8248588708491291,4.137855585799679
Casablanca-Settat,2045,11,2.4440808851751417,0.803338475887091,4.084823294463193
Casablanca-Settat,2045,12,2.5859461913612463,0.8850539754408322,4.28683840728166
Dakhla-Oued Ed-Dahab,2025,1,0.21568992693449512,0.0,0.7019719482530276
Dakhla-Oued Ed-Dahab,2025,2,0.21624269678240746,0.0,0.7031884221007405
Dakhla-Oued Ed-Dahab,2025,3,0.21554115668479376,0.0,0.7016445650788041
Dakhla-Oued Ed-Dahab,2025,4,0.21540334542386025,0.0,0.7013411747768226
Dakhla-Oued Ed-Dahab,2025,5,0.21523741764440718,0.0,0.7009760174183493
Dakhla-Oued Ed-Dahab,2025,6,0.2146068084018445,0.0,0.6995872366212585
Dakhla-Oued Ed-Dahab,2025,7,0.2148963027692045,0.0,0.7002248026434424
Dakhla-Oued Ed-Dahab,2025,8,0.2146640444416868,0.0,0.6997132961564803
Dakhla-Oued Ed-Dahab,2025,9,0.21468768065104393,0.0,0.6997653496651814
Dakhla-Oued Ed-Dahab,2025,10,0.21546496391858524,0.0,0.7014770675996486
Dakhla-Oued Ed-Dahab,2025,11,0.2157550915665031,0.0,0.7021153161690322
Dakhla-Oued Ed-Dahab,2025,12,0.21619178966745697,0.0,0.7030761954600351
Dakhla-Oued Ed-Dahab,2026,1,0.21568992693449512,0.0,0.7019719482530276
Dakhla-Oued Ed-Dahab,2026,2,0.2162500106503856,0.0,0.7032045028890868
Dakhla-Oued Ed-Dahab,2026,3,0.2155474771375776,0.0,0.7016584764615255
Dakhla-Oued Ed-Dahab,2026,4,0.21540334542386025,0.0,0.7013411747768226
Dakhla-Oued Ed-Dahab,2026,5,0.21523741764440718,0.0,0.7009760174183493
Dakhla-Oued Ed-Dahab,2026,6,0.2146068084018445,0.0,0.6995872366212585
Dakhla-Oued Ed-Dahab,2026,7,0.2148963027692045,0.0,0.7002248026434424
Dakhla-Oued Ed-Dahab,2026,8,0.2146640444416868,0.0,0.6997132961564803
Dakhla-Oued Ed-Dahab,2026,9,0.21468768065104393,0.0,0.6997653496651814
Dakhla-Oued Ed-Dahab,2026,10,0.2154649639185938,0.0,0.7014770675996673
Dakhla-Oued Ed-Dahab,2026,11,0.2157550915665031,0.0,0.7021153161690322
Dakhla-Oued Ed-Dahab,2026,12,0.21619178966745697,0.0,0.7030761954600351
Dakhla-Oued Ed-Dahab,2027,1,0.21572087276739596,0.0,0.7020400569487484
Dakhla-Oued Ed-Dahab,2027,2,0.2162500106503856,0.0,0.7032045028890868
Dakhla-Oued Ed-Dahab,2027,3,0.21555505366970035,0.0,0.7016751556812855
Dakhla-Oued Ed-Dahab,2027,4,0.21540334542386025,0.0,0.7013411747768226
Dakhla-Oued Ed-Dahab,2027,5,0.2152925314809097,0.0,0.701097372585221
Dakhla-Oued Ed-Dahab,2027,6,0.214606879951971,0.0,0.6995873941455515
Dakhla-Oued Ed-Dahab,2027,7,0.2148963027692045,0.0,0.7002248026434424
Dakhla-Oued Ed-Dahab,2027,8,0.2146640444416868,0.0,0.6997132961564803
Dakhla-Oued Ed-Dahab,2027,9,0.21468768065104393,0.0,0.6997653496651814
Dakhla-Oued Ed-Dahab,2027,10,0.2154649639185938,0.0,0.7014770675996673
Dakhla-Oued Ed-Dahab,2027,11,0.2157550915665031,0.0,0.7021153161690322
Dakhla-Oued Ed-Dahab,2027,12,0.21619178966745697,0.0,0.7030761954600351
Dakhla-Oued Ed-Dahab,2028,1,0.21572086373435556,0.0,0.7020400370913944
Dakhla-Oued Ed-Dahab,2028,2,0.2162500106503856,0.0,0.7032045028890868
Dakhla-Oued Ed-Dahab,2028,3,0.21555505366970035,0.0,0.7016751556812855
Dakhla-Oued Ed-Dahab,2028,4,0.2154019596756317,0.0,0.7013381256114222
Dakhla-Oued Ed-Dahab,2028,5,0.21529063646635868,0.0,0.7010932043646491
Dakhla-Oued Ed-Dahab,2028,6,0.214606879951971,0.0,0.6995873941455515
Dakhla-Oued Ed-Dahab,2028,7,0.2148963027692045,0.0,0.7002248026434424
Dakhla-Oued Ed-Dahab,2028,8,0.2146640444416868,0.0,0.6997132961564803
Dakhla-Oued Ed-Dahab,2028,9,0.21468768065104393,0.0,0.6997653496651814
Dakhla-Oued Ed-Dahab,2028,10,0.2154649639185938,0.0,0.7014770675996673
Dakhla-Oued Ed-Dahab,2028,11,0.2157347784893735,0.0,0.7020706106881047
Dakhla-Oued Ed-Dahab,2028,12,0.21619178966745697,0.0,0.7030761954600351
Dakhla-Oued Ed-Dahab,2029,1,0.21572086373435556,0.0,0.7020400370913944
Dakhla-Oued Ed-Dahab,2029,2,0.2162500106503856,0.0,0.7032045028890868
Dakhla-Oued Ed-Dahab,2029,3,0.21555505366970035,0.0,0.7016751556812855
Dakhla-Oued Ed-Dahab,2029,4,0.2154019596756317,0.0,0.7013381256114222
Dakhla-Oued Ed-Dahab,2029,5,0.21529063646635868,0.0,0.7010932043646491
Dakhla-Oued Ed-Dahab,2029,6,0.214606879951971,0.0,0.6995873941455515
Dakhla-Oued Ed-Dahab,2029,7,0.2148963027692045,0.0,0.7002248026434424
Dakhla-Oued Ed-Dahab,2029,8,0.2146640444416868,0.0,0.6997132961564803
Dakhla-Oued Ed-Dahab,2029,9,0.21468768065104393,0.0,0.6997653496651814
Dakhla-Oued Ed-Dahab,2029,10,0.2154649898384842,0.0,0.7014771245989386
Dakhla-Oued Ed-Dahab,2029,11,0.2157347784893735,0.0,0.7020706106881047
Dakhla-Oued Ed-Dahab,2029,12,0.21624747913838147,0.0,0.7031986511671213
Dakhla-Oued Ed-Dahab,2030,1,0.21572085419899423,0.0,0.7020400161297669
Dakhla-Oued Ed-Dahab,2030,2,0.2162500106503856,0.0,0.7032045028890868
Dakhla-Oued Ed-Dahab,2030,3,0.21555505366970035,0.0,0.7016751556812855
Dakhla-Oued Ed-Dahab,2030,4,0.2154019596756317,0.0,0.7013381256114222
Dakhla-Oued Ed-Dahab,2030,5,0.21529063646635868,0.0,0.7010932043646491
Dakhla-Oued Ed-Dahab,2030,6,0.214606879951971,0.0,0.6995873941455515
Dakhla-Oued Ed-Dahab,2030,7,0.2148963027692045,0.0,0.7002248026434424
Dakhla-Oued Ed-Dahab,2030,8,0.2146640444416868,0.0,0.6997132961564803
Dakhla-Oued Ed-Dahab,2030,9,0.21468768065104393,0.0,0.6997653496651814
Dakhla-Oued Ed-Dahab,2030,10,0.2154649898384842,0.0,0.7014771245989386
Dakhla-Oued Ed-Dahab,2030,11,0.21569433098626473,0.0,0.7019815888007344
Dakhla-Oued Ed-Dahab,2030,12,0.21624747913838147,0.0,0.7031986511671213
Dakhla-Oued Ed-Dahab,2031,1,0.21572085419899423,0.0,0.7020400161297669
Dakhla-Oued Ed-Dahab,2031,2,0.2162500106503856,0.0,0.7032045028890868
Dakhla-Oued Ed-Dahab,2031,3,0.21555505366970035,0.0,0.7016751556812855
Dakhla-Oued Ed-Dahab,2031,4,0.2154019596756317,0.0,0.7013381256114222
Dakhla-Oued Ed-Dahab,2031,5,0.21529063646635868,0.0,0.7010932043646491
Dakhla-Oued Ed-Dahab,2031,6,0.2146069054539359,0.0,0.6995874502905999
Dakhla-Oued Ed-Dahab,2031,7,0.2148963027692045,0.0,0.7002248026434424
Dakhla-Oued Ed-Dahab,2031,8,0.2146640444416868,0.0,0.6997132961564803
Dakhla-Oued Ed-Dahab,2031,9,0.21468768065104393,0.0,0.6997653496651814
Dakhla-Oued Ed-Dahab,2031,10,0.21546496837171586,0.0,0.7014770773922744
Dakhla-Oued Ed-Dahab,2031,11,0.21569433098626473,0.0,0.7019815888007344
Dakhla-Oued Ed-Dahab,2031,12,0.21624747913838147,0.0,0.7031986511671213
Dakhla-Oued Ed-Dahab,2032,1,0.21572085419899423,0.0,0.7020400161297669
Dakhla-Oued Ed-Dahab,2032,2,0.2162500106503856,0.0,0.7032045028890868
Dakhla-Oued Ed-Dahab,2032,3,0.21555733942498348,0.0,0.701680185713518
Dakhla-Oued Ed-Dahab,2032,4,0.2154019596756317,0.0,0.7013381256114222
Dakhla-Oued Ed-Dahab,2032,5,0.21529063646635868,0.0,0.7010932043646491
Dakhla-Oued Ed-Dahab,2032,6,0.2146069054539359,0.0,0.6995874502905999
Dakhla-Oued Ed-Dahab,2032,7,0.2148963027692045,0.0,0.7002248026434424
Dakhla-Oued Ed-Dahab,2032,8,0.2146640444416868,0.0,0.6997132961564803
Dakhla-Oued Ed-Dahab,2032,9,0.21468768065104393,0.0,0.6997653496651814
Dakhla-Oued Ed-Dahab,2032,10,0.21546496837171586,0.0,0.7014770773922744
Dakhla-Oued Ed-Dahab,2032,11,0.21569433098626473,0.0,0.7019815888007344
Dakhla-Oued Ed-Dahab,2032,12,0.21621718552730074,0.0,0.7031320363887127
Dakhla-Oued Ed-Dahab,2033,1,0.21572085419899423,0.0,0.7020400161297669
Dakhla-Oued Ed-Dahab,2033,2,0.2162500106503856,0.0,0.7032045028890868
Dakhla-Oued Ed-Dahab,2033,3,0.21555733942498348,0.0,0.701680185713518
Dakhla-Oued Ed-Dahab,2033,4,0.2154019596756317,0.0,0.7013381256114222
Dakhla-Oued Ed-Dahab,2033,5,0.21529063646635868,0.0,0.7010932043646491
Dakhla-Oued Ed-Dahab,2033,6,0.2146069054539359,0.0,0.6995874502905999
Dakhla-Oued Ed-Dahab,2033,7,0.2148963027692045,0.0,0.7002248026434424
Dakhla-Oued Ed-Dahab,2033,8,0.2146640444416868,0.0,0.6997132961564803
Dakhla-Oued Ed-Dahab,2033,9,0.21468768065104393,0.0,0.6997653496651814
Dakhla-Oued Ed-Dahab,2033,10,0.2154649315080244,0.0,0.701476996326978
Dakhla-Oued Ed-Dahab,2033,11,0.21566210603098854,0.0,0.7019106962819038
Dakhla-Oued Ed-Dahab,2033,12,0.21621718552730074,0.0,0.7031320363887127
Dakhla-Oued Ed-Dahab,2034,1,0.21572085419899423,0.0,0.7020400161297669
Dakhla-Oued Ed-Dahab,2034,2,0.2162500106503856,0.0,0.7032045028890868
Dakhla-Oued Ed-Dahab,2034,3,0.21555733942498348,0.0,0.701680185713518
Dakhla-Oued Ed-Dahab,2034,4,0.2154019596756317,0.0,0.7013381256114222
Dakhla-Oued Ed-Dahab,2034,5,0.21529063646635868,0.0,0.7010932043646491
Dakhla-Oued Ed-Dahab,2034,6,0.21460526590069967,0.0,0.6995838406637607
Dakhla-Oued Ed-Dahab,2034,7,0.2148963027692045,0.0,0.7002248026434424
Dakhla-Oued Ed-Dahab,2034,8,0.2146640444416868,0.0,0.6997132961564803
Dakhla-Oued Ed-Dahab,2034,9,0.21468768065104393,0.0,0.6997653496651814
Dakhla-Oued Ed-Dahab,2034,10,0.2154649315080244,0.0,0.701476996326978
Dakhla-Oued Ed-Dahab,2034,11,0.21566210603098854,0.0,0.7019106962819038
Dakhla-Oued Ed-Dahab,2034,12,0.21621718552730074,0.0,0.7031320363887127
Dakhla-Oued Ed-Dahab,2035,1,0.21572085419899423,0.0,0.7020400161297669
Dakhla-Oued Ed-Dahab,2035,2,0.2162500106503856,0.0,0.7032045028890868
Dakhla-Oued Ed-Dahab,2035,3,0.21555733942498348,0.0,0.701680185713518
Dakhla-Oued Ed-Dahab,2035,4,0.2154020735962544,0.0,0.7013383761511132
Dakhla-Oued Ed-Dahab,2035,5,0.21529063646635868,0.0,0.7010932043646491
Dakhla-Oued Ed-Dahab,2035,6,0.21460526590069967,0.0,0.6995838406637607
Dakhla-Oued Ed-Dahab,2035,7,0.2148963027692045,0.0,0.7002248026434424
Dakhla-Oued Ed-Dahab,2035,8,0.2146640444416868,0.0,0.6997132961564803
Dakhla-Oued Ed-Dahab,2035,9,0.21468768065104393,0.0,0.6997653496651814
Dakhla-Oued Ed-Dahab,2035,10,0.2154649315080244,0.0,0.701476996326978
Dakhla-Oued Ed-Dahab,2035,11,0.21566210603098854,0.0,0.7019106962819038
Dakhla-Oued Ed-Dahab,2035,12,0.21621718552730074,0.0,0.7031320363887127
Dakhla-Oued Ed-Dahab,2036,1,0.21572085419899423,0.0,0.7020400161297669
Dakhla-Oued Ed-Dahab,2036,2,0.2162500106503856,0.0,0.7032045028890868
Dakhla-Oued Ed-Dahab,2036,3,0.21555733942498348,0.0,0.701680185713518
Dakhla-Oued Ed-Dahab,2036,4,0.21540212312541931,0.0,0.7013384850772761
Dakhla-Oued Ed-Dahab,2036,5,0.2152906364663663,0.0,0.7010932043646658
Dakhla-Oued Ed-Dahab,2036,6,0.21460526590069967,0.0,0.6995838406637607
Dakhla-Oued Ed-Dahab,2036,7,0.2148963027692045,0.0,0.7002248026434424
Dakhla-Oued Ed-Dahab,2036,8,0.2146640444416868,0.0,0.6997132961564803
Dakhla-Oued Ed-Dahab,2036,9,0.21468768065104393,0.0,0.6997653496651814
Dakhla-Oued Ed-Dahab,2036,10,0.21533382306948418,0.0,0.701188345405103
Dakhla-Oued Ed-Dahab,2036,11,0.2156619496172598,0.0,0.701910352189998
Dakhla-Oued Ed-Dahab,2036,12,0.21622102309939556,0.0,0.7031404781788841
Dakhla-Oued Ed-Dahab,2037,1,0.2157211528215765,0.0,0.7020406735251521
Dakhla-Oued Ed-Dahab,2037,2,0.2162500106503856,0.0,0.7032045028890868
Dakhla-Oued Ed-Dahab,2037,3,0.21555744183575606,0.0,0.7016804108927094
Dakhla-Oued Ed-Dahab,2037,4,0.2154013405008068,0.0,0.7013367638896608
Dakhla-Oued Ed-Dahab,2037,5,0.21529076556686572,0.0,0.7010934883319155
Dakhla-Oued Ed-Dahab,2037,6,0.21460526590069967,0.0,0.6995838406637607
Dakhla-Oued Ed-Dahab,2037,7,0.2148963027692045,0.0,0.7002248026434424
Dakhla-Oued Ed-Dahab,2037,8,0.2146640444416868,0.0,0.6997132961564803
Dakhla-Oued Ed-Dahab,2037,9,0.21468768065104393,0.0,0.6997653496651814
Dakhla-Oued Ed-Dahab,2037,10,0.21533382306948418,0.0,0.701188345405103
Dakhla-Oued Ed-Dahab,2037,11,0.2156620787010633,0.0,0.7019106359786733
Dakhla-Oued Ed-Dahab,2037,12,0.2162205565811864,0.0,0.7031394533123583
Dakhla-Oued Ed-Dahab,2038,1,0.2157211528215765,0.0,0.7020406735251521
Dakhla-Oued Ed-Dahab,2038,2,0.2162500106503856,0.0,0.7032045028890868
Dakhla-Oued Ed-Dahab,2038,3,0.21553526985843993,0.0,0.7016315953834771
Dakhla-Oued Ed-Dahab,2038,4,0.2154013405008068,0.0,0.7013367638896608
Dakhla-Oued Ed-Dahab,2038,5,0.21529076556686572,0.0,0.7010934883319155
Dakhla-Oued Ed-Dahab,2038,6,0.21460526590069967,0.0,0.6995838406637607
Dakhla-Oued Ed-Dahab,2038,7,0.2148963027692045,0.0,0.7002248026434424
Dakhla-Oued Ed-Dahab,2038,8,0.2146640444416868,0.0,0.6997132961564803
Dakhla-Oued Ed-Dahab,2038,9,0.21468768065104393,0.0,0.6997653496651814
Dakhla-Oued Ed-Dahab,2038,10,0.21520436773071952,0.0,0.7009032798897462
Dakhla-Oued Ed-Dahab,2038,11,0.21566691815850006,0.0,0.7019212822472014
Dakhla-Oued Ed-Dahab,2038,12,0.2162266503616293,0.0,0.7031528530837852
Dakhla-Oued Ed-Dahab,2039,1,0.2157211528215765,0.0,0.7020406735251521
Dakhla-Oued Ed-Dahab,2039,2,0.216237437401718,0.0,0.703176861640558
Dakhla-Oued Ed-Dahab,2039,3,0.2155185102110863,0.0,0.7015947068927234
Dakhla-Oued Ed-Dahab,2039,4,0.2154013367020976,0.0,0.7013367555353522
Dakhla-Oued Ed-Dahab,2039,5,0.2152907886770165,0.0,0.7010935391642731
Dakhla-Oued Ed-Dahab,2039,6,0.21460526590069967,0.0,0.6995838406637607
Dakhla-Oued Ed-Dahab,2039,7,0.2148963027692045,0.0,0.7002248026434424
Dakhla-Oued Ed-Dahab,2039,8,0.2146640444416868,0.0,0.6997132961564803
Dakhla-Oued Ed-Dahab,2039,9,0.21468768065104393,0.0,0.6997653496651814
Dakhla-Oued Ed-Dahab,2039,10,0.21520436773071952,0.0,0.7009032798897462
Dakhla-Oued Ed-Dahab,2039,11,0.21566691823475093,0.0,0.7019212824148362
Dakhla-Oued Ed-Dahab,2039,12,0.2162266503616293,0.0,0.7031528530837852
Dakhla-Oued Ed-Dahab,2040,1,0.2157211528215765,0.0,0.7020406735251521
Dakhla-Oued Ed-Dahab,2040,2,0.216237437401718,0.0,0.703176861640558
Dakhla-Oued Ed-Dahab,2040,3,0.21551848515377456,0.0,0.701594651794208
Dakhla-Oued Ed-Dahab,2040,4,0.2154013367020976,0.0,0.7013367555353522
Dakhla-Oued Ed-Dahab,2040,5,0.2152907886770165,0.0,0.7010935391642731
Dakhla-Oued Ed-Dahab,2040,6,0.21460412051474592,0.0,0.699581317666477
Dakhla-Oued Ed-Dahab,2040,7,0.2148963027692045,0.0,0.7002248026434424
Dakhla-Oued Ed-Dahab,2040,8,0.2146640444416868,0.0,0.6997132961564803
Dakhla-Oued Ed-Dahab,2040,9,0.21468768065104393,0.0,0.6997653496651814
Dakhla-Oued Ed-Dahab,2040,10,0.21520436773071952,0.0,0.7009032798897462
Dakhla-Oued Ed-Dahab,2040,11,0.2156668866512268,0.0,0.7019212129794111
Dakhla-Oued Ed-Dahab,2040,12,0.2162266503616293,0.0,0.7031528530837852
Dakhla-Oued Ed-Dahab,2041,1,0.2157211528215765,0.0,0.7020406735251521
Dakhla-Oued Ed-Dahab,2041,2,0.216237437401718,0.0,0.703176861640558
Dakhla-Oued Ed-Dahab,2041,3,0.21549830384120297,0.0,0.70155022244666
Dakhla-Oued Ed-Dahab,2041,4,0.21540133679128468,0.0,0.7013367557314978
Dakhla-Oued Ed-Dahab,2041,5,0.2152907886770165,0.0,0.7010935391642731
Dakhla-Oued Ed-Dahab,2041,6,0.21460412051474592,0.0,0.699581317666477
Dakhla-Oued Ed-Dahab,2041,7,0.2148963027692045,0.0,0.7002248026434424
Dakhla-Oued Ed-Dahab,2041,8,0.2146640444416868,0.0,0.6997132961564803
Dakhla-Oued Ed-Dahab,2041,9,0.21468768065104393,0.0,0.6997653496651814
Dakhla-Oued Ed-Dahab,2041,10,0.2150726990215125,0.0,0.7006132952364597
Dakhla-Oued Ed-Dahab,2041,11,0.2156668866512268,0.0,0.7019212129794111
Dakhla-Oued Ed-Dahab,2041,12,0.2162266503616293,0.0,0.7031528530837852
Dakhla-Oued Ed-Dahab,2042,1,0.21572169911785086,0.0,0.7020418758691536
Dakhla-Oued Ed-Dahab,2042,2,0.21623210244297328,0.0,0.7031651304551517
Dakhla-Oued Ed-Dahab,2042,3,0.21549830384120297,0.0,0.70155022244666
Dakhla-Oued Ed-Dahab,2042,4,0.21540145432375196,0.0,0.7013370142147146
Dakhla-Oued Ed-Dahab,2042,5,0.2152907886770165,0.0,0.7010935391642731
Dakhla-Oued Ed-Dahab,2042,6,0.21460412051474592,0.0,0.699581317666477
Dakhla-Oued Ed-Dahab,2042,7,0.2148963027692045,0.0,0.7002248026434424
Dakhla-Oued Ed-Dahab,2042,8,0.2146640444416868,0.0,0.6997132961564803
Dakhla-Oued Ed-Dahab,2042,9,0.21468768065104393,0.0,0.6997653496651814
Dakhla-Oued Ed-Dahab,2042,10,0.2150726990215125,0.0,0.7006132952364597
Dakhla-Oued Ed-Dahab,2042,11,0.2156668866512268,0.0,0.7019212129794111
Dakhla-Oued Ed-Dahab,2042,12,0.2162266503616293,0.0,0.7031528530837852
Dakhla-Oued Ed-Dahab,2043,1,0.21572169911785086,0.0,0.7020418758691536
Dakhla-Oued Ed-Dahab,2043,2,0.21623210244297328,0.0,0.7031651304551517
Dakhla-Oued Ed-Dahab,2043,3,0.21549830384120297,0.0,0.70155022244666
Dakhla-Oued Ed-Dahab,2043,4,0.21540145432375196,0.0,0.7013370142147146
Dakhla-Oued Ed-Dahab,2043,5,0.2152907886770165,0.0,0.7010935391642731
Dakhla-Oued Ed-Dahab,2043,6,0.21460412051474592,0.0,0.699581317666477
Dakhla-Oued Ed-Dahab,2043,7,0.2148963027692045,0.0,0.7002248026434424
Dakhla-Oued Ed-Dahab,2043,8,0.2146640444416868,0.0,0.6997132961564803
Dakhla-Oued Ed-Dahab,2043,9,0.21468768065104393,0.0,0.6997653496651814
Dakhla-Oued Ed-Dahab,2043,10,0.2150726990215125,0.0,0.7006132952364597
Dakhla-Oued Ed-Dahab,2043,11,0.2156668866512268,0.0,0.7019212129794111
Dakhla-Oued Ed-Dahab,2043,12,0.2162266503616293,0.0,0.7031528530837852
Dakhla-Oued Ed-Dahab,2044,1,0.21572169911785086,0.0,0.7020418758691536
Dakhla-Oued Ed-Dahab,2044,2,0.21623210244297328,0.0,0.7031651304551517
Dakhla-Oued Ed-Dahab,2044,3,0.21546610105533776,0.0,0.7014793594795652
Dakhla-Oued Ed-Dahab,2044,4,0.21540145432375196,0.0,0.7013370142147146
Dakhla-Oued Ed-Dahab,2044,5,0.2152907886770165,0.0,0.7010935391642731
Dakhla-Oued Ed-Dahab,2044,6,0.21460412051474592,0.0,0.699581317666477
Dakhla-Oued Ed-Dahab,2044,7,0.2148963027692045,0.0,0.7002248026434424
Dakhla-Oued Ed-Dahab,2044,8,0.2146640444416868,0.0,0.6997132961564803
Dakhla-Oued Ed-Dahab,2044,9,0.21468768065104393,0.0,0.6997653496651814
Dakhla-Oued Ed-Dahab,2044,10,0.21507269902203274,0.0,0.7006132952376053
Dakhla-Oued Ed-Dahab,2044,11,0.21570687669102717,0.0,0.702009189008379
Dakhla-Oued Ed-Dahab,2044,12,0.2162266503616293,0.0,0.7031528530837852
Dakhla-Oued Ed-Dahab,2045,1,0.21572169911785086,0.0,0.7020418758691536
Dakhla-Oued Ed-Dahab,2045,2,0.21623210244297328,0.0,0.7031651304551517
Dakhla-Oued Ed-Dahab,2045,3,0.21546610105533776,0.0,0.7014793594795652
Dakhla-Oued Ed-Dahab,2045,4,0.21540027298418435,0.0,0.7013344148079076
Dakhla-Oued Ed-Dahab,2045,5,0.2152907886770165,0.0,0.7010935391642731
Dakhla-Oued Ed-Dahab,2045,6,0.21460412051474592,0.0,0.699581317666477
Dakhla-Oued Ed-Dahab,2045,7,0.2148963027692045,0.0,0.7002248026434424
Dakhla-Oued Ed-Dahab,2045,8,0.2146640444416868,0.0,0.6997132961564803
Dakhla-Oued Ed-Dahab,2045,9,0.21468768065104393,0.0,0.6997653496651814
Dakhla-Oued Ed-Dahab,2045,10,0.21507269902255302,0.0,0.700613295238751
Dakhla-Oued Ed-Dahab,2045,11,0.21570687669102717,0.0,0.702009189008379
Dakhla-Oued Ed-Dahab,2045,12,0.2162266503616293,0.0,0.7031528530837852
Drâa-Tafilalet,2025,1,37.47371076946763,26.20530886341047,48.742112675524794
Drâa-Tafilalet,2025,2,38.267161437308204,26.823734017025266,49.71058885759114
Drâa-Tafilalet,2025,3,38.526137239555865,27.002957332351286,50.049317146760444
Drâa-Tafilalet,2025,4,33.50798016554064,22.821564625585314,44.194395705495964
Drâa-Tafilalet,2025,5,28.323955208120438,18.617223072568798,38.03068734367208
Drâa-Tafilalet,2025,6,26.532425989091447,17.2851247633306,35.779727214852294
Drâa-Tafilalet,2025,7,22.390565867554887,14.219116479387756,30.562015255722017
Drâa-Tafilalet,2025,8,21.8316021741203,13.822235683029135,29.840968665211463
Drâa-Tafilalet,2025,9,24.36079121581287,15.677868313911894,33.04371411771385
Drâa-Tafilalet,2025,10,27.806635078365954,18.26731530096489,37.34595485576702
Drâa-Tafilalet,2025,11,31.90014231659747,21.6112801355618,42.18900449763314
Drâa-Tafilalet,2025,12,38.36044043675774,27.11175866371686,49.60912220979863
Drâa-Tafilalet,2026,1,38.09466063356138,26.74341161294638,49.44590965417638
Drâa-Tafilalet,2026,2,38.88194099126603,27.352835070545733,50.41104691198632
Drâa-Tafilalet,2026,3,38.34739994785321,26.857532658843322,49.8372672368631
Drâa-Tafilalet,2026,4,33.571825715027714,22.880665796300562,44.262985633754866
Drâa-Tafilalet,2026,5,28.759796593154984,18.93897191464309,38.58062127166688
Drâa-Tafilalet,2026,6,26.32295648900278,17.159968951213777,35.485944026791785
Drâa-Tafilalet,2026,7,22.15632608634199,14.0569257197017,30.25572645298228
Drâa-Tafilalet,2026,8,21.705426089288405,13.730295516610534,29.68055666196628
Drâa-Tafilalet,2026,9,24.16755703814317,15.538974445501665,32.79613963078467
Drâa-Tafilalet,2026,10,27.81028714670614,18.273055339157878,37.347518954254404
Drâa-Tafilalet,2026,11,32.972339652272574,22.485483045591536,43.45919625895361
Drâa-Tafilalet,2026,12,39.99505191781612,28.47902998897687,51.51107384665537
Drâa-Tafilalet,2027,1,38.02069937434579,26.677290096857778,49.3641086518338
Drâa-Tafilalet,2027,2,38.769373660854896,27.261445623216233,50.27730169849356
Drâa-Tafilalet,2027,3,38.06790670372961,26.643602419974183,49.49221098748504
Drâa-Tafilalet,2027,4,32.84013116474658,22.294683475285748,43.38557885420741
Drâa-Tafilalet,2027,5,28.461794899358647,18.70945100185557,38.214138796861725
Drâa-Tafilalet,2027,6,26.26427787959588,17.11723763156143,35.41131812763033
Drâa-Tafilalet,2027,7,21.613034790174055,13.667104366376478,29.558965213971632
Drâa-Tafilalet,2027,8,21.381983953483633,13.500709522256368,29.2632583847109
Drâa-Tafilalet,2027,9,24.32268920363148,15.64700761821959,32.99837078904337
Drâa-Tafilalet,2027,10,27.357712591112147,18.021765408589935,36.69365977363436
Drâa-Tafilalet,2027,11,32.23121041112155,21.951067538270053,42.51135328397305
Drâa-Tafilalet,2027,12,38.10040928948361,26.924733637034656,49.27608494193256
Drâa-Tafilalet,2028,1,37.897046694212335,26.573496798791425,49.220596589633246
Drâa-Tafilalet,2028,2,39.49990593501782,27.887202332574418,51.112609537461225
Drâa-Tafilalet,2028,3,38.61598313269245,27.120626243115815,50.11134002226908
Drâa-Tafilalet,2028,4,33.52491335884567,22.875312212231158,44.17451450546019
Drâa-Tafilalet,2028,5,28.722152894873666,18.925892092213985,38.51841369753335
Drâa-Tafilalet,2028,6,26.339109700849576,17.182080693992432,35.49613870770672
Drâa-Tafilalet,2028,7,21.145146703991756,13.344337151385218,28.945956256598294
Drâa-Tafilalet,2028,8,20.923686811458204,13.172105909923715,28.675267712992692
Drâa-Tafilalet,2028,9,24.334019778013996,15.663314942070091,33.004724613957904
Drâa-Tafilalet,2028,10,27.76874993102035,18.3707866273558,37.1667132346849
Drâa-Tafilalet,2028,11,33.02749518861562,22.596289994607524,43.45870038262371
Drâa-Tafilalet,2028,12,39.785514397595556,28.284321198699974,51.28670759649114
Drâa-Tafilalet,2029,1,37.85992247043843,26.522560997730935,49.19728394314592
Drâa-Tafilalet,2029,2,38.575527682436466,27.113480206765868,50.03757515810706
Drâa-Tafilalet,2029,3,38.01784198454969,26.62810422408228,49.4075797450171
Drâa-Tafilalet,2029,4,33.36815574151966,22.755493874858367,43.98081760818095
Drâa-Tafilalet,2029,5,28.39435880429605,18.672244090942623,38.11647351764948
Drâa-Tafilalet,2029,6,26.402722055023354,17.23059379358898,35.57485031645773
Drâa-Tafilalet,2029,7,21.900667833516305,13.858265687759252,29.94306997927336
Drâa-Tafilalet,2029,8,21.080669446109365,13.28630408130845,28.87503481091028
Drâa-Tafilalet,2029,9,23.6697169576869,15.195164345056497,32.144269570317306
Drâa-Tafilalet,2029,10,27.408123042772147,18.129274204118524,36.68697188142577
Drâa-Tafilalet,2029,11,32.469888030551886,22.156084384800486,42.783691676303285
Drâa-Tafilalet,2029,12,38.19937059232044,26.95865955907262,49.44008162556827
Drâa-Tafilalet,2030,1,37.36847261589767,26.086381169349288,48.65056406244606
Drâa-Tafilalet,2030,2,38.85199006548219,27.325406582951423,50.37857354801296
Drâa-Tafilalet,2030,3,38.590750890895514,27.114527452016063,50.066974329774965
Drâa-Tafilalet,2030,4,33.71121965456918,23.067131114089637,44.35530819504872
Drâa-Tafilalet,2030,5,28.7973881682509,18.996666964910027,38.598109371591775
Drâa-Tafilalet,2030,6,26.627187503078655,17.404727313825898,35.849647692331416
Drâa-Tafilalet,2030,7,22.026725237967373,13.959423708669437,30.09402676726531
Drâa-Tafilalet,2030,8,21.170245317204838,13.34575433806243,28.994736296347245
Drâa-Tafilalet,2030,9,23.75418118285865,15.271864357912552,32.236498007804755
Drâa-Tafilalet,2030,10,27.792402892422736,18.461891403549508,37.12291438129596
Drâa-Tafilalet,2030,11,32.81483012651142,22.44247769969135,43.18718255333148
Drâa-Tafilalet,2030,12,39.541081907273345,28.058295481612983,51.0238683329337
Drâa-Tafilalet,2031,1,37.43127483171055,26.128898694195122,48.733650969225984
Drâa-Tafilalet,2031,2,38.358076134142564,26.90285034063281,49.81330192765232
Drâa-Tafilalet,2031,3,38.125576019529845,26.731007382232157,49.52014465682753
Drâa-Tafilalet,2031,4,33.57334498104238,22.960378480064886,44.186311482019875
Drâa-Tafilalet,2031,5,28.781893412387465,19.018525189018412,38.54526163575652
Drâa-Tafilalet,2031,6,26.514327920179934,17.351030450525386,35.67762538983448
Drâa-Tafilalet,2031,7,21.29679691940125,13.451887426313228,29.14170641248927
Drâa-Tafilalet,2031,8,21.1117449112332,13.309983265864373,28.913506556602023
Drâa-Tafilalet,2031,9,24.443664432922255,15.79763848467994,33.08969038116457
Drâa-Tafilalet,2031,10,28.291845296747475,18.88558766952861,37.69810292396634
Drâa-Tafilalet,2031,11,32.59641761354441,22.259204018551557,42.933631208537264
Drâa-Tafilalet,2031,12,37.72219349614033,26.497142450617527,48.947244541663125
Drâa-Tafilalet,2032,1,37.4010300281624,26.09486491743624,48.707195138888565
Drâa-Tafilalet,2032,2,39.12548513430696,27.531206667532352,50.719763601081574
Drâa-Tafilalet,2032,3,38.796064895658134,27.283153066967238,50.30897672434903
Drâa-Tafilalet,2032,4,33.93921448424473,23.26938094315706,44.6090480253324
Drâa-Tafilalet,2032,5,29.15529669625331,19.330781231806135,38.97981216070048
Drâa-Tafilalet,2032,6,26.778983028544424,17.573631313115566,35.98433474397328
Drâa-Tafilalet,2032,7,21.964368338406594,13.928232152952233,30.000504523860954
Drâa-Tafilalet,2032,8,21.10471587092993,13.317511307053062,28.8919204348068
Drâa-Tafilalet,2032,9,23.93576459726722,15.50364433052545,32.367884864008985
Drâa-Tafilalet,2032,10,27.744874970301936,18.474949778971727,37.014800161632145
Drâa-Tafilalet,2032,11,31.973774379835962,21.800405373951207,42.14714338572072
Drâa-Tafilalet,2032,12,37.91068552017233,26.626344037908453,49.195027002436206
Drâa-Tafilalet,2033,1,37.22518055511987,25.939968259476558,48.51039285076318
Drâa-Tafilalet,2033,2,37.71717937728181,26.353784211959848,49.08057454260377
Drâa-Tafilalet,2033,3,38.28741661758081,26.854316101147475,49.720517134014145
Drâa-Tafilalet,2033,4,33.483375299554005,22.904541137988595,44.062209461119416
Drâa-Tafilalet,2033,5,29.140641726652387,19.33979245347188,38.941490999832894
Drâa-Tafilalet,2033,6,26.937242132408183,17.706510359978772,36.167973904837595
Drâa-Tafilalet,2033,7,22.140092300095635,14.064746669816037,30.21543793037523
Drâa-Tafilalet,2033,8,21.343433545265093,13.507080971030511,29.179786119499674
Drâa-Tafilalet,2033,9,24.417698071496964,15.881280921496884,32.95411522149705
Drâa-Tafilalet,2033,10,28.016797660268715,18.690779118094987,37.34281620244244
Drâa-Tafilalet,2033,11,31.400181755802407,21.33956964500036,41.460793866604455
Drâa-Tafilalet,2033,12,36.897570735508594,25.786762180989875,48.008379290027314
Drâa-Tafilalet,2034,1,37.22681761277289,25.932064807623753,48.52157041792203
Drâa-Tafilalet,2034,2,38.94585347410377,27.36939134094456,50.52231560726298
Drâa-Tafilalet,2034,3,38.389709938198386,26.930456730451297,49.848963145945476
Drâa-Tafilalet,2034,4,33.78589073356984,23.148593599730418,44.42318786740927
Drâa-Tafilalet,2034,5,29.48150365637455,19.63229816261878,39.33070915013032
Drâa-Tafilalet,2034,6,27.11036683841015,17.88819464476881,36.33253903205149
Drâa-Tafilalet,2034,7,21.667336554030545,13.77380826668367,29.56086484137742
Drâa-Tafilalet,2034,8,21.365313601380766,13.554070070199348,29.176557132562184
Drâa-Tafilalet,2034,9,24.429143934747323,15.951833722021775,32.90645414747287
Drâa-Tafilalet,2034,10,28.58067650697994,19.161448376599232,37.99990463736065
Drâa-Tafilalet,2034,11,32.727798932696714,22.354708453606158,43.10088941178727
Drâa-Tafilalet,2034,12,37.8684451643635,26.567653143146337,49.16923718558066
Drâa-Tafilalet,2035,1,37.2822103382573,25.982641712430016,48.581778964084585
Drâa-Tafilalet,2035,2,38.199297603373914,26.743002561054876,49.65559264569295
Drâa-Tafilalet,2035,3,38.60419792130898,27.103983912069324,50.104411930548636
Drâa-Tafilalet,2035,4,33.58437646755985,22.989759474304527,44.17899346081517
Drâa-Tafilalet,2035,5,29.386052641651496,19.582892502141654,39.18921278116134
Drâa-Tafilalet,2035,6,27.146441829712764,17.94056202091611,36.352321638509416
Drâa-Tafilalet,2035,7,22.38645822212517,14.305620623676157,30.467295820574186
Drâa-Tafilalet,2035,8,21.683335954794092,13.846994831810846,29.519677077777338
Drâa-Tafilalet,2035,9,24.472867473935818,16.028712080261748,32.91702286760989
Drâa-Tafilalet,2035,10,27.882647940208102,18.613433487162954,37.15186239325325
Drâa-Tafilalet,2035,11,31.325365001691893,21.278533828381725,41.37219617500206
Drâa-Tafilalet,2035,12,36.55472353621751,25.48151120337966,47.62793586905536
Drâa-Tafilalet,2036,1,37.04697411018121,25.7764398231135,48.31750839724892
Drâa-Tafilalet,2036,2,38.37059571700806,26.87803714521673,49.863154288799386
Drâa-Tafilalet,2036,3,38.53185915356106,27.038064786483577,50.02565352063854
Drâa-Tafilalet,2036,4,33.90315189913433,23.23219225866508,44.57411153960358
Drâa-Tafilalet,2036,5,29.671320411035875,19.78968308836435,39.5529577337074
Drâa-Tafilalet,2036,6,27.486424969657,18.2133032689051,36.7595466704089
Drâa-Tafilalet,2036,7,22.562548745317525,14.469833237435802,30.65526425319925
Drâa-Tafilalet,2036,8,21.907083619303933,14.038392114951922,29.775775123655944
Drâa-Tafilalet,2036,9,25.23550983677981,16.612430672541095,33.85858900101852
Drâa-Tafilalet,2036,10,28.119775496404234,18.78894096191913,37.45061003088934
Drâa-Tafilalet,2036,11,32.24618325580063,21.967912542620276,42.524453968980986
Drâa-Tafilalet,2036,12,37.925073852093604,26.59703501000422,49.25311269418299
Drâa-Tafilalet,2037,1,37.64112005829932,26.26807468043509,49.01416543616355
Drâa-Tafilalet,2037,2,37.85728545434226,26.447320485656892,49.26725042302763
Drâa-Tafilalet,2037,3,38.3206057736226,26.856034854957663,49.78517669228754
Drâa-Tafilalet,2037,4,33.273101814925354,22.724743018310477,43.82146061154023
Drâa-Tafilalet,2037,5,29.385644098298375,19.57077336210643,39.20051483449032
Drâa-Tafilalet,2037,6,27.284362765837425,18.097499665612304,36.47122586606255
Drâa-Tafilalet,2037,7,21.863665442960567,14.02788523450266,29.699445651418472
Drâa-Tafilalet,2037,8,21.954349208787157,14.135803122482955,29.77289529509136
Drâa-Tafilalet,2037,9,24.483118729672277,16.045811742247473,32.92042571709708
Drâa-Tafilalet,2037,10,28.146501142532852,18.803739370699212,37.48926291436649
Drâa-Tafilalet,2037,11,31.31047476203579,21.253001434405235,41.36794808966634
Drâa-Tafilalet,2037,12,36.38628839134849,25.331898373538298,47.44067840915868
Drâa-Tafilalet,2038,1,37.12839465200464,25.842598718105066,48.41419058590421
Drâa-Tafilalet,2038,2,38.854181395505556,27.27549887152754,50.43286391948357
Drâa-Tafilalet,2038,3,38.606965339910516,27.083509252421194,50.13042142739984
Drâa-Tafilalet,2038,4,33.57077474296188,22.937175739950096,44.20437374597367
Drâa-Tafilalet,2038,5,29.530505775470058,19.677881567229875,39.38312998371024
Drâa-Tafilalet,2038,6,27.507139687008117,18.224150195184578,36.790129178831656
Drâa-Tafilalet,2038,7,22.874764082693265,14.766130003441914,30.983398161944613
Drâa-Tafilalet,2038,8,22.21353638069596,14.346003089453305,30.081069671938614
Drâa-Tafilalet,2038,9,24.351683587134847,15.956842038369922,32.74652513589977
Drâa-Tafilalet,2038,10,27.738937868580237,18.457720903897425,37.02015483326305
Drâa-Tafilalet,2038,11,31.901870105175774,21.662758917162485,42.140981293189064
Drâa-Tafilalet,2038,12,37.62239995113313,26.331910781852145,48.91288912041412
Drâa-Tafilalet,2039,1,37.02478004093201,25.757039148499544,48.29252093336447
Drâa-Tafilalet,2039,2,37.54028459460171,26.18292604790435,48.89764314129907
Drâa-Tafilalet,2039,3,38.56289186140817,27.03877092845184,50.0870127943645
Drâa-Tafilalet,2039,4,33.30487996591129,22.72352368393362,43.88623624788896
Drâa-Tafilalet,2039,5,29.364920075641926,19.54225220406229,39.18758794722156
Drâa-Tafilalet,2039,6,27.385171611725916,18.14712702526316,36.62321619818867
Drâa-Tafilalet,2039,7,22.956824807888164,14.845180599962125,31.068469015814202
Drâa-Tafilalet,2039,8,22.46308473932355,14.525413304160319,30.40075617448678
Drâa-Tafilalet,2039,9,25.02008466366039,16.43325765084718,33.6069116764736
Drâa-Tafilalet,2039,10,27.67304939247436,18.39828528439748,36.94781350055124
Drâa-Tafilalet,2039,11,31.131994022558356,21.08008708771257,41.18390095740414
Drâa-Tafilalet,2039,12,36.469543209663804,25.38498137794512,47.554105041382485
Drâa-Tafilalet,2040,1,37.12968935397744,25.843316430947453,48.41606227700743
Drâa-Tafilalet,2040,2,38.68588340829839,27.13206938687791,50.239697429718866
Drâa-Tafilalet,2040,3,38.14219760672768,26.691534296329127,49.59286091712623
Drâa-Tafilalet,2040,4,33.292264744222,22.70424575629368,43.880283732150325
Drâa-Tafilalet,2040,5,29.46576833984126,19.60751730024964,39.32401937943288
Drâa-Tafilalet,2040,6,27.09300822377311,17.918331399695845,36.26768504785038
Drâa-Tafilalet,2040,7,22.223493700974533,14.326651596741202,30.120335805207866
Drâa-Tafilalet,2040,8,22.030717805621805,14.196183803937075,29.865251807306535
Drâa-Tafilalet,2040,9,24.619237809745844,16.114347642401327,33.12412797709036
Drâa-Tafilalet,2040,10,27.802846796248232,18.499457954772907,37.10623563772356
Drâa-Tafilalet,2040,11,31.819560604839275,21.576362677455453,42.0627585322231
Drâa-Tafilalet,2040,12,37.367516300485086,26.096121877379204,48.63891072359097
Drâa-Tafilalet,2041,1,37.123806951632204,25.829578834516457,48.418035068747955
Drâa-Tafilalet,2041,2,38.20997101696191,26.73334704673946,49.68659498718436
Drâa-Tafilalet,2041,3,38.7991660340401,27.236641849568507,50.36169021851169
Drâa-Tafilalet,2041,4,33.19067959655781,22.62102623252742,43.760332960588194
Drâa-Tafilalet,2041,5,29.20482602316477,19.41619626627334,38.9934557800562
Drâa-Tafilalet,2041,6,27.085379066174287,17.895364072745902,36.275394059602675
Drâa-Tafilalet,2041,7,22.8466103345663,14.750916134098798,30.942304535033802
Drâa-Tafilalet,2041,8,22.152330640465003,14.266423315016251,30.038237965913755
Drâa-Tafilalet,2041,9,24.053598358143926,15.671161818348565,32.43603489793929
Drâa-Tafilalet,2041,10,27.445440033034405,18.195057144284732,36.69582292178408
Drâa-Tafilalet,2041,11,31.024798025543543,20.956976038504337,41.09262001258275
Drâa-Tafilalet,2041,12,36.05027225466615,25.00391609722088,47.096628412111414
Drâa-Tafilalet,2042,1,37.42562357368656,26.081683400797438,48.76956374657568
Drâa-Tafilalet,2042,2,38.65864640475223,27.105432034228915,50.211860775275554
Drâa-Tafilalet,2042,3,38.07846662028211,26.641803138051166,49.51513010251305
Drâa-Tafilalet,2042,4,33.102529418246235,22.53155974789391,43.67349908859856
Drâa-Tafilalet,2042,5,29.42327895303124,19.569977793063575,39.2765801129989
Drâa-Tafilalet,2042,6,27.017946646798134,17.814144879674362,36.2217484139219
Drâa-Tafilalet,2042,7,22.767969264936276,14.665541991882797,30.870396537989755
Drâa-Tafilalet,2042,8,22.001788154885126,14.140233319040313,29.86334299072994
Drâa-Tafilalet,2042,9,24.649333577736982,16.11496692511983,33.183700230354134
Drâa-Tafilalet,2042,10,27.251787794794684,18.02038651323521,36.48318907635416
Drâa-Tafilalet,2042,11,32.080347793493246,21.766513383846032,42.39418220314046
Drâa-Tafilalet,2042,12,37.361703491097344,26.075168692783194,48.648238289411495
Drâa-Tafilalet,2043,1,37.168372312045804,25.87712824374374,48.45961638034787
Drâa-Tafilalet,2043,2,37.85925659779507,26.456216325751367,49.262296869838764
Drâa-Tafilalet,2043,3,38.827206268082804,27.292614229517206,50.3617983066484
Drâa-Tafilalet,2043,4,33.150861214874425,22.595018739186717,43.706703690562136
Drâa-Tafilalet,2043,5,29.24879814192404,19.451032392323462,39.04656389152462
Drâa-Tafilalet,2043,6,27.164339154334797,17.933078637337385,36.39559967133221
Drâa-Tafilalet,2043,7,22.83410644093418,14.727346496309192,30.940866385559165
Drâa-Tafilalet,2043,8,22.007918144705414,14.152034652450475,29.863801636960353
Drâa-Tafilalet,2043,9,24.31237536808294,15.8986666861747,32.72608404999118
Drâa-Tafilalet,2043,10,27.13442601083445,17.94645986152914,36.322392160139756
Drâa-Tafilalet,2043,11,31.2176287337225,21.128245122475704,41.307012344969294
Drâa-Tafilalet,2043,12,36.17025618840337,25.100554571643322,47.23995780516342
Drâa-Tafilalet,2044,1,38.06023016683274,26.657700325090577,49.462760008574904
Drâa-Tafilalet,2044,2,39.295776253114326,27.697198635661877,50.894353870566775
Drâa-Tafilalet,2044,3,39.07501324397113,27.53979275918502,50.61023372875724
Drâa-Tafilalet,2044,4,34.01621500146511,23.339838452491538,44.69259155043869
Drâa-Tafilalet,2044,5,29.809604790382508,19.957754871107877,39.661454709657136
Drâa-Tafilalet,2044,6,27.229305846774633,18.053843296777533,36.40476839677173
Drâa-Tafilalet,2044,7,22.36352716196184,14.465881971485182,30.2611723524385
Drâa-Tafilalet,2044,8,22.166307064941574,14.336896544592081,29.995717585291068
Drâa-Tafilalet,2044,9,24.90198883706209,16.375501971316623,33.42847570280755
Drâa-Tafilalet,2044,10,27.885813333357625,18.576504862198497,37.19512180451675
Drâa-Tafilalet,2044,11,32.327575020526716,22.03923015437403,42.6159198866794
Drâa-Tafilalet,2044,12,37.419399005508275,26.148936823117296,48.689861187899254
Drâa-Tafilalet,2045,1,37.982516928977134,26.635306136036107,49.32972772191816
Drâa-Tafilalet,2045,2,38.773013134256594,27.306876076592033,50.239150191921155
Drâa-Tafilalet,2045,3,39.397998202220634,27.8637520104026,50.93224439403867
Drâa-Tafilalet,2045,4,33.856969245357966,23.28668532056977,44.42725317014616
Drâa-Tafilalet,2045,5,30.150390472216863,20.308192799733014,39.99258814470071
Drâa-Tafilalet,2045,6,27.9197536498794,18.652926739831674,37.18658055992712
Drâa-Tafilalet,2045,7,23.41624866541364,15.308863367178173,31.523633963649107
Drâa-Tafilalet,2045,8,22.68208656578685,14.798545503353193,30.565627628220508
Drâa-Tafilalet,2045,9,25.51887462247404,16.902682295451243,34.13506694949684
Drâa-Tafilalet,2045,10,27.90627291507677,18.668195667656605,37.144350162496934
Drâa-Tafilalet,2045,11,32.17418145307372,22.024217803749885,42.32414510239756
Drâa-Tafilalet,2045,12,37.02297610097213,25.899215382198843,48.14673681974541
Fès-Meknès,2025,1,55.1156790707539,41.625901471802806,68.60545666970499
Fès-Meknès,2025,2,56.326082269425356,42.6597679953725,69.99239654347821
Fès-Meknès,2025,3,59.425364903108616,45.27390264082031,73.57682716539692
Fès-Meknès,2025,4,59.05860391455278,44.936160524734724,73.18104730437085
Fès-Meknès,2025,5,56.38161070436722,42.64431690448173,70.11890450425271
Fès-Meknès,2025,6,52.952799103301835,39.72225381849822,66.18334438810545
Fès-Meknès,2025,7,46.15570638034866,33.78286190123692,58.5285508594604
Fès-Meknès,2025,8,45.302624227525314,33.08189458437725,57.523353870673375
Fès-Meknès,2025,9,47.164661966285095,34.69318595637155,59.63613797619864
Fès-Meknès,2025,10,48.59665083040616,35.90632359535833,61.286978065453994
Fès-Meknès,2025,11,52.91487702904247,39.54453951002167,66.28521454806327
Fès-Meknès,2025,12,57.7408721070985,43.98478490791167,71.49695930628532
Fès-Meknès,2026,1,56.51279539505857,42.865132187346134,70.160458602771
Fès-Meknès,2026,2,57.06939927741168,43.342912108915655,70.7958864459077
Fès-Meknès,2026,3,58.84596818427075,44.78713750137711,72.9047988671644
Fès-Meknès,2026,4,57.985220690824036,44.02093244833612,71.94950893331196
Fès-Meknès,2026,5,56.292680536161306,42.58536304477266,69.99999802754995
Fès-Meknès,2026,6,52.356145475896874,39.23807584358103,65.47421510821272
Fès-Meknès,2026,7,46.857104137876384,34.43106664045223,59.28314163530054
Fès-Meknès,2026,8,44.75695522222164,32.651714695582825,56.86219574886046
Fès-Meknès,2026,9,47.146908542543876,34.69061605228178,59.60320103280597
Fès-Meknès,2026,10,48.805629825899494,36.09828525870162,61.512974393097366
Fès-Meknès,2026,11,54.10592448622862,40.58994666901529,67.62190230344196
Fès-Meknès,2026,12,58.68528183374723,44.79011760294988,72.58044606454459
Fès-Meknès,2027,1,58.15035983609431,44.27370403067898,72.02701564150965
Fès-Meknès,2027,2,59.12837850862117,45.12059354145744,73.1361634757849
Fès-Meknès,2027,3,61.362157446412354,46.96338649465213,75.76092839817258
Fès-Meknès,2027,4,60.24678592590836,45.97570714529642,74.5178647065203
Fès-Meknès,2027,5,57.44953240526672,43.55339744776258,71.34566736277087
Fès-Meknès,2027,6,53.90463833850283,40.50928697754521,67.29998969946044
Fès-Meknès,2027,7,48.45833363100264,35.738488698634576,61.1781785633707
Fès-Meknès,2027,8,47.02375816238769,34.53350020468142,59.51401612009397
Fès-Meknès,2027,9,48.87119313271253,36.12901264153921,61.61337362388584
Fès-Meknès,2027,10,50.22516397118673,37.284105298243745,63.16622264412972
Fès-Meknès,2027,11,55.116125980655966,41.44104161850387,68.79121034280806
Fès-Meknès,2027,12,58.02396422610191,44.177897506425055,71.87003094577877
Fès-Meknès,2028,1,56.89717788935516,43.21552796237547,70.57882781633487
Fès-Meknès,2028,2,57.15175307064448,43.439483805172905,70.86402233611605
Fès-Meknès,2028,3,59.51540968046196,45.37878348086852,73.6520358800554
Fès-Meknès,2028,4,59.47428744905725,45.303493719649325,73.64508117846518
Fès-Meknès,2028,5,56.47488328862592,42.72537148431398,70.22439509293785
Fès-Meknès,2028,6,52.86174542369958,39.64271525581762,66.08077559158154
Fès-Meknès,2028,7,47.72882723140621,35.16327230212313,60.29438216068928
Fès-Meknès,2028,8,44.7751117553747,32.668129283573116,56.88209422717629
Fès-Meknès,2028,9,47.89181943827256,35.29407974989218,60.48955912665295
Fès-Meknès,2028,10,49.10585489016618,36.33109159626008,61.880618184072276
Fès-Meknès,2028,11,56.3276213561688,42.46668407132892,70.18855864100868
Fès-Meknès,2028,12,59.32501378389296,45.24171111010054,73.40831645768539
Fès-Meknès,2029,1,58.151869659715786,44.223697059479164,72.0800422599524
Fès-Meknès,2029,2,58.6602785425762,44.658453586954394,72.66210349819801
Fès-Meknès,2029,3,61.599901299825916,47.168147236257695,76.03165536339414
Fès-Meknès,2029,4,60.41727112192126,46.10468557496209,74.72985666888043
Fès-Meknès,2029,5,56.89965853874624,43.05827515483622,70.74104192265625
Fès-Meknès,2029,6,53.25363273600128,39.944812497067005,66.56245297493555
Fès-Meknès,2029,7,48.05259756556965,35.42048931145352,60.684705819685774
Fès-Meknès,2029,8,46.392842120698745,34.03008180435568,58.75560243704181
Fès-Meknès,2029,9,48.24577664353639,35.5997627619997,60.89179052507308
Fès-Meknès,2029,10,49.67188124243813,36.8181721141227,62.52559037075356
Fès-Meknès,2029,11,55.77116596579072,42.001809816661066,69.54052211492038
Fès-Meknès,2029,12,58.85036265272099,44.81662361193149,72.88410169351049
Fès-Meknès,2030,1,55.90724263401725,42.28176736262056,69.53271790541393
Fès-Meknès,2030,2,57.306238709186175,43.45444903595303,71.15802838241932
Fès-Meknès,2030,3,59.56550445544407,45.36540670619767,73.76560220469048
Fès-Meknès,2030,4,60.057546221874716,45.77330197675697,74.34179046699246
Fès-Meknès,2030,5,56.362596785519294,42.60925208236816,70.11594148867043
Fès-Meknès,2030,6,53.06059134849273,39.799973586257266,66.32120911072819
Fès-Meknès,2030,7,47.75921691142964,35.169759016802374,60.348674806056906
Fès-Meknès,2030,8,44.84231091748903,32.72164318979136,56.9629786451867
Fès-Meknès,2030,9,47.53515512865915,35.004218766491284,60.06609149082701
Fès-Meknès,2030,10,48.736160240883216,36.02996323994315,61.44235724182328
Fès-Meknès,2030,11,55.116853815923264,41.464945657774535,68.76876197407199
Fès-Meknès,2030,12,58.09279796965348,44.126961486017066,72.0586344532899
Fès-Meknès,2031,1,57.27737192107889,43.40292260100904,71.15182124114874
Fès-Meknès,2031,2,57.928696965091746,43.954490212498314,71.90290371768518
Fès-Meknès,2031,3,60.71880046902017,46.3475235362212,75.09007740181913
Fès-Meknès,2031,4,60.45521516574909,46.11193422430051,74.79849610719766
Fès-Meknès,2031,5,57.10554033240591,43.23423352876417,70.97684713604765
Fès-Meknès,2031,6,53.23701898663316,39.92973698861156,66.54430098465477
Fès-Meknès,2031,7,48.19575033932376,35.529953775577226,60.86154690307029
Fès-Meknès,2031,8,46.693989464378376,34.27609458999145,59.1118843387653
Fès-Meknès,2031,9,48.22859311393502,35.58511076865659,60.87207545921345
Fès-Meknès,2031,10,49.74437741113304,36.87836438722179,62.61039043504429
Fès-Meknès,2031,11,55.5989659877789,41.84288270109045,69.35504927446735
Fès-Meknès,2031,12,58.447713438295196,44.434069063245964,72.46135781334443
Fès-Meknès,2032,1,55.02808916918519,41.465487800566024,68.59069053780436
Fès-Meknès,2032,2,55.9820394463384,42.270717581172306,69.69336131150449
Fès-Meknès,2032,3,59.138678077705485,44.96864111545983,73.30871503995114
Fès-Meknès,2032,4,59.863572985182984,45.59666255974614,74.13048341061982
Fès-Meknès,2032,5,56.28921972811389,42.54762951557258,70.0308099406552
Fès-Meknès,2032,6,53.178965159603095,39.88324542385642,66.47468489534977
Fès-Meknès,2032,7,47.951114033489205,35.309443300814095,60.592784766164314
Fès-Meknès,2032,8,45.01761585150747,32.86188101733471,57.173350685680234
Fès-Meknès,2032,9,47.733458383022246,35.16269635624785,60.30422040979664
Fès-Meknès,2032,10,49.00751673525189,36.251438958000804,61.763594512502976
Fès-Meknès,2032,11,55.912890061618235,42.108333894857836,69.71744622837863
Fès-Meknès,2032,12,58.37990497603606,44.355523928632124,72.40428602344
Fès-Meknès,2033,1,56.64904437782299,42.82205482739725,70.47603392824873
Fès-Meknès,2033,2,57.6925517858116,43.72688108603084,71.65822248559236
Fès-Meknès,2033,3,60.69450749561756,46.315145580992755,75.07386941024235
Fès-Meknès,2033,4,60.38504885749437,46.047729023304356,74.72236869168438
Fès-Meknès,2033,5,57.132509437972836,43.25780735085473,71.00721152509094
Fès-Meknès,2033,6,53.1622983208225,39.861129411820365,66.46346722982463
Fès-Meknès,2033,7,48.116474608667765,35.45951427006688,60.77343494726865
Fès-Meknès,2033,8,46.71132839020377,34.29212400288536,59.13053277752218
Fès-Meknès,2033,9,48.20187834292536,35.561076990547875,60.84267969530285
Fès-Meknès,2033,10,49.651289846734414,36.80045062892148,62.50212906454735
Fès-Meknès,2033,11,55.61792319277681,41.85926017806819,69.37658620748542
Fès-Meknès,2033,12,58.48984054429508,44.470793949363845,72.50888713922632
Fès-Meknès,2034,1,55.037846298228175,41.449046322947716,68.62664627350864
Fès-Meknès,2034,2,56.69959757733006,42.86738217944544,70.53181297521468
Fès-Meknès,2034,3,59.36589653339021,45.16332152259638,73.56847154418405
Fès-Meknès,2034,4,60.19990568197311,45.89312786163033,74.50668350231588
Fès-Meknès,2034,5,56.33564270254256,42.58543845185242,70.0858469532327
Fès-Meknès,2034,6,52.77562166718288,39.54764910554601,66.00359422881976
Fès-Meknès,2034,7,47.724258774468936,35.13095891972546,60.317558629212414
Fès-Meknès,2034,8,44.816483003840915,32.6977564871803,56.93520952050153
Fès-Meknès,2034,9,47.51248121586862,34.984489409084915,60.04047302265232
Fès-Meknès,2034,10,48.88097209028298,36.14477253520554,61.61717164536042
Fès-Meknès,2034,11,55.83493904286615,42.04442967053098,69.62544841520132
Fès-Meknès,2034,12,57.88903091369737,43.93447276630636,71.84358906108838
Fès-Meknès,2035,1,56.765961875225386,42.92018976974127,70.6117339807095
Fès-Meknès,2035,2,57.73818829375797,43.7640966315804,71.71227995593554
Fès-Meknès,2035,3,60.65107406229237,46.27570515268225,75.0264429719025
Fès-Meknès,2035,4,60.5145137920903,46.165601539540944,74.86342604463965
Fès-Meknès,2035,5,57.12004602694081,43.24722657891202,70.9928654749696
Fès-Meknès,2035,6,52.8999939494782,39.63397326213298,66.16601463682342
Fès-Meknès,2035,7,48.00402806191136,35.355274057737944,60.65278206608478
Fès-Meknès,2035,8,46.673072883837015,34.257459322416835,59.088686445257196
Fès-Meknès,2035,9,48.22983847508404,35.58563785496738,60.87403909520069
Fès-Meknès,2035,10,49.63409424606646,36.78497763281914,62.48321085931378
Fès-Meknès,2035,11,55.62410143630159,41.86261071267499,69.3855921599282
Fès-Meknès,2035,12,58.29348749896806,44.29663108316856,72.29034391476756
Fès-Meknès,2036,1,54.80536532022223,41.2585846695754,68.35214597086906
Fès-Meknès,2036,2,56.186195322020865,42.43580408936692,69.93658655467482
Fès-Meknès,2036,3,59.42165095385744,45.21465645642637,73.6286454512885
Fès-Meknès,2036,4,60.04856398873804,45.761107380258835,74.33602059721724
Fès-Meknès,2036,5,56.317056120759105,42.57322118362893,70.06089105788928
Fès-Meknès,2036,6,52.898888477707835,39.632257892098075,66.1655190633176
Fès-Meknès,2036,7,47.803894233383495,35.182181207325115,60.425607259441875
Fès-Meknès,2036,8,44.99362652136773,32.8387982418969,57.14845480083856
Fès-Meknès,2036,9,47.73671400420581,35.16550505883188,60.30792294957973
Fès-Meknès,2036,10,48.922632254636355,36.17797348062904,61.66729102864367
Fès-Meknès,2036,11,55.9445175481091,42.13360790751808,69.75542718870011
Fès-Meknès,2036,12,58.28790582939835,44.269622754568715,72.30618890422798
Fès-Meknès,2037,1,56.49123117641975,42.68059226227875,70.30187009056075
Fès-Meknès,2037,2,57.57021180501841,43.61394719079824,71.52647641923858
Fès-Meknès,2037,3,60.70083030002621,46.32049369108945,75.08116690896297
Fès-Meknès,2037,4,60.48686461978182,46.14073551331697,74.83299372624667
Fès-Meknès,2037,5,57.079803444642124,43.2120114818667,70.94759540741754
Fès-Meknès,2037,6,52.73563515995224,39.485948634212285,65.9853216856922
Fès-Meknès,2037,7,47.99132057710181,35.34564894646637,60.63699220773725
Fès-Meknès,2037,8,46.66745705145426,34.251854892097455,59.08305921081106
Fès-Meknès,2037,9,48.2129600707677,35.57048613715824,60.85543400437716
Fès-Meknès,2037,10,49.632330724478905,36.783361514391096,62.481299934566714
Fès-Meknès,2037,11,55.65237389360566,41.88647634065698,69.41827144655434
Fès-Meknès,2037,12,58.60562039202527,44.564483750621626,72.64675703342891
Fès-Meknès,2038,1,54.85984065088883,41.29106484664703,68.42861645513062
Fès-Meknès,2038,2,56.59176731036118,42.76861627575754,70.41491834496482
Fès-Meknès,2038,3,59.300059724983306,45.10810117175704,73.49201827820957
Fès-Meknès,2038,4,60.2463391734914,45.931819351073614,74.56085899590919
Fès-Meknès,2038,5,56.320992430730634,42.57131799778098,70.07066686368029
Fès-Meknès,2038,6,52.62554403564067,39.410204676130355,65.840883395151
Fès-Meknès,2038,7,47.64641882678985,35.05964020562273,60.23319744795697
Fès-Meknès,2038,8,44.81242092945408,32.694298064841476,56.93054379406668
Fès-Meknès,2038,9,47.42928430773784,34.91317028609687,59.945398329378804
Fès-Meknès,2038,10,48.8296497340528,36.101822101787135,61.557477366318466
Fès-Meknès,2038,11,55.921547459551455,42.11835051832261,69.72474440078031
Fès-Meknès,2038,12,58.20715893181438,44.2051916228231,72.20912624080566
Fès-Meknès,2039,1,56.6295736346162,42.79770018676472,70.46144708246769
Fès-Meknès,2039,2,57.565834657011806,43.60729148754511,71.5243778264785
Fès-Meknès,2039,3,60.59093763358318,46.22180463000275,74.96007063716361
Fès-Meknès,2039,4,60.798999898891715,46.41415734129786,75.18384245648556
Fès-Meknès,2039,5,57.061687379961164,43.19571624177699,70.92765851814534
Fès-Meknès,2039,6,52.717984345176866,39.473679801670585,65.96228888868315
Fès-Meknès,2039,7,47.37227278340626,34.81790939050502,59.9266361763075
Fès-Meknès,2039,8,46.32325663048281,33.96204649009031,58.68446677087531
Fès-Meknès,2039,9,48.27005629384853,35.617723833456786,60.92238875424028
Fès-Meknès,2039,10,49.7073838407243,36.84882976297327,62.56593791847533
Fès-Meknès,2039,11,55.709043694200076,41.9352354931253,69.48285189527485
Fès-Meknès,2039,12,58.31070689662583,44.302116349674606,72.31929744357706
Fès-Meknès,2040,1,54.60895395226071,41.086478365656234,68.13142953886519
Fès-Meknès,2040,2,56.0754160135997,42.332655577786,69.8181764494134
Fès-Meknès,2040,3,59.30557016660485,45.112571656110255,73.49856867709946
Fès-Meknès,2040,4,59.99485469929432,45.71729120189826,74.27241819669038
Fès-Meknès,2040,5,56.310195075281484,42.56541694376743,70.05497320679554
Fès-Meknès,2040,6,52.92385328361149,39.655989253062934,66.19171731416006
Fès-Meknès,2040,7,47.76468855998053,35.1480106888376,60.38136643112345
Fès-Meknès,2040,8,45.56144190327631,33.31987403165086,57.80300977490176
Fès-Meknès,2040,9,47.63764270931334,35.08175165623669,60.19353376238999
Fès-Meknès,2040,10,48.814615285154595,36.08903257340292,61.54019799690627
Fès-Meknès,2040,11,56.02445246316712,42.20298931282825,69.845915613506
Fès-Meknès,2040,12,58.4678998738314,44.40952025036293,72.52627949729987
Fès-Meknès,2041,1,56.150849494124664,42.38351408583484,69.91818490241448
Fès-Meknès,2041,2,57.549116308032495,43.58990755997097,71.50832505609402
Fès-Meknès,2041,3,60.707681034607035,46.323133738883335,75.09222833033073
Fès-Meknès,2041,4,60.70766240158383,46.334458351781365,75.0808664513863
Fès-Meknès,2041,5,57.01959710917546,43.15937531636527,70.87981890198564
Fès-Meknès,2041,6,52.67748203210042,39.435232291798854,65.91973177240199
Fès-Meknès,2041,7,47.241831177271855,34.70789075061676,59.77577160392695
Fès-Meknès,2041,8,46.31877544583943,33.957167321007866,58.68038357067099
Fès-Meknès,2041,9,48.27652581912935,35.62328825133616,60.92976338692253
Fès-Meknès,2041,10,49.70517283891601,36.84693618590414,62.563409491927885
Fès-Meknès,2041,11,55.74529807460883,41.968416646906874,69.52217950231079
Fès-Meknès,2041,12,58.2587680950089,44.24940046639078,72.26813572362701
Fès-Meknès,2042,1,55.06402101348754,41.46491340265062,68.66312862432446
Fès-Meknès,2042,2,56.5781102747798,42.75231564943937,70.40390490012024
Fès-Meknès,2042,3,59.28646845723993,45.093445616167315,73.47949129831254
Fès-Meknès,2042,4,60.18707441800569,45.883566149885866,74.49058268612552
Fès-Meknès,2042,5,56.32610198372914,42.575502751820515,70.07670121563777
Fès-Meknès,2042,6,52.65607577164657,39.432535268455176,65.87961627483796
Fès-Meknès,2042,7,47.610047725460895,35.02877388195642,60.19132156896537
Fès-Meknès,2042,8,45.3010025702744,33.104484396040235,57.49752074450856
Fès-Meknès,2042,9,47.38500292732786,34.87472560694479,59.89528024771093
Fès-Meknès,2042,10,48.7479318163375,36.03343672649507,61.46242690617993
Fès-Meknès,2042,11,55.939796834023376,42.13510327190906,69.74449039613769
Fès-Meknès,2042,12,58.24342546349751,44.222835773008654,72.26401515398636
Fès-Meknès,2043,1,56.36005477955249,42.56412597705943,70.15598358204555
Fès-Meknès,2043,2,57.57854079816034,43.615340464788595,71.54174113153209
Fès-Meknès,2043,3,60.96370725833586,46.5449401715978,75.38247434507392
Fès-Meknès,2043,4,60.68948799966079,46.31874003518696,75.06023596413462
Fès-Meknès,2043,5,56.99377560063722,43.13773332900318,70.84981787227126
Fès-Meknès,2043,6,52.53360513942491,39.30923562753654,65.75797465131328
Fès-Meknès,2043,7,47.343874612142535,34.79495964225417,59.8927895820309
Fès-Meknès,2043,8,46.218995013461914,33.87271771217524,58.56527231474859
Fès-Meknès,2043,9,48.184065889034116,35.54387970617068,60.824252071897554
Fès-Meknès,2043,10,49.70316094208728,36.844759243999476,62.56156264017508
Fès-Meknès,2043,11,55.819552224055634,42.03588201362184,69.60322243448942
Fès-Meknès,2043,12,58.15856670036129,44.15579672556812,72.16133667515446
Fès-Meknès,2044,1,54.9541480456838,41.3840756809827,68.52422041038491
Fès-Meknès,2044,2,56.30418380887691,42.52878907529046,70.07957854246335
Fès-Meknès,2044,3,59.37881945866385,45.17274573750629,73.5848931798214
Fès-Meknès,2044,4,60.05055393488938,45.76508244496227,74.33602542481648
Fès-Meknès,2044,5,56.25671331981131,42.519021805519266,69.99440483410336
Fès-Meknès,2044,6,52.70081972314114,39.45666713589296,65.94497231038932
Fès-Meknès,2044,7,47.80732065933022,35.18521790777264,60.42942341088781
Fès-Meknès,2044,8,45.47495511834295,33.24408136850419,57.705828868181705
Fès-Meknès,2044,9,47.53842545326323,34.996582114761424,60.080268791765036
Fès-Meknès,2044,10,48.71971569628296,36.0053881626358,61.43404322993012
Fès-Meknès,2044,11,55.55469679474481,41.80340341424733,69.30599017524229
Fès-Meknès,2044,12,58.28184641462999,44.2367250101827,72.32696781907728
Fès-Meknès,2045,1,56.18676909987482,42.41592046922697,69.95761773052268
Fès-Meknès,2045,2,57.61474533945692,43.64688130898222,71.58260936993162
Fès-Meknès,2045,3,61.05710717258604,46.627578048379725,75.48663629679237
Fès-Meknès,2045,4,60.732403676857196,46.35621300486956,75.10859434884483
Fès-Meknès,2045,5,56.97659320124587,43.12377085500874,70.829415547483
Fès-Meknès,2045,6,52.51330984574732,39.29199001448354,65.7346296770111
Fès-Meknès,2045,7,46.88088667164294,34.40569181545093,59.35608152783495
Fès-Meknès,2045,8,46.19898165751986,33.856742394556946,58.54122092048277
Fès-Meknès,2045,9,48.33656618402012,35.67539065623301,60.99774171180723
Fès-Meknès,2045,10,50.1550099356995,37.22789621761608,63.08212365378293
Fès-Meknès,2045,11,55.70797705022521,41.93792038587619,69.47803371457424
Fès-Meknès,2045,12,57.91191895817244,43.94061695641242,71.88322095993247
Guelmim-Oued Noun,2025,1,0.8409696285337144,0.0,1.8010321841646892
Guelmim-Oued Noun,2025,2,0.8412125989502467,0.0,1.8014226748784867
Guelmim-Oued Noun,2025,3,0.8419202796994275,0.0,1.802560277669735
Guelmim-Oued Noun,2025,4,0.841366974085046,0.0,1.8016707544902566
Guelmim-Oued Noun,2025,5,0.8410755026916049,0.0,1.8012023327504947
Guelmim-Oued Noun,2025,6,0.8398951980998054,0.0,1.7993049533971546
Guelmim-Oued Noun,2025,7,0.8410108346405177,0.0,1.801098910236675
Guelmim-Oued Noun,2025,8,0.8402530225568852,0.0,1.7998805001170228
Guelmim-Oued Noun,2025,9,0.8411876641094463,0.0,1.8013827577197747
Guelmim-Oued Noun,2025,10,0.842003083904967,0.0,1.8026933329058408
Guelmim-Oued Noun,2025,11,0.8413227655663204,0.0,1.8015999185038112
Guelmim-Oued Noun,2025,12,0.8417559783116989,0.0,1.8022962604964534
Guelmim-Oued Noun,2026,1,0.8409808951305863,0.0,1.8010502934612362
Guelmim-Oued Noun,2026,2,0.8412155453283717,0.0,1.801427410112732
Guelmim-Oued Noun,2026,3,0.8419206083776992,0.0,1.8025608058815195
Guelmim-Oued Noun,2026,4,0.8413685781409529,0.0,1.80167333236263
Guelmim-Oued Noun,2026,5,0.8410799017244163,0.0,1.8012094039609672
Guelmim-Oued Noun,2026,6,0.8398936670030505,0.0,1.799302491689933
Guelmim-Oued Noun,2026,7,0.8410117643360329,0.0,1.8011004043116785
Guelmim-Oued Noun,2026,8,0.8402684603281062,0.0,1.7999053176454263
Guelmim-Oued Noun,2026,9,0.8411876641094507,0.0,1.8013827577197818
Guelmim-Oued Noun,2026,10,0.842013897477279,0.0,1.8027107066683183
Guelmim-Oued Noun,2026,11,0.8413233494612998,0.0,1.801600856862899
Guelmim-Oued Noun,2026,12,0.8417559783116989,0.0,1.8022962604964534
Guelmim-Oued Noun,2027,1,0.8409810121776347,0.0,1.8010504815754205
Guelmim-Oued Noun,2027,2,0.8412092790484714,0.0,1.8014173383706353
Guelmim-Oued Noun,2027,3,0.8419412621593854,0.0,1.8025939959417752
Guelmim-Oued Noun,2027,4,0.8413685781409529,0.0,1.80167333236263
Guelmim-Oued Noun,2027,5,0.8410797460853559,0.0,1.8012091536488295
Guelmim-Oued Noun,2027,6,0.8398946542903735,0.0,1.7993040787067676
Guelmim-Oued Noun,2027,7,0.8410225276533011,0.0,1.8011177033135275
Guelmim-Oued Noun,2027,8,0.8402685213797237,0.0,1.7999054157715757
Guelmim-Oued Noun,2027,9,0.8411886905073344,0.0,1.8013844079849557
Guelmim-Oued Noun,2027,10,0.842013897477279,0.0,1.8027107066683183
Guelmim-Oued Noun,2027,11,0.8413196573647811,0.0,1.8015949232760884
Guelmim-Oued Noun,2027,12,0.8417838063880557,0.0,1.802340988609982
Guelmim-Oued Noun,2028,1,0.8409810121776347,0.0,1.8010504815754205
Guelmim-Oued Noun,2028,2,0.8412002349111133,0.0,1.801402802207365
Guelmim-Oued Noun,2028,3,0.8419404261686085,0.0,1.8025926534787686
Guelmim-Oued Noun,2028,4,0.841366983742539,0.0,1.8016707699372803
Guelmim-Oued Noun,2028,5,0.8410686119559244,0.0,1.8011912545757425
Guelmim-Oued Noun,2028,6,0.8398950044611898,0.0,1.7993046417095138
Guelmim-Oued Noun,2028,7,0.8410225276533011,0.0,1.8011177033135275
Guelmim-Oued Noun,2028,8,0.8402682741454561,0.0,1.7999050184027943
Guelmim-Oued Noun,2028,9,0.8411227020274552,0.0,1.8012783530045495
Guelmim-Oued Noun,2028,10,0.8420138982329429,0.0,1.8027107078825062
Guelmim-Oued Noun,2028,11,0.8413182668311759,0.0,1.8015926886157947
Guelmim-Oued Noun,2028,12,0.8417832995015909,0.0,1.8023401740907676
Guelmim-Oued Noun,2029,1,0.8409810121776347,0.0,1.8010504815754205
Guelmim-Oued Noun,2029,2,0.8412182138252297,0.0,1.8014316972501168
Guelmim-Oued Noun,2029,3,0.8419403466909543,0.0,1.8025925257531248
Guelmim-Oued Noun,2029,4,0.841366983742539,0.0,1.8016707699372803
Guelmim-Oued Noun,2029,5,0.841069950189056,0.0,1.8011934052724579
Guelmim-Oued Noun,2029,6,0.8398983988966771,0.0,1.79931009947421
Guelmim-Oued Noun,2029,7,0.8409596778540436,0.0,1.801016653416574
Guelmim-Oued Noun,2029,8,0.8402632783706465,0.0,1.7998969883345786
Guelmim-Oued Noun,2029,9,0.8411227020274552,0.0,1.8012783530045495
Guelmim-Oued Noun,2029,10,0.8420207202144404,0.0,1.8027216666440953
Guelmim-Oued Noun,2029,11,0.8413182668311759,0.0,1.8015926886157947
Guelmim-Oued Noun,2029,12,0.8418005974110485,0.0,1.8023679703775257
Guelmim-Oued Noun,2030,1,0.8409899257298037,0.0,1.801064809191323
Guelmim-Oued Noun,2030,2,0.8412247330737768,0.0,1.8014421745011298
Guelmim-Oued Noun,2030,3,0.8419447354878221,0.0,1.8025995786405682
Guelmim-Oued Noun,2030,4,0.8413665216884301,0.0,1.8016700273402062
Guelmim-Oued Noun,2030,5,0.8410709438381656,0.0,1.8011950021734044
Guelmim-Oued Noun,2030,6,0.8398999895470555,0.0,1.799312656541083
Guelmim-Oued Noun,2030,7,0.8409319460008344,0.0,1.800972085986321
Guelmim-Oued Noun,2030,8,0.8402642069412574,0.0,1.799898480985609
Guelmim-Oued Noun,2030,9,0.8410956367883675,0.0,1.8012348544797065
Guelmim-Oued Noun,2030,10,0.842020914699457,0.0,1.802721979199178
Guelmim-Oued Noun,2030,11,0.8413197663418455,0.0,1.8015950984672333
Guelmim-Oued Noun,2030,12,0.8418060242092836,0.0,1.802376694461886
Guelmim-Oued Noun,2031,1,0.8409899257298037,0.0,1.801064809191323
Guelmim-Oued Noun,2031,2,0.8412226854778675,0.0,1.8014388830661279
Guelmim-Oued Noun,2031,3,0.8419447354878221,0.0,1.8025995786405682
Guelmim-Oued Noun,2031,4,0.8413665216884301,0.0,1.8016700273402062
Guelmim-Oued Noun,2031,5,0.8410683229292087,0.0,1.801190789805709
Guelmim-Oued Noun,2031,6,0.8399001311747994,0.0,1.7993128841944208
Guelmim-Oued Noun,2031,7,0.8409319413974304,0.0,1.8009720783955308
Guelmim-Oued Noun,2031,8,0.8402078757148768,0.0,1.7998078902804258
Guelmim-Oued Noun,2031,9,0.8411010876878986,0.0,1.8012436151794775
Guelmim-Oued Noun,2031,10,0.842020914699457,0.0,1.802721979199178
Guelmim-Oued Noun,2031,11,0.8413214917610186,0.0,1.8015978714481162
Guelmim-Oued Noun,2031,12,0.8418066408656051,0.0,1.802377685371543
Guelmim-Oued Noun,2032,1,0.841016397204595,0.0,1.8011073578172125
Guelmim-Oued Noun,2032,2,0.8412199976276722,0.0,1.801434563303295
Guelmim-Oued Noun,2032,3,0.8419916889113588,0.0,1.8026750295729006
Guelmim-Oued Noun,2032,4,0.8413665234042204,0.0,1.8016700300979762
Guelmim-Oued Noun,2032,5,0.8410686346404697,0.0,1.8011912907378647
Guelmim-Oued Noun,2032,6,0.8398999707088184,0.0,1.7993126260286192
Guelmim-Oued Noun,2032,7,0.8409343832964087,0.0,1.8009760054462043
Guelmim-Oued Noun,2032,8,0.8402078757148768,0.0,1.7998078902804258
Guelmim-Oued Noun,2032,9,0.8410944043023869,0.0,1.8012328742600074
Guelmim-Oued Noun,2032,10,0.8420205595957898,0.0,1.802721408611224
Guelmim-Oued Noun,2032,11,0.8413214917610186,0.0,1.8015978714481162
Guelmim-Oued Noun,2032,12,0.841811386157386,0.0,1.8023853107267942
Guelmim-Oued Noun,2033,1,0.8410156924166869,0.0,1.801106224925278
Guelmim-Oued Noun,2033,2,0.8412329035862326,0.0,1.80145530551143
Guelmim-Oued Noun,2033,3,0.8419916889113588,0.0,1.8026750295729006
Guelmim-Oued Noun,2033,4,0.8413665234042204,0.0,1.8016700300979762
Guelmim-Oued Noun,2033,5,0.8410287586995031,0.0,1.8011271969195872
Guelmim-Oued Noun,2033,6,0.8398984784465395,0.0,1.799310226787444
Guelmim-Oued Noun,2033,7,0.8409343832964087,0.0,1.8009760054462043
Guelmim-Oued Noun,2033,8,0.8402083147286533,0.0,1.7998085975252862
Guelmim-Oued Noun,2033,9,0.8410944043023869,0.0,1.8012328742600074
Guelmim-Oued Noun,2033,10,0.8420310316539672,0.0,1.8027382357445738
Guelmim-Oued Noun,2033,11,0.8413299292119912,0.0,1.8016114307489564
Guelmim-Oued Noun,2033,12,0.8418162217418136,0.0,1.802393081892082
Guelmim-Oued Noun,2034,1,0.8410152686199612,0.0,1.801105543829149
Guelmim-Oued Noun,2034,2,0.8412360306444736,0.0,1.801460331147008
Guelmim-Oued Noun,2034,3,0.8419916889113588,0.0,1.8026750295729006
Guelmim-Oued Noun,2034,4,0.8413665234042204,0.0,1.8016700300979762
Guelmim-Oued Noun,2034,5,0.8410183087269812,0.0,1.8011103986289725
Guelmim-Oued Noun,2034,6,0.8398713258089723,0.0,1.7992665769344898
Guelmim-Oued Noun,2034,7,0.8409438219108555,0.0,1.8009911806415269
Guelmim-Oued Noun,2034,8,0.8402083147286533,0.0,1.7998085975252862
Guelmim-Oued Noun,2034,9,0.8410946946766392,0.0,1.8012333409271526
Guelmim-Oued Noun,2034,10,0.8420328090489246,0.0,1.8027410918182916
Guelmim-Oued Noun,2034,11,0.8413299292119912,0.0,1.8016114307489564
Guelmim-Oued Noun,2034,12,0.8418222824750012,0.0,1.8024028199810531
Guelmim-Oued Noun,2035,1,0.8410028515665056,0.0,1.8010855843744817
Guelmim-Oued Noun,2035,2,0.8412371139072797,0.0,1.8014620720301893
Guelmim-Oued Noun,2035,3,0.8420046433419757,0.0,1.8026958467324081
Guelmim-Oued Noun,2035,4,0.8413673927837193,0.0,1.80167142737359
Guelmim-Oued Noun,2035,5,0.8410218067167508,0.0,1.801116019948334
Guelmim-Oued Noun,2035,6,0.8398774179379664,0.0,1.7992763703249661
Guelmim-Oued Noun,2035,7,0.8409006357346631,0.0,1.800921759078804
Guelmim-Oued Noun,2035,8,0.8402019342459974,0.0,1.799798341364511
Guelmim-Oued Noun,2035,9,0.8409787041100955,0.0,1.8010468001102424
Guelmim-Oued Noun,2035,10,0.8420320337895992,0.0,1.802739846301384
Guelmim-Oued Noun,2035,11,0.8413329480505339,0.0,1.8016162821888226
Guelmim-Oued Noun,2035,12,0.8418273436400502,0.0,1.8024109524615204
Guelmim-Oued Noun,2036,1,0.8410076703182283,0.0,1.8010933287170088
Guelmim-Oued Noun,2036,2,0.8412371139072797,0.0,1.8014620720301893
Guelmim-Oued Noun,2036,3,0.842005938058632,0.0,1.8026979272357933
Guelmim-Oued Noun,2036,4,0.8413683712635839,0.0,1.8016729997678973
Guelmim-Oued Noun,2036,5,0.8410198207957995,0.0,1.8011128277937951
Guelmim-Oued Noun,2036,6,0.839879843011194,0.0,1.799280269453976
Guelmim-Oued Noun,2036,7,0.8409006357346631,0.0,1.800921759078804
Guelmim-Oued Noun,2036,8,0.8402015240682538,0.0,1.7997976820920234
Guelmim-Oued Noun,2036,9,0.8409797456685995,0.0,1.8010484740337802
Guelmim-Oued Noun,2036,10,0.842046899813527,0.0,1.8027637347837238
Guelmim-Oued Noun,2036,11,0.8413329480505339,0.0,1.8016162821888226
Guelmim-Oued Noun,2036,12,0.8418296028626805,0.0,1.8024145832412444
Guelmim-Oued Noun,2037,1,0.8410137050369261,0.0,1.8011030274454
Guelmim-Oued Noun,2037,2,0.841250256718574,0.0,1.8014831951089727
Guelmim-Oued Noun,2037,3,0.8420244400783654,0.0,1.8027276592911567
Guelmim-Oued Noun,2037,4,0.8413700809133082,0.0,1.8016757478239604
Guelmim-Oued Noun,2037,5,0.8410137740060541,0.0,1.801103107907202
Guelmim-Oued Noun,2037,6,0.8398793105620005,0.0,1.7992794134451273
Guelmim-Oued Noun,2037,7,0.8409493706660329,0.0,1.801000090122625
Guelmim-Oued Noun,2037,8,0.840200716080893,0.0,1.7997963833269284
Guelmim-Oued Noun,2037,9,0.8409461918330873,0.0,1.8009945454090952
Guelmim-Oued Noun,2037,10,0.8420456734057027,0.0,1.8027617643324718
Guelmim-Oued Noun,2037,11,0.8413325298231101,0.0,1.801615610158854
Guelmim-Oued Noun,2037,12,0.8418295567612935,0.0,1.802414509167939
Guelmim-Oued Noun,2038,1,0.8410137050369261,0.0,1.8011030274454
Guelmim-Oued Noun,2038,2,0.841260777446699,0.0,1.8015001035371796
Guelmim-Oued Noun,2038,3,0.8420632378178577,0.0,1.8027900081586163
Guelmim-Oued Noun,2038,4,0.8413683624160521,0.0,1.8016729858055507
Guelmim-Oued Noun,2038,5,0.8410137824685685,0.0,1.8011031215083588
Guelmim-Oued Noun,2038,6,0.8398795000392919,0.0,1.7992797179726017
Guelmim-Oued Noun,2038,7,0.8409382135377869,0.0,1.8009821582911814
Guelmim-Oued Noun,2038,8,0.8401602450007968,0.0,1.799731320878344
Guelmim-Oued Noun,2038,9,0.8409047858005197,0.0,1.8009279879763094
Guelmim-Oued Noun,2038,10,0.8420449063041805,0.0,1.8027605319255877
Guelmim-Oued Noun,2038,11,0.8413331297560365,0.0,1.8016165743864139
Guelmim-Oued Noun,2038,12,0.841899440838754,0.0,1.8025268425123127
Guelmim-Oued Noun,2039,1,0.8410360909725982,0.0,1.801139013334417
Guelmim-Oued Noun,2039,2,0.8412560315590889,0.0,1.8014924759191104
Guelmim-Oued Noun,2039,3,0.8420635998010013,0.0,1.8027905897561394
Guelmim-Oued Noun,2039,4,0.8413657152999974,0.0,1.8016687311248734
Guelmim-Oued Noun,2039,5,0.8410133572223115,0.0,1.8011024380751066
Guelmim-Oued Noun,2039,6,0.8398814958633297,0.0,1.7992829263836012
Guelmim-Oued Noun,2039,7,0.8410153076311597,0.0,1.8011061133217239
Guelmim-Oued Noun,2039,8,0.8401435515344312,0.0,1.7997044819340051
Guelmim-Oued Noun,2039,9,0.8408432021905896,0.0,1.8008289853966901
Guelmim-Oued Noun,2039,10,0.8420492115098398,0.0,1.8027674522357187
Guelmim-Oued Noun,2039,11,0.84133308608846,0.0,1.8016165042086256
Guelmim-Oued Noun,2039,12,0.8419136793516838,0.0,1.8025497249245857
Guelmim-Oued Noun,2040,1,0.8410362245466575,0.0,1.8011392279835103
Guelmim-Oued Noun,2040,2,0.8412537652819386,0.0,1.8014888326508145
Guelmim-Oued Noun,2040,3,0.8420774819253065,0.0,1.8028128987625276
Guelmim-Oued Noun,2040,4,0.8413657152999974,0.0,1.8016687311248734
Guelmim-Oued Noun,2040,5,0.8410258643228535,0.0,1.8011225401326483
Guelmim-Oued Noun,2040,6,0.839882109536678,0.0,1.7992839129622382
Guelmim-Oued Noun,2040,7,0.8409884169858485,0.0,1.8010628924134908
Guelmim-Oued Noun,2040,8,0.8401298020094695,0.0,1.799682380511623
Guelmim-Oued Noun,2040,9,0.8408432021905896,0.0,1.8008289853966901
Guelmim-Oued Noun,2040,10,0.842050860410093,0.0,1.8027701017839617
Guelmim-Oued Noun,2040,11,0.8413322627968189,0.0,1.80161518125125
Guelmim-Oued Noun,2040,12,0.8419403467914116,0.0,1.802592591087888
Guelmim-Oued Noun,2041,1,0.8410458603919192,0.0,1.801154714367151
Guelmim-Oued Noun,2041,2,0.8412632299005443,0.0,1.8015040431347462
Guelmim-Oued Noun,2041,3,0.8420775606013476,0.0,1.8028130256676564
Guelmim-Oued Noun,2041,4,0.8413675418410712,0.0,1.8016716666211754
Guelmim-Oued Noun,2041,5,0.8410374642119076,0.0,1.8011411881773922
Guelmim-Oued Noun,2041,6,0.839886317208254,0.0,1.7992906777626656
Guelmim-Oued Noun,2041,7,0.8409942598456577,0.0,1.8010722897898437
Guelmim-Oued Noun,2041,8,0.8401392375147065,0.0,1.799697547785252
Guelmim-Oued Noun,2041,9,0.8408454238622894,0.0,1.8008325563535488
Guelmim-Oued Noun,2041,10,0.8420572656747799,0.0,1.802780394674479
Guelmim-Oued Noun,2041,11,0.8413344818715076,0.0,1.8016187475386687
Guelmim-Oued Noun,2041,12,0.8419645398519771,0.0,1.802631477147545
Guelmim-Oued Noun,2042,1,0.8410458603919192,0.0,1.801154714367151
Guelmim-Oued Noun,2042,2,0.8412882960470215,0.0,1.8015443403514513
Guelmim-Oued Noun,2042,3,0.8420785537512943,0.0,1.8028146223519945
Guelmim-Oued Noun,2042,4,0.841367570488322,0.0,1.8016717126527055
Guelmim-Oued Noun,2042,5,0.8410366807054109,0.0,1.8011399289526309
Guelmim-Oued Noun,2042,6,0.839886684373638,0.0,1.7992912679920798
Guelmim-Oued Noun,2042,7,0.8409925052405304,0.0,1.8010694701611598
Guelmim-Oued Noun,2042,8,0.8401315701962649,0.0,1.799685220468744
Guelmim-Oued Noun,2042,9,0.8408505093613822,0.0,1.8008407300548779
Guelmim-Oued Noun,2042,10,0.84205840503854,0.0,1.8027822265844797
Guelmim-Oued Noun,2042,11,0.8413338402077706,0.0,1.8016177162234128
Guelmim-Oued Noun,2042,12,0.8419645398519771,0.0,1.802631477147545
Guelmim-Oued Noun,2043,1,0.8410485661457975,0.0,1.8011590630031167
Guelmim-Oued Noun,2043,2,0.8413275291035551,0.0,1.8016073905717396
Guelmim-Oued Noun,2043,3,0.84209171729908,0.0,1.8028357772447459
Guelmim-Oued Noun,2043,4,0.841367570488322,0.0,1.8016717126527055
Guelmim-Oued Noun,2043,5,0.8410348815652138,0.0,1.8011370376061335
Guelmim-Oued Noun,2043,6,0.8398869898755873,0.0,1.7992917590734878
Guelmim-Oued Noun,2043,7,0.8409939398940852,0.0,1.8010717759512753
Guelmim-Oued Noun,2043,8,0.8401306346417922,0.0,1.7996837167380115
Guelmim-Oued Noun,2043,9,0.8408588032085054,0.0,1.8008540599804497
Guelmim-Oued Noun,2043,10,0.8420510669230322,0.0,1.8027704360113534
Guelmim-Oued Noun,2043,11,0.841334402976356,0.0,1.8016186206461517
Guelmim-Oued Noun,2043,12,0.8419742002315955,0.0,1.8026470001381578
Guelmim-Oued Noun,2044,1,0.8410511875351192,0.0,1.8011632766035393
Guelmim-Oued Noun,2044,2,0.8413274009005133,0.0,1.8016071845347694
Guelmim-Oued Noun,2044,3,0.84209171729908,0.0,1.8028357772447459
Guelmim-Oued Noun,2044,4,0.8413675232412262,0.0,1.8016716367219505
Guelmim-Oued Noun,2044,5,0.841036622802951,0.0,1.8011398362251883
Guelmim-Oued Noun,2044,6,0.8398952150607973,0.0,1.7993049817137639
Guelmim-Oued Noun,2044,7,0.840993994943741,0.0,1.8010718644149597
Guelmim-Oued Noun,2044,8,0.8401331681196068,0.0,1.79968778988813
Guelmim-Oued Noun,2044,9,0.8408637857787158,0.0,1.8008620712148287
Guelmim-Oued Noun,2044,10,0.8420504354776996,0.0,1.8027694214396073
Guelmim-Oued Noun,2044,11,0.8413126699905353,0.0,1.8015836824826996
Guelmim-Oued Noun,2044,12,0.8419742002315955,0.0,1.8026470001381578
Guelmim-Oued Noun,2045,1,0.8410528362136012,0.0,1.8011659264039817
Guelmim-Oued Noun,2045,2,0.8413855485267719,0.0,1.8017006521622503
Guelmim-Oued Noun,2045,3,0.84209171729908,0.0,1.8028357772447459
Guelmim-Oued Noun,2045,4,0.8413675232412262,0.0,1.8016716367219505
Guelmim-Oued Noun,2045,5,0.8410367919845028,0.0,1.8011401080938627
Guelmim-Oued Noun,2045,6,0.8398967885112787,0.0,1.79930751120557
Guelmim-Oued Noun,2045,7,0.8409939951944412,0.0,1.8010718648178443
Guelmim-Oued Noun,2045,8,0.840131298994701,0.0,1.7996847840310077
Guelmim-Oued Noun,2045,9,0.8408633049003476,0.0,1.8008612983262982
Guelmim-Oued Noun,2045,10,0.8420512158333308,0.0,1.8027706747792935
Guelmim-Oued Noun,2045,11,0.8413105521957065,0.0,1.8015802791905233
Guelmim-Oued Noun,2045,12,0.8419668207875491,0.0,1.8026351422798097
Laâyoune-Sakia El Hamra,2025,1,0.3209334789465797,0.0,0.9139511391916986
Laâyoune-Sakia El Hamra,2025,2,0.32088412637277414,0.0,0.9138532837513587
Laâyoune-Sakia El Hamra,2025,3,0.32085433710350153,0.0,0.9137942147820806
Laâyoune-Sakia El Hamra,2025,4,0.3208567224215943,0.0,0.9137989426342463
Laâyoune-Sakia El Hamra,2025,5,0.3208371552039389,0.0,0.9137601420232064
Laâyoune-Sakia El Hamra,2025,6,0.32079542159016416,0.0,0.9136773870940882
Laâyoune-Sakia El Hamra,2025,7,0.3208427963461796,0.0,0.9137713303019496
Laâyoune-Sakia El Hamra,2025,8,0.3207485430451782,0.0,0.9135844257612734
Laâyoune-Sakia El Hamra,2025,9,0.3207499619586563,0.0,0.9135872400953611
Laâyoune-Sakia El Hamra,2025,10,0.32076470777244326,0.0,0.9136164818014043
Laâyoune-Sakia El Hamra,2025,11,0.32076051950256096,0.0,0.9136081762046371
Laâyoune-Sakia El Hamra,2025,12,0.320956541155845,0.0,0.9139968652813686
Laâyoune-Sakia El Hamra,2026,1,0.3209340695598185,0.0,0.9139523102071925
Laâyoune-Sakia El Hamra,2026,2,0.320884518054967,0.0,0.9138540604534008
Laâyoune-Sakia El Hamra,2026,3,0.32085433710350153,0.0,0.9137942147820806
Laâyoune-Sakia El Hamra,2026,4,0.32085685840701156,0.0,0.9137992122773877
Laâyoune-Sakia El Hamra,2026,5,0.3208371552039389,0.0,0.9137601420232064
Laâyoune-Sakia El Hamra,2026,6,0.32079594779628534,0.0,0.9136784305136982
Laâyoune-Sakia El Hamra,2026,7,0.3208420021067912,0.0,0.9137697554450395
Laâyoune-Sakia El Hamra,2026,8,0.3207485430451782,0.0,0.9135844257612734
Laâyoune-Sakia El Hamra,2026,9,0.320747914626734,0.0,0.913583180237065
Laâyoune-Sakia El Hamra,2026,10,0.3207645152771811,0.0,0.9136161000704011
Laâyoune-Sakia El Hamra,2026,11,0.3207607213645404,0.0,0.913608576490291
Laâyoune-Sakia El Hamra,2026,12,0.3209566119950929,0.0,0.9139970057324762
Laâyoune-Sakia El Hamra,2027,1,0.3209340014810344,0.0,0.9139521752216853
Laâyoune-Sakia El Hamra,2027,2,0.32088474090045527,0.0,0.9138545023174574
Laâyoune-Sakia El Hamra,2027,3,0.32085433710350153,0.0,0.9137942147820806
Laâyoune-Sakia El Hamra,2027,4,0.3208589290821303,0.0,0.9138033183782577
Laâyoune-Sakia El Hamra,2027,5,0.3208369759222315,0.0,0.9137597865250374
Laâyoune-Sakia El Hamra,2027,6,0.32079603659943856,0.0,0.9136786066122041
Laâyoune-Sakia El Hamra,2027,7,0.3208355189126082,0.0,0.9137569000648427
Laâyoune-Sakia El Hamra,2027,8,0.3207485368682527,0.0,0.9135844135123079
Laâyoune-Sakia El Hamra,2027,9,0.3207472039038504,0.0,0.9135817708774925
Laâyoune-Sakia El Hamra,2027,10,0.3207645152771811,0.0,0.9136161000704011
Laâyoune-Sakia El Hamra,2027,11,0.3207611856940292,0.0,0.9136094972510991
Laâyoune-Sakia El Hamra,2027,12,0.3209566119950929,0.0,0.9139970057324762
Laâyoune-Sakia El Hamra,2028,1,0.32093581956140554,0.0,0.9139557801161897
Laâyoune-Sakia El Hamra,2028,2,0.32088474090045527,0.0,0.9138545023174574
Laâyoune-Sakia El Hamra,2028,3,0.32085601942530617,0.0,0.9137975507111392
Laâyoune-Sakia El Hamra,2028,4,0.3208588327821389,0.0,0.913803127431666
Laâyoune-Sakia El Hamra,2028,5,0.3208369759222315,0.0,0.9137597865250374
Laâyoune-Sakia El Hamra,2028,6,0.32079603659943856,0.0,0.9136786066122041
Laâyoune-Sakia El Hamra,2028,7,0.3208355152617007,0.0,0.9137568928256148
Laâyoune-Sakia El Hamra,2028,8,0.3207499859527113,0.0,0.9135872870742371
Laâyoune-Sakia El Hamra,2028,9,0.3207461140532963,0.0,0.9135796096839195
Laâyoune-Sakia El Hamra,2028,10,0.3207651773657543,0.0,0.9136174129692208
Laâyoune-Sakia El Hamra,2028,11,0.3207623240961122,0.0,0.9136117547101685
Laâyoune-Sakia El Hamra,2028,12,0.3209566119950929,0.0,0.9139970057324762
Laâyoune-Sakia El Hamra,2029,1,0.32093597038540034,0.0,0.9139560791560546
Laâyoune-Sakia El Hamra,2029,2,0.32088473040891485,0.0,0.913854481515013
Laâyoune-Sakia El Hamra,2029,3,0.32085601942530617,0.0,0.9137975507111392
Laâyoune-Sakia El Hamra,2029,4,0.32086107825876253,0.0,0.9138075801171522
Laâyoune-Sakia El Hamra,2029,5,0.3208370683953152,0.0,0.9137599698900944
Laâyoune-Sakia El Hamra,2029,6,0.32079603659943856,0.0,0.9136786066122041
Laâyoune-Sakia El Hamra,2029,7,0.3208355152617007,0.0,0.9137568928256148
Laâyoune-Sakia El Hamra,2029,8,0.3207499859527113,0.0,0.9135872870742371
Laâyoune-Sakia El Hamra,2029,9,0.3207461901466272,0.0,0.9135797605764614
Laâyoune-Sakia El Hamra,2029,10,0.3207651773657543,0.0,0.9136174129692208
Laâyoune-Sakia El Hamra,2029,11,0.32076312216675595,0.0,0.9136133372981017
Laâyoune-Sakia El Hamra,2029,12,0.3209566119950929,0.0,0.9139970057324762
Laâyoune-Sakia El Hamra,2030,1,0.32093612878497546,0.0,0.9139563932153717
Laâyoune-Sakia El Hamra,2030,2,0.3208848883869488,0.0,0.9138547947488511
Laâyoune-Sakia El Hamra,2030,3,0.32085601942530617,0.0,0.9137975507111392
Laâyoune-Sakia El Hamra,2030,4,0.3208611463886971,0.0,0.9138077152072654
Laâyoune-Sakia El Hamra,2030,5,0.3208366806780371,0.0,0.9137592010731461
Laâyoune-Sakia El Hamra,2030,6,0.3207960369652194,0.0,0.9136786073375659
Laâyoune-Sakia El Hamra,2030,7,0.32083551542903643,0.0,0.9137568931574248
Laâyoune-Sakia El Hamra,2030,8,0.3207488766401865,0.0,0.9135850873249404
Laâyoune-Sakia El Hamra,2030,9,0.32074623928457396,0.0,0.9135798580177901
Laâyoune-Sakia El Hamra,2030,10,0.3207651773657543,0.0,0.9136174129692208
Laâyoune-Sakia El Hamra,2030,11,0.32076473330026545,0.0,0.9136165323205083
Laâyoune-Sakia El Hamra,2030,12,0.32095660263976344,0.0,0.9139969871840228
Laâyoune-Sakia El Hamra,2031,1,0.3209365847034219,0.0,0.9139572971583991
Laâyoune-Sakia El Hamra,2031,2,0.3208848883869488,0.0,0.9138547947488511
Laâyoune-Sakia El Hamra,2031,3,0.32085601942530617,0.0,0.9137975507111392
Laâyoune-Sakia El Hamra,2031,4,0.32086120480742103,0.0,0.9138078310413098
Laâyoune-Sakia El Hamra,2031,5,0.3208366806780371,0.0,0.9137592010731461
Laâyoune-Sakia El Hamra,2031,6,0.3207936923948494,0.0,0.913673958095218
Laâyoune-Sakia El Hamra,2031,7,0.32083562838850327,0.0,0.9137571171399259
Laâyoune-Sakia El Hamra,2031,8,0.3207488766401865,0.0,0.9135850873249404
Laâyoune-Sakia El Hamra,2031,9,0.32074653035697887,0.0,0.9135804352388109
Laâyoune-Sakia El Hamra,2031,10,0.3207651773657543,0.0,0.9136174129692208
Laâyoune-Sakia El Hamra,2031,11,0.32076473330026545,0.0,0.9136165323205083
Laâyoune-Sakia El Hamra,2031,12,0.32095660263976344,0.0,0.9139969871840228
Laâyoune-Sakia El Hamra,2032,1,0.3209365847034219,0.0,0.9139572971583991
Laâyoune-Sakia El Hamra,2032,2,0.32088522045399104,0.0,0.9138554532219415
Laâyoune-Sakia El Hamra,2032,3,0.32085601942530617,0.0,0.9137975507111392
Laâyoune-Sakia El Hamra,2032,4,0.32086155940629596,0.0,0.9138085341717865
Laâyoune-Sakia El Hamra,2032,5,0.3208366150296247,0.0,0.9137590708987401
Laâyoune-Sakia El Hamra,2032,6,0.32078905991001894,0.0,0.9136647719626786
Laâyoune-Sakia El Hamra,2032,7,0.32083562838850327,0.0,0.9137571171399259
Laâyoune-Sakia El Hamra,2032,8,0.3207489575889994,0.0,0.913585247848262
Laâyoune-Sakia El Hamra,2032,9,0.32074669140852907,0.0,0.9135807546064949
Laâyoune-Sakia El Hamra,2032,10,0.3207638469965844,0.0,0.913614774851174
Laâyoune-Sakia El Hamra,2032,11,0.3207647258798891,0.0,0.9136165176058184
Laâyoune-Sakia El Hamra,2032,12,0.32095660263976344,0.0,0.9139969871840228
Laâyoune-Sakia El Hamra,2033,1,0.320936813906407,0.0,0.9139577516230621
Laâyoune-Sakia El Hamra,2033,2,0.32088522045399104,0.0,0.9138554532219415
Laâyoune-Sakia El Hamra,2033,3,0.32085575811278877,0.0,0.9137970325800477
Laâyoune-Sakia El Hamra,2033,4,0.32086155940629596,0.0,0.9138085341717865
Laâyoune-Sakia El Hamra,2033,5,0.32083641934692925,0.0,0.9137586828774318
Laâyoune-Sakia El Hamra,2033,6,0.32078905991001894,0.0,0.9136647719626786
Laâyoune-Sakia El Hamra,2033,7,0.3208340989113943,0.0,0.9137540843473972
Laâyoune-Sakia El Hamra,2033,8,0.3207490350966768,0.0,0.9135854015458011
Laâyoune-Sakia El Hamra,2033,9,0.32074669140852907,0.0,0.9135807546064949
Laâyoune-Sakia El Hamra,2033,10,0.3207641931964335,0.0,0.913615461391929
Laâyoune-Sakia El Hamra,2033,11,0.32076553709003763,0.0,0.9136181262251485
Laâyoune-Sakia El Hamra,2033,12,0.32095660263976344,0.0,0.9139969871840228
Laâyoune-Sakia El Hamra,2034,1,0.320936813906407,0.0,0.9139577516230621
Laâyoune-Sakia El Hamra,2034,2,0.32088522045399104,0.0,0.9138554532219415
Laâyoune-Sakia El Hamra,2034,3,0.32085575811278877,0.0,0.9137970325800477
Laâyoune-Sakia El Hamra,2034,4,0.3208606073292502,0.0,0.9138066463281036
Laâyoune-Sakia El Hamra,2034,5,0.32083641934692925,0.0,0.9137586828774318
Laâyoune-Sakia El Hamra,2034,6,0.32078905991001894,0.0,0.9136647719626786
Laâyoune-Sakia El Hamra,2034,7,0.320832725192089,0.0,0.9137513604067145
Laâyoune-Sakia El Hamra,2034,8,0.32074903509668423,0.0,0.9135854015458158
Laâyoune-Sakia El Hamra,2034,9,0.32074643315562945,0.0,0.9135802425066017
Laâyoune-Sakia El Hamra,2034,10,0.3207641862387826,0.0,0.9136154475949019
Laâyoune-Sakia El Hamra,2034,11,0.32076553709003763,0.0,0.9136181262251485
Laâyoune-Sakia El Hamra,2034,12,0.32095703771404493,0.0,0.9139978498011276
Laâyoune-Sakia El Hamra,2035,1,0.32093712441352723,0.0,0.9139583672668952
Laâyoune-Sakia El Hamra,2035,2,0.32088522045399104,0.0,0.9138554532219415
Laâyoune-Sakia El Hamra,2035,3,0.320855878154977,0.0,0.9137972706032942
Laâyoune-Sakia El Hamra,2035,4,0.3208605867287094,0.0,0.9138066054776917
Laâyoune-Sakia El Hamra,2035,5,0.32083641934692925,0.0,0.9137586828774318
Laâyoune-Sakia El Hamra,2035,6,0.32078905991001894,0.0,0.9136647719626786
Laâyoune-Sakia El Hamra,2035,7,0.3208329729977843,0.0,0.9137518517871741
Laâyoune-Sakia El Hamra,2035,8,0.32074745247113684,0.0,0.913582263248981
Laâyoune-Sakia El Hamra,2035,9,0.3207439854557337,0.0,0.9135753886945084
Laâyoune-Sakia El Hamra,2035,10,0.3207642943978255,0.0,0.9136156620726127
Laâyoune-Sakia El Hamra,2035,11,0.32076537021513984,0.0,0.913617795297337
Laâyoune-Sakia El Hamra,2035,12,0.32095703771404493,0.0,0.9139978498011276
Laâyoune-Sakia El Hamra,2036,1,0.32093712441352723,0.0,0.9139583672668952
Laâyoune-Sakia El Hamra,2036,2,0.32088522045399104,0.0,0.9138554532219415
Laâyoune-Sakia El Hamra,2036,3,0.320855878154977,0.0,0.9137972706032942
Laâyoune-Sakia El Hamra,2036,4,0.3208575295896147,0.0,0.9138005434657943
Laâyoune-Sakia El Hamra,2036,5,0.32083641934692925,0.0,0.9137586828774318
Laâyoune-Sakia El Hamra,2036,6,0.32078905991001894,0.0,0.9136647719626786
Laâyoune-Sakia El Hamra,2036,7,0.3208338986826128,0.0,0.9137536872935094
Laâyoune-Sakia El Hamra,2036,8,0.3207475563905178,0.0,0.9135824693295187
Laâyoune-Sakia El Hamra,2036,9,0.3207412008779965,0.0,0.9135698668157661
Laâyoune-Sakia El Hamra,2036,10,0.3207642943978255,0.0,0.9136156620726127
Laâyoune-Sakia El Hamra,2036,11,0.320766409574086,0.0,0.9136198564004822
Laâyoune-Sakia El Hamra,2036,12,0.32095703771404493,0.0,0.9139978498011276
Laâyoune-Sakia El Hamra,2037,1,0.32093712441352723,0.0,0.9139583672668952
Laâyoune-Sakia El Hamra,2037,2,0.32088522045399104,0.0,0.9138554532219415
Laâyoune-Sakia El Hamra,2037,3,0.3208560673556529,0.0,0.9137976457748449
Laâyoune-Sakia El Hamra,2037,4,0.3208575295896147,0.0,0.9138005434657943
Laâyoune-Sakia El Hamra,2037,5,0.32083649651611124,0.0,0.9137588358927259
Laâyoune-Sakia El Hamra,2037,6,0.32078916920252376,0.0,0.9136649886964897
Laâyoune-Sakia El Hamra,2037,7,0.32083388999766166,0.0,0.9137536700721067
Laâyoune-Sakia El Hamra,2037,8,0.320746402443694,0.0,0.9135801810293118
Laâyoune-Sakia El Hamra,2037,9,0.3207425516238575,0.0,0.9135725453804782
Laâyoune-Sakia El Hamra,2037,10,0.32076450966828524,0.0,0.9136160889541376
Laâyoune-Sakia El Hamra,2037,11,0.32076640161665015,0.0,0.9136198406207794
Laâyoune-Sakia El Hamra,2037,12,0.32095703771404493,0.0,0.9139978498011276
Laâyoune-Sakia El Hamra,2038,1,0.32093712441352723,0.0,0.9139583672668952
Laâyoune-Sakia El Hamra,2038,2,0.32088522045399104,0.0,0.9138554532219415
Laâyoune-Sakia El Hamra,2038,3,0.32085540532054446,0.0,0.9137963331523826
Laâyoune-Sakia El Hamra,2038,4,0.3208575000508487,0.0,0.9138004848921694
Laâyoune-Sakia El Hamra,2038,5,0.32083649651611124,0.0,0.9137588358927259
Laâyoune-Sakia El Hamra,2038,6,0.32078916920252376,0.0,0.9136649886964897
Laâyoune-Sakia El Hamra,2038,7,0.3208329059948523,0.0,0.9137517189776716
Laâyoune-Sakia El Hamra,2038,8,0.320746402443694,0.0,0.9135801810293118
Laâyoune-Sakia El Hamra,2038,9,0.3207438376353341,0.0,0.9135750955728335
Laâyoune-Sakia El Hamra,2038,10,0.32076332215999703,0.0,0.9136137341319367
Laâyoune-Sakia El Hamra,2038,11,0.3207662861593793,0.0,0.9136196116703537
Laâyoune-Sakia El Hamra,2038,12,0.32095703771404493,0.0,0.9139978498011276
Laâyoune-Sakia El Hamra,2039,1,0.3209377295127894,0.0,0.913959567043802
Laâyoune-Sakia El Hamra,2039,2,0.3208851850225114,0.0,0.9138553829690156
Laâyoune-Sakia El Hamra,2039,3,0.32085527843347084,0.0,0.9137960815557395
Laâyoune-Sakia El Hamra,2039,4,0.32085397474252675,0.0,0.9137934944646807
Laâyoune-Sakia El Hamra,2039,5,0.32083649651611124,0.0,0.9137588358927259
Laâyoune-Sakia El Hamra,2039,6,0.32078203932309574,0.0,0.9136508502084475
Laâyoune-Sakia El Hamra,2039,7,0.32083290616125965,0.0,0.9137517193076412
Laâyoune-Sakia El Hamra,2039,8,0.32074639684265827,0.0,0.9135801699223542
Laâyoune-Sakia El Hamra,2039,9,0.3207438376353341,0.0,0.9135750955728335
Laâyoune-Sakia El Hamra,2039,10,0.32076091180379557,0.0,0.9136089542760255
Laâyoune-Sakia El Hamra,2039,11,0.3207662700415715,0.0,0.9136195797072955
Laâyoune-Sakia El Hamra,2039,12,0.32095703771404493,0.0,0.9139978498011276
Laâyoune-Sakia El Hamra,2040,1,0.32093848728186947,0.0,0.9139610694823178
Laâyoune-Sakia El Hamra,2040,2,0.3208851850225114,0.0,0.9138553829690156
Laâyoune-Sakia El Hamra,2040,3,0.32085527843347084,0.0,0.9137960815557395
Laâyoune-Sakia El Hamra,2040,4,0.3208533190769202,0.0,0.9137921943722782
Laâyoune-Sakia El Hamra,2040,5,0.32083649651611124,0.0,0.9137588358927259
Laâyoune-Sakia El Hamra,2040,6,0.32078203932309574,0.0,0.9136508502084475
Laâyoune-Sakia El Hamra,2040,7,0.32083305942110474,0.0,0.9137520232017357
Laâyoune-Sakia El Hamra,2040,8,0.3207462022385327,0.0,0.9135797840084168
Laâyoune-Sakia El Hamra,2040,9,0.32074407557130596,0.0,0.9135755674025268
Laâyoune-Sakia El Hamra,2040,10,0.32076090603985885,0.0,0.913608942846161
Laâyoune-Sakia El Hamra,2040,11,0.32076597017890235,0.0,0.9136189850891885
Laâyoune-Sakia El Hamra,2040,12,0.32095703771404493,0.0,0.9139978498011276
Laâyoune-Sakia El Hamra,2041,1,0.3209384745336096,0.0,0.9139610442063065
Laâyoune-Sakia El Hamra,2041,2,0.3208851850225114,0.0,0.9138553829690156
Laâyoune-Sakia El Hamra,2041,3,0.32085527843347084,0.0,0.9137960815557395
Laâyoune-Sakia El Hamra,2041,4,0.3208533190769202,0.0,0.9137921943722782
Laâyoune-Sakia El Hamra,2041,5,0.32083649659293195,0.0,0.9137588360450506
Laâyoune-Sakia El Hamra,2041,6,0.32078203932309574,0.0,0.9136508502084475
Laâyoune-Sakia El Hamra,2041,7,0.3208209981524707,0.0,0.9137281053760244
Laâyoune-Sakia El Hamra,2041,8,0.32074621576686135,0.0,0.9135798108349134
Laâyoune-Sakia El Hamra,2041,9,0.32074444450342404,0.0,0.9135762990309153
Laâyoune-Sakia El Hamra,2041,10,0.32076089442883693,0.0,0.9136089198209715
Laâyoune-Sakia El Hamra,2041,11,0.3207658613075834,0.0,0.9136187691990505
Laâyoune-Sakia El Hamra,2041,12,0.32095703771404493,0.0,0.9139978498011276
Laâyoune-Sakia El Hamra,2042,1,0.32093844899981105,0.0,0.9139609935792494
Laâyoune-Sakia El Hamra,2042,2,0.3208851850225114,0.0,0.9138553829690156
Laâyoune-Sakia El Hamra,2042,3,0.32085527843347084,0.0,0.9137960815557395
Laâyoune-Sakia El Hamra,2042,4,0.32085407522807724,0.0,0.9137936937181843
Laâyoune-Sakia El Hamra,2042,5,0.3208341520145597,0.0,0.9137541869161641
Laâyoune-Sakia El Hamra,2042,6,0.320772684457911,0.0,0.9136322995152613
Laâyoune-Sakia El Hamra,2042,7,0.3208209981524707,0.0,0.9137281053760244
Laâyoune-Sakia El Hamra,2042,8,0.32074638906350406,0.0,0.9135801544854641
Laâyoune-Sakia El Hamra,2042,9,0.3207444445034286,0.0,0.9135762990309242
Laâyoune-Sakia El Hamra,2042,10,0.3207626732799661,0.0,0.9136124473010152
Laâyoune-Sakia El Hamra,2042,11,0.320765893670403,0.0,0.9136188333732876
Laâyoune-Sakia El Hamra,2042,12,0.32095703771404493,0.0,0.9139978498011276
Laâyoune-Sakia El Hamra,2043,1,0.32093873628770103,0.0,0.9139615632243812
Laâyoune-Sakia El Hamra,2043,2,0.3208851850225114,0.0,0.9138553829690156
Laâyoune-Sakia El Hamra,2043,3,0.320855375540966,0.0,0.9137962741062345
Laâyoune-Sakia El Hamra,2043,4,0.3208518109400411,0.0,0.9137892038984498
Laâyoune-Sakia El Hamra,2043,5,0.3208341520145597,0.0,0.9137541869161641
Laâyoune-Sakia El Hamra,2043,6,0.3207708394489151,0.0,0.9136286408445518
Laâyoune-Sakia El Hamra,2043,7,0.3208209981524707,0.0,0.9137281053760244
Laâyoune-Sakia El Hamra,2043,8,0.3207465645061366,0.0,0.9135805023902122
Laâyoune-Sakia El Hamra,2043,9,0.32074444450343376,0.0,0.9135762990309345
Laâyoune-Sakia El Hamra,2043,10,0.3207633326052959,0.0,0.9136137547804956
Laâyoune-Sakia El Hamra,2043,11,0.32076570131398463,0.0,0.9136184519261826
Laâyoune-Sakia El Hamra,2043,12,0.32095703771404493,0.0,0.9139978498011276
Laâyoune-Sakia El Hamra,2044,1,0.32093873628770103,0.0,0.9139615632243812
Laâyoune-Sakia El Hamra,2044,2,0.3208851850225114,0.0,0.9138553829690156
Laâyoune-Sakia El Hamra,2044,3,0.3208553716184522,0.0,0.9137962663285526
Laâyoune-Sakia El Hamra,2044,4,0.3208518109400411,0.0,0.9137892038984498
Laâyoune-Sakia El Hamra,2044,5,0.320834140720363,0.0,0.9137541645206319
Laâyoune-Sakia El Hamra,2044,6,0.3207708394489151,0.0,0.9136286408445518
Laâyoune-Sakia El Hamra,2044,7,0.3208230934949926,0.0,0.9137322602678415
Laâyoune-Sakia El Hamra,2044,8,0.32074654526592655,0.0,0.9135804642371417
Laâyoune-Sakia El Hamra,2044,9,0.3207446731236101,0.0,0.9135767523937307
Laâyoune-Sakia El Hamra,2044,10,0.32076000746546224,0.0,0.9136071607306699
Laâyoune-Sakia El Hamra,2044,11,0.3207656897777735,0.0,0.9136184290493223
Laâyoune-Sakia El Hamra,2044,12,0.32095703771404493,0.0,0.9139978498011276
Laâyoune-Sakia El Hamra,2045,1,0.3209395925501337,0.0,0.9139632609373055
Laâyoune-Sakia El Hamra,2045,2,0.32088517856213683,0.0,0.9138553701595912
Laâyoune-Sakia El Hamra,2045,3,0.3208545784362328,0.0,0.9137946935515694
Laâyoune-Sakia El Hamra,2045,4,0.3208518109400411,0.0,0.9137892038984498
Laâyoune-Sakia El Hamra,2045,5,0.32083424637280256,0.0,0.9137543740145551
Laâyoune-Sakia El Hamra,2045,6,0.3207708394489151,0.0,0.9136286408445518
Laâyoune-Sakia El Hamra,2045,7,0.3208235375850035,0.0,0.9137331408474394
Laâyoune-Sakia El Hamra,2045,8,0.32074352419402796,0.0,0.9135744734532615
Laâyoune-Sakia El Hamra,2045,9,0.32074596863409716,0.0,0.9135793214157459
Laâyoune-Sakia El Hamra,2045,10,0.320760007612962,0.0,0.9136071610231641
Laâyoune-Sakia El Hamra,2045,11,0.32076553265921204,0.0,0.9136181174817395
Laâyoune-Sakia El Hamra,2045,12,0.32095703771404493,0.0,0.9139978498011276
Marrakech-Safi,2025,1,80.66902530374065,63.97698009834676,97.36107050913455
Marrakech-Safi,2025,2,84.28724707124803,67.17189491687924,101.40259922561683
Marrakech-Safi,2025,3,85.20531685749029,67.9731149885084,102.43751872647218
Marrakech-Safi,2025,4,81.71427965555567,64.89937849215795,98.52918081895339
Marrakech-Safi,2025,5,76.08912182453291,59.92076542347786,92.25747822558796
Marrakech-Safi,2025,6,70.03188320435227,54.64168481490359,85.42208159380094
Marrakech-Safi,2025,7,58.9024060050953,44.937713250672736,72.86709875951786
Marrakech-Safi,2025,8,58.09563594506492,44.22848488012762,71.96278701000223
Marrakech-Safi,2025,9,66.66536235508237,51.650329540031564,81.68039517013317
Marrakech-Safi,2025,10,73.50578761521501,57.619000972196226,89.39257425823381
Marrakech-Safi,2025,11,79.16477652834295,62.57574803739921,95.7538050192867
Marrakech-Safi,2025,12,85.45094905402424,68.26059736652903,102.64130074151944
Marrakech-Safi,2026,1,86.44880116579535,69.10587728134713,103.79172505024356
Marrakech-Safi,2026,2,87.84914831199653,70.32677533077617,105.37152129321689
Marrakech-Safi,2026,3,88.53518506485949,70.90079396874917,106.16957616096981
Marrakech-Safi,2026,4,86.22847748770758,68.85800067128403,103.59895430413113
Marrakech-Safi,2026,5,82.69015864594296,65.69852479198292,99.681792499903
Marrakech-Safi,2026,6,75.15067797996083,59.07056992605047,91.2307860338712
Marrakech-Safi,2026,7,63.32233898638566,48.6847947849204,77.95988318785092
Marrakech-Safi,2026,8,61.53119920400143,47.12680765725733,75.93559075074553
Marrakech-Safi,2026,9,70.79644259183583,55.19221550949474,86.40066967417692
Marrakech-Safi,2026,10,77.26445072996842,60.864233475450774,93.66466798448606
Marrakech-Safi,2026,11,86.25084846992506,68.81051277383139,103.69118416601873
Marrakech-Safi,2026,12,89.87836891522862,72.1330831377245,107.62365469273274
Marrakech-Safi,2027,1,90.95805131100131,73.05792261932638,108.85818000267625
Marrakech-Safi,2027,2,93.1613747371097,75.01368560868003,111.30906386553936
Marrakech-Safi,2027,3,94.57253217853095,76.27549932823784,112.86956502882406
Marrakech-Safi,2027,4,90.65596617003636,72.78853835246252,108.5233939876102
Marrakech-Safi,2027,5,85.5968922836209,68.28281048563565,102.91097408160616
Marrakech-Safi,2027,6,79.17606904788929,62.628126891057946,95.72401120472063
Marrakech-Safi,2027,7,66.50370787196681,51.46501331765973,81.5424024262739
Marrakech-Safi,2027,8,65.35175630061141,50.448290017942696,80.25522258328013
Marrakech-Safi,2027,9,75.77472254644873,59.57622805120454,91.97321704169292
Marrakech-Safi,2027,10,81.21669612384432,64.36526776275286,98.06812448493577
Marrakech-Safi,2027,11,89.4022715945809,71.61502691915423,107.18951627000756
Marrakech-Safi,2027,12,93.64616919337443,75.50364488857468,111.78869349817418
Marrakech-Safi,2028,1,93.58928383767092,75.4103425267981,111.76822514854373
Marrakech-Safi,2028,2,94.32676956856083,76.05346533945112,112.60007379767055
Marrakech-Safi,2028,3,93.93565229608265,75.70555240700428,112.16575218516103
Marrakech-Safi,2028,4,90.9810219334566,73.0779198364171,108.88412403049611
Marrakech-Safi,2028,5,85.9963302186887,68.63695416152336,103.35570627585403
Marrakech-Safi,2028,6,79.01049461596169,62.477856562540836,95.54313266938254
Marrakech-Safi,2028,7,66.69946914032286,51.62600578065758,81.77293249998814
Marrakech-Safi,2028,8,67.16323144672332,52.030448610347335,82.2960142830993
Marrakech-Safi,2028,9,75.53768367624944,59.362446941081174,91.71292041141771
Marrakech-Safi,2028,10,80.6226862014756,63.83668459368076,97.40868780927045
Marrakech-Safi,2028,11,90.70036060897782,72.77977033786051,108.62095088009512
Marrakech-Safi,2028,12,94.27738854661362,76.0845739681462,112.47020312508104
Marrakech-Safi,2029,1,94.33989261858271,76.08422550467705,112.59555973248837
Marrakech-Safi,2029,2,96.87936827531738,78.34179146311317,115.41694508752158
Marrakech-Safi,2029,3,97.61651653363285,79.00180200540666,116.23123106185903
Marrakech-Safi,2029,4,92.66942103137791,74.58820788404053,110.75063417871529
Marrakech-Safi,2029,5,87.84182780127341,70.28055025677571,105.40310534577111
Marrakech-Safi,2029,6,81.24382543347147,64.45599195905861,98.03165890788434
Marrakech-Safi,2029,7,67.88423802814869,52.66923730962355,83.09923874667382
Marrakech-Safi,2029,8,67.87827631119258,52.65172970980531,83.10482291257985
Marrakech-Safi,2029,9,78.7389105133206,62.19250659977616,95.28531442686506
Marrakech-Safi,2029,10,82.59191601175225,65.58401757490842,99.59981444859608
Marrakech-Safi,2029,11,93.19602775653792,75.00654133673952,111.38551417633632
Marrakech-Safi,2029,12,98.07386704221517,79.50310612420992,116.64462796022042
Marrakech-Safi,2030,1,98.1114500368574,79.4752468122569,116.74765326145791
Marrakech-Safi,2030,2,99.39419751876629,80.60284765007071,118.18554738746187
Marrakech-Safi,2030,3,99.3396804986404,80.54926833251244,118.13009266476837
Marrakech-Safi,2030,4,94.80929726733129,76.50116620097417,113.11742833368841
Marrakech-Safi,2030,5,88.04320892912823,70.45987673046947,105.62654112778698
Marrakech-Safi,2030,6,81.25314436199922,64.46011286235924,98.0461758616392
Marrakech-Safi,2030,7,67.44454896936321,52.265575339345645,82.62352259938078
Marrakech-Safi,2030,8,67.29274573035356,52.141767469595436,82.44372399111168
Marrakech-Safi,2030,9,77.82083898548194,61.375754667811876,94.26592330315201
Marrakech-Safi,2030,10,82.38144069489223,65.39356544206238,99.36931594772209
Marrakech-Safi,2030,11,97.56215561328018,78.9130396928783,116.21127153368207
Marrakech-Safi,2030,12,100.57290947806477,81.72901798947555,119.416800966654
Marrakech-Safi,2031,1,101.7099944309515,82.7025199317054,120.7174689301976
Marrakech-Safi,2031,2,103.45052766423639,84.2430186338483,122.65803669462449
Marrakech-Safi,2031,3,104.03629705598478,84.77400772310021,123.29858638886934
Marrakech-Safi,2031,4,99.55197122116272,80.75363055060093,118.3503118917245
Marrakech-Safi,2031,5,90.5680569476245,72.71140396610159,108.42470992914741
Marrakech-Safi,2031,6,84.24184907305505,67.12748717204956,101.35621097406055
Marrakech-Safi,2031,7,68.03699989768764,52.81821425906601,83.25578553630926
Marrakech-Safi,2031,8,67.87530616069522,52.66260266967721,83.08800965171322
Marrakech-Safi,2031,9,80.41560081573923,63.68746282320931,97.14373880826915
Marrakech-Safi,2031,10,83.45892351287279,66.36635473903969,100.55149228670588
Marrakech-Safi,2031,11,99.48069005896993,80.65427370926503,118.30710640867483
Marrakech-Safi,2031,12,104.0852292371864,84.88769655709754,123.28276191727525
Marrakech-Safi,2032,1,105.17154976552862,85.82114801004808,124.52195152100917
Marrakech-Safi,2032,2,106.49528096387535,86.99836541800856,125.99219650974213
Marrakech-Safi,2032,3,106.13074218547402,86.67531875285023,125.58616561809781
Marrakech-Safi,2032,4,101.97953946887279,82.94858860653044,121.01049033121514
Marrakech-Safi,2032,5,95.18983860989447,76.85977002733586,113.51990719245308
Marrakech-Safi,2032,6,88.12013479315665,70.58192908073464,105.65834050557866
Marrakech-Safi,2032,7,70.50567069841162,54.98491211284349,86.02642928397975
Marrakech-Safi,2032,8,69.57261931765656,54.15909335208366,84.98614528322946
Marrakech-Safi,2032,9,83.36239210034918,66.30191052741151,100.42287367328686
Marrakech-Safi,2032,10,85.76860964592395,68.415243719898,103.12197557194989
Marrakech-Safi,2032,11,100.5055089059206,81.56803495942243,119.44298285241878
Marrakech-Safi,2032,12,106.06161326052299,86.66922864051969,125.45399788052629
Marrakech-Safi,2033,1,106.01496295742125,86.58352564300266,125.44640027183983
Marrakech-Safi,2033,2,107.93545402177325,88.29834784335985,127.57256020018666
Marrakech-Safi,2033,3,107.85069116204679,88.22411425253,127.47726807156357
Marrakech-Safi,2033,4,103.0385335896871,83.89597954400219,122.18108763537202
Marrakech-Safi,2033,5,95.48960022522272,77.12737128971256,113.85182916073288
Marrakech-Safi,2033,6,88.6743310321365,71.0763462504146,106.27231581385838
Marrakech-Safi,2033,7,72.62013531043067,56.831848080461725,88.40842254039961
Marrakech-Safi,2033,8,70.59412372783977,55.05012358519594,86.1381238704836
Marrakech-Safi,2033,9,83.77487622730945,66.6644726991108,100.8852797555081
Marrakech-Safi,2033,10,87.74500669134682,70.17975794394997,105.31025543874367
Marrakech-Safi,2033,11,102.38811242382548,83.2677247347868,121.50850011286416
Marrakech-Safi,2033,12,106.98198436065557,87.50745619113272,126.45651253017843
Marrakech-Safi,2034,1,106.72080921643622,87.22798580368294,126.2136326291895
Marrakech-Safi,2034,2,107.093252994774,87.5456132994983,126.64089269004971
Marrakech-Safi,2034,3,107.32960618155592,87.75478204765469,126.90443031545715
Marrakech-Safi,2034,4,103.1134321745627,83.96453471250844,122.26232963661697
Marrakech-Safi,2034,5,96.24397158126536,77.80222678555037,114.68571637698034
Marrakech-Safi,2034,6,89.41658836127382,71.7342747015945,107.09890202095315
Marrakech-Safi,2034,7,73.62704806165574,57.71229670540862,89.54179941790287
Marrakech-Safi,2034,8,72.89273262761967,57.068200109126835,88.7172651461125
Marrakech-Safi,2034,9,85.60112081775026,68.28500372237762,102.91723791312289
Marrakech-Safi,2034,10,88.60174656266805,70.93707294546772,106.26642017986839
Marrakech-Safi,2034,11,103.49924781955264,84.26286808909464,122.73562755001063
Marrakech-Safi,2034,12,107.53397672236194,88.00359566837557,127.06435777634832
Marrakech-Safi,2035,1,107.21747895086823,87.66677025879446,126.768187642942
Marrakech-Safi,2035,2,109.41895903056961,89.6384034300167,129.19951463112253
Marrakech-Safi,2035,3,109.72294079443174,89.91370828541271,129.53217330345078
Marrakech-Safi,2035,4,103.85243553821022,84.62881471457925,123.07605636184118
Marrakech-Safi,2035,5,96.47144650074121,78.00531437431034,114.93757862717207
Marrakech-Safi,2035,6,89.40164923143871,71.72509013159896,107.07820833127846
Marrakech-Safi,2035,7,72.38275249974735,56.617270138008635,88.14823486148607
Marrakech-Safi,2035,8,72.77323396678506,56.962052082100605,88.58441585146952
Marrakech-Safi,2035,9,84.92510999330904,67.68131744576782,102.16890254085025
Marrakech-Safi,2035,10,89.07102880528143,71.36053910195223,106.78151850861063
Marrakech-Safi,2035,11,104.4772136434135,85.14911761331064,123.80530967351638
Marrakech-Safi,2035,12,110.15912255752012,90.40012344177548,129.91812167326475
Marrakech-Safi,2036,1,108.55836283294742,88.89185222831553,128.2248734375793
Marrakech-Safi,2036,2,109.59296779009844,89.80062738046207,129.3853081997348
Marrakech-Safi,2036,3,109.13974688016226,89.38682377491814,128.8926699854064
Marrakech-Safi,2036,4,104.43311794641798,85.15153325516182,123.71470263767414
Marrakech-Safi,2036,5,95.95501266908812,77.54196752016725,114.36805781800899
Marrakech-Safi,2036,6,89.47311168570153,71.78277942988706,107.163443941516
Marrakech-Safi,2036,7,73.15538742798206,57.28718956393744,89.0235852920267
Marrakech-Safi,2036,8,72.79501504254846,56.98327685607957,88.60675322901734
Marrakech-Safi,2036,9,85.37001694898801,68.08043587393966,102.65959802403636
Marrakech-Safi,2036,10,88.211851551486,70.58915030404866,105.83455279892335
Marrakech-Safi,2036,11,105.30814358060864,85.89150996273585,124.72477719848143
Marrakech-Safi,2036,12,109.68068901281143,89.96279704020048,129.39858098542237
Marrakech-Safi,2037,1,109.11064219347286,89.38361642583115,128.83766796111456
Marrakech-Safi,2037,2,110.2397141747203,90.38004733216019,130.09938101728042
Marrakech-Safi,2037,3,110.55573639446912,90.66566493196801,130.44580785697022
Marrakech-Safi,2037,4,105.64138444968651,86.2400688209185,125.04270007845453
Marrakech-Safi,2037,5,97.36244994292802,78.80392068330613,115.92097920254992
Marrakech-Safi,2037,6,89.43969652092946,71.75733883258023,107.12205420927869
Marrakech-Safi,2037,7,72.36406775367331,56.59801917789921,88.13011632944742
Marrakech-Safi,2037,8,72.66946503616121,56.87168442326049,88.46724564906194
Marrakech-Safi,2037,9,84.77144247077932,67.54687767506748,101.99600726649116
Marrakech-Safi,2037,10,88.7236342392413,71.0506934953332,106.3965749831494
Marrakech-Safi,2037,11,105.53765680899886,86.1044499720297,124.97086364596802
Marrakech-Safi,2037,12,110.219496830331,90.45649795821559,129.98249570244639
Marrakech-Safi,2038,1,109.79952200021694,90.01434105325619,129.5847029471777
Marrakech-Safi,2038,2,110.2346903567719,90.38101252152836,130.08836819201545
Marrakech-Safi,2038,3,109.76736574229557,89.95340244552402,129.5813290390671
Marrakech-Safi,2038,4,105.86425299457301,86.44071573621622,125.2877902529298
Marrakech-Safi,2038,5,96.72433170104725,78.23026335755739,115.2184000445371
Marrakech-Safi,2038,6,89.46480833180489,71.77441903647839,107.15519762713139
Marrakech-Safi,2038,7,72.98246748743082,57.13249742833139,88.83243754653026
Marrakech-Safi,2038,8,72.6897232743747,56.88833293619727,88.49111361255213
Marrakech-Safi,2038,9,85.38602956177674,68.0946842474404,102.67737487611308
Marrakech-Safi,2038,10,88.16141158167689,70.5441808914821,105.77864227187168
Marrakech-Safi,2038,11,105.54335613608383,86.10315324695087,124.98355902521679
Marrakech-Safi,2038,12,109.72774110038264,89.9964965883212,129.4589856124441
Marrakech-Safi,2039,1,109.53249818120071,89.76519437610321,129.2998019862982
Marrakech-Safi,2039,2,110.26747431615158,90.40662786559405,130.12832076670912
Marrakech-Safi,2039,3,110.58123608737655,90.68857431747503,130.47389785727808
Marrakech-Safi,2039,4,106.02318253431011,86.58415143170694,125.46221363691328
Marrakech-Safi,2039,5,97.42180076239424,78.85692660286198,115.98667492192651
Marrakech-Safi,2039,6,89.49229842968664,71.80486288415531,107.17973397521797
Marrakech-Safi,2039,7,72.31200800026132,56.55111766464465,88.07289833587798
Marrakech-Safi,2039,8,72.58639964566719,56.79699910428578,88.37580018704858
Marrakech-Safi,2039,9,84.77133281428829,67.54673065182068,101.99593497675589
Marrakech-Safi,2039,10,88.80190546305869,71.12104282455317,106.4827681015642
Marrakech-Safi,2039,11,105.79187559377063,86.33275392858374,125.25099725895751
Marrakech-Safi,2039,12,109.84148946374826,90.0909357769571,129.59204315053944
Marrakech-Safi,2040,1,109.75330714678036,89.97211483528078,129.53449945827992
Marrakech-Safi,2040,2,109.89609948972877,90.07734702537363,129.7148519540839
Marrakech-Safi,2040,3,109.43587635320708,89.65400776346596,129.2177449429482
Marrakech-Safi,2040,4,105.37972566713648,86.00417407485692,124.75527725941605
Marrakech-Safi,2040,5,97.89043099131796,79.27537523951185,116.50548674312407
Marrakech-Safi,2040,6,89.5117933491898,71.81694076600328,107.20664593237632
Marrakech-Safi,2040,7,73.11562543810905,57.24702626646276,88.98422460975533
Marrakech-Safi,2040,8,72.88724177636631,57.061714073360186,88.71276947937244
Marrakech-Safi,2040,9,85.30352579306957,68.01958138652681,102.58747019961233
Marrakech-Safi,2040,10,88.3140164353394,70.68064302446561,105.94738984621318
Marrakech-Safi,2040,11,105.55754631949145,86.1161194169019,124.998973222081
Marrakech-Safi,2040,12,109.38461368764948,89.66360408606089,129.10562328923805
Marrakech-Safi,2041,1,109.43648921777549,89.67118151283071,129.20179692272026
Marrakech-Safi,2041,2,110.33798273236329,90.46951173250002,130.20645373222655
Marrakech-Safi,2041,3,110.66588178472281,90.76505593459895,130.56670763484667
Marrakech-Safi,2041,4,105.71799441236041,86.30930436540432,125.12668445931651
Marrakech-Safi,2041,5,98.18777900617502,79.54370639033405,116.83185162201599
Marrakech-Safi,2041,6,89.50932709070997,71.82044641523721,107.19820776618273
Marrakech-Safi,2041,7,72.15783018147964,56.41412402562905,87.90153633733023
Marrakech-Safi,2041,8,72.61607235182592,56.82122634109547,88.41091836255637
Marrakech-Safi,2041,9,84.5231553703481,67.32077255127122,101.725538189425
Marrakech-Safi,2041,10,88.51116458711058,70.85510106115552,106.16722811306565
Marrakech-Safi,2041,11,105.74598629420774,86.29046483151339,125.20150775690209
Marrakech-Safi,2041,12,109.70968036175599,89.9642864675172,129.4550742559948
Marrakech-Safi,2042,1,109.75135984424661,89.96343819445948,129.53928149403373
Marrakech-Safi,2042,2,110.36295787811086,90.49694816529771,130.22896759092401
Marrakech-Safi,2042,3,109.81773465085556,89.99955860970672,129.6359106920044
Marrakech-Safi,2042,4,105.8738556108407,86.44961873209928,125.29809248958213
Marrakech-Safi,2042,5,98.15878963781711,79.51655775450297,116.80102152113125
Marrakech-Safi,2042,6,89.54399275704485,71.84557711206057,107.24240840202913
Marrakech-Safi,2042,7,73.18496515243605,57.31027358792119,89.05965671695091
Marrakech-Safi,2042,8,72.92506374027857,57.0968156777825,88.75331180277465
Marrakech-Safi,2042,9,85.357703948437,68.06818913799012,102.6472187588839
Marrakech-Safi,2042,10,87.68566806238624,70.12056801548579,105.2507681092867
Marrakech-Safi,2042,11,105.53636854235717,86.0953149148937,124.97742216982063
Marrakech-Safi,2042,12,109.46370628333842,89.73299949110712,129.19441307556974
Marrakech-Safi,2043,1,109.35884897651387,89.5974432393845,129.12025471364325
Marrakech-Safi,2043,2,110.31755438640943,90.45264914955929,130.18245962325958
Marrakech-Safi,2043,3,110.69116817850839,90.78896459206172,130.59337176495507
Marrakech-Safi,2043,4,105.74715031856236,86.33558610268483,125.1587145344399
Marrakech-Safi,2043,5,98.11456249078387,79.47833215652372,116.75079282504402
Marrakech-Safi,2043,6,89.53650590439779,71.84480355649052,107.22820825230505
Marrakech-Safi,2043,7,72.09748081275463,56.360432242013744,87.83452938349551
Marrakech-Safi,2043,8,72.35906965982318,56.59384885327856,88.1242904663678
Marrakech-Safi,2043,9,84.49616134823249,67.29621936361536,101.69610333284962
Marrakech-Safi,2043,10,87.85481585674742,70.27019689629708,105.43943481719776
Marrakech-Safi,2043,11,105.78804514982215,86.32863348254136,125.24745681710294
Marrakech-Safi,2043,12,109.72461040361931,89.96988736003358,129.47933344720505
Marrakech-Safi,2044,1,109.74532821466211,89.95762963666095,129.53302679266326
Marrakech-Safi,2044,2,110.05058092466727,90.21699330317526,129.8841685461593
Marrakech-Safi,2044,3,109.50127638178574,89.7152166156161,129.2873361479554
Marrakech-Safi,2044,4,105.37163381786127,85.99696709021326,124.74630054550927
Marrakech-Safi,2044,5,98.00373589367507,79.37747775822348,116.62999402912666
Marrakech-Safi,2044,6,89.60672120590931,71.90180196471768,107.31164044710094
Marrakech-Safi,2044,7,73.28751760934283,57.39986831438004,89.17516690430561
Marrakech-Safi,2044,8,72.8116191614116,56.99477765424494,88.62846066857826
Marrakech-Safi,2044,9,84.11912958429377,66.9677413033024,101.27051786528514
Marrakech-Safi,2044,10,87.18007913802609,69.66625110299519,104.69390717305699
Marrakech-Safi,2044,11,105.45914651056496,86.02591623689479,124.89237678423514
Marrakech-Safi,2044,12,109.4052087769421,89.66888994422997,129.14152760965422
Marrakech-Safi,2045,1,109.48919589353655,89.71831498329131,129.2600768037818
Marrakech-Safi,2045,2,110.47505447036778,90.59732427790846,130.3527846628271
Marrakech-Safi,2045,3,110.63305225709733,90.73663291362385,130.52947160057082
Marrakech-Safi,2045,4,105.51243489208964,86.12229920802733,124.90257057615196
Marrakech-Safi,2045,5,97.66343302319571,79.071945937808,116.25492010858342
Marrakech-Safi,2045,6,89.30560705883522,71.63556328049438,106.97565083717606
Marrakech-Safi,2045,7,72.0704082379631,56.33532381336989,87.8054926625563
Marrakech-Safi,2045,8,72.35961426245649,56.59410930314972,88.12511922176326
Marrakech-Safi,2045,9,83.28529934334831,66.22175241604486,100.34884627065176
Marrakech-Safi,2045,10,87.61146666471348,70.05395920378541,105.16897412564154
Marrakech-Safi,2045,11,105.79495862800546,86.33546954956586,125.25444770644506
Marrakech-Safi,2045,12,109.7656079710829,90.0027403566009,129.5284755855649
Oriental,2025,1,3.9664556006948293,1.4662124393719371,6.466698762017721
Oriental,2025,2,3.9875046187467604,1.4625889354787396,6.512420302014782
Oriental,2025,3,3.878398366943827,1.4237045567095472,6.3330921771781075
Oriental,2025,4,3.7081313856964973,1.3602855613824896,6.055977210010505
Oriental,2025,5,3.5025162096536695,1.2480967461807415,5.7569356731265975
Oriental,2025,6,3.7189583582788233,1.3284776978081188,6.109439018749528
Oriental,2025,7,3.2703093670167056,1.1565944113985953,5.384024322634816
Oriental,2025,8,3.363995860881974,1.1769217759890096,5.551069945774939
Oriental,2025,9,3.3231146325146064,1.1606614669791608,5.485567798050052
Oriental,2025,10,3.440277207691485,1.210724016706084,5.669830398676886
Oriental,2025,11,3.451313327761194,1.238387058308553,5.664239597213835
Oriental,2025,12,4.024657910641613,1.4798192432421713,6.569496578041055
Oriental,2026,1,3.9639332428622893,1.4637236298077334,6.464142855916846
Oriental,2026,2,3.9517272985350647,1.4353989199384833,6.468055677131646
Oriental,2026,3,3.8341721932620363,1.3902729418413204,6.278071444682752
Oriental,2026,4,3.6024373804342313,1.281763131559806,5.923111629308657
Oriental,2026,5,3.5289766054014344,1.2674629302800358,5.7904902805228335
Oriental,2026,6,3.772009705454016,1.3701697851740513,6.173849625733981
Oriental,2026,7,3.2703384335291243,1.1566153896714826,5.384061477386766
Oriental,2026,8,3.3633717655530724,1.1766960901316783,5.550047440974467
Oriental,2026,9,3.323285178987452,1.1607858077923976,5.485784550182506
Oriental,2026,10,3.4397300081236635,1.210513531217157,5.66894648503017
Oriental,2026,11,3.3547306147847324,1.168262651396737,5.541198578172728
Oriental,2026,12,4.015892070676872,1.4732717812608995,6.558512360092845
Oriental,2027,1,3.8713245340584885,1.3939681342958496,6.348680933821127
Oriental,2027,2,3.9517205362549808,1.4354629620674717,6.467978110442489
Oriental,2027,3,3.7369320817479905,1.3170871024909436,6.156777061005037
Oriental,2027,4,3.567653873103037,1.2560076739334987,5.879300072272575
Oriental,2027,5,3.536424901354168,1.2729786362051363,5.7998711665032
Oriental,2027,6,3.8597837767697247,1.4362019215973194,6.2833656319421305
Oriental,2027,7,3.3581658082809467,1.2195440238277664,5.496787592734127
Oriental,2027,8,3.363323321210961,1.17666064232007,5.5499860001018515
Oriental,2027,9,3.323321753315241,1.1608124981430552,5.485831008487427
Oriental,2027,10,3.440206815957007,1.2108639530458127,5.669549678868202
Oriental,2027,11,3.3547297730292476,1.1682620340072,5.541197512051295
Oriental,2027,12,4.102110022946733,1.5389006839573702,6.6653193619360955
Oriental,2028,1,3.8184405582017273,1.35397586985821,6.282905246545244
Oriental,2028,2,3.995789697555336,1.4689332458602302,6.522646149250441
Oriental,2028,3,3.7373151741470094,1.3173773798170196,6.157252968477
Oriental,2028,4,3.567609348611159,1.25597444715692,5.879244250065398
Oriental,2028,5,3.561482411543653,1.2918461404064692,5.831118682680837
Oriental,2028,6,3.8421575711003673,1.4229391190328746,6.26137602316786
Oriental,2028,7,3.41097266798193,1.257380553178693,5.564564782785167
Oriental,2028,8,3.3632556608694064,1.1766218373412825,5.54988948439753
Oriental,2028,9,3.325277787420645,1.1617240488747567,5.488831525966534
Oriental,2028,10,3.458551627773636,1.2242202769750063,5.692882978572266
Oriental,2028,11,3.354752620555294,1.1682787758323876,5.541226465278201
Oriental,2028,12,4.321137348080716,1.7042253599624075,6.938049336199024
Oriental,2029,1,3.824956275296009,1.359182291102019,6.290730259489999
Oriental,2029,2,4.031270780048344,1.4958661567841642,6.566675403312525
Oriental,2029,3,3.7371373651982616,1.3172427087242378,6.157032021672285
Oriental,2029,4,3.4776093711733354,1.2234886487572676,5.7317300935894036
Oriental,2029,5,3.624059375788629,1.3058916987355595,5.942227052841698
Oriental,2029,6,3.8330786874401013,1.4161235480141388,6.250033826866064
Oriental,2029,7,3.367555160209108,1.2259061665736302,5.5092041538445855
Oriental,2029,8,3.364201165980963,1.1773109571778475,5.551091374784079
Oriental,2029,9,3.3211339155380912,1.158717441981795,5.483550389094388
Oriental,2029,10,3.4761525282880426,1.2404728930046436,5.711832163571442
Oriental,2029,11,3.3491190751454467,1.1662465043695995,5.531991645921294
Oriental,2029,12,4.627546420818423,1.935435975131396,7.319656866505451
Oriental,2030,1,3.854557467744041,1.3815942380644661,6.327520697423616
Oriental,2030,2,4.115739602554955,1.5596261760519066,6.671853029058003
Oriental,2030,3,3.727460062587994,1.3119343466992124,6.142985778476776
Oriental,2030,4,3.4831053889936987,1.2263648226021644,5.739845955385233
Oriental,2030,5,3.6402891211124904,1.3178910203446503,5.96268722188033
Oriental,2030,6,3.841782821886911,1.4226194412430009,6.260946202530821
Oriental,2030,7,3.385387334096254,1.2387586676500009,5.532016000542507
Oriental,2030,8,3.3635157594764196,1.1768099370477345,5.550221581905104
Oriental,2030,9,3.3211337286260654,1.158717305442483,5.483550151809648
Oriental,2030,10,3.494229867221267,1.253636174775861,5.734823559666673
Oriental,2030,11,3.349115034581723,1.1662435427992697,5.531986526364177
Oriental,2030,12,4.736721654081928,2.0170681067327725,7.456375201431085
Oriental,2031,1,3.9144282713521545,1.4269517398220266,6.4019048028822825
Oriental,2031,2,4.300107523704285,1.6972675081658863,6.902947539242684
Oriental,2031,3,3.729260423839342,1.3131265296145722,6.1453943180641115
Oriental,2031,4,3.482456504257256,1.2258856132227312,5.739027395291781
Oriental,2031,5,3.6578994442662003,1.3309331394621036,5.984865749070297
Oriental,2031,6,3.9139552525451267,1.4768094585993912,6.351101046490863
Oriental,2031,7,3.4578774530299503,1.290840382263537,5.624914523796363
Oriental,2031,8,3.397847361324195,1.2017408940711025,5.593953828577288
Oriental,2031,9,3.320724158453349,1.1584193622712138,5.4830289546354845
Oriental,2031,10,3.5028055943705065,1.2598618871850444,5.745749301555969
Oriental,2031,11,3.3490986028693954,1.1662315172348832,5.531965688503908
Oriental,2031,12,4.747175765204815,2.0282726887100955,7.466078841699535
Oriental,2032,1,3.9879188556578713,1.4823146578965676,6.493523053419175
Oriental,2032,2,4.450042490914713,1.8105848048179496,7.089500177011477
Oriental,2032,3,3.746856841664125,1.3263392575505968,6.167374425777653
Oriental,2032,4,3.482407294740025,1.2258492314415737,5.7389653580384765
Oriental,2032,5,3.657641602368186,1.3307434288812718,5.9845397758551
Oriental,2032,6,3.9986596421992684,1.5395842320242354,6.457735052374302
Oriental,2032,7,3.505720427134452,1.3243738293245948,5.687067024944309
Oriental,2032,8,3.424285019939359,1.2209560147167946,5.6276140251619235
Oriental,2032,9,3.3208353421731185,1.1584994699560451,5.483171214390191
Oriental,2032,10,3.499485492151521,1.25855245047285,5.740418533830192
Oriental,2032,11,3.3486861291846446,1.1659298555471458,5.531442402822144
Oriental,2032,12,4.7216581953429255,2.009032467277561,7.43428392340829
Oriental,2033,1,4.023157603621509,1.5088867585764727,6.537428448666544
Oriental,2033,2,4.476610341068824,1.8341966652351767,7.119024016902471
Oriental,2033,3,3.8521656423389845,1.405730488186821,6.298600796491148
Oriental,2033,4,3.5000229566199,1.2387759460693397,5.761269967170461
Oriental,2033,5,3.713245712076847,1.371031365098415,6.055460059055279
Oriental,2033,6,4.140343482708595,1.6447501736030596,6.635936791814132
Oriental,2033,7,3.6391973270747835,1.4180464864778446,5.860348167671722
Oriental,2033,8,3.4883332103631095,1.266921033220258,5.709745387505961
Oriental,2033,9,3.3291597665804282,1.164538873763711,5.493780659397146
Oriental,2033,10,3.5719932318996883,1.3109072294953092,5.833079234304067
Oriental,2033,11,3.4016599103587124,1.2043832277640396,5.598936592953385
Oriental,2033,12,4.675565570135765,1.9747233926669652,7.376407747604565
Oriental,2034,1,4.04224773533807,1.5230187071766772,6.5614767634994635
Oriental,2034,2,4.532479481130522,1.8762787868241997,7.1886801754368435
Oriental,2034,3,3.879023171920502,1.4259179268904427,6.332128416950561
Oriental,2034,4,3.56167771164648,1.2840968679919573,5.839258555301003
Oriental,2034,5,3.7424740351456647,1.3925697563859547,6.092378313905375
Oriental,2034,6,4.240119934650142,1.7167915499593498,6.7634483193409345
Oriental,2034,7,3.719024450739918,1.4739960975977442,5.964052803882092
Oriental,2034,8,3.6209704331463906,1.3613657012448552,5.880575165047926
Oriental,2034,9,3.3378754661218375,1.1708245424822898,5.504926389761385
Oriental,2034,10,3.6274939829319863,1.3510360489639583,5.903951916900015
Oriental,2034,11,3.4978354880519635,1.274497474047886,5.7211735020560415
Oriental,2034,12,4.6734124708611935,1.9725926274436527,7.374232314278734
Oriental,2035,1,4.007060776667937,1.496707302278455,6.517414251057419
Oriental,2035,2,4.48200192499292,1.837507399090752,7.126496450895088
Oriental,2035,3,3.8789513925735872,1.4258632788150134,6.332039506332161
Oriental,2035,4,3.579294104697129,1.2970782881542267,5.861509921240032
Oriental,2035,5,3.7781475166800593,1.419150167363345,6.137144865996774
Oriental,2035,6,4.308549379761641,1.7667282110707498,6.850370548452532
Oriental,2035,7,3.731580012631905,1.481352226430071,5.981807798833739
Oriental,2035,8,3.696388553865724,1.4155076702002374,5.977269437531211
Oriental,2035,9,3.376618167290796,1.1966120614183615,5.55662427316323
Oriental,2035,10,3.663401657249815,1.3774301237787703,5.949373190720859
Oriental,2035,11,3.4993076893471318,1.2750831841124333,5.72353219458183
Oriental,2035,12,4.634945719920905,1.943752700364728,7.3261387394770825
Oriental,2036,1,3.9845122424749064,1.4732775028924046,6.495746982057408
Oriental,2036,2,4.3276312932155925,1.7208222680173777,6.934440318413808
Oriental,2036,3,3.878838632140868,1.425777449471001,6.331899814810735
Oriental,2036,4,3.5637891056830147,1.2872340024595412,5.8403442089064885
Oriental,2036,5,3.775426689202461,1.41124507610889,6.139608302296032
Oriental,2036,6,4.397437851446049,1.833095554234398,6.9617801486577
Oriental,2036,7,3.790902395232623,1.5230731677074716,6.058731622757774
Oriental,2036,8,3.7744044611824927,1.4709557100935338,6.077853212271451
Oriental,2036,9,3.362147955883433,1.1893360041731462,5.53495990759372
Oriental,2036,10,3.64693210748873,1.3613104668324314,5.932553748145029
Oriental,2036,11,3.499307760108754,1.2750832363346079,5.7235322838829
Oriental,2036,12,4.494483127168125,1.83773764851332,7.151228605822929
Oriental,2037,1,3.985868070000948,1.4743152824501098,6.497420857551786
Oriental,2037,2,4.178194120638533,1.6087695116740668,6.7476187296029995
Oriental,2037,3,3.847541801142271,1.4013167790148366,6.293766823269705
Oriental,2037,4,3.554974419422069,1.2807463477001786,5.82920249114396
Oriental,2037,5,3.7207610102372732,1.371312587938545,6.070209432536002
Oriental,2037,6,4.328251471125334,1.782249361770663,6.874253580480005
Oriental,2037,7,3.7959128259823003,1.528151178310932,6.063674473653668
Oriental,2037,8,3.7921912908816053,1.4840959163990441,6.100286665364166
Oriental,2037,9,3.373733819292944,1.1955137563430411,5.551953882242847
Oriental,2037,10,3.5551507182849273,1.29494787557391,5.815353560995945
Oriental,2037,11,3.464058134094173,1.2493393167028235,5.678776951485522
Oriental,2037,12,4.396942735821211,1.7653126749900432,7.028572796652379
Oriental,2038,1,3.985073334684445,1.4737099025767861,6.496436766792104
Oriental,2038,2,4.11126298049299,1.5584824467471634,6.664043514238816
Oriental,2038,3,3.8116538534980045,1.374264971460439,6.2490427355355695
Oriental,2038,4,3.5285509184614128,1.2613211420740509,5.795780694848775
Oriental,2038,5,3.6836117650448617,1.3438845357146878,6.0233389943750355
Oriental,2038,6,4.172922474902663,1.666984343346312,6.678860606459013
Oriental,2038,7,3.709582858228003,1.4667309202033327,5.952434796252673
Oriental,2038,8,3.68368772302516,1.4068728950026865,5.960502551047634
Oriental,2038,9,3.3198120496426022,1.1577990657606536,5.481825033524551
Oriental,2038,10,3.5069094304968718,1.2640404720072351,5.749778388986508
Oriental,2038,11,3.357859234483601,1.1723356189960632,5.543382849971138
Oriental,2038,12,4.170200110565552,1.5953499000752442,6.745050321055859
Oriental,2039,1,3.947075878113101,1.4450825179225335,6.449069238303668
Oriental,2039,2,4.037109198030652,1.5013512946888095,6.572867101372495
Oriental,2039,3,3.732368791195103,1.3146195599320207,6.1501180224581855
Oriental,2039,4,3.4757879856250526,1.2225919937487877,5.728983977501318
Oriental,2039,5,3.657187925135975,1.3242837930187563,5.990092057253193
Oriental,2039,6,3.9489583101674337,1.5067378825244226,6.391178737810445
Oriental,2039,7,3.5249467816828766,1.3370576116372104,5.712835951728543
Oriental,2039,8,3.505889269676533,1.279965108857477,5.731813430495588
Oriental,2039,9,3.319793856854198,1.1577858233362162,5.48180189037218
Oriental,2039,10,3.462377556453308,1.2317695604687753,5.6929855524378405
Oriental,2039,11,3.3490514137526737,1.1659448849056595,5.532157942599688
Oriental,2039,12,4.093188870805726,1.5372606133756723,6.64911712823578
Oriental,2040,1,3.867796546473399,1.3849174839411806,6.350675609005618
Oriental,2040,2,4.037117555933541,1.5013577344699058,6.572877377397177
Oriental,2040,3,3.732368683565831,1.3146194782440865,6.150117888887576
Oriental,2040,4,3.4762700618082354,1.222947622534181,5.72959250108229
Oriental,2040,5,3.624093810660524,1.2995522389003895,5.948635382420658
Oriental,2040,6,3.791298757660868,1.3900755024199842,6.192522012901752
Oriental,2040,7,3.3900467730501043,1.2406126877358332,5.539480858364375
Oriental,2040,8,3.4330013770545973,1.227054270343145,5.6389484837660495
Oriental,2040,9,3.3194658626443396,1.1575489831906811,5.481382742097998
Oriental,2040,10,3.4271038351506964,1.206107176691006,5.648100493610387
Oriental,2040,11,3.3490483012877714,1.1659426033267781,5.532153999248765
Oriental,2040,12,4.092925650344064,1.5370582796351902,6.6487930210529385
Oriental,2041,1,3.840948723172574,1.3645746778575711,6.317322768487577
Oriental,2041,2,4.0355918407203415,1.500186497789354,6.570997183651329
Oriental,2041,3,3.7323685383083385,1.3146193679976603,6.150117708619017
Oriental,2041,4,3.4762699662767216,1.2229475517087671,5.729592380844676
Oriental,2041,5,3.606523415549649,1.2865281287433605,5.926518702355938
Oriental,2041,6,3.7268079391235593,1.3420777903814796,6.11153808786564
Oriental,2041,7,3.353098475633063,1.2143155450991352,5.491881406166991
Oriental,2041,8,3.362445404155971,1.175888139591485,5.5490026687204566
Oriental,2041,9,3.3185521430568716,1.1568859958160207,5.480218290297723
Oriental,2041,10,3.42566491118249,1.205055070376797,5.646274751988184
Oriental,2041,11,3.349381182998222,1.1661861105072875,5.532576255489157
Oriental,2041,12,4.092581368995429,1.5367938186422774,6.648368919348581
Oriental,2042,1,3.8313996146881144,1.3573542600470438,6.305444969329185
Oriental,2042,2,3.9739397551964784,1.45323198635971,6.494647524033247
Oriental,2042,3,3.732164784239175,1.3144651007131052,6.149864467765244
Oriental,2042,4,3.476269982991719,1.2229475641009957,5.729592401882442
Oriental,2042,5,3.605795810679778,1.2859853284285685,5.925606292930988
Oriental,2042,6,3.709226100723232,1.3289281820245749,6.089524019421889
Oriental,2042,7,3.3090595325119008,1.18285789663436,5.435261168389442
Oriental,2042,8,3.362378365238945,1.1758392303340721,5.548917500143817
Oriental,2042,9,3.319496180567658,1.1574002183377234,5.481592142797593
Oriental,2042,10,3.420237860055151,1.2030425035304062,5.637433216579895
Oriental,2042,11,3.349797172364394,1.1664102561384055,5.5331840885903825
Oriental,2042,12,4.030943717243555,1.4897706785608382,6.572116755926272
Oriental,2043,1,3.831579501142005,1.357491613522546,6.305667388761464
Oriental,2043,2,3.884563687813395,1.3854153103195177,6.3837120653072725
Oriental,2043,3,3.732147643950128,1.31445212926862,6.149843158631636
Oriental,2043,4,3.476288414288175,1.2229611344177496,5.729615694158601
Oriental,2043,5,3.6069795023009212,1.2868665694857855,5.927092435116057
Oriental,2043,6,3.691743334761722,1.3158168785961957,6.067669790927249
Oriental,2043,7,3.274400385998818,1.158120747104019,5.3906800248936175
Oriental,2043,8,3.362502514865455,1.1759300060553612,5.549075023675549
Oriental,2043,9,3.3195357193454433,1.15742899840519,5.481642440285697
Oriental,2043,10,3.420224753434597,1.2030328536024513,5.637416653266743
Oriental,2043,11,3.3498174532637313,1.166425111451784,5.5332097950756784
Oriental,2043,12,3.9500009645836918,1.428373393083446,6.471628536083937
Oriental,2044,1,3.8332007873742793,1.3587180544982633,6.307683520250295
Oriental,2044,2,3.8862446386838827,1.3866493109686884,6.385839966399077
Oriental,2044,3,3.7319945054566483,1.3143361678113634,6.149652843101933
Oriental,2044,4,3.4763119757375027,1.2229785293380315,5.729645422136974
Oriental,2044,5,3.6069918392843325,1.2868758065753392,5.927107871993326
Oriental,2044,6,3.691841196189494,1.315888476815299,6.067793915563689
Oriental,2044,7,3.274857366550967,1.158314667674262,5.391400065427671
Oriental,2044,8,3.362513062751076,1.1759377612016895,5.549088364300463
Oriental,2044,9,3.3190788826309734,1.1570962646497467,5.4810615006122
Oriental,2044,10,3.4202248873240464,1.2030329522955587,5.6374168223525345
Oriental,2044,11,3.3498172136012943,1.166424935756178,5.53320949144641
Oriental,2044,12,3.941321248037019,1.4217877652349196,6.460854730839118
Oriental,2045,1,3.833742518853849,1.3590057040695176,6.30847933363818
Oriental,2045,2,3.887233910926484,1.3874053853589086,6.38706243649406
Oriental,2045,3,3.722224801940507,1.308821140802614,6.1356284630784
Oriental,2045,4,3.5619492328287508,1.266930312196795,5.8569681534607065
Oriental,2045,5,3.5988622198560134,1.2826948241667648,5.9150296155452615
Oriental,2045,6,3.6917286851113373,1.3158472527793155,6.067610117443359
Oriental,2045,7,3.2748517370971597,1.1583106064017938,5.391392867792526
Oriental,2045,8,3.3625079308974546,1.1759340026822027,5.5490818591127065
Oriental,2045,9,3.319245284087009,1.1572170520109428,5.481273516163075
Oriental,2045,10,3.4154642517561618,1.2004364822368099,5.630492021275513
Oriental,2045,11,3.3498442790315908,1.1664395338084472,5.533249024254735
Oriental,2045,12,3.941109395537718,1.421627391461374,6.460591399614062
Rabat-Salé-Kénitra,2025,1,9.30212382340238,3.763908215857291,14.84033943094747
Rabat-Salé-Kénitra,2025,2,10.241659725752589,4.405575094347845,16.077744357157332
Rabat-Salé-Kénitra,2025,3,10.814048921739069,4.764139998851162,16.863957844626974
Rabat-Salé-Kénitra,2025,4,10.42478915495502,4.499411006467505,16.350167303442536
Rabat-Salé-Kénitra,2025,5,9.258667475755638,3.7928421262894023,14.724492825221875
Rabat-Salé-Kénitra,2025,6,9.299321904705867,3.8401674029046475,14.758476406507086
Rabat-Salé-Kénitra,2025,7,9.709574398708178,4.1532150765764975,15.265933720839858
Rabat-Salé-Kénitra,2025,8,9.688150514884716,4.140094075016066,15.236206954753367
Rabat-Salé-Kénitra,2025,9,10.330496796550152,4.612952218288906,16.048041374811397
Rabat-Salé-Kénitra,2025,10,9.401163044919183,3.8209634546305473,14.98136263520782
Rabat-Salé-Kénitra,2025,11,10.664222753454139,4.661561660478761,16.666883846429517
Rabat-Salé-Kénitra,2025,12,10.653090630080222,4.732494943088724,16.57368631707172
Rabat-Salé-Kénitra,2026,1,10.283405742410183,4.415545896480135,16.15126558834023
Rabat-Salé-Kénitra,2026,2,10.720152657984753,4.749548727715358,16.69075658825415
Rabat-Salé-Kénitra,2026,3,12.837093795744513,6.175688355695582,19.498499235793446
Rabat-Salé-Kénitra,2026,4,12.352456950904138,5.8336751224926635,18.87123877931561
Rabat-Salé-Kénitra,2026,5,9.158201467824371,3.692108985072915,14.624293950575828
Rabat-Salé-Kénitra,2026,6,8.973982860402305,3.5658908731929353,14.382074847611676
Rabat-Salé-Kénitra,2026,7,9.309492441275424,3.8070359095036874,14.81194897304716
Rabat-Salé-Kénitra,2026,8,9.457131972057999,3.9180620177129946,14.996201926403003
Rabat-Salé-Kénitra,2026,9,9.609366220396577,3.9972982289212533,15.221434211871902
Rabat-Salé-Kénitra,2026,10,9.435006011646195,3.834628732235025,15.035383291057364
Rabat-Salé-Kénitra,2026,11,12.650225265611905,6.041969054435594,19.258481476788216
Rabat-Salé-Kénitra,2026,12,10.769136419938285,4.815026704146222,16.72324613573035
Rabat-Salé-Kénitra,2027,1,10.307512240181389,4.4376953439999,16.17732913636288
Rabat-Salé-Kénitra,2027,2,12.692754701853309,6.1413394806308315,19.244169923075788
Rabat-Salé-Kénitra,2027,3,12.683218651755192,6.067986658726596,19.298450644783788
Rabat-Salé-Kénitra,2027,4,12.483604983323595,5.938825700996251,19.02838426565094
Rabat-Salé-Kénitra,2027,5,9.671562989241757,3.9987447029955714,15.344381275487942
Rabat-Salé-Kénitra,2027,6,8.768054194973933,3.432832871402505,14.103275518545361
Rabat-Salé-Kénitra,2027,7,9.117952097343556,3.657048346650738,14.578855848036374
Rabat-Salé-Kénitra,2027,8,9.020770604204088,3.5838538545321503,14.457687353876025
Rabat-Salé-Kénitra,2027,9,9.41518315990695,3.8316247809371644,14.998741538876736
Rabat-Salé-Kénitra,2027,10,9.39185035453788,3.806350313980821,14.977350395094938
Rabat-Salé-Kénitra,2027,11,12.231034328296378,5.74576754030666,18.716301116286097
Rabat-Salé-Kénitra,2027,12,12.550023032127417,6.050424172157344,19.04962189209749
Rabat-Salé-Kénitra,2028,1,10.120980594339473,4.324489920048062,15.917471268630884
Rabat-Salé-Kénitra,2028,2,12.728698771285911,6.179504302027786,19.27789324054404
Rabat-Salé-Kénitra,2028,3,12.774230687313866,6.143254455748615,19.405206918879117
Rabat-Salé-Kénitra,2028,4,12.571950921856743,6.008514374573334,19.135387469140152
Rabat-Salé-Kénitra,2028,5,9.699307023064504,4.017168351004099,15.38144569512491
Rabat-Salé-Kénitra,2028,6,8.729075658425915,3.405742607285201,14.052408709566627
Rabat-Salé-Kénitra,2028,7,9.065767565383592,3.6102986107000605,14.521236520067124
Rabat-Salé-Kénitra,2028,8,8.969091908743838,3.5376494371540765,14.4005343803336
Rabat-Salé-Kénitra,2028,9,9.388873367397354,3.8081751537767996,14.969571581017908
Rabat-Salé-Kénitra,2028,10,9.391866804457708,3.806365046787233,14.977368562128182
Rabat-Salé-Kénitra,2028,11,12.18420462712311,5.712822678004726,18.655586576241493
Rabat-Salé-Kénitra,2028,12,12.544559785028975,6.046569925431073,19.042549644626877
Rabat-Salé-Kénitra,2029,1,10.130622640594224,4.333089402216825,15.928155878971623
Rabat-Salé-Kénitra,2029,2,12.781022244329465,6.21650939887589,19.34553508978304
Rabat-Salé-Kénitra,2029,3,12.774226054011303,6.143250229828116,19.40520187819449
Rabat-Salé-Kénitra,2029,4,12.566157881236585,6.002330646249352,19.129985116223818
Rabat-Salé-Kénitra,2029,5,9.655804302805963,3.9884577697517836,15.323150835860144
Rabat-Salé-Kénitra,2029,6,8.692545416664403,3.3714843509211345,14.013606482407672
Rabat-Salé-Kénitra,2029,7,9.021307934498461,3.570848379288904,14.471767489708018
Rabat-Salé-Kénitra,2029,8,8.94267227261039,3.514170102120686,14.371174443100092
Rabat-Salé-Kénitra,2029,9,9.388911953842229,3.8082096978324254,14.969614209852033
Rabat-Salé-Kénitra,2029,10,9.391864921047155,3.806363359978464,14.977366482115846
Rabat-Salé-Kénitra,2029,11,12.19146810756849,5.717931755796638,18.66500445934034
Rabat-Salé-Kénitra,2029,12,12.558995709955433,6.047909745000737,19.070081674910128
Rabat-Salé-Kénitra,2030,1,10.17796535991047,4.370738864180561,15.985191855640378
Rabat-Salé-Kénitra,2030,2,12.70957228928551,6.152295938980336,19.266848639590684
Rabat-Salé-Kénitra,2030,3,12.755751112830863,6.126497887367556,19.38500433829417
Rabat-Salé-Kénitra,2030,4,12.451580654402084,5.898257318195179,19.00490399060899
Rabat-Salé-Kénitra,2030,5,9.655744258853822,3.988403938997358,15.323084578710287
Rabat-Salé-Kénitra,2030,6,8.657256612449297,3.3402051316735397,13.974308093225055
Rabat-Salé-Kénitra,2030,7,9.012142144152298,3.562701952778186,14.46158233552641
Rabat-Salé-Kénitra,2030,8,8.942678000760306,3.5141752126625008,14.371180788858112
Rabat-Salé-Kénitra,2030,9,9.388859902377073,3.8081630878499793,14.969556716904165
Rabat-Salé-Kénitra,2030,10,9.391211509981211,3.80591812620931,14.976504893753113
Rabat-Salé-Kénitra,2030,11,12.191468285312038,5.717931917524521,18.665004653099555
Rabat-Salé-Kénitra,2030,12,12.332047921871311,5.843390557988208,18.820705285754414
Rabat-Salé-Kénitra,2031,1,10.177696019905051,4.370496681918205,15.984895357891897
Rabat-Salé-Kénitra,2031,2,12.481868093953127,5.9468499080188675,19.016886279887387
Rabat-Salé-Kénitra,2031,3,12.694092779011587,6.070437953612792,19.317747604410382
Rabat-Salé-Kénitra,2031,4,12.45161104098821,5.898284997209733,19.004937084766688
Rabat-Salé-Kénitra,2031,5,9.655659679587963,3.9883281165118136,15.322991242664113
Rabat-Salé-Kénitra,2031,6,8.630811541923368,3.316766862179403,13.944856221667333
Rabat-Salé-Kénitra,2031,7,9.012125950098493,3.562687490340542,14.461564409856445
Rabat-Salé-Kénitra,2031,8,8.942695163094067,3.514190526256807,14.371199799931325
Rabat-Salé-Kénitra,2031,9,9.388940813797522,3.8082355310025227,14.96964609659252
Rabat-Salé-Kénitra,2031,10,9.391707247448894,3.806361233655088,14.977053261242698
Rabat-Salé-Kénitra,2031,11,12.191600832721525,5.718052480030733,18.665149185412318
Rabat-Salé-Kénitra,2031,12,12.235441062667814,5.755800060171816,18.715082065163813
Rabat-Salé-Kénitra,2032,1,10.148581188616836,4.344549018718917,15.952613358514755
Rabat-Salé-Kénitra,2032,2,12.376137927378972,5.850902617146538,18.901373237611406
Rabat-Salé-Kénitra,2032,3,12.694057987493693,6.070406226943613,19.31770974804377
Rabat-Salé-Kénitra,2032,4,12.451611269815725,5.898285205670478,19.00493733396097
Rabat-Salé-Kénitra,2032,5,9.65550604785251,3.988190356538249,15.322821739166772
Rabat-Salé-Kénitra,2032,6,8.63125758236147,3.3171625132151155,13.945352651507825
Rabat-Salé-Kénitra,2032,7,9.012026119980824,3.562598441682363,14.461453798279285
Rabat-Salé-Kénitra,2032,8,8.942785741397895,3.5142520244830457,14.371319458312744
Rabat-Salé-Kénitra,2032,9,9.388415927698455,3.8077663386604197,14.96906551673649
Rabat-Salé-Kénitra,2032,10,9.391703091752948,3.8063575118223305,14.977048671683566
Rabat-Salé-Kénitra,2032,11,12.191600832721525,5.718052480030733,18.665149185412318
Rabat-Salé-Kénitra,2032,12,12.235438158837855,5.755813216983719,18.715063100691992
Rabat-Salé-Kénitra,2033,1,10.095560038349209,4.2970762834512115,15.894043793247207
Rabat-Salé-Kénitra,2033,2,12.367305440048336,5.842894980541263,18.891715899555408
Rabat-Salé-Kénitra,2033,3,12.694119063365834,6.070461917426855,19.317776209304814
Rabat-Salé-Kénitra,2033,4,12.451611625282956,5.898285529507903,19.00493772105801
Rabat-Salé-Kénitra,2033,5,9.655379959896857,3.988077417783548,15.322682502010167
Rabat-Salé-Kénitra,2033,6,8.665746107998533,3.338937705688825,13.992554510308242
Rabat-Salé-Kénitra,2033,7,9.011831260907348,3.5624245042938893,14.461238017520806
Rabat-Salé-Kénitra,2033,8,8.94315480621749,3.514581221623877,14.371728390811104
Rabat-Salé-Kénitra,2033,9,9.388518377453856,3.8078580707317675,14.969178684175944
Rabat-Salé-Kénitra,2033,10,9.392894969964722,3.8071294821021793,14.978660457827264
Rabat-Salé-Kénitra,2033,11,12.191645390603675,5.71809301393659,18.66519776727076
Rabat-Salé-Kénitra,2033,12,12.23538925331493,5.755768717692243,18.715009788937614
Rabat-Salé-Kénitra,2034,1,10.033949448266798,4.241942879147053,15.825956017386542
Rabat-Salé-Kénitra,2034,2,12.367166309646262,5.842768321356482,18.891564297936043
Rabat-Salé-Kénitra,2034,3,12.694100155558337,6.0704446752367724,19.3177556358799
Rabat-Salé-Kénitra,2034,4,12.451621892922104,5.89829487424797,19.004948911596237
Rabat-Salé-Kénitra,2034,5,9.655152174751567,3.9878737553492014,15.322430594153932
Rabat-Salé-Kénitra,2034,6,8.67475141920311,3.3469164029260696,14.00258643548015
Rabat-Salé-Kénitra,2034,7,9.011826317462395,3.562420113505512,14.461232521419278
Rabat-Salé-Kénitra,2034,8,8.94322498233641,3.5146438299646015,14.371806134708219
Rabat-Salé-Kénitra,2034,9,9.388498463056413,3.807840237005605,14.969156689107221
Rabat-Salé-Kénitra,2034,10,9.392888048633653,3.8071232832021877,14.978652814065118
Rabat-Salé-Kénitra,2034,11,12.191645390603675,5.71809301393659,18.66519776727076
Rabat-Salé-Kénitra,2034,12,12.23537614322867,5.755756790173042,18.7149954962843
Rabat-Salé-Kénitra,2035,1,10.037166438605823,4.243789182936192,15.830543694275454
Rabat-Salé-Kénitra,2035,2,12.367213040999157,5.842810523327781,18.891615558670534
Rabat-Salé-Kénitra,2035,3,12.694100155558337,6.0704446752367724,19.3177556358799
Rabat-Salé-Kénitra,2035,4,12.451621892922104,5.89829487424797,19.004948911596237
Rabat-Salé-Kénitra,2035,5,9.655141558576796,3.9878642321018543,15.322418885051738
Rabat-Salé-Kénitra,2035,6,8.700899768977008,3.3700954176844924,14.031704120269524
Rabat-Salé-Kénitra,2035,7,9.020700743523818,3.5703066267445287,14.471094860303108
Rabat-Salé-Kénitra,2035,8,8.943221881810667,3.514641062574027,14.371802701047306
Rabat-Salé-Kénitra,2035,9,9.3884721644591,3.807816697487925,14.969127631430275
Rabat-Salé-Kénitra,2035,10,9.392860447020269,3.8070985687847134,14.978622325255824
Rabat-Salé-Kénitra,2035,11,12.191645390603675,5.71809301393659,18.66519776727076
Rabat-Salé-Kénitra,2035,12,12.226152603295452,5.74738769196443,18.704917514626473
Rabat-Salé-Kénitra,2036,1,10.037078893444283,4.243710700372499,15.830447086516067
Rabat-Salé-Kénitra,2036,2,12.367269237711408,5.842861686071421,18.891676789351393
Rabat-Salé-Kénitra,2036,3,12.694096112367372,6.0704409879874,19.317751236747345
Rabat-Salé-Kénitra,2036,4,12.451621954860139,5.898294930675552,19.004948979044727
Rabat-Salé-Kénitra,2036,5,9.65457858432512,3.9874970835489227,15.321660085101318
Rabat-Salé-Kénitra,2036,6,8.700873086880424,3.3700716622824896,14.031674511478359
Rabat-Salé-Kénitra,2036,7,9.029380956855785,3.5780202697070784,14.480741644004492
Rabat-Salé-Kénitra,2036,8,8.952032131609764,3.522469176732324,14.381595086487204
Rabat-Salé-Kénitra,2036,9,9.388434259613001,3.8077827712070826,14.96908574801892
Rabat-Salé-Kénitra,2036,10,9.392859197312092,3.8070974496486265,14.978620944975557
Rabat-Salé-Kénitra,2036,11,12.191645967327547,5.718093538712657,18.665198395942436
Rabat-Salé-Kénitra,2036,12,12.217213051588454,5.739278251436,18.695147851740906
Rabat-Salé-Kénitra,2037,1,10.03614246979723,4.242869767209008,15.829415172385453
Rabat-Salé-Kénitra,2037,2,12.326290831747862,5.813970086926675,18.83861157656905
Rabat-Salé-Kénitra,2037,3,12.694271371271979,6.070600794508692,19.317941948035266
Rabat-Salé-Kénitra,2037,4,12.451176323283043,5.897889602559424,19.004463044006663
Rabat-Salé-Kénitra,2037,5,9.654578632960469,3.987497120233476,15.321660145687462
Rabat-Salé-Kénitra,2037,6,8.682942044471902,3.354169876687302,14.011714212256503
Rabat-Salé-Kénitra,2037,7,9.029395396697938,3.5780331628357356,14.48075763056014
Rabat-Salé-Kénitra,2037,8,8.952257141908614,3.522669853424464,14.381844430392764
Rabat-Salé-Kénitra,2037,9,9.388426101267992,3.807775464678963,14.969076737857021
Rabat-Salé-Kénitra,2037,10,9.392856099424206,3.807094675093329,14.978617523755084
Rabat-Salé-Kénitra,2037,11,12.19175938791929,5.718196710144426,18.665322065694156
Rabat-Salé-Kénitra,2037,12,12.217372136837174,5.739422996038288,18.69532127763606
Rabat-Salé-Kénitra,2038,1,10.035770922310098,4.242535762722296,15.8290060818979
Rabat-Salé-Kénitra,2038,2,12.327262874313085,5.814852322359896,18.839673426266273
Rabat-Salé-Kénitra,2038,3,12.694250363578309,6.070581637246003,19.317919089910614
Rabat-Salé-Kénitra,2038,4,12.451179782003363,5.897892752593737,19.00446681141299
Rabat-Salé-Kénitra,2038,5,9.65581001083583,3.9883105755616386,15.323309446110024
Rabat-Salé-Kénitra,2038,6,8.667818790065532,3.340122693512498,13.995514886618565
Rabat-Salé-Kénitra,2038,7,9.020549423264638,3.5701715836012573,14.470927262928019
Rabat-Salé-Kénitra,2038,8,8.952282962798716,3.522692887749124,14.381873037848308
Rabat-Salé-Kénitra,2038,9,9.388434490052413,3.8077829457925025,14.969086034312323
Rabat-Salé-Kénitra,2038,10,9.393210352565953,3.807411643172177,14.97900906195973
Rabat-Salé-Kénitra,2038,11,12.191785827898489,5.718220757475456,18.66535089832152
Rabat-Salé-Kénitra,2038,12,12.209513396606178,5.733990206737208,18.68503658647515
Rabat-Salé-Kénitra,2039,1,10.035761287703924,4.242527097208297,15.82899547819955
Rabat-Salé-Kénitra,2039,2,12.327262658333492,5.814852125554029,18.839673191112954
Rabat-Salé-Kénitra,2039,3,12.694246803069701,6.07057839029081,19.317915215848593
Rabat-Salé-Kénitra,2039,4,12.451180465660356,5.897893375432128,19.00446755588858
Rabat-Salé-Kénitra,2039,5,9.655807345446538,3.9883081845348842,15.323306506358193
Rabat-Salé-Kénitra,2039,6,8.667782733663016,3.340090607979173,13.995474859346858
Rabat-Salé-Kénitra,2039,7,9.011731713738353,3.5623357056875014,14.461127721789204
Rabat-Salé-Kénitra,2039,8,8.943966221740615,3.5153046414897453,14.372627801991484
Rabat-Salé-Kénitra,2039,9,9.387496569984883,3.8071552659211045,14.967837874048662
Rabat-Salé-Kénitra,2039,10,9.391506556344565,3.8062937655637965,14.976719347125332
Rabat-Salé-Kénitra,2039,11,12.191785827898489,5.718220757475456,18.66535089832152
Rabat-Salé-Kénitra,2039,12,12.209514531880666,5.733991239639707,18.685037824121626
Rabat-Salé-Kénitra,2040,1,10.035653621422968,4.24243029466125,15.828876948184686
Rabat-Salé-Kénitra,2040,2,12.316892059852224,5.807680054807411,18.826104064897038
Rabat-Salé-Kénitra,2040,3,12.69424685554046,6.07057843814265,19.31791527293827
Rabat-Salé-Kénitra,2040,4,12.45100146951898,5.897730403263257,19.004272535774703
Rabat-Salé-Kénitra,2040,5,9.655799748339946,3.9883013696224623,15.32329812705743
Rabat-Salé-Kénitra,2040,6,8.66785932368466,3.340158796888658,13.99555985048066
Rabat-Salé-Kénitra,2040,7,9.01181035700787,3.562405905710201,14.461214808305538
Rabat-Salé-Kénitra,2040,8,8.923762842456012,3.502259352192742,14.345266332719284
Rabat-Salé-Kénitra,2040,9,9.387485716577071,3.807145568593268,14.967825864560876
Rabat-Salé-Kénitra,2040,10,9.391563880237083,3.8063450947643975,14.976782665709768
Rabat-Salé-Kénitra,2040,11,12.191786608000353,5.718221467292428,18.66535174870828
Rabat-Salé-Kénitra,2040,12,12.209444978110636,5.733928000433309,18.684961955787962
Rabat-Salé-Kénitra,2041,1,10.03537217284814,4.242177834847903,15.828566510848377
Rabat-Salé-Kénitra,2041,2,12.317231026387045,5.807987705822791,18.8264743469513
Rabat-Salé-Kénitra,2041,3,12.694383317239492,6.070702864449756,19.318063770029227
Rabat-Salé-Kénitra,2041,4,12.450858028706909,5.897599855139493,19.004116202274325
Rabat-Salé-Kénitra,2041,5,9.655749085368393,3.9882559341541244,15.323242236582661
Rabat-Salé-Kénitra,2041,6,8.667799509874317,3.340105539534795,13.99549348021384
Rabat-Salé-Kénitra,2041,7,9.011837250132942,3.562429920077614,14.46124458018827
Rabat-Salé-Kénitra,2041,8,8.923786343174527,3.5022803150747803,14.345292371274272
Rabat-Salé-Kénitra,2041,9,9.387188964505036,3.806880120422563,14.96749780858751
Rabat-Salé-Kénitra,2041,10,9.391749329497168,3.8065109269283264,14.97698773206601
Rabat-Salé-Kénitra,2041,11,12.191882617162557,5.718308802606606,18.66545643171851
Rabat-Salé-Kénitra,2041,12,12.209557440368133,5.734003491934987,18.68511138880128
Rabat-Salé-Kénitra,2042,1,10.035313211748997,4.242124784852987,15.828501638645008
Rabat-Salé-Kénitra,2042,2,12.316252873774104,5.807293253991716,18.825212493556492
Rabat-Salé-Kénitra,2042,3,12.694423570061966,6.070739570794758,19.318107569329175
Rabat-Salé-Kénitra,2042,4,12.45085870801175,5.897600473993854,19.004116942029647
Rabat-Salé-Kénitra,2042,5,9.655700798464505,3.988212614959763,15.323188981969246
Rabat-Salé-Kénitra,2042,6,8.66248999294634,3.336574982437062,13.988405003455616
Rabat-Salé-Kénitra,2042,7,9.011830128798582,3.5624235982558403,14.461236659341324
Rabat-Salé-Kénitra,2042,8,8.923612973053467,3.502125682760422,14.345100263346513
Rabat-Salé-Kénitra,2042,9,9.410512589153928,3.8221759474791446,14.99884923082871
Rabat-Salé-Kénitra,2042,10,9.39184860568775,3.80659972151084,14.977097489864661
Rabat-Salé-Kénitra,2042,11,12.191928642284935,5.718350588911643,18.665506695658227
Rabat-Salé-Kénitra,2042,12,12.209694051996227,5.734127156046173,18.68526094794628
Rabat-Salé-Kénitra,2043,1,10.034876406545488,4.241732378024106,15.828020435066868
Rabat-Salé-Kénitra,2043,2,12.316252641938563,5.80729304292614,18.825212240950986
Rabat-Salé-Kénitra,2043,3,12.694422670981476,6.070738750777527,19.318106591185426
Rabat-Salé-Kénitra,2043,4,12.450793393817174,5.897540996241521,19.004045791392826
Rabat-Salé-Kénitra,2043,5,9.65591028972684,3.988399790113724,15.323420789339956
Rabat-Salé-Kénitra,2043,6,8.662489571157627,3.3365746068804807,13.988404535434773
Rabat-Salé-Kénitra,2043,7,9.011915226984854,3.562499568660769,14.46133088530894
Rabat-Salé-Kénitra,2043,8,8.923684582861695,3.5021895173360003,14.34517964838739
Rabat-Salé-Kénitra,2043,9,9.410229053499128,3.8219222952425786,14.998535811755676
Rabat-Salé-Kénitra,2043,10,9.391899538302976,3.806645330193131,14.97715374641282
Rabat-Salé-Kénitra,2043,11,12.19192510375702,5.718347369379982,18.66550283813406
Rabat-Salé-Kénitra,2043,12,12.209985748154663,5.734392322691353,18.685579173617974
Rabat-Salé-Kénitra,2044,1,10.035091354412419,4.241925651333377,15.828257057491461
Rabat-Salé-Kénitra,2044,2,12.316402423697097,5.80742903207918,18.825375815315013
Rabat-Salé-Kénitra,2044,3,12.694527308477053,6.070834158076172,19.31822045887793
Rabat-Salé-Kénitra,2044,4,12.450793393817174,5.897540996241521,19.004045791392826
Rabat-Salé-Kénitra,2044,5,9.654158412181824,3.987230333224943,15.321086491138704
Rabat-Salé-Kénitra,2044,6,8.662489571157627,3.3365746068804807,13.988404535434773
Rabat-Salé-Kénitra,2044,7,9.011712113073722,3.562318259549503,14.461105966597941
Rabat-Salé-Kénitra,2044,8,8.923735961029056,3.502235331320602,14.34523659073751
Rabat-Salé-Kénitra,2044,9,9.41010924873934,3.821814926244687,14.998403571233993
Rabat-Salé-Kénitra,2044,10,9.391921934603864,3.806665387841387,14.977178481366341
Rabat-Salé-Kénitra,2044,11,12.19192511404425,5.7183473782343475,18.665502849854153
Rabat-Salé-Kénitra,2044,12,12.209979974589485,5.734387069658923,18.68557287952005
Rabat-Salé-Kénitra,2045,1,10.034782319407618,4.2416478097358805,15.827916829079356
Rabat-Salé-Kénitra,2045,2,12.31661387569113,5.807621556243276,18.825606195138985
Rabat-Salé-Kénitra,2045,3,12.694590235168416,6.070891536224996,19.318288934111834
Rabat-Salé-Kénitra,2045,4,12.450794009501827,5.897541557154467,19.004046461849185
Rabat-Salé-Kénitra,2045,5,9.654144919731971,3.987218230013146,15.321071609450797
Rabat-Salé-Kénitra,2045,6,8.662255457810385,3.336366150361794,13.988144765258976
Rabat-Salé-Kénitra,2045,7,9.011623823757795,3.5622394262780226,14.461008221237567
Rabat-Salé-Kénitra,2045,8,8.923738509376811,3.5022376056420974,14.345239413111525
Rabat-Salé-Kénitra,2045,9,9.410207536783977,3.821902734129348,14.998512339438605
Rabat-Salé-Kénitra,2045,10,9.392011075725488,3.8067452121254384,14.977276939325538
Rabat-Salé-Kénitra,2045,11,12.191929280924695,5.718351169528932,18.665507392320457
Rabat-Salé-Kénitra,2045,12,12.20997998430166,5.734387078494724,18.685572890108595
Souss-Massa,2025,1,6.499773244052395,3.186784911584139,9.812761576520652
Souss-Massa,2025,2,6.218356677423086,2.9900449262289888,9.446668428617183
Souss-Massa,2025,3,6.129301564298108,2.9483221862870796,9.310280942309136
Souss-Massa,2025,4,6.047839576164278,2.9598595492861404,9.135819603042416
Souss-Massa,2025,5,5.94434146029275,2.9146120440573964,8.974070876528105
Souss-Massa,2025,6,5.992821918106026,2.9289165236115173,9.056727312600534
Souss-Massa,2025,7,5.220223127577147,2.4985730028128907,7.941873252341403
Souss-Massa,2025,8,5.205912913037166,2.483374406253778,7.928451419820554
Souss-Massa,2025,9,5.454369423956211,2.642986792158918,8.265752055753504
Souss-Massa,2025,10,5.314647169058801,2.572389253095737,8.056905085021864
Souss-Massa,2025,11,5.345937923627343,2.5458230508747635,8.146052796379923
Souss-Massa,2025,12,6.426833272909777,3.1861709490459162,9.667495596773637
Souss-Massa,2026,1,6.5110120688216755,3.192347107895503,9.829677029747849
Souss-Massa,2026,2,6.2469813927658056,3.010268117472255,9.483694668059357
Souss-Massa,2026,3,6.129378693330862,2.948320118581124,9.3104372680806
Souss-Massa,2026,4,6.0483683369598005,2.9600760492937965,9.136660624625804
Souss-Massa,2026,5,5.9436587715888605,2.914615745412052,8.97270179776567
Souss-Massa,2026,6,5.99280820080572,2.928905632947214,9.056710768664225
Souss-Massa,2026,7,5.220033750281187,2.498431369646437,7.941636130915938
Souss-Massa,2026,8,5.207597900092794,2.4844818581097243,7.930713942075863
Souss-Massa,2026,9,5.454108857325649,2.6427814761495845,8.265436238501714
Souss-Massa,2026,10,5.3143746030083,2.572176138941597,8.056573067075004
Souss-Massa,2026,11,5.345910323005545,2.5458012734420032,8.146019372569086
Souss-Massa,2026,12,6.427062806919697,3.1863584546040506,9.667767159235343
Souss-Massa,2027,1,6.477344004483749,3.175543498358824,9.779144510608674
Souss-Massa,2027,2,6.24519165811508,3.009311402922924,9.481071913307236
Souss-Massa,2027,3,6.129049423435455,2.9480526206063558,9.310046226264554
Souss-Massa,2027,4,6.047508827121925,2.9593812942798885,9.135636359963963
Souss-Massa,2027,5,5.94168368074536,2.913381441873582,8.969985919617137
Souss-Massa,2027,6,5.992979931511379,2.929043692282758,9.056916170740001
Souss-Massa,2027,7,5.219769243533224,2.4982235439484586,7.941314943117989
Souss-Massa,2027,8,5.205702351989467,2.4832579982398997,7.928146705739035
Souss-Massa,2027,9,5.454153424679647,2.6428166678884915,8.265490181470803
Souss-Massa,2027,10,5.313330086999426,2.5713624996420053,8.055297674356847
Souss-Massa,2027,11,5.3456460080156765,2.545796546801126,8.145495469230227
Souss-Massa,2027,12,6.42706757730279,3.186362388925021,9.667772765680558
Souss-Massa,2028,1,6.476047869851106,3.175043465587111,9.777052274115102
Souss-Massa,2028,2,6.245421569044426,3.0094988914679752,9.481344246620877
Souss-Massa,2028,3,6.12892830211801,2.94795387636659,9.30990272786943
Souss-Massa,2028,4,6.0485813222325975,2.960307809671109,9.136854834794086
Souss-Massa,2028,5,5.94263519137107,2.914087021729467,8.971183361012674
Souss-Massa,2028,6,5.993019752798489,2.9290758988319507,9.056963606765027
Souss-Massa,2028,7,5.219594960659204,2.498087091096187,7.941102830222221
Souss-Massa,2028,8,5.2057725921371025,2.4833131585101205,7.928232025764085
Souss-Massa,2028,9,5.453826155249033,2.642558477396629,8.265093833101435
Souss-Massa,2028,10,5.312319242446038,2.5705719897446073,8.054066495147469
Souss-Massa,2028,11,5.346326164287714,2.5463336096922062,8.14631871888322
Souss-Massa,2028,12,6.42747770999023,3.1866963273498654,9.668259092630594
Souss-Massa,2029,1,6.475890457601385,3.1749138817624654,9.776867033440304
Souss-Massa,2029,2,6.245677910271967,3.0097083057008596,9.481647514843074
Souss-Massa,2029,3,6.12786419366421,2.9470891470424356,9.308639240285984
Souss-Massa,2029,4,6.050661811133494,2.961656019296743,9.139667602970245
Souss-Massa,2029,5,5.9462166300405075,2.9166709038690954,8.97576235621192
Souss-Massa,2029,6,5.993164194008706,2.929192341016776,9.057136047000636
Souss-Massa,2029,7,5.2196995446353585,2.4981687495938623,7.941230339676855
Souss-Massa,2029,8,5.207329568509618,2.484345522037363,7.9303136149818725
Souss-Massa,2029,9,5.453340364403041,2.642175067955504,8.264505660850578
Souss-Massa,2029,10,5.311633847670721,2.570035712899477,8.053231982441964
Souss-Massa,2029,11,5.346066529853849,2.5461285334858466,8.146004526221851
Souss-Massa,2029,12,6.420724715236981,3.183471362366696,9.657978068107266
Souss-Massa,2030,1,6.485263523780986,3.179451694499854,9.79107535306212
Souss-Massa,2030,2,6.246950250324975,3.010287973221679,9.48361252742827
Souss-Massa,2030,3,6.122518285948285,2.9433716936955725,9.301664878200997
Souss-Massa,2030,4,6.049217037515753,2.9604915378934757,9.13794253713803
Souss-Massa,2030,5,5.947809629825238,2.917626007662421,8.977993251988053
Souss-Massa,2030,6,5.992145665599957,2.9286496483997557,9.05564168280016
Souss-Massa,2030,7,5.199479391486645,2.4846290253145797,7.91432975765871
Souss-Massa,2030,8,5.206172839200853,2.4834371037016507,7.928908574700056
Souss-Massa,2030,9,5.453761468237563,2.6424239572085724,8.265098979266552
Souss-Massa,2030,10,5.311892932390384,2.5702378315546874,8.05354803322608
Souss-Massa,2030,11,5.346884515006749,2.5467736937202523,8.146995336293246
Souss-Massa,2030,12,6.4206533885297965,3.1834128796356,9.657893897423993
Souss-Massa,2031,1,6.485751421680352,3.1798503271736083,9.791652516187096
Souss-Massa,2031,2,6.246727185059041,3.010105488568765,9.483348881549317
Souss-Massa,2031,3,6.1019874115363715,2.933390522401637,9.270584300671107
Souss-Massa,2031,4,6.046950875173672,2.9589931993339413,9.134908551013403
Souss-Massa,2031,5,5.9477858104217525,2.917606814106224,8.977964806737281
Souss-Massa,2031,6,5.992164385843437,2.928664759431531,9.055664012255344
Souss-Massa,2031,7,5.1999733681850335,2.4850154724411024,7.914931263928965
Souss-Massa,2031,8,5.205653130147988,2.483171740277514,7.928134520018462
Souss-Massa,2031,9,5.453929597906944,2.642556569617644,8.265302626196243
Souss-Massa,2031,10,5.3118745696687,2.570223360728322,8.053525778609078
Souss-Massa,2031,11,5.346808976313135,2.5467145409252407,8.146903411701029
Souss-Massa,2031,12,6.416258918031025,3.17981125138321,9.65270658467884
Souss-Massa,2032,1,6.485744541800052,3.1798446535765197,9.791644430023585
Souss-Massa,2032,2,6.246974562795754,3.010228287967224,9.483720837624283
Souss-Massa,2032,3,6.101994430788094,2.9333962198583468,9.27059264171784
Souss-Massa,2032,4,6.044924366658566,2.9577991776784707,9.13204955563866
Souss-Massa,2032,5,5.945498616305631,2.9161221692932955,8.974875063317967
Souss-Massa,2032,6,5.992235603295148,2.9287055137482927,9.055765692842003
Souss-Massa,2032,7,5.200060232679657,2.485083253359893,7.915037211999421
Souss-Massa,2032,8,5.203083629703415,2.481369835770178,7.924797423636653
Souss-Massa,2032,9,5.454554985545388,2.64305018633085,8.266059784759927
Souss-Massa,2032,10,5.311850093369819,2.5702040896860407,8.053496097053598
Souss-Massa,2032,11,5.347357609370126,2.5471476126223664,8.147567606117885
Souss-Massa,2032,12,6.416700458473668,3.1797561367817093,9.653644780165628
Souss-Massa,2033,1,6.4855922103113635,3.179719242690694,9.791465177932032
Souss-Massa,2033,2,6.246978100454929,3.010231534488402,9.483724666421455
Souss-Massa,2033,3,6.101041824288689,2.9327266813337998,9.269356967243578
Souss-Massa,2033,4,6.04493419045113,2.957807158476286,9.132061222425975
Souss-Massa,2033,5,5.944130445752213,2.9154331589402824,8.972827732564145
Souss-Massa,2033,6,5.992225344607688,2.9286971989926003,9.055753490222775
Souss-Massa,2033,7,5.199064490072443,2.484302299183739,7.913826680961147
Souss-Massa,2033,8,5.201856979523005,2.480554244212845,7.923159714833165
Souss-Massa,2033,9,5.454518202318818,2.6430216123821353,8.2660147922555
Souss-Massa,2033,10,5.311655397719256,2.57028916099942,8.05302163443909
Souss-Massa,2033,11,5.347400458184361,2.54718151298535,8.147619403383372
Souss-Massa,2033,12,6.41686770924289,3.1798921935059536,9.653843224979827
Souss-Massa,2034,1,6.485592917043302,3.179719824116965,9.79146600996964
Souss-Massa,2034,2,6.246977201319313,3.010230809277246,9.483723593361379
Souss-Massa,2034,3,6.100914021304289,2.9326889701864207,9.269139072422158
Souss-Massa,2034,4,6.044856631760644,2.9577442625601185,9.13196900096117
Souss-Massa,2034,5,5.944149953403955,2.915448877353963,8.972851029453947
Souss-Massa,2034,6,5.992291907886016,2.928750973538946,9.055832842233086
Souss-Massa,2034,7,5.199093341598817,2.484324933861687,7.913861749335947
Souss-Massa,2034,8,5.2001085254253,2.47918178638177,7.92103526446883
Souss-Massa,2034,9,5.454449192242769,2.6429665423194777,8.26593184216606
Souss-Massa,2034,10,5.312293836076836,2.570789295928745,8.053798376224925
Souss-Massa,2034,11,5.347226596223721,2.5470442877367803,8.147408904710662
Souss-Massa,2034,12,6.41721513640312,3.180095660369463,9.654334612436777
Souss-Massa,2035,1,6.4840111774868525,3.1782584327444208,9.789763922229284
Souss-Massa,2035,2,6.267887416311813,3.020610930303657,9.51516390231997
Souss-Massa,2035,3,6.100824660952049,2.932616211866722,9.269033110037377
Souss-Massa,2035,4,6.047237067132796,2.9593746314410563,9.135099502824536
Souss-Massa,2035,5,5.945164010453808,2.915910359225159,8.974417661682455
Souss-Massa,2035,6,5.992291091561838,2.9287503123807057,9.05583187074297
Souss-Massa,2035,7,5.1991052967963585,2.484334320470047,7.9138762731226695
Souss-Massa,2035,8,5.201840440717642,2.480326628732084,7.9233542527031995
Souss-Massa,2035,9,5.45453882873053,2.6430368696542796,8.26604078780678
Souss-Massa,2035,10,5.310696499414069,2.5697175233772067,8.051675475450931
Souss-Massa,2035,11,5.3468412227748185,2.5467411149005823,8.146941330649055
Souss-Massa,2035,12,6.416833234885598,3.179785431720948,9.653881038050248
Souss-Massa,2036,1,6.4839982999405334,3.178247832222814,9.789748767658253
Souss-Massa,2036,2,6.267852897822611,3.0205825341984918,9.515123261446732
Souss-Massa,2036,3,6.100563180287031,2.932405088707213,9.268721271866848
Souss-Massa,2036,4,6.049199040763475,2.9603339298920828,9.138064151634868
Souss-Massa,2036,5,5.944783198461215,2.915641283651971,8.973925113270457
Souss-Massa,2036,6,5.991670195293781,2.92824954415835,9.055090846429213
Souss-Massa,2036,7,5.198408806910656,2.483788493882023,7.9130291199392895
Souss-Massa,2036,8,5.2019844947147025,2.4804574076840926,7.923511581745313
Souss-Massa,2036,9,5.454083784406814,2.6428425027558524,8.265325066057775
Souss-Massa,2036,10,5.311101683107137,2.570033642569108,8.052169723645166
Souss-Massa,2036,11,5.344538398331146,2.5450940697159745,8.143982726946318
Souss-Massa,2036,12,6.416741755712086,3.1797110217588678,9.653772489665304
Souss-Massa,2037,1,6.481430830842696,3.176641271872555,9.786220389812836
Souss-Massa,2037,2,6.26026932703144,3.01692804789593,9.503610606166951
Souss-Massa,2037,3,6.100116488720922,2.9322356238035314,9.267997353638313
Souss-Massa,2037,4,6.046624429921537,2.958586090822875,9.1346627690202
Souss-Massa,2037,5,5.939824394448507,2.912577136757713,8.967071652139301
Souss-Massa,2037,6,5.991697801250157,2.9282717581482856,9.055123844352028
Souss-Massa,2037,7,5.198585932936251,2.48388382127199,7.913288044600513
Souss-Massa,2037,8,5.200355923158654,2.4794011834245184,7.921310662892789
Souss-Massa,2037,9,5.4542015269911595,2.642935429110354,8.265467624871965
Souss-Massa,2037,10,5.31133020436238,2.570212084711377,8.052448324013383
Souss-Massa,2037,11,5.343938744718809,2.544877302275297,8.143000187162322
Souss-Massa,2037,12,6.4383179899693,3.1905407923043896,9.68609518763421
Souss-Massa,2038,1,6.4801557823751175,3.175596906288824,9.78471465846141
Souss-Massa,2038,2,6.259168991124851,3.016030815778814,9.502307166470889
Souss-Massa,2038,3,6.100684054437675,2.9326968117824785,9.268671297092872
Souss-Massa,2038,4,6.046027421424573,2.9581040574257074,9.133950785423439
Souss-Massa,2038,5,5.943496870229654,2.9148492230149787,8.97214451744433
Souss-Massa,2038,6,5.991933561952089,2.9284617219647235,9.055405401939455
Souss-Massa,2038,7,5.194544147494634,2.4807223747677543,7.908365920221513
Souss-Massa,2038,8,5.202089687123752,2.4805475212509536,7.92363185299655
Souss-Massa,2038,9,5.454232027027337,2.6429595875711613,8.265504466483513
Souss-Massa,2038,10,5.311333455091489,2.570214549976619,8.05245236020636
Souss-Massa,2038,11,5.343539295270528,2.5445629847019178,8.142515605839138
Souss-Massa,2038,12,6.438396500426943,3.190604189578423,9.686188811275462
Souss-Massa,2039,1,6.479813701945431,3.175316661395952,9.78431074249491
Souss-Massa,2039,2,6.259285610265052,3.0161264620518495,9.502444758478255
Souss-Massa,2039,3,6.099773721636683,2.9319570263617893,9.267590416911576
Souss-Massa,2039,4,6.046991839791397,2.9585528721378025,9.13543080744499
Souss-Massa,2039,5,5.9429218787545235,2.9143880017459507,8.971455755763095
Souss-Massa,2039,6,5.991764519947831,2.9283253378397793,9.055203702055884
Souss-Massa,2039,7,5.192617582493503,2.479222027171349,7.9060131378156555
Souss-Massa,2039,8,5.203970312985345,2.481468889475896,7.926471736494794
Souss-Massa,2039,9,5.454083727402591,2.6428428707736176,8.265324584031564
Souss-Massa,2039,10,5.311473687575436,2.57032429784608,8.052623077304792
Souss-Massa,2039,11,5.343286641700627,2.544363781044067,8.142209502357186
Souss-Massa,2039,12,6.43078937061263,3.186721931966227,9.674856809259033
Souss-Massa,2040,1,6.479784487908698,3.1752926108903052,9.784276364927091
Souss-Massa,2040,2,6.259266491977023,3.0161107836269854,9.50242220032706
Souss-Massa,2040,3,6.099838135610128,2.932009503638535,9.26766676758172
Souss-Massa,2040,4,6.045416526937095,2.9576139193159903,9.1332191345582
Souss-Massa,2040,5,5.940787577682037,2.913025318752623,8.96854983661145
Souss-Massa,2040,6,5.991774605249407,2.9283334622765773,9.055215748222238
Souss-Massa,2040,7,5.19306451773286,2.4795703112771914,7.906558724188528
Souss-Massa,2040,8,5.202714128019347,2.480696754736989,7.9247315013017054
Souss-Massa,2040,9,5.454286056612903,2.6429386925317706,8.265633420694037
Souss-Massa,2040,10,5.312626738831549,2.5709477350669214,8.054305742596176
Souss-Massa,2040,11,5.342665607818212,2.5438749413801585,8.141456274256266
Souss-Massa,2040,12,6.430879045756283,3.186795869622285,9.674962221890281
Souss-Massa,2041,1,6.479632984190724,3.1751679958613996,9.784097972520048
Souss-Massa,2041,2,6.300499781923841,3.0358224594513015,9.56517710439638
Souss-Massa,2041,3,6.099837757320804,2.932009194756199,9.267666319885409
Souss-Massa,2041,4,6.044491143026848,2.956868514645323,9.132113771408374
Souss-Massa,2041,5,5.940736231974848,2.913045083390665,8.96842738055903
Souss-Massa,2041,6,5.99172954462363,2.928297322437319,9.055161766809942
Souss-Massa,2041,7,5.191676716340945,2.4784881023235186,7.904865330358371
Souss-Massa,2041,8,5.182508398210422,2.4672676914390657,7.897749104981779
Souss-Massa,2041,9,5.455237277073925,2.6436885265818444,8.266786027566006
Souss-Massa,2041,10,5.314135625422584,2.5721287922261458,8.056142458619023
Souss-Massa,2041,11,5.342290626597415,2.543579037002016,8.141002216192813
Souss-Massa,2041,12,6.431096578954574,3.1869730139652717,9.675220143943877
Souss-Massa,2042,1,6.479580950269902,3.175125149066572,9.784036751473232
Souss-Massa,2042,2,6.3004683612479875,3.035797099508067,9.565139622987907
Souss-Massa,2042,3,6.099991131763059,2.9321339345160213,9.267848329010096
Souss-Massa,2042,4,6.045624478767764,2.957452709810676,9.133796247724852
Souss-Massa,2042,5,5.942763239598098,2.9143216947013144,8.971204784494882
Souss-Massa,2042,6,5.99166920204667,2.92824853407939,9.05508987001395
Souss-Massa,2042,7,5.188814626850984,2.476254085808593,7.9013751678933755
Souss-Massa,2042,8,5.181912346078796,2.466602367062051,7.897222325095542
Souss-Massa,2042,9,5.455182904877866,2.6436776760016216,8.26668813375411
Souss-Massa,2042,10,5.314776757073352,2.5726306043146976,8.056922909832005
Souss-Massa,2042,11,5.341899361519093,2.543270300742355,8.14052842229583
Souss-Massa,2042,12,6.43103652244237,3.1869245856044968,9.675148459280244
Souss-Massa,2043,1,6.480839935256902,3.1761527493588186,9.785527121154985
Souss-Massa,2043,2,6.300527951504967,3.035845940685869,9.565209962324065
Souss-Massa,2043,3,6.098121252332246,2.930689680703034,9.265552823961457
Souss-Massa,2043,4,6.04705888423418,2.9585631586373298,9.13555460983103
Souss-Massa,2043,5,5.942290270038654,2.914025693994615,8.970554846082694
Souss-Massa,2043,6,5.992894676403834,2.9288632466713858,9.056926106136283
Souss-Massa,2043,7,5.188723583031558,2.476183197326885,7.901263968736231
Souss-Massa,2043,8,5.1820067710555096,2.46667610071083,7.89733744140019
Souss-Massa,2043,9,5.454551324337052,2.6433205328892457,8.265782115784859
Souss-Massa,2043,10,5.315189205140262,2.5727539836784885,8.057624426602036
Souss-Massa,2043,11,5.341568826286667,2.543009541688007,8.140128110885328
Souss-Massa,2043,12,6.471407056670098,3.2077004946962906,9.735113618643906
Souss-Massa,2044,1,6.482023227349824,3.177121060567298,9.78692539413235
Souss-Massa,2044,2,6.300622933661954,3.0359238109605617,9.565322056363346
Souss-Massa,2044,3,6.096968658971168,2.9299908271752306,9.263946490767104
Souss-Massa,2044,4,6.044346171772719,2.9567062478943904,9.131986095651047
Souss-Massa,2044,5,5.940155443797734,2.91266236629851,8.967648521296958
Souss-Massa,2044,6,5.992900629316511,2.9288680979456334,9.056933160687388
Souss-Massa,2044,7,5.187925798933234,2.475540804932029,7.900310792934439
Souss-Massa,2044,8,5.180291327571005,2.465532819380385,7.8950498357616254
Souss-Massa,2044,9,5.454543485510646,2.6433144175386816,8.265772553482611
Souss-Massa,2044,10,5.315109273085791,2.572691139617642,8.05752740655394
Souss-Massa,2044,11,5.341313132499571,2.5428518777291824,8.13977438726996
Souss-Massa,2044,12,6.4717555696678675,3.2079864591487603,9.735524680186975
Souss-Massa,2045,1,6.48111990860307,3.1763811898696077,9.785858627336532
Souss-Massa,2045,2,6.30032888690829,3.035682926690666,9.564974847125914
Souss-Massa,2045,3,6.096790746266781,2.9298467250642326,9.26373476746933
Souss-Massa,2045,4,6.04492283675522,2.957171894329274,9.132673779181166
Souss-Massa,2045,5,5.942288727504877,2.9140243463806064,8.970553108629147
Souss-Massa,2045,6,5.991794759558097,2.9279790260620584,9.055610493054136
Souss-Massa,2045,7,5.188046394446272,2.4756000446607325,7.900492744231812
Souss-Massa,2045,8,5.180377201762459,2.4655999057559805,7.895154497768938
Souss-Massa,2045,9,5.454912872912946,2.6434606480092167,8.266365097816674
Souss-Massa,2045,10,5.315073359795291,2.5726628606700075,8.057483858920575
Souss-Massa,2045,11,5.341983618891494,2.5433800141246863,8.140587223658303
Souss-Massa,2045,12,6.471770158814547,3.2079984427132873,9.735541874915807
Tanger-Tétouan-Al Hoceïma,2025,1,16.42421184346485,9.600014468152278,23.24840921877742
Tanger-Tétouan-Al Hoceïma,2025,2,17.2921307549828,10.240142897726308,24.344118612239292
Tanger-Tétouan-Al Hoceïma,2025,3,17.69011753198486,10.530478282797826,24.849756781171894
Tanger-Tétouan-Al Hoceïma,2025,4,17.17728954220052,10.139019025384112,24.215560059016926
Tanger-Tétouan-Al Hoceïma,2025,5,16.059344352777263,9.39204900662469,22.726639698929837
Tanger-Tétouan-Al Hoceïma,2025,6,15.372845737039551,8.89029796552196,21.855393508557142
Tanger-Tétouan-Al Hoceïma,2025,7,13.724713109088098,7.656610779884549,19.792815438291647
Tanger-Tétouan-Al Hoceïma,2025,8,13.880041339693626,7.763756652904687,19.996326026482567
Tanger-Tétouan-Al Hoceïma,2025,9,14.325291929953863,8.095810464126544,20.554773395781183
Tanger-Tétouan-Al Hoceïma,2025,10,14.38715736363716,8.114402806789059,20.65991192048526
Tanger-Tétouan-Al Hoceïma,2025,11,14.28881975640524,8.067840269232608,20.509799243577874
Tanger-Tétouan-Al Hoceïma,2025,12,15.927039529730287,9.278739161735029,22.575339897725545
Tanger-Tétouan-Al Hoceïma,2026,1,16.143471155374648,9.413724197747053,22.873218113002245
Tanger-Tétouan-Al Hoceïma,2026,2,17.298000452949804,10.254732508249907,24.3412683976497
Tanger-Tétouan-Al Hoceïma,2026,3,17.822240300251746,10.61752767706242,25.026952923441073
Tanger-Tétouan-Al Hoceïma,2026,4,17.370014016099127,10.261806380201797,24.478221651996456
Tanger-Tétouan-Al Hoceïma,2026,5,16.862821430628,9.960714891974733,23.764927969281267
Tanger-Tétouan-Al Hoceïma,2026,6,15.988506106433071,9.332276297712754,22.64473591515339
Tanger-Tétouan-Al Hoceïma,2026,7,14.808222359420515,8.41787044630387,21.19857427253716
Tanger-Tétouan-Al Hoceïma,2026,8,14.313775877552702,8.066334855777798,20.561216899327604
Tanger-Tétouan-Al Hoceïma,2026,9,15.9143723653075,9.208818694262987,22.619926036352012
Tanger-Tétouan-Al Hoceïma,2026,10,15.284858509264783,8.739220436386528,21.830496582143038
Tanger-Tétouan-Al Hoceïma,2026,11,16.326038247376328,9.506156982267672,23.145919512484983
Tanger-Tétouan-Al Hoceïma,2026,12,17.17852413420482,10.167755594703506,24.189292673706134
Tanger-Tétouan-Al Hoceïma,2027,1,16.93179729779834,9.965298195027351,23.89829640056933
Tanger-Tétouan-Al Hoceïma,2027,2,17.534268600976624,10.429599125899564,24.638938076053684
Tanger-Tétouan-Al Hoceïma,2027,3,18.12400101232331,10.848921938155483,25.399080086491132
Tanger-Tétouan-Al Hoceïma,2027,4,17.619859624108187,10.46226764481133,24.777451603405044
Tanger-Tétouan-Al Hoceïma,2027,5,16.760821305176197,9.868225526530338,23.653417083822056
Tanger-Tétouan-Al Hoceïma,2027,6,15.987330142234166,9.316961787063029,22.657698497405303
Tanger-Tétouan-Al Hoceïma,2027,7,14.431670597045494,8.169436927092343,20.693904266998643
Tanger-Tétouan-Al Hoceïma,2027,8,14.371779144208412,8.123438863941907,20.620119424474918
Tanger-Tétouan-Al Hoceïma,2027,9,14.713968353883708,8.343723285628679,21.08421342213874
Tanger-Tétouan-Al Hoceïma,2027,10,15.355464260178207,8.79153067031881,21.919397850037605
Tanger-Tétouan-Al Hoceïma,2027,11,15.284213392177184,8.761975604025597,21.80645118032877
Tanger-Tétouan-Al Hoceïma,2027,12,16.85152967859078,9.945903354095655,23.757156003085903
Tanger-Tétouan-Al Hoceïma,2028,1,16.68682750997097,9.799270890626081,23.57438412931586
Tanger-Tétouan-Al Hoceïma,2028,2,17.74269435765256,10.587063101857174,24.898325613447945
Tanger-Tétouan-Al Hoceïma,2028,3,18.161415259543286,10.866782660338478,25.456047858748093
Tanger-Tétouan-Al Hoceïma,2028,4,17.70920414324856,10.524142468415182,24.894265818081937
Tanger-Tétouan-Al Hoceïma,2028,5,16.426650448112174,9.622230465515623,23.231070430708726
Tanger-Tétouan-Al Hoceïma,2028,6,15.742010910191409,9.124051837142137,22.35996998324068
Tanger-Tétouan-Al Hoceïma,2028,7,14.625004370541046,8.296692436287389,20.953316304794704
Tanger-Tétouan-Al Hoceïma,2028,8,14.226947761285032,8.002602564666525,20.45129295790354
Tanger-Tétouan-Al Hoceïma,2028,9,15.939206834888118,9.223608295761888,22.654805374014348
Tanger-Tétouan-Al Hoceïma,2028,10,15.360291737502095,8.792604598378553,21.927978876625637
Tanger-Tétouan-Al Hoceïma,2028,11,16.32188646990507,9.502702243899321,23.14107069591082
Tanger-Tétouan-Al Hoceïma,2028,12,17.220671332315053,10.207458043996944,24.233884620633162
Tanger-Tétouan-Al Hoceïma,2029,1,16.93105879783878,9.965227642589209,23.89688995308835
Tanger-Tétouan-Al Hoceïma,2029,2,17.55960029670005,10.449106294774808,24.670094298625294
Tanger-Tétouan-Al Hoceïma,2029,3,18.129950131844492,10.853473923719983,25.406426339969002
Tanger-Tétouan-Al Hoceïma,2029,4,17.798411639092308,10.59304518858301,25.003778089601603
Tanger-Tétouan-Al Hoceïma,2029,5,16.46794889324832,9.651889465199208,23.28400832129743
Tanger-Tétouan-Al Hoceïma,2029,6,15.815673262490277,9.177376731861749,22.453969793118805
Tanger-Tétouan-Al Hoceïma,2029,7,14.158705605355387,7.957107775777578,20.360303434933194
Tanger-Tétouan-Al Hoceïma,2029,8,14.203796327819465,7.984611385126565,20.422981270512363
Tanger-Tétouan-Al Hoceïma,2029,9,14.75978896968453,8.375683303076173,21.143894636292888
Tanger-Tétouan-Al Hoceïma,2029,10,15.218995509492704,8.695462824334871,21.742528194650536
Tanger-Tétouan-Al Hoceïma,2029,11,15.476939740975903,8.898178756744013,22.055700725207792
Tanger-Tétouan-Al Hoceïma,2029,12,17.060046779702095,10.100118721118832,24.019974838285357
Tanger-Tétouan-Al Hoceïma,2030,1,16.866265387900032,9.930431746430326,23.80209902936974
Tanger-Tétouan-Al Hoceïma,2030,2,17.726050993431414,10.571454364444456,24.880647622418373
Tanger-Tétouan-Al Hoceïma,2030,3,18.160450805329216,10.865893183779656,25.455008426878777
Tanger-Tétouan-Al Hoceïma,2030,4,17.698863087073185,10.515009145898944,24.882717028247427
Tanger-Tétouan-Al Hoceïma,2030,5,16.44794637472193,9.637568202091755,23.258324547352103
Tanger-Tétouan-Al Hoceïma,2030,6,15.917937040712783,9.257317608974903,22.578556472450664
Tanger-Tétouan-Al Hoceïma,2030,7,14.815106830565481,8.431425292036788,21.198788369094174
Tanger-Tétouan-Al Hoceïma,2030,8,14.268419598562028,8.027311138247857,20.5095280588762
Tanger-Tétouan-Al Hoceïma,2030,9,15.80914046816408,9.130862060461176,22.487418875866982
Tanger-Tétouan-Al Hoceïma,2030,10,15.399332134602853,8.819587334078319,21.979076935127388
Tanger-Tétouan-Al Hoceïma,2030,11,16.316640831890968,9.498994270127502,23.134287393654432
Tanger-Tétouan-Al Hoceïma,2030,12,17.20248570789733,10.19099583279952,24.213975582995143
Tanger-Tétouan-Al Hoceïma,2031,1,16.9959406542817,10.015959561266783,23.975921747296617
Tanger-Tétouan-Al Hoceïma,2031,2,17.735033324583494,10.562286879446443,24.907779769720545
Tanger-Tétouan-Al Hoceïma,2031,3,18.106683695618475,10.836183212479185,25.377184178757766
Tanger-Tétouan-Al Hoceïma,2031,4,17.798708765935544,10.593259176249607,25.00415835562148
Tanger-Tétouan-Al Hoceïma,2031,5,16.468747204901838,9.652504270224501,23.284990139579175
Tanger-Tétouan-Al Hoceïma,2031,6,16.04890955807723,9.360283816925545,22.737535299228917
Tanger-Tétouan-Al Hoceïma,2031,7,14.427327519522109,8.168037042667164,20.686617996377052
Tanger-Tétouan-Al Hoceïma,2031,8,14.282425755641889,8.042625870569513,20.522225640714264
Tanger-Tétouan-Al Hoceïma,2031,9,14.628963892593326,8.284315156098248,20.973612629088404
Tanger-Tétouan-Al Hoceïma,2031,10,15.215679627356403,8.693097029098453,21.738262225614353
Tanger-Tétouan-Al Hoceïma,2031,11,15.483370113419467,8.90317664464008,22.063563582198853
Tanger-Tétouan-Al Hoceïma,2031,12,17.12125249728269,10.15625666817259,24.08624832639279
Tanger-Tétouan-Al Hoceïma,2032,1,16.93838774933977,9.986307156758013,23.89046834192153
Tanger-Tétouan-Al Hoceïma,2032,2,17.91975497224325,10.70173902500133,25.13777091948517
Tanger-Tétouan-Al Hoceïma,2032,3,18.137025825439693,10.848444596499125,25.42560705438026
Tanger-Tétouan-Al Hoceïma,2032,4,17.6991158347158,10.515182454530809,24.883049214900794
Tanger-Tétouan-Al Hoceïma,2032,5,16.463079999174216,9.650451769297728,23.275708229050704
Tanger-Tétouan-Al Hoceïma,2032,6,16.027420050293944,9.367255397447895,22.687584703139994
Tanger-Tétouan-Al Hoceïma,2032,7,14.781626110138511,8.445419889681633,21.11783233059539
Tanger-Tétouan-Al Hoceïma,2032,8,14.242244126227426,8.016879239373123,20.467609013081727
Tanger-Tétouan-Al Hoceïma,2032,9,15.950313650729147,9.232633320432498,22.667993981025795
Tanger-Tétouan-Al Hoceïma,2032,10,15.398955245838543,8.819384139138183,21.978526352538903
Tanger-Tétouan-Al Hoceïma,2032,11,16.323401393454763,9.504344148901932,23.142458638007593
Tanger-Tétouan-Al Hoceïma,2032,12,17.356485805463894,10.32639639602963,24.38657521489816
Tanger-Tétouan-Al Hoceïma,2033,1,16.988680274483045,10.009069234765441,23.96829131420065
Tanger-Tétouan-Al Hoceïma,2033,2,17.73499709848317,10.56225536357378,24.90773883339256
Tanger-Tétouan-Al Hoceïma,2033,3,18.10585242828077,10.835419309641875,25.376285546919664
Tanger-Tétouan-Al Hoceïma,2033,4,17.798665320803178,10.593219257034601,25.004111384571754
Tanger-Tétouan-Al Hoceïma,2033,5,16.483817232694932,9.665267580938554,23.30236688445131
Tanger-Tétouan-Al Hoceïma,2033,6,16.24169739851508,9.54897323114492,22.934421565885238
Tanger-Tétouan-Al Hoceïma,2033,7,14.502346117251966,8.272183376206687,20.732508858297244
Tanger-Tétouan-Al Hoceïma,2033,8,14.3202055108261,8.089756118072984,20.550654903579215
Tanger-Tétouan-Al Hoceïma,2033,9,14.757833784266639,8.374023648748953,21.141643919784325
Tanger-Tétouan-Al Hoceïma,2033,10,15.215447534247968,8.69295985099226,21.737935217503676
Tanger-Tétouan-Al Hoceïma,2033,11,15.479286973454952,8.900295232657415,22.058278714252488
Tanger-Tétouan-Al Hoceïma,2033,12,17.17848967868532,10.204298748387298,24.152680608983342
Tanger-Tétouan-Al Hoceïma,2034,1,16.969400889067796,10.009840331769396,23.928961446366195
Tanger-Tétouan-Al Hoceïma,2034,2,17.91836635999503,10.700465016386914,25.136267703603146
Tanger-Tétouan-Al Hoceïma,2034,3,18.13674471648674,10.848186537415739,25.42530289555774
Tanger-Tétouan-Al Hoceïma,2034,4,17.699126521779622,10.515192212002727,24.883060831556516
Tanger-Tétouan-Al Hoceïma,2034,5,16.45479654031636,9.64282855525619,23.26676452537653
Tanger-Tétouan-Al Hoceïma,2034,6,16.29171965950707,9.588580572021183,22.994858746992957
Tanger-Tétouan-Al Hoceïma,2034,7,15.167291172946149,8.755989044770946,21.57859330112135
Tanger-Tétouan-Al Hoceïma,2034,8,14.420895324932262,8.164882177039859,20.676908472824664
Tanger-Tétouan-Al Hoceïma,2034,9,15.806743250002262,9.128892451298857,22.484594048705667
Tanger-Tétouan-Al Hoceïma,2034,10,15.39837133804001,8.818852928291804,21.977889747788215
Tanger-Tétouan-Al Hoceïma,2034,11,16.324022850145898,9.504824129378122,23.143221570913674
Tanger-Tétouan-Al Hoceïma,2034,12,17.31520684569135,10.289405139472585,24.341008551910114
Tanger-Tétouan-Al Hoceïma,2035,1,17.02721115400879,10.040208569495988,24.01421373852159
Tanger-Tétouan-Al Hoceïma,2035,2,17.723460071966343,10.552702936730304,24.89421720720238
Tanger-Tétouan-Al Hoceïma,2035,3,18.10580943432969,10.835379829576148,25.37623903908323
Tanger-Tétouan-Al Hoceïma,2035,4,17.75554664512408,10.558478928477626,24.952614361770536
Tanger-Tétouan-Al Hoceïma,2035,5,16.504232747557488,9.680429754272765,23.32803574084221
Tanger-Tétouan-Al Hoceïma,2035,6,16.33913257739017,9.620888189112499,23.057376965667842
Tanger-Tétouan-Al Hoceïma,2035,7,14.803192928037689,8.506472593613427,21.09991326246195
Tanger-Tétouan-Al Hoceïma,2035,8,14.406299936366493,8.154677634450952,20.657922238282033
Tanger-Tétouan-Al Hoceïma,2035,9,14.626145410233292,8.281855361413248,20.970435459053334
Tanger-Tétouan-Al Hoceïma,2035,10,15.208656903253116,8.687623544160108,21.729690262346125
Tanger-Tétouan-Al Hoceïma,2035,11,15.479277814421375,8.900286882789084,22.058268746053663
Tanger-Tétouan-Al Hoceïma,2035,12,17.109986271291174,10.14121634854921,24.078756194033136
Tanger-Tétouan-Al Hoceïma,2036,1,16.963801455676293,10.005949839321037,23.92165307203155
Tanger-Tétouan-Al Hoceïma,2036,2,17.907530022583465,10.691617902143358,25.123442143023574
Tanger-Tétouan-Al Hoceïma,2036,3,18.13692235365991,10.84834991009722,25.425494797222598
Tanger-Tétouan-Al Hoceïma,2036,4,17.591104212165575,10.440489605322561,24.74171881900859
Tanger-Tétouan-Al Hoceïma,2036,5,16.4543294034912,9.642464990350522,23.26619381663188
Tanger-Tétouan-Al Hoceïma,2036,6,16.15182621737435,9.477718228305466,22.825934206443232
Tanger-Tétouan-Al Hoceïma,2036,7,15.055715770207875,8.693049443095628,21.418382097320123
Tanger-Tétouan-Al Hoceïma,2036,8,14.34663607770353,8.111487971940583,20.58178418346648
Tanger-Tétouan-Al Hoceïma,2036,9,15.933520591283916,9.21907553440992,22.647965648157914
Tanger-Tétouan-Al Hoceïma,2036,10,15.502396481506905,8.890865890724385,22.113927072289425
Tanger-Tétouan-Al Hoceïma,2036,11,16.32426894366004,9.50495775910569,23.143580128214392
Tanger-Tétouan-Al Hoceïma,2036,12,17.207851207616475,10.19004646034318,24.22565595488977
Tanger-Tétouan-Al Hoceïma,2037,1,17.02554224678546,10.039080195011419,24.0120042985595
Tanger-Tétouan-Al Hoceïma,2037,2,17.801814218237425,10.613431564675219,24.990196871799633
Tanger-Tétouan-Al Hoceïma,2037,3,18.059953700230455,10.799490438328785,25.320416962132125
Tanger-Tétouan-Al Hoceïma,2037,4,17.64760320091499,10.48379178066051,24.81141462116947
Tanger-Tétouan-Al Hoceïma,2037,5,16.50367074435117,9.679978863801228,23.32736262490111
Tanger-Tétouan-Al Hoceïma,2037,6,16.13753449777686,9.454078241618362,22.820990753935355
Tanger-Tétouan-Al Hoceïma,2037,7,14.507431831385942,8.278410557571341,20.736453105200543
Tanger-Tétouan-Al Hoceïma,2037,8,14.294616739241462,8.069603996103595,20.51962948237933
Tanger-Tétouan-Al Hoceïma,2037,9,14.743971882885681,8.363590448161483,21.12435331760988
Tanger-Tétouan-Al Hoceïma,2037,10,15.208434104083151,8.687505732784878,21.729362475381425
Tanger-Tétouan-Al Hoceïma,2037,11,15.479075230609133,8.900102323018817,22.05804813819945
Tanger-Tétouan-Al Hoceïma,2037,12,17.047476621512356,10.08290209702803,24.01205114599668
Tanger-Tétouan-Al Hoceïma,2038,1,17.08352400746289,10.090470703001245,24.076577311924538
Tanger-Tétouan-Al Hoceïma,2038,2,18.023379812734994,10.778897055757824,25.267862569712165
Tanger-Tétouan-Al Hoceïma,2038,3,18.094402795874352,10.814730091699097,25.374075500049607
Tanger-Tétouan-Al Hoceïma,2038,4,17.59132746270611,10.440659718468789,24.741995206943436
Tanger-Tétouan-Al Hoceïma,2038,5,16.428835151846414,9.624190864588806,23.233479439104023
Tanger-Tétouan-Al Hoceïma,2038,6,15.95906247578887,9.291998583681355,22.626126367896386
Tanger-Tétouan-Al Hoceïma,2038,7,14.932670755960322,8.536405288060823,21.32893622385982
Tanger-Tétouan-Al Hoceïma,2038,8,14.402764756402869,8.139419769021433,20.666109743784304
Tanger-Tétouan-Al Hoceïma,2038,9,15.803428564129248,9.126312866170693,22.480544262087804
Tanger-Tétouan-Al Hoceïma,2038,10,15.49915382607019,8.888311770172672,22.109995881967706
Tanger-Tétouan-Al Hoceïma,2038,11,16.324224478206588,9.504917095756909,23.143531860656267
Tanger-Tétouan-Al Hoceïma,2038,12,17.20773256996459,10.189937582899628,24.225527557029555
Tanger-Tétouan-Al Hoceïma,2039,1,17.14513338385032,10.124073456312068,24.166193311388575
Tanger-Tétouan-Al Hoceïma,2039,2,17.8912631628306,10.676014641525924,25.106511684135278
Tanger-Tétouan-Al Hoceïma,2039,3,18.100475855058175,10.827835675008526,25.373116035107824
Tanger-Tétouan-Al Hoceïma,2039,4,17.647654614796974,10.483838976321167,24.81147025327278
Tanger-Tétouan-Al Hoceïma,2039,5,16.50215444122494,9.67677063431071,23.327538248139167
Tanger-Tétouan-Al Hoceïma,2039,6,16.028243273083742,9.338306346812885,22.7181801993546
Tanger-Tétouan-Al Hoceïma,2039,7,14.352425124354932,8.104227342310311,20.60062290639955
Tanger-Tétouan-Al Hoceïma,2039,8,14.253067668313566,8.019778817627728,20.486356518999404
Tanger-Tétouan-Al Hoceïma,2039,9,14.623980864061283,8.28015662408944,20.967805104033125
Tanger-Tétouan-Al Hoceïma,2039,10,15.206296882399043,8.685774666456677,21.72681909834141
Tanger-Tétouan-Al Hoceïma,2039,11,15.470529651859287,8.894012580392168,22.047046723326407
Tanger-Tétouan-Al Hoceïma,2039,12,17.044086994356412,10.080351385993389,24.007822602719436
Tanger-Tétouan-Al Hoceïma,2040,1,17.080997935935752,10.088702099809119,24.073293772062385
Tanger-Tétouan-Al Hoceïma,2040,2,18.06409874031844,10.80721878893683,25.32097869170005
Tanger-Tétouan-Al Hoceïma,2040,3,18.07878938368742,10.80388961072792,25.353689156646915
Tanger-Tétouan-Al Hoceïma,2040,4,17.592672220977718,10.44159144559457,24.74375299636087
Tanger-Tétouan-Al Hoceïma,2040,5,16.45967334550045,9.646352129709289,23.272994561291608
Tanger-Tétouan-Al Hoceïma,2040,6,15.856648870972268,9.213870431716533,22.499427310228004
Tanger-Tétouan-Al Hoceïma,2040,7,14.643262075382728,8.312198275963185,20.97432587480227
Tanger-Tétouan-Al Hoceïma,2040,8,14.250648294918085,8.01530381629163,20.485992773544538
Tanger-Tétouan-Al Hoceïma,2040,9,15.916370374723881,9.206558588712163,22.6261821607356
Tanger-Tétouan-Al Hoceïma,2040,10,15.647077204395142,8.99922341006069,22.294930998729594
Tanger-Tétouan-Al Hoceïma,2040,11,16.324217240249855,9.50491049546898,23.14352398503073
Tanger-Tétouan-Al Hoceïma,2040,12,17.222371369526698,10.200430182517874,24.244312556535522
Tanger-Tétouan-Al Hoceïma,2041,1,17.148400163990765,10.126640971262638,24.17015935671889
Tanger-Tétouan-Al Hoceïma,2041,2,17.900072724552423,10.682587539026251,25.117557910078595
Tanger-Tétouan-Al Hoceïma,2041,3,18.124406803074656,10.844662126226993,25.40415147992232
Tanger-Tétouan-Al Hoceïma,2041,4,17.625271768844247,10.468384343185729,24.782159194502764
Tanger-Tétouan-Al Hoceïma,2041,5,16.511985888232324,9.683843235398276,23.34012854106637
Tanger-Tétouan-Al Hoceïma,2041,6,15.880579744231486,9.220915127889647,22.540244360573325
Tanger-Tétouan-Al Hoceïma,2041,7,14.091710037555382,7.907200986593585,20.27621908851718
Tanger-Tétouan-Al Hoceïma,2041,8,14.174725695447941,7.962085354769076,20.387366036126807
Tanger-Tétouan-Al Hoceïma,2041,9,14.736917438909325,8.358484297171625,21.115350580647025
Tanger-Tétouan-Al Hoceïma,2041,10,15.19705960643317,8.679073811418302,21.715045401448037
Tanger-Tétouan-Al Hoceïma,2041,11,15.47054534911107,8.89402688511259,22.047063813109553
Tanger-Tétouan-Al Hoceïma,2041,12,17.040426930971783,10.077813165923853,24.003040696019713
Tanger-Tétouan-Al Hoceïma,2042,1,17.157672759367895,10.148370020771344,24.166975497964444
Tanger-Tétouan-Al Hoceïma,2042,2,18.059754736032342,10.804973172161448,25.31453629990324
Tanger-Tétouan-Al Hoceïma,2042,3,18.07813120605881,10.803284737986047,25.352977674131573
Tanger-Tétouan-Al Hoceïma,2042,4,17.246696297222588,10.180347679718565,24.31304491472661
Tanger-Tétouan-Al Hoceïma,2042,5,16.529766632292603,9.700372750749889,23.359160513835317
Tanger-Tétouan-Al Hoceïma,2042,6,15.888286094929649,9.223701798570914,22.552870391288383
Tanger-Tétouan-Al Hoceïma,2042,7,14.691366230220044,8.331601429317903,21.051131031122186
Tanger-Tétouan-Al Hoceïma,2042,8,14.290072589378104,8.044072515932406,20.536072662823802
Tanger-Tétouan-Al Hoceïma,2042,9,15.782917623356422,9.111409509722858,22.454425736989986
Tanger-Tétouan-Al Hoceïma,2042,10,15.642127302539585,8.99524024943673,22.28901435564244
Tanger-Tétouan-Al Hoceïma,2042,11,16.324219064003003,9.504912163024942,23.143525964981066
Tanger-Tétouan-Al Hoceïma,2042,12,17.18257164690785,10.170901427055721,24.194241866759977
Tanger-Tétouan-Al Hoceïma,2043,1,17.219128121394775,10.18192305395162,24.256333188837928
Tanger-Tétouan-Al Hoceïma,2043,2,17.900560756325547,10.682986796942906,25.118134715708187
Tanger-Tétouan-Al Hoceïma,2043,3,18.10447006634505,10.83053548052536,25.378404652164743
Tanger-Tétouan-Al Hoceïma,2043,4,17.3016871902953,10.222584141720414,24.380790238870187
Tanger-Tétouan-Al Hoceïma,2043,5,16.57263819987227,9.731111695370693,23.414164704373846
Tanger-Tétouan-Al Hoceïma,2043,6,15.974044306700632,9.286711615784668,22.661376997616596
Tanger-Tétouan-Al Hoceïma,2043,7,14.263298465653078,8.023654682188747,20.50294224911741
Tanger-Tétouan-Al Hoceïma,2043,8,14.264054946956911,8.027109719124468,20.501000174789354
Tanger-Tétouan-Al Hoceïma,2043,9,14.6019752854938,8.26417809107201,20.93977247991559
Tanger-Tétouan-Al Hoceïma,2043,10,15.189412537929039,8.672936152869342,21.705888922988734
Tanger-Tétouan-Al Hoceïma,2043,11,15.478993142546381,8.900027553446371,22.05795873164639
Tanger-Tétouan-Al Hoceïma,2043,12,17.02144396815582,10.062423689839505,23.98046424647213
Tanger-Tétouan-Al Hoceïma,2044,1,17.26666333613957,10.226364733160162,24.306961939118978
Tanger-Tétouan-Al Hoceïma,2044,2,18.0722086265567,10.813538143721336,25.330879109392065
Tanger-Tétouan-Al Hoceïma,2044,3,18.078425192776976,10.803515308665201,25.35333507688875
Tanger-Tétouan-Al Hoceïma,2044,4,17.252888514729992,10.184807670507801,24.320969358952183
Tanger-Tétouan-Al Hoceïma,2044,5,16.529663435793058,9.700285491201596,23.359041380384518
Tanger-Tétouan-Al Hoceïma,2044,6,15.79621363084329,9.157462342081644,22.434964919604937
Tanger-Tétouan-Al Hoceïma,2044,7,14.532943112479709,8.22160249886839,20.844283726091028
Tanger-Tétouan-Al Hoceïma,2044,8,14.207958476341126,7.986914936961079,20.429002015721174
Tanger-Tétouan-Al Hoceïma,2044,9,15.909927881335912,9.201764477673727,22.618091284998098
Tanger-Tétouan-Al Hoceïma,2044,10,15.683488715945176,9.023700419560862,22.343277012329487
Tanger-Tétouan-Al Hoceïma,2044,11,16.31964060510236,9.501733271009911,23.13754793919481
Tanger-Tétouan-Al Hoceïma,2044,12,17.182201087742172,10.170517359732411,24.193884815751932
Tanger-Tétouan-Al Hoceïma,2045,1,17.32206145181081,10.254051478430451,24.39007142519117
Tanger-Tétouan-Al Hoceïma,2045,2,17.894861736048593,10.679170078469049,25.110553393628138
Tanger-Tétouan-Al Hoceïma,2045,3,18.104843236597706,10.830836059954223,25.37885041324119
Tanger-Tétouan-Al Hoceïma,2045,4,17.307735611106914,10.226949217764203,24.388522004449626
Tanger-Tétouan-Al Hoceïma,2045,5,16.592564521601712,9.745360849981983,23.43976819322144
Tanger-Tétouan-Al Hoceïma,2045,6,15.88085931899678,9.219949217906482,22.54176942008708
Tanger-Tétouan-Al Hoceïma,2045,7,14.087149122760778,7.902201330582432,20.272096914939123
Tanger-Tétouan-Al Hoceïma,2045,8,14.202180264005626,7.984367398201628,20.419993129809626
Tanger-Tétouan-Al Hoceïma,2045,9,14.730355937029447,8.353661078906313,21.10705079515258
Tanger-Tétouan-Al Hoceïma,2045,10,15.28568524699712,8.741493429281087,21.829877064713152
Tanger-Tétouan-Al Hoceïma,2045,11,15.479019951755639,8.900051969654854,22.057987933856424
Tanger-Tétouan-Al Hoceïma,2045,12,17.05633584369046,10.087581203047256,24.02509048433366
