commune,province,region,sergenti_mentionne,annees,sources,extrait_verification,remarque
Aarab Sebbah Gheris,Errachidia,Drâa-Tafilalet,Non,,,,Aucune mention trouvee dans les sources fournies
Aarab Sebbah Ziz,Errachidia,Drâa-Tafilalet,Non,,,,Aucune mention trouvee dans les sources fournies
Abadou,El Kelâa des Sraghna,Marrakech-Safi,Oui,,13071_2016_Article_1343.pdf | f.pdf,"ely correlated with the in- crease in altitude but none of the correlations with Sandflydiversityacrosssamplingsites altitude were significant for both species (P>0.05; Species evenness revealed differences in sand fly diver- Table2). sity among the different sampling sites with the highest Finally, the correlation between densities of P. papatasi overall diversity in Tagounite (J’=0.986) and the least and P. sergenti and soil variables werealso examined. Soil diversity in Abadou where six species only occurred PHwasnegativelycorrelatedwiththedensityoffemaleP. (J’=0.328). The species evenness and dendrogram of papatasi (r=−0.412, P=0.004), while, soil water stress Bray-Curtis similarity are ",
Abaynou,Guelmim,Guelmim-Oued Noun,Non,,,,Aucune mention trouvee dans les sources fournies
Abdelghaya Souahel,Taounate,Fès-Meknès,Non,,,,Aucune mention trouvee dans les sources fournies
Abou Lakhal,Figuig,Oriental,Non,,,,Aucune mention trouvee dans les sources fournies
Abteh,Tan-Tan,Guelmim-Oued Noun,Non,,,,Aucune mention trouvee dans les sources fournies
Adaghas,Agadir-Ida Ou Tanane,Souss-Massa,Non,,,,Aucune mention trouvee dans les sources fournies
Adar,Tata,Souss-Massa,Non,,,,Aucune mention trouvee dans les sources fournies
Adassil,Chichaoua,Marrakech-Safi,Non,,,,Aucune mention trouvee dans les sources fournies
Aday,Assa-Zag,Guelmim-Oued Noun,Non,,,,Aucune mention trouvee dans les sources fournies
Adis,Tata,Souss-Massa,Oui,1988;1991;1998;2004;2007;2014;2015;2017,10.1371_journal.pntd.0003687.pdf | TSWJ2022-5098005.pdf | a.pdf | boussaa2009.pdf | boussaa2010.pdf | c.pdf | es-sette2016.pdf | mtsi-01-5277.pdf | pntd.0003687.pdf | pntd.0009952.pdf | zouirech2018.pdf,"0003687 March31,2015 9/17 P.sergenti:L.tropicaInfectionandBloodMealPreferences Fig3.ITS-5.8rDNAgenessequenceswithtwodifferentbasesTandC,andonesequencewithtwo superimposedpeaksatthesamenucleotideposition. doi:10.1371/journal.pntd.0003687.g003 Alltheothersandflyspeciesidentifiedwerepooledmono-specificallyandscreenedfor LeishmaniainfectionbyPCR.NoneofthesesampleswasPCR-positive,suggestingthatP.ser- gentiistheonlyvectorinthisarea. MolecularidentificationofP.sergentifemales Allthe39L.tropicainfectedfemaleP.sergentithatwereidentifiedmorphologically,werevali- datedbymolecularcharacteristicsbasedonthesequencingofCytbfragment.Thealignment oftheCytbsequencesobtainedconfirmedthatallsamplescorrespondedt",
Adrej,Boulemane,Fès-Meknès,Non,,,,Aucune mention trouvee dans les sources fournies
Afalla Issen,Chichaoua,Marrakech-Safi,Non,,,,Aucune mention trouvee dans les sources fournies
Afella Ighir,Chtouka-Aït Baha,Souss-Massa,Non,,,,Aucune mention trouvee dans les sources fournies
Afella N'Dra,Ouarzazate,Drâa-Tafilalet,Non,,,,Aucune mention trouvee dans les sources fournies
Aferkat,Guelmim,Guelmim-Oued Noun,Non,,,,Aucune mention trouvee dans les sources fournies
Afourar,Béni Mellal,Béni Mellal-Khénifra,Non,,,,Aucune mention trouvee dans les sources fournies
Afra,Ouarzazate,Drâa-Tafilalet,Oui,2002;2004;2008,1-s2.0-S0001706X08002052-main.pdf | 10.1371_journal.pntd.0003687.pdf | a.pdf | pntd.0003687.pdf,"uctedbyusingtheMaximumLikelihoodmethodbasedon theTamura-Neimodel.Initialtree(s)fortheheuristicsearchwereobtainedautomaticallyby applyingtheMaximumParsimonymethod.Bootstrapreplicateswereperformedtoestimate thenodereliability,andvalueswereobtainedfrom1,000randomlyselectedsamplesofthe alignedsequencedata.SequenceswerecomparedwithentriesretrievedfromGenBank.Evolu- tionaryanalyseswereconductedinMEGA6. MolecularidentificationofP.sergentifemales MorphologicallyidentifiedP.sergentifemaleswereconfirmedbysequenceanalysesofPCR-am- plifiedmitochondrialDNAfragmentencompassingCytbregionusingPhleF(5’-AATAAA TTAGGAGTAATTGC-3’)andPhleR(5’-GCCTCGAWTTCGWTTATGATAAATT-3’) primers[34].A500bpfragmentwasPCR-amplifi",
Afsou,Driouch,Oriental,Non,,,,Aucune mention trouvee dans les sources fournies
Agadir,Agadir-Ida Ou Tanane,Souss-Massa,Oui,1989,PRI2015-438749.pdf | microorganisms-08-01511.pdf,"yaroleinthedynamicofthediseaseisnotpossible. 3.3. ACLduetoL.tropica Anthroponotic cutaneous leishmaniasis due to L. tropica, also known as the urban form of leishmaniasis,wasoriginallywidespreadinthesemiaridprovincesofthecentralandwesternslopesof theAtlas,fromtheregionsofAzilalinthecenteruptoEssaouirainthewest,andAgadir-Guelmimin thesouth[33]. Currently,ACLhasextendedinalldirectionsandoverlapswithsomeZVLfoci[34–36]. SinceP.sergenti,theprimaryvectorofL.tropica,ispresentinallMoroccoanecoregions,onecan speculatethatthespreadofACLtonewfociislikelytobelinkedtohumantravel[37]. Therefore,ithas thepotentialtohavealargegeographicaldispersion. InMorocco,before1999,outbreakswererecorded in rural urban ",
Agadir Melloul,Tata,Souss-Massa,Non,,,,Aucune mention trouvee dans les sources fournies
Agafay,Al Haouz,Marrakech-Safi,Non,,,,Aucune mention trouvee dans les sources fournies
Agdz,Ouarzazate,Drâa-Tafilalet,Non,,,,Aucune mention trouvee dans les sources fournies
Aghbal,Berkane,Oriental,Oui,,PRI2015-438749.pdf | boussaa2009.pdf | zouirech2018.pdf,.02 Phlebotomus papatasi Peridomestic 7 132 1.22 P.longicuspis S2 SidiBouyahya 759 Peridomestic 6 239 0.90 P.perniciosus D1 Dahra 667 Intradomestic 5 85 0.90 P.longicuspis Peridomestic 0 0 0 – A1 Aitouaarab 764 Intradomestic 4 113 0.64 Sergentomyia fallax Peridomestic 7 181 1.15 S.fallax Stable 4 60 0.73 S.minuta A2 Aitbelabass 798 Intradomestic 5 165 0.78 S.fallax Peridomestic 6 148 1.00 S.fallax E1 ElHajeb 731 Intradomestic 7 269 1.07 P.longicuspis S3 SttiFatmacentre 1772 Rockcrevices 1 34 0 S.minuta (facingeast) Rockcrevices 0 0 0 (facingwest) Cave 4 125 0.62 S.minuta Barbacane 3 48 0.52 P.ariasi T1 Tazitount 1247 Barbacane 6 149 1.00 S.minuta O1 Oulmes 1170 Barbacane 4 77 0.70 P.sergenti,
Aghbala,Khénifra,Béni Mellal-Khénifra,Oui,,zouirech2018.pdf,ongicuspis 43 10 16 11 59 21 3 17.17 P. perniciosus 51 3 1 1 52 4 13 12.02 S.minuta 8 1 0 0 8 1 8 1.93 P. chabaudi 1 0 0 0 1 0 0.21 Total 308 83 47 28 355 111 3 100 M:Male;F:Femelle Tableau 2.Re´partition des espe`cesde phle´botomesen fonctiondes localite´sdecapture. Table 2.Distribution ofsandfly speciesaccording tolocalitionss. Localite´ Lataren Ait-sri Waariane Issouka Timoulilt (Pam) [33˚11’N6˚34’O] [32˚3’N6˚45’O] [32˚10’N 6˚40’O] [32˚12’N6˚39’O] [32˚12’N6˚28’O] Altitude (m) 600 714 1057 1290 596 P. Sergenti 74 50 26 62 32 P. longicuspis 18 20 6 15 11 P. papatasi 11 33 10 18 14 P. perniciosus 22 5 0 27 2 S.minuta 2 0 0 0 7 P. chabaudi 0 1 0 0 0 Total 127 109 42 122 66 Afouna Inventaire e,
Aghbalou,Khénifra,Béni Mellal-Khénifra,Oui,,PRI2015-438749.pdf | boussaa2009.pdf,.02 Phlebotomus papatasi Peridomestic 7 132 1.22 P.longicuspis S2 SidiBouyahya 759 Peridomestic 6 239 0.90 P.perniciosus D1 Dahra 667 Intradomestic 5 85 0.90 P.longicuspis Peridomestic 0 0 0 – A1 Aitouaarab 764 Intradomestic 4 113 0.64 Sergentomyia fallax Peridomestic 7 181 1.15 S.fallax Stable 4 60 0.73 S.minuta A2 Aitbelabass 798 Intradomestic 5 165 0.78 S.fallax Peridomestic 6 148 1.00 S.fallax E1 ElHajeb 731 Intradomestic 7 269 1.07 P.longicuspis S3 SttiFatmacentre 1772 Rockcrevices 1 34 0 S.minuta (facingeast) Rockcrevices 0 0 0 (facingwest) Cave 4 125 0.62 S.minuta Barbacane 3 48 0.52 P.ariasi T1 Tazitount 1247 Barbacane 6 149 1.00 S.minuta O1 Oulmes 1170 Barbacane 4 77 0.70 P.sergenti,
Aghbalou Aqorar,Sefrou,Fès-Meknès,Non,,,,Aucune mention trouvee dans les sources fournies
Aghbalou N'Kerdous,Tinghir,Drâa-Tafilalet,Non,,,,Aucune mention trouvee dans les sources fournies
Aghbar,Taroudant,Souss-Massa,Non,,,,Aucune mention trouvee dans les sources fournies
Aghouatim,Al Haouz,Marrakech-Safi,Non,,,,Aucune mention trouvee dans les sources fournies
Aghouinite,Aousserd,Dakhla-Oued Ed-Dahab,Non,,,,Aucune mention trouvee dans les sources fournies
Aglif,Essaouira,Marrakech-Safi,Non,,,,Aucune mention trouvee dans les sources fournies
Agoudi N'Lkhair,Azilal,Béni Mellal-Khénifra,Non,,,,Aucune mention trouvee dans les sources fournies
Agoudim,Midelt,Drâa-Tafilalet,Non,,,,Aucune mention trouvee dans les sources fournies
Agourai,El Hajeb,Fès-Meknès,Oui,,TSWJ2023-4628625.pdf,"N °02 N'0°43 N'04°33 N'02°33 N'0°43 N'04°33 N'02°33 5°40'W 5°20'W 5°40'W 5°20'W N °53 N °03 N °52 N °02 TeScientifcWorldJournal 3 15° W 10° W 5° W N W E S Sabaa Aiyoun Laqsir 10° W 5° W Ras Ijerri A it Yaazem Ait Harz Allah Bitit Ras Ijerri Ouikhalfen Agourai Ait Bourzouine Iqaddar Ait Naam ane Ait Jahjouh Tamchachate Figure1:Mapshowingthe sandfy collectionstationsin ElHajeb [10]. 4 TeScientifcWorldJournal a fundamental step for the vector control activities and the P. papatasi, P. bergeroti, P. sergenti, P. alexandri, prevention of these diseases, specifcally the severe forms P.longicuspis,P.perniciosus,P.ariasi,S.minuta,S.schwetzi, thatthreatenhumansanddogs[21].Itisinthisperspective S. fal",
Aguelmam Azegza,Khénifra,Béni Mellal-Khénifra,Non,,,,Aucune mention trouvee dans les sources fournies
Aguelmouss,Khénifra,Béni Mellal-Khénifra,Oui,2009;2015;2017;2023,JAD-17-36.pdf | b.pdf,"on of landmarks 2, 9, 10, and 11, as pre- 0.55, 0.31 and 0.46, respectively. sented in Fig. 7. Wings of Ph. sergenti of Afourer exhibit peculiar characteristics, as shown in Figs. 3 and 4. Differences were noticed, especially for the CS, β, and ɵ distances. Furthermore, the CS in 39 http://jad.tums.ac.ir Published Online: March 31, 2023 J Arthropod-Borne Dis, March 2023, 17(1): 36–50 FZ Abou-Elaaz et al.: Descriptive and … Table 1. Stations sampled for Phlebotomus sergenti in central Morocco during the period May–October 2017 Stations N° Longitude Latitude Altitude Temperature (°C) Urbanization CL cases** Specimens (W) (N) (m) Mean (Min-Max) (2009 to 2015) number Afourer 1 06°30´00´´ 32°13´0",
Aguerd,Essaouira,Marrakech-Safi,Non,,,,Aucune mention trouvee dans les sources fournies
Aguinane,Tata,Souss-Massa,Non,,,,Aucune mention trouvee dans les sources fournies
Ahdil,Chichaoua,Marrakech-Safi,Non,,,,Aucune mention trouvee dans les sources fournies
Ahermoumou,Sefrou,Fès-Meknès,Non,,,,Aucune mention trouvee dans les sources fournies
Ahfir,Berkane,Oriental,Non,,,,Aucune mention trouvee dans les sources fournies
Ahl Angad,Oujda-Angad,Oriental,Non,,,,Aucune mention trouvee dans les sources fournies
Ahl Oued Za,Taourirt,Oriental,Non,,,,Aucune mention trouvee dans les sources fournies
Ahl Ramel,Chtouka-Aït Baha,Souss-Massa,Non,,,,Aucune mention trouvee dans les sources fournies
Ahl Sidi Lahcen,Sefrou,Fès-Meknès,Non,,,,Aucune mention trouvee dans les sources fournies
Ahl Tifnoute,Al Haouz,Marrakech-Safi,Non,,,,Aucune mention trouvee dans les sources fournies
Ahlaf,Benslimane,Casablanca-Settat,Non,,,,Aucune mention trouvee dans les sources fournies
Ahmar Laglalcha,Taroudant,Souss-Massa,Non,,,,Aucune mention trouvee dans les sources fournies
Ain Bida,Fès,Fès-Meknès,Non,,,,Aucune mention trouvee dans les sources fournies
Ain Blal,Settat,Casablanca-Settat,Non,,,,Aucune mention trouvee dans les sources fournies
Ain Bni Mathar,Jerada,Oriental,Non,,,,Aucune mention trouvee dans les sources fournies
Ain Bou Ali,Fès,Fès-Meknès,Non,,,,Aucune mention trouvee dans les sources fournies
Ain Chair,Figuig,Oriental,Non,,,,Aucune mention trouvee dans les sources fournies
Ain Cheggag,Fès,Fès-Meknès,Non,,,,Aucune mention trouvee dans les sources fournies
Ain Chkef,Fès,Fès-Meknès,Non,,,,Aucune mention trouvee dans les sources fournies
Ain Dfali,Ouezzane,Tanger-Tétouan-Al Hoceïma,Non,,,,Aucune mention trouvee dans les sources fournies
Ain Dorbane-Lahlaf,Khouribga,Béni Mellal-Khénifra,Non,,,,Aucune mention trouvee dans les sources fournies
Ain El Aouda,Skhirate-Témara,Rabat-Salé-Kénitra,Non,,,,Aucune mention trouvee dans les sources fournies
Ain Harrouda,Médiouna,Casablanca-Settat,Non,,,,Aucune mention trouvee dans les sources fournies
Ain Jemaa,Sidi Kacem,Rabat-Salé-Kénitra,Non,,,,Aucune mention trouvee dans les sources fournies
Ain Johra-Sidi Boukhalkhal,Kénitra,Rabat-Salé-Kénitra,Non,,,,Aucune mention trouvee dans les sources fournies
Ain Kaicher,Fquih Ben Salah,Béni Mellal-Khénifra,Non,,,,Aucune mention trouvee dans les sources fournies
Ain Kansra,Fès,Fès-Meknès,Non,,,,Aucune mention trouvee dans les sources fournies
Ain Karma-Oued Rommane,Sidi Kacem,Rabat-Salé-Kénitra,Non,,,,Aucune mention trouvee dans les sources fournies
Ain Lahcen,Tétouan,Tanger-Tétouan-Al Hoceïma,Non,,,,Aucune mention trouvee dans les sources fournies
Ain Legdah,Taounate,Fès-Meknès,Non,,,,Aucune mention trouvee dans les sources fournies
Ain Lehjer,Jerada,Oriental,Non,,,,Aucune mention trouvee dans les sources fournies
Ain Maatouf,Taounate,Fès-Meknès,Non,,,,Aucune mention trouvee dans les sources fournies
Ain Mediouna,Taounate,Fès-Meknès,Non,,,,Aucune mention trouvee dans les sources fournies
Ain Sbit,Khemisset,Rabat-Salé-Kénitra,Non,,,,Aucune mention trouvee dans les sources fournies
Ain Sfa,Oujda-Angad,Oriental,Non,,,,Aucune mention trouvee dans les sources fournies
Ain Taoujdate,Moulay Yacoub,Fès-Meknès,Non,,,,Aucune mention trouvee dans les sources fournies
Ain Tazitounte,Chichaoua,Marrakech-Safi,Non,,,,Aucune mention trouvee dans les sources fournies
Ain Timguenai,Sefrou,Fès-Meknès,Non,,,,Aucune mention trouvee dans les sources fournies
Ain Tizgha,Benslimane,Casablanca-Settat,Non,,,,Aucune mention trouvee dans les sources fournies
Ait Aadel,El Kelâa des Sraghna,Marrakech-Safi,Non,,,,Aucune mention trouvee dans les sources fournies
Ait Abdellah,Chtouka-Aït Baha,Souss-Massa,Non,,,,Aucune mention trouvee dans les sources fournies
Ait Aissi Ihahane,Agadir-Ida Ou Tanane,Souss-Massa,Non,,,,Aucune mention trouvee dans les sources fournies
Ait Ali Ou Lahcen,Kénitra,Rabat-Salé-Kénitra,Non,,,,Aucune mention trouvee dans les sources fournies
Ait Amira,Inezgane-Aït Melloul,Souss-Massa,Non,,,,Aucune mention trouvee dans les sources fournies
Ait Ammar,Khouribga,Béni Mellal-Khénifra,Non,,,,Aucune mention trouvee dans les sources fournies
Ait Ayach,Midelt,Drâa-Tafilalet,Non,,,,Aucune mention trouvee dans les sources fournies
Ait Baha,Chtouka-Aït Baha,Souss-Massa,Non,,,,Aucune mention trouvee dans les sources fournies
Ait Bazza,Boulemane,Fès-Meknès,Non,,,,Aucune mention trouvee dans les sources fournies
Ait Belkacem,Khemisset,Rabat-Salé-Kénitra,Non,,,,Aucune mention trouvee dans les sources fournies
Ait Ben Yacoub,Guigou,Fès-Meknès,Non,,,,Aucune mention trouvee dans les sources fournies
Ait Blal,Azilal,Béni Mellal-Khénifra,Non,,,,Aucune mention trouvee dans les sources fournies
Ait Bou Oulli,Azilal,Béni Mellal-Khénifra,Non,,,,Aucune mention trouvee dans les sources fournies
Ait Boubidmane,El Hajeb,Fès-Meknès,Non,,,,Aucune mention trouvee dans les sources fournies
Ait Boudaoud,Zagora,Drâa-Tafilalet,Non,,,,Aucune mention trouvee dans les sources fournies
Ait Boufoulen,Guelmim,Guelmim-Oued Noun,Non,,,,Aucune mention trouvee dans les sources fournies
Ait Bouyahya El Hajjama,Khemisset,Rabat-Salé-Kénitra,Non,,,,Aucune mention trouvee dans les sources fournies
Ait Daoud,Essaouira,Marrakech-Safi,Non,,,,Aucune mention trouvee dans les sources fournies
Ait El Man,Boulemane,Fès-Meknès,Non,,,,Aucune mention trouvee dans les sources fournies
Ait Erkha,Tiznit,Souss-Massa,Non,,,,Aucune mention trouvee dans les sources fournies
Ait Faska,Marrakech,Marrakech-Safi,Non,,,,Aucune mention trouvee dans les sources fournies
Ait Haddou Youssef,Taroudant,Souss-Massa,Non,,,,Aucune mention trouvee dans les sources fournies
Ait Hadi,Chichaoua,Marrakech-Safi,Non,,,,Aucune mention trouvee dans les sources fournies
Ait Hammou,Rehamna,Marrakech-Safi,Non,,,,Aucune mention trouvee dans les sources fournies
Ait Harz Allah,El Hajeb,Fès-Meknès,Non,,,,Aucune mention trouvee dans les sources fournies
Ait Hkim - Ait Yzid,El Kelâa des Sraghna,Marrakech-Safi,Non,,,,Aucune mention trouvee dans les sources fournies
Ait Iaaza,Taroudant,Souss-Massa,Non,,,,Aucune mention trouvee dans les sources fournies
Ait Ichou,Khemisset,Rabat-Salé-Kénitra,Non,,,,Aucune mention trouvee dans les sources fournies
Ait Igas,Taroudant,Souss-Massa,Non,,,,Aucune mention trouvee dans les sources fournies
Ait Ikkou,Khemisset,Rabat-Salé-Kénitra,Non,,,,Aucune mention trouvee dans les sources fournies
Ait Imour,Marrakech,Marrakech-Safi,Non,,,,Aucune mention trouvee dans les sources fournies
Ait Issafen,Tiznit,Souss-Massa,Non,,,,Aucune mention trouvee dans les sources fournies
Ait Izdeg,Midelt,Drâa-Tafilalet,Non,,,,Aucune mention trouvee dans les sources fournies
Ait M'Hamed,Azilal,Béni Mellal-Khénifra,Non,,,,Aucune mention trouvee dans les sources fournies
Ait Mait,Driouch,Oriental,Non,,,,Aucune mention trouvee dans les sources fournies
Ait Makhlouf,Taroudant,Souss-Massa,Non,,,,Aucune mention trouvee dans les sources fournies
Ait Malek,Kénitra,Rabat-Salé-Kénitra,Non,,,,Aucune mention trouvee dans les sources fournies
Ait Mazigh,Azilal,Béni Mellal-Khénifra,Non,,,,Aucune mention trouvee dans les sources fournies
Ait Melloul,Inezgane-Aït Melloul,Souss-Massa,Non,,,,Aucune mention trouvee dans les sources fournies
Ait Milk,Chtouka-Aït Baha,Souss-Massa,Non,,,,Aucune mention trouvee dans les sources fournies
Ait Mimoune,Khemisset,Rabat-Salé-Kénitra,Non,,,,Aucune mention trouvee dans les sources fournies
Ait Mzal,Chtouka-Aït Baha,Souss-Massa,Non,,,,Aucune mention trouvee dans les sources fournies
Ait Naamane,El Hajeb,Fès-Meknès,Non,,,,Aucune mention trouvee dans les sources fournies
Ait Ouaarda,Azilal,Béni Mellal-Khénifra,Non,,,,Aucune mention trouvee dans les sources fournies
Ait Ouabelli,Tata,Souss-Massa,Non,,,,Aucune mention trouvee dans les sources fournies
Ait Ouadrim,Chtouka-Aït Baha,Souss-Massa,Non,,,,Aucune mention trouvee dans les sources fournies
Ait Ouafqa,Tiznit,Souss-Massa,Non,,,,Aucune mention trouvee dans les sources fournies
Ait Ouallal,Zagora,Drâa-Tafilalet,Non,,,,Aucune mention trouvee dans les sources fournies
Ait Ouassif,Tinghir,Drâa-Tafilalet,Non,,,,Aucune mention trouvee dans les sources fournies
Ait Ouikhalfen,Meknès,Fès-Meknès,Non,,,,Aucune mention trouvee dans les sources fournies
Ait Oullal Bitit,Fès,Fès-Meknès,Non,,,,Aucune mention trouvee dans les sources fournies
Ait Oum El Bekht,Khénifra,Béni Mellal-Khénifra,Non,,,,Aucune mention trouvee dans les sources fournies
Ait Oumdis,Ouarzazate,Drâa-Tafilalet,Non,,,,Aucune mention trouvee dans les sources fournies
Ait Ouqabli,Béni Mellal,Béni Mellal-Khénifra,Non,,,,Aucune mention trouvee dans les sources fournies
Ait Ouribel,Khemisset,Rabat-Salé-Kénitra,Non,,,,Aucune mention trouvee dans les sources fournies
Ait Ourir,Marrakech,Marrakech-Safi,Non,,,,Aucune mention trouvee dans les sources fournies
Ait Saadelli,Khénifra,Béni Mellal-Khénifra,Non,,,,Aucune mention trouvee dans les sources fournies
Ait Said,Essaouira,Marrakech-Safi,Non,,,,Aucune mention trouvee dans les sources fournies
Ait Sebaa Lajrouf,Ifrane,Fès-Meknès,Non,,,,Aucune mention trouvee dans les sources fournies
Ait Sedrate Jbel El Oulia,Tinghir,Drâa-Tafilalet,Non,,,,Aucune mention trouvee dans les sources fournies
Ait Sedrate Jbel El Soufla,Tinghir,Drâa-Tafilalet,Non,,,,Aucune mention trouvee dans les sources fournies
Ait Sedrate Sahl Charkia,Tinghir,Drâa-Tafilalet,Non,,,,Aucune mention trouvee dans les sources fournies
Ait Sedrate Sahl El Gharbia,Tinghir,Drâa-Tafilalet,Non,,,,Aucune mention trouvee dans les sources fournies
Ait Siberne,Khemisset,Rabat-Salé-Kénitra,Non,,,,Aucune mention trouvee dans les sources fournies
Ait Sidi Daoud,Marrakech,Marrakech-Safi,Non,,,,Aucune mention trouvee dans les sources fournies
Ait Taguella,Azilal,Béni Mellal-Khénifra,Non,,,,Aucune mention trouvee dans les sources fournies
Ait Taleb,Rehamna,Marrakech-Safi,Non,,,,Aucune mention trouvee dans les sources fournies
Ait Tamlil,Azilal,Béni Mellal-Khénifra,Non,,,,Aucune mention trouvee dans les sources fournies
Ait Yaazem,Meknès,Fès-Meknès,Non,,,,Aucune mention trouvee dans les sources fournies
Ait Yadine,Khemisset,Rabat-Salé-Kénitra,Non,,,,Aucune mention trouvee dans les sources fournies
Ait Yahya,Midelt,Drâa-Tafilalet,Non,,,,Aucune mention trouvee dans les sources fournies
Ait Youl,Tinghir,Drâa-Tafilalet,Non,,,,Aucune mention trouvee dans les sources fournies
Ait Zineb,Ouarzazate,Drâa-Tafilalet,Non,,,,Aucune mention trouvee dans les sources fournies
Ajdir,Al Hoceïma,Tanger-Tétouan-Al Hoceïma,Non,,,,Aucune mention trouvee dans les sources fournies
Akarma,El Kelâa des Sraghna,Marrakech-Safi,Non,,,,Aucune mention trouvee dans les sources fournies
Akhfennir,Tan-Tan,Guelmim-Oued Noun,Non,,,,Aucune mention trouvee dans les sources fournies
Akka,Tata,Souss-Massa,Non,,,,Aucune mention trouvee dans les sources fournies
Akka Ighane,Tata,Souss-Massa,Non,,,,Aucune mention trouvee dans les sources fournies
Aklim,Berkane,Oriental,Non,,,,Aucune mention trouvee dans les sources fournies
Aknoul,Taza,Fès-Meknès,Non,,,,Aucune mention trouvee dans les sources fournies
Al Aioun,Berkane,Oriental,Non,,,,Aucune mention trouvee dans les sources fournies
Al Aroui,Nador,Oriental,Non,,,,Aucune mention trouvee dans les sources fournies
Al Bahraoyine,Tanger-Assilah,Tanger-Tétouan-Al Hoceïma,Non,,,,Aucune mention trouvee dans les sources fournies
Al Barkanyene,Berkane,Oriental,Non,,,,Aucune mention trouvee dans les sources fournies
Al Hamra,Chefchaouen,Tanger-Tétouan-Al Hoceïma,Non,,,,Aucune mention trouvee dans les sources fournies
Al Haouafate,Sidi Slimane,Rabat-Salé-Kénitra,Non,,,,Aucune mention trouvee dans les sources fournies
Al Hoceïma,Al Hoceïma,Tanger-Tétouan-Al Hoceïma,Oui,2015,collecetd phlebotomes.pdf,"cases. This vector has and S24 whereas only three species in intradomestic biotope and the ability to transmit two species of Leishmania parasite: L. major barbacanes of S14 and S28 respectively. and L. infantum[27]. We noted also that most of the Sergentomyia species collected P. sergenti has also an extensive geographical distribution, wider were from sites far from human residences like wall, rock crevices, than that of the anthroponotic cutaneous leishmaniases[28,29]. vegetations and peridomestic habitats. In Portugal, P. sergenti showed a very short period of activity in Fouad OUANAIMI et al./Asian Pac J Trop Dis 2015; 5(4): 299-306 304 comparison with other sandflies[30]. Al Hoceima ar",
Al Khalfia,Fquih Ben Salah,Béni Mellal-Khénifra,Non,,,,Aucune mention trouvee dans les sources fournies
Al Kharroub,Tétouan,Tanger-Tétouan-Al Hoceïma,Non,,,,Aucune mention trouvee dans les sources fournies
Al Machouar Stinia,Meknès,Fès-Meknès,Non,,,,Aucune mention trouvee dans les sources fournies
Al Mahbass,Assa-Zag,Guelmim-Oued Noun,Non,,,,Aucune mention trouvee dans les sources fournies
Al Manzla,Tanger-Assilah,Tanger-Tétouan-Al Hoceïma,Non,,,,Aucune mention trouvee dans les sources fournies
Al Oued,Chefchaouen,Tanger-Tétouan-Al Hoceïma,Non,,,,Aucune mention trouvee dans les sources fournies
Al Ouidane,Marrakech,Marrakech-Safi,Non,,,,Aucune mention trouvee dans les sources fournies
Allougoum,Ouarzazate,Drâa-Tafilalet,Non,,,,Aucune mention trouvee dans les sources fournies
Allyène,Fahs-Anjra,Tanger-Tétouan-Al Hoceïma,Non,,,,Aucune mention trouvee dans les sources fournies
Almis Marmoucha,Boulemane,Fès-Meknès,Non,,,,Aucune mention trouvee dans les sources fournies
Alnif,Tinghir,Drâa-Tafilalet,Non,,,,Aucune mention trouvee dans les sources fournies
Amalou,Taroudant,Souss-Massa,Non,,,,Aucune mention trouvee dans les sources fournies
Amejjaou,Driouch,Oriental,Non,,,,Aucune mention trouvee dans les sources fournies
Amellagou,Errachidia,Drâa-Tafilalet,Non,,,,Aucune mention trouvee dans les sources fournies
Amersid,Midelt,Drâa-Tafilalet,Non,,,,Aucune mention trouvee dans les sources fournies
Amerzgane,Ouarzazate,Drâa-Tafilalet,Non,,,,Aucune mention trouvee dans les sources fournies
Ameur,Salé,Rabat-Salé-Kénitra,Oui,2012;2016,10.1186_1756-3305-5-51.pdf | 1756-3305-5-51.pdf | https://www.ncbi.nlm.nih.gov/pmc/?term=phlebotomus+sergenti+morocco,"1 RESEARCH Open Access Insecticide susceptibility status of Phlebotomus (Paraphlebotomus) sergenti and Phlebotomus (Phlebotomus) papatasi in endemic foci of cutaneous leishmaniasis in Morocco Chafika Faraj1*, Souad Ouahabi1, El Bachir Adlaoui1, Mohammed El Elkohli1, Lhousseine Lakraa1, Mohammed El Rhazi1 and Btissam Ameur2 Abstract Background: In Morocco, cutaneous leishmaniasis is transmitted by Phlebotomus sergenti and Ph. papatasi. Vector control is mainly based on environmental management but indoor residual spraying with synthetic pyrethroids is applied in many foci of Leishmania tropica. However, the levels and distribution of sandfly susceptibility to insecticides currently used has n",
Ameur Chamalia,Sidi Slimane,Rabat-Salé-Kénitra,Non,,,,Aucune mention trouvee dans les sources fournies
Ameur Seflia,Kénitra,Rabat-Salé-Kénitra,Non,,,,Aucune mention trouvee dans les sources fournies
Amgala,Es-Semara,Laâyoune-Sakia El Hamra,Non,,,,Aucune mention trouvee dans les sources fournies
Amghras,Al Haouz,Marrakech-Safi,Non,,,,Aucune mention trouvee dans les sources fournies
Amizmiz,Al Haouz,Marrakech-Safi,Non,,,,Aucune mention trouvee dans les sources fournies
Ammelne,Chtouka-Aït Baha,Souss-Massa,Non,,,,Aucune mention trouvee dans les sources fournies
Amouguer,Midelt,Drâa-Tafilalet,Non,,,,Aucune mention trouvee dans les sources fournies
Amskroud,Inezgane-Aït Melloul,Souss-Massa,Non,,,,Aucune mention trouvee dans les sources fournies
Amtar,Chefchaouen,Tanger-Tétouan-Al Hoceïma,Non,,,,Aucune mention trouvee dans les sources fournies
Amtdi,Assa-Zag,Guelmim-Oued Noun,Non,,,,Aucune mention trouvee dans les sources fournies
Anemzi,Khénifra,Béni Mellal-Khénifra,Non,,,,Aucune mention trouvee dans les sources fournies
Anergui,Béni Mellal,Béni Mellal-Khénifra,Oui,,zouirech2018.pdf,ongicuspis 43 10 16 11 59 21 3 17.17 P. perniciosus 51 3 1 1 52 4 13 12.02 S.minuta 8 1 0 0 8 1 8 1.93 P. chabaudi 1 0 0 0 1 0 0.21 Total 308 83 47 28 355 111 3 100 M:Male;F:Femelle Tableau 2.Re´partition des espe`cesde phle´botomesen fonctiondes localite´sdecapture. Table 2.Distribution ofsandfly speciesaccording tolocalitionss. Localite´ Lataren Ait-sri Waariane Issouka Timoulilt (Pam) [33˚11’N6˚34’O] [32˚3’N6˚45’O] [32˚10’N 6˚40’O] [32˚12’N6˚39’O] [32˚12’N6˚28’O] Altitude (m) 600 714 1057 1290 596 P. Sergenti 74 50 26 62 32 P. longicuspis 18 20 6 15 11 P. papatasi 11 33 10 18 14 P. perniciosus 22 5 0 27 2 S.minuta 2 0 0 0 7 P. chabaudi 0 1 0 0 0 Total 127 109 42 122 66 Afouna Inventaire e,
Anezi,Tiznit,Souss-Massa,Non,,,,Aucune mention trouvee dans les sources fournies
Anfeg,Tiznit,Souss-Massa,Non,,,,Aucune mention trouvee dans les sources fournies
Anjra,Fahs-Anjra,Tanger-Tétouan-Al Hoceïma,Non,,,,Aucune mention trouvee dans les sources fournies
Anougal,Al Haouz,Marrakech-Safi,Non,,,,Aucune mention trouvee dans les sources fournies
Anzou,El Kelâa des Sraghna,Marrakech-Safi,Non,,,,Aucune mention trouvee dans les sources fournies
Aoufous,Errachidia,Drâa-Tafilalet,Non,,,,Aucune mention trouvee dans les sources fournies
Aouguenz,Chtouka-Aït Baha,Souss-Massa,Non,,,,Aucune mention trouvee dans les sources fournies
Aouint Lahna,Assa-Zag,Guelmim-Oued Noun,Non,,,,Aucune mention trouvee dans les sources fournies
Aouint Yghomane,Guelmim,Guelmim-Oued Noun,Non,,,,Aucune mention trouvee dans les sources fournies
Aoulouz,Taroudant,Souss-Massa,Non,,,,Aucune mention trouvee dans les sources fournies
Aourir,Agadir-Ida Ou Tanane,Souss-Massa,Non,,,,Aucune mention trouvee dans les sources fournies
Aousserd,Aousserd,Dakhla-Oued Ed-Dahab,Non,,,,Aucune mention trouvee dans les sources fournies
Aqesri,Agadir-Ida Ou Tanane,Souss-Massa,Non,,,,Aucune mention trouvee dans les sources fournies
Aquermoud,Essaouira,Marrakech-Safi,Non,,,,Aucune mention trouvee dans les sources fournies
Aquouass Briech,Tanger-Assilah,Tanger-Tétouan-Al Hoceïma,Non,,,,Aucune mention trouvee dans les sources fournies
Arazane,Taroudant,Souss-Massa,Non,,,,Aucune mention trouvee dans les sources fournies
Arbaa Aït Abdellah,Sidi Ifni,Guelmim-Oued Noun,Non,,,,Aucune mention trouvee dans les sources fournies
Arbaa Aït Ahmed,Chtouka-Aït Baha,Souss-Massa,Non,,,,Aucune mention trouvee dans les sources fournies
Arbaa Rasmouka,Tiznit,Souss-Massa,Non,,,,Aucune mention trouvee dans les sources fournies
Arbaa Sahel,Tiznit,Souss-Massa,Non,,,,Aucune mention trouvee dans les sources fournies
Arbaa Taourirt,Al Hoceïma,Tanger-Tétouan-Al Hoceïma,Non,,,,Aucune mention trouvee dans les sources fournies
Arbaoua,Larache,Tanger-Tétouan-Al Hoceïma,Oui,2008;2011,insects-15-00846.pdf,"1976 Itzer NA Midelt Center Humans [38] (Nt-Ab) 1600maltitude, BabBesen Chaouen North Humid 600maltitude, Chaouen Chaouen North Sub-humid 400maltitude, Rodents SFSV 1979 Talembote Chaouen North 9.4%(IgG) [51] Semi-arid Insectivora 130maltitude, Morocco Arbaoua Kenitra North Sub-humid 200maltitude, Asilah Tanger North Sub-humid 338,319latitude, TOSV 2008 Louata 4828longitude, Sefrou North Ph.perniciosus 4/129 [48] 800maltitude 31◦31′11′′N, TOSV 2011 ElHanchane 9◦26′02′′W Essaouira Center Ph.sergenti NA [49] NA NA Azilal Center Ph.sergenti NA TOSV 2008–2011 [30] NA NA Sefrou North Ph.longicuspis NA Insects2024,15,846 15of22 Table1.Cont. Country Virus Year Area SiteFactors Governorate Region Po",
Arekmane,Nador,Oriental,Non,,,,Aucune mention trouvee dans les sources fournies
Argana,Taroudant,Souss-Massa,Non,,,,Aucune mention trouvee dans les sources fournies
Asjen,Ouezzane,Tanger-Tétouan-Al Hoceïma,Non,,,,Aucune mention trouvee dans les sources fournies
Askaouen,Al Haouz,Marrakech-Safi,Non,,,,Aucune mention trouvee dans les sources fournies
Asni,Al Haouz,Marrakech-Safi,Non,,,,Aucune mention trouvee dans les sources fournies
Asrir,Guelmim,Guelmim-Oued Noun,Non,,,,Aucune mention trouvee dans les sources fournies
Assa,Assa-Zag,Guelmim-Oued Noun,Oui,1998;2000;2002;2004;2008;2011;2013;2014;2015;2016;2018;2022,1-s2.0-S0001706X08002052-main.pdf | 1-s2.0-S0001706X21001844-main.pdf | 1-s2.0-S0020751902000887-main.pdf | 10.1051_parasite_2024057.pdf | 10.1186_1756-3305-5-51.pdf | 10.1186_1756-3305-7-305.pdf | 10.1186_s13071-025-06771-6.pdf | 10.1371_journal.pntd.0003687.pdf | 13071_2025_Article_6771.pdf | 1756-3305-5-51.pdf | TSWJ2022-5098005.pdf | a.pdf | d.pdf | e.pdf | insects-15-00846.pdf | parasite-31-57.pdf | pntd.0003687.pdf,"94%), and Ph. riouxi (6.52%). The males outnumbered the (20 (cid:3) 20 cm) disposed on walls inside the different DS. 30 females(133$/342#)andtherefore,thesexratiowasfavorable sticky papers were used on each trapping night in the DS towards all male species except for Sergentomyia fallax. concerned. Twelve engorged females were found, with the dominance of Trapping was carried out from April 1 to November 30, Phlebotomus sergenti (10/12). 2022 with two successive sampling nights per month and DS. The traps and sticky papers were functional from 6 pm to Seasonal occurrence, diversity, and species 10am.ThecollectedinsectsweresentdirectlytotheParasitol- richness of collected arthropods ogy and ",
Assads,Taroudant,Souss-Massa,Non,,,,Aucune mention trouvee dans les sources fournies
Assahrij,El Kelâa des Sraghna,Marrakech-Safi,Non,,,,Aucune mention trouvee dans les sources fournies
Assais,Taroudant,Souss-Massa,Non,,,,Aucune mention trouvee dans les sources fournies
Assaisse,Ouarzazate,Drâa-Tafilalet,Non,,,,Aucune mention trouvee dans les sources fournies
Assaki,Al Haouz,Marrakech-Safi,Non,,,,Aucune mention trouvee dans les sources fournies
Assebbab,Guercif,Oriental,Non,,,,Aucune mention trouvee dans les sources fournies
Assif El Mal,Chichaoua,Marrakech-Safi,Non,,,,Aucune mention trouvee dans les sources fournies
Assilah,Larache,Tanger-Tétouan-Al Hoceïma,Non,,,,Aucune mention trouvee dans les sources fournies
Assoul,Tinghir,Drâa-Tafilalet,Non,,,,Aucune mention trouvee dans les sources fournies
Atiamim,Youssoufia,Marrakech-Safi,Non,,,,Aucune mention trouvee dans les sources fournies
Atouabet,Safi,Marrakech-Safi,Non,,,,Aucune mention trouvee dans les sources fournies
Ayacha,Larache,Tanger-Tétouan-Al Hoceïma,Non,,,,Aucune mention trouvee dans les sources fournies
Ayir,Safi,Marrakech-Safi,Non,,,,Aucune mention trouvee dans les sources fournies
Azaghar N'Irs,Tata,Souss-Massa,Non,,,,Aucune mention trouvee dans les sources fournies
Azemmour,El Jadida,Casablanca-Settat,Non,,,,Aucune mention trouvee dans les sources fournies
Azghar,Sidi Slimane,Rabat-Salé-Kénitra,Non,,,,Aucune mention trouvee dans les sources fournies
Azgour,Al Haouz,Marrakech-Safi,Non,,,,Aucune mention trouvee dans les sources fournies
Aziar,Agadir-Ida Ou Tanane,Souss-Massa,Non,,,,Aucune mention trouvee dans les sources fournies
Azilal,Azilal,Béni Mellal-Khénifra,Oui,1980;1984;1986;1989;1990;1991;1997;1999;2001;2002;2003;2004;2005;2006;2007;2008;2009;2010;2011;2013;2015;2016;2018;2019;2022;2023,1-s2.0-S0001706X13000727-main (1).pdf | 1-s2.0-S0001706X13000727-main.pdf | 1-s2.0-S0001706X21001844-main.pdf | 1-s2.0-S1876034122000624-main.pdf | 10.1186_1756-3305-5-51.pdf | 10.1186_1756-3305-6-217.pdf | 10.1371_journal.pntd.0003687.pdf | 10.1371_journal.pntd.0010009.pdf | 13071_2015_Article_826.pdf | 1756-3305-5-51.pdf | 1756-3305-6-217.pdf | JAD-17-36.pdf | PRI2015-438749.pdf | TSWJ2023-4628625.pdf | a.pdf | b.pdf | boussaa2009.pdf | boussaa2010.pdf | e.pdf | es-sette2016.pdf | https://www.ncbi.nlm.nih.gov/pmc/?term=phlebotomus+sergenti+morocco | insects-15-00846.pdf | microorganisms-08-01511.pdf | nordphleb.pdf | pntd.0003687.pdf | pntd.0010009.pdf | tjac116.pdf | zouirech2018.pdf,"and KDT90) values. Results: Study results showed that Ph.sergenti and Ph. papatasi were susceptible to all insecticides tested. Comparison of KDT values showed a clear difference between the insecticide knockdown effect in studied villages. This effect was lower in areas subject to high selective public health insecticide pressure in the framework of malaria or leishmaniasis control. Conclusion: Phlebotomus sergenti and Ph. papatasi are susceptible to the insecticides tested in the seven studied villages but they showed a low knockdown effect in Azilal, Chichaoua and Settat. Therefore, a study of insecticide susceptibility of these vectors in other foci of leishmaniasis is recommended and th",
Azla,Tétouan,Tanger-Tétouan-Al Hoceïma,Non,,,,Aucune mention trouvee dans les sources fournies
Aznaguen,Tata,Souss-Massa,Non,,,,Aucune mention trouvee dans les sources fournies
Azrar,Tata,Souss-Massa,Non,,,,Aucune mention trouvee dans les sources fournies
Azrou,Ifrane,Fès-Meknès,Oui,2011;2012,tropmed-94-679.pdf,"estimatesreflect cant (IRR 0.91 per 10% increase in LLIN usage, 95% CI = community level protection offered rather than individual 0.75–1.11, P = 0.32). protection based on living in a house which was sprayed or Sandflyabundance.During2yearsofcapture(2011–2012), ownedandusedLLINs. 10,325 sand flies were collected in 11 sites. Eleven different The costs of the interventions were largely related to the sandfly species were identified: Ph. sergenti, Ph. longicuspis, distributionofthecommoditiesthemselves(IRS:95%delivery, Ph. perniciousis, Ph. papatasi, Ph. ariasi, Ph. chabaudi, 5%commodity;LLINs:85%delivery,15%commodity).The Ph. alexandri, Sergentomyia minuta, S. fallax, S. dreyfusi, and actual",
Azzaba,Sefrou,Fès-Meknès,Non,,,,Aucune mention trouvee dans les sources fournies
Azzinate,Tanger-Assilah,Tanger-Tétouan-Al Hoceïma,Non,,,,Aucune mention trouvee dans les sources fournies
Aïn Attig,Skhirate-Témara,Rabat-Salé-Kénitra,Non,,,,Aucune mention trouvee dans les sources fournies
Aïn Aïcha,Taounate,Fès-Meknès,Non,,,,Aucune mention trouvee dans les sources fournies
Aïn Béida,Ouezzane,Tanger-Tétouan-Al Hoceïma,Non,,,,Aucune mention trouvee dans les sources fournies
Aïn Chouater,Errachidia,Drâa-Tafilalet,Non,,,,Aucune mention trouvee dans les sources fournies
Aïn Leuh,Ifrane,Fès-Meknès,Non,,,,Aucune mention trouvee dans les sources fournies
Aïn Orma,Meknès,Fès-Meknès,Non,,,,Aucune mention trouvee dans les sources fournies
Aïn Reggada,Berkane,Oriental,Non,,,,Aucune mention trouvee dans les sources fournies
Aïn Zohra,Driouch,Oriental,Non,,,,Aucune mention trouvee dans les sources fournies
Aït Abbas,Azilal,Béni Mellal-Khénifra,Non,,,,Aucune mention trouvee dans les sources fournies
Aït Bourzouine,El Hajeb,Fès-Meknès,Oui,,TSWJ2023-4628625.pdf,"N °02 N'0°43 N'04°33 N'02°33 N'0°43 N'04°33 N'02°33 5°40'W 5°20'W 5°40'W 5°20'W N °53 N °03 N °52 N °02 TeScientifcWorldJournal 3 15° W 10° W 5° W N W E S Sabaa Aiyoun Laqsir 10° W 5° W Ras Ijerri A it Yaazem Ait Harz Allah Bitit Ras Ijerri Ouikhalfen Agourai Ait Bourzouine Iqaddar Ait Naam ane Ait Jahjouh Tamchachate Figure1:Mapshowingthe sandfy collectionstationsin ElHajeb [10]. 4 TeScientifcWorldJournal a fundamental step for the vector control activities and the P. papatasi, P. bergeroti, P. sergenti, P. alexandri, prevention of these diseases, specifcally the severe forms P.longicuspis,P.perniciosus,P.ariasi,S.minuta,S.schwetzi, thatthreatenhumansanddogs[21].Itisinthisperspective S. fal",
Aït Elfarsi,Tinghir,Drâa-Tafilalet,Non,,,,Aucune mention trouvee dans les sources fournies
Aït Hani,Tinghir,Drâa-Tafilalet,Non,,,,Aucune mention trouvee dans les sources fournies
Aït Ishaq,Khénifra,Béni Mellal-Khénifra,Non,,,,Aucune mention trouvee dans les sources fournies
Aït Kamra,Al Hoceïma,Tanger-Tétouan-Al Hoceïma,Non,,,,Aucune mention trouvee dans les sources fournies
Aït Majden,Azilal,Béni Mellal-Khénifra,Oui,1999;2004;2008,boussaa2010.pdf,"bi et al., 1999; from the other end of the transect, in and Pesson et al., 2004; Boussaa et al., 2008a). around the Marrakech area. On the SANDFLIESOFSOUTHERNMOROCCO 169 Marrakech–Azilal transect, the most com- along both transects may help explain why mon Phlebotomus species were again known anthroponoticCLisrelativelywidespreadin vectors of leishmanial parasites — P. perni- Morocco, although it remains to be seen ciosus(12.4%)andP.sergenti(4.3%)—with whether all of the Moroccan sandflies most specimens of these two species being currently assigned to P. sergenti have similar caught in the Azilal area (in Ait Majden, epidemiological importance. The results of Tanant and Azilal city). the re",
Aït Seghrouchen,Sefrou,Fès-Meknès,Non,,,,Aucune mention trouvee dans les sources fournies
Aït Youssef Ou Ali,Al Hoceïma,Tanger-Tétouan-Al Hoceïma,Non,,,,Aucune mention trouvee dans les sources fournies
Bab Berred,Chefchaouen,Tanger-Tétouan-Al Hoceïma,Non,,,,Aucune mention trouvee dans les sources fournies
Bab Boudir,Taza,Fès-Meknès,Non,,,,Aucune mention trouvee dans les sources fournies
Bab Marzouka,Taza,Fès-Meknès,Non,,,,Aucune mention trouvee dans les sources fournies
Bab Taza,Chefchaouen,Tanger-Tétouan-Al Hoceïma,Non,,,,Aucune mention trouvee dans les sources fournies
Bab Tiouka,Sidi Kacem,Rabat-Salé-Kénitra,Non,,,,Aucune mention trouvee dans les sources fournies
Bahhara Oulad Ayad,Larache,Tanger-Tétouan-Al Hoceïma,Non,,,,Aucune mention trouvee dans les sources fournies
Barkine,Taza,Fès-Meknès,Non,,,,Aucune mention trouvee dans les sources fournies
Bejaad,Fquih Ben Salah,Béni Mellal-Khénifra,Non,,,,Aucune mention trouvee dans les sources fournies
Belfaa,Chtouka-Aït Baha,Souss-Massa,Non,,,,Aucune mention trouvee dans les sources fournies
Belyounech,M'diq-Fnideq,Tanger-Tétouan-Al Hoceïma,Non,,,,Aucune mention trouvee dans les sources fournies
Ben Ahmed,Khouribga,Béni Mellal-Khénifra,Non,,,,Aucune mention trouvee dans les sources fournies
Ben Guerir,Rehamna,Marrakech-Safi,Non,,,,Aucune mention trouvee dans les sources fournies
Ben Khlil,Tan-Tan,Guelmim-Oued Noun,Non,,,,Aucune mention trouvee dans les sources fournies
Ben Maachou,El Jadida,Casablanca-Settat,Non,,,,Aucune mention trouvee dans les sources fournies
Ben Mansour,Kénitra,Rabat-Salé-Kénitra,Non,,,,Aucune mention trouvee dans les sources fournies
Ben Smim,Ifrane,Fès-Meknès,Non,,,,Aucune mention trouvee dans les sources fournies
Ben Taïeb,Driouch,Oriental,Non,,,,Aucune mention trouvee dans les sources fournies
Beni Ansar,Nador,Oriental,Non,,,,Aucune mention trouvee dans les sources fournies
Beni Bechir,Taounate,Fès-Meknès,Non,,,,Aucune mention trouvee dans les sources fournies
Beni Chiker,Nador,Oriental,Non,,,,Aucune mention trouvee dans les sources fournies
Beni Ftah,Taza,Fès-Meknès,Non,,,,Aucune mention trouvee dans les sources fournies
Beni Malek,Ouezzane,Tanger-Tétouan-Al Hoceïma,Non,,,,Aucune mention trouvee dans les sources fournies
Beni Mellal,Béni Mellal,Béni Mellal-Khénifra,Oui,,JAD-17-36.pdf | b.pdf,"ateau, and the High and Middle Atlas Moun- similis Perfiliev, 1963 (10). Its distribution ex- tains (Fig. 1, Table 1). tends eastward into Iran, the former USSR, The climate is continental, with a wet sea- Pakistan, and India. Such geographic distribu- son (November to March) and a dry season tion vastly exceeds that of L. tropica (10). The (April to October). The annual average tem- genetic diversity of Ph. sergenti investigated perature is 18 °C but ranges from 2 °C to 40 with Internal Transcribed Spacer 2 (ITS2) rDNA °C. The temperatures recorded during the cap- and/or Cytochrome B (Cyt b) mtDNA light- ture period are given in Table 1. Precipitation ened the possibility of closely related",
Benslimane,Benslimane,Casablanca-Settat,Oui,1990;1991;1999;2006;2007,ramaoui2008.pdf,"um of CL transmission.ActaTrop97(3):346–351 cases was recorded in June. Guilvard E, Rioux JA, Gallego M, Pratlong F, Mahjour J, Martinez- Our entomological survey, the first one in this focus, Ortega E, Dereure J, Saddiki A, Martini A (1991) Leishmania allowed collecting 2,648 specimens belonging to eight tropicaauMarocIII-RôledePhlebotomussergenti.Aproposde 89isolats1.AnnParasitolHumComp66:96–99 species of sandflies. P. papatasi and P. sergenti, two Killick Kendrick R (1990) Phlebotomine vectors of leishmaniasis: a common vectors of CL (Killick-Kendrick 1990), were review.MedVetEntomol4:1–24 largely widespread. In this region of the High-Atlas LemraniM,NejjarN,BenslimaneA(1999)Anewfocusofcu",
Berkane,Berkane,Oriental,Non,,,,Aucune mention trouvee dans les sources fournies
Berrechid,Berrechid,Casablanca-Settat,Non,,,,Aucune mention trouvee dans les sources fournies
Bghaghza,Tétouan,Tanger-Tétouan-Al Hoceïma,Non,,,,Aucune mention trouvee dans les sources fournies
Bhalil,Sefrou,Fès-Meknès,Non,,,,Aucune mention trouvee dans les sources fournies
Bigoudine,Taroudant,Souss-Massa,Non,,,,Aucune mention trouvee dans les sources fournies
Bin El Ouidane,Azilal,Béni Mellal-Khénifra,Non,,,,Aucune mention trouvee dans les sources fournies
Biougra,Inezgane-Aït Melloul,Souss-Massa,Non,,,,Aucune mention trouvee dans les sources fournies
Bir Anzarane,Oued Ed-Dahab,Dakhla-Oued Ed-Dahab,Non,,,,Aucune mention trouvee dans les sources fournies
Bir Ennasr,Benslimane,Casablanca-Settat,Non,,,,Aucune mention trouvee dans les sources fournies
Bir Gandouz,Oued Ed-Dahab,Dakhla-Oued Ed-Dahab,Non,,,,Aucune mention trouvee dans les sources fournies
Bir Jdid,Nouaceur,Casablanca-Settat,Non,,,,Aucune mention trouvee dans les sources fournies
Bir Mezoui,Khouribga,Béni Mellal-Khénifra,Non,,,,Aucune mention trouvee dans les sources fournies
Bir Taleb,Sidi Kacem,Rabat-Salé-Kénitra,Non,,,,Aucune mention trouvee dans les sources fournies
Bir Tamtam,Sefrou,Fès-Meknès,Non,,,,Aucune mention trouvee dans les sources fournies
Bizdad,Essaouira,Marrakech-Safi,Non,,,,Aucune mention trouvee dans les sources fournies
Bleida,Zagora,Drâa-Tafilalet,Non,,,,Aucune mention trouvee dans les sources fournies
Bni Abdellah,Al Hoceïma,Tanger-Tétouan-Al Hoceïma,Non,,,,Aucune mention trouvee dans les sources fournies
Bni Ahmed Charqia,Chefchaouen,Tanger-Tétouan-Al Hoceïma,Non,,,,Aucune mention trouvee dans les sources fournies
Bni Ahmed Gharbia,Chefchaouen,Tanger-Tétouan-Al Hoceïma,Non,,,,Aucune mention trouvee dans les sources fournies
Bni Ahmed Imoukzan,Taounate,Fès-Meknès,Non,,,,Aucune mention trouvee dans les sources fournies
Bni Ammart,Taounate,Fès-Meknès,Non,,,,Aucune mention trouvee dans les sources fournies
Bni Arouss,Tétouan,Tanger-Tétouan-Al Hoceïma,Non,,,,Aucune mention trouvee dans les sources fournies
Bni Ayat,Azilal,Béni Mellal-Khénifra,Non,,,,Aucune mention trouvee dans les sources fournies
Bni Bataou,Béni Mellal,Béni Mellal-Khénifra,Non,,,,Aucune mention trouvee dans les sources fournies
Bni Bouayach,Al Hoceïma,Tanger-Tétouan-Al Hoceïma,Non,,,,Aucune mention trouvee dans les sources fournies
Bni Bouchibet,Taounate,Fès-Meknès,Non,,,,Aucune mention trouvee dans les sources fournies
Bni Boufrah,Al Hoceïma,Tanger-Tétouan-Al Hoceïma,Non,,,,Aucune mention trouvee dans les sources fournies
Bni Bouifrou,Nador,Oriental,Non,,,,Aucune mention trouvee dans les sources fournies
Bni Bounsar,Taounate,Fès-Meknès,Non,,,,Aucune mention trouvee dans les sources fournies
Bni Bouzra,Chefchaouen,Tanger-Tétouan-Al Hoceïma,Non,,,,Aucune mention trouvee dans les sources fournies
Bni Chegdale,Fquih Ben Salah,Béni Mellal-Khénifra,Non,,,,Aucune mention trouvee dans les sources fournies
Bni Darkoul,Chefchaouen,Tanger-Tétouan-Al Hoceïma,Non,,,,Aucune mention trouvee dans les sources fournies
Bni Drar,Oujda-Angad,Oriental,Non,,,,Aucune mention trouvee dans les sources fournies
Bni Faghloum,Chefchaouen,Tanger-Tétouan-Al Hoceïma,Non,,,,Aucune mention trouvee dans les sources fournies
Bni Frassen,Taounate,Fès-Meknès,Non,,,,Aucune mention trouvee dans les sources fournies
Bni Garfett,Larache,Tanger-Tétouan-Al Hoceïma,Non,,,,Aucune mention trouvee dans les sources fournies
Bni Gmil,Al Hoceïma,Tanger-Tétouan-Al Hoceïma,Non,,,,Aucune mention trouvee dans les sources fournies
Bni Gmil Maksouline,Taounate,Fès-Meknès,Non,,,,Aucune mention trouvee dans les sources fournies
Bni Guil,Figuig,Oriental,Non,,,,Aucune mention trouvee dans les sources fournies
Bni Hadifa,Al Hoceïma,Tanger-Tétouan-Al Hoceïma,Non,,,,Aucune mention trouvee dans les sources fournies
Bni Harchen,Tétouan,Tanger-Tétouan-Al Hoceïma,Non,,,,Aucune mention trouvee dans les sources fournies
Bni Hassane,Azilal,Béni Mellal-Khénifra,Non,,,,Aucune mention trouvee dans les sources fournies
Bni Hilal,Sidi Bennour,Casablanca-Settat,Non,,,,Aucune mention trouvee dans les sources fournies
Bni Idder,Tétouan,Tanger-Tétouan-Al Hoceïma,Non,,,,Aucune mention trouvee dans les sources fournies
Bni Karrich,Tétouan,Tanger-Tétouan-Al Hoceïma,Non,,,,Aucune mention trouvee dans les sources fournies
Bni Khaled,Oujda-Angad,Oriental,Non,,,,Aucune mention trouvee dans les sources fournies
Bni Khloug,Settat,Casablanca-Settat,Non,,,,Aucune mention trouvee dans les sources fournies
Bni Leit,Chefchaouen,Tanger-Tétouan-Al Hoceïma,Non,,,,Aucune mention trouvee dans les sources fournies
Bni Lent,Taza,Fès-Meknès,Non,,,,Aucune mention trouvee dans les sources fournies
Bni M'Hamed Sijelmassa,Errachidia,Drâa-Tafilalet,Non,,,,Aucune mention trouvee dans les sources fournies
Bni Mansour,Chefchaouen,Tanger-Tétouan-Al Hoceïma,Non,,,,Aucune mention trouvee dans les sources fournies
Bni Marghnine,Driouch,Oriental,Non,,,,Aucune mention trouvee dans les sources fournies
Bni Mathar,Jerada,Oriental,Non,,,,Aucune mention trouvee dans les sources fournies
Bni Oual,Ouezzane,Tanger-Tétouan-Al Hoceïma,Non,,,,Aucune mention trouvee dans les sources fournies
Bni Oukil,Fquih Ben Salah,Béni Mellal-Khénifra,Non,,,,Aucune mention trouvee dans les sources fournies
Bni Oukil Oulad M'Hand,Nador,Oriental,Non,,,,Aucune mention trouvee dans les sources fournies
Bni Oulid,Taounate,Fès-Meknès,Non,,,,Aucune mention trouvee dans les sources fournies
Bni Ounjel Tafraout,Taounate,Fès-Meknès,Non,,,,Aucune mention trouvee dans les sources fournies
Bni Quolla,Ouezzane,Tanger-Tétouan-Al Hoceïma,Non,,,,Aucune mention trouvee dans les sources fournies
Bni Rzine,Taounate,Fès-Meknès,Non,,,,Aucune mention trouvee dans les sources fournies
Bni Said,Tétouan,Tanger-Tétouan-Al Hoceïma,Non,,,,Aucune mention trouvee dans les sources fournies
Bni Salah,Chefchaouen,Tanger-Tétouan-Al Hoceïma,Non,,,,Aucune mention trouvee dans les sources fournies
Bni Selmane,Chefchaouen,Tanger-Tétouan-Al Hoceïma,Non,,,,Aucune mention trouvee dans les sources fournies
Bni Sidel Jbel,Nador,Oriental,Non,,,,Aucune mention trouvee dans les sources fournies
Bni Sidel Louta,Nador,Oriental,Non,,,,Aucune mention trouvee dans les sources fournies
Bni Smih,Chefchaouen,Tanger-Tétouan-Al Hoceïma,Non,,,,Aucune mention trouvee dans les sources fournies
Bni Smir,Fquih Ben Salah,Béni Mellal-Khénifra,Non,,,,Aucune mention trouvee dans les sources fournies
Bni Snous,Moulay Yacoub,Fès-Meknès,Non,,,,Aucune mention trouvee dans les sources fournies
Bni Tadjite,Errachidia,Drâa-Tafilalet,Non,,,,Aucune mention trouvee dans les sources fournies
Bni Tsiriss,Sidi Bennour,Casablanca-Settat,Non,,,,Aucune mention trouvee dans les sources fournies
Bni Yagrine,Settat,Casablanca-Settat,Non,,,,Aucune mention trouvee dans les sources fournies
Bni Yakhlef,Mohammedia,Casablanca-Settat,Non,,,,Aucune mention trouvee dans les sources fournies
Bni Ykhlef,Khouribga,Béni Mellal-Khénifra,Non,,,,Aucune mention trouvee dans les sources fournies
Bni Zoli,Zagora,Drâa-Tafilalet,Non,,,,Aucune mention trouvee dans les sources fournies
Bni Zrantel,Béni Mellal,Béni Mellal-Khénifra,Non,,,,Aucune mention trouvee dans les sources fournies
Bou Azmou,Tinghir,Drâa-Tafilalet,Non,,,,Aucune mention trouvee dans les sources fournies
Bou Fekrane,El Hajeb,Fès-Meknès,Non,,,,Aucune mention trouvee dans les sources fournies
Bou Jedyane,Ouezzane,Tanger-Tétouan-Al Hoceïma,Non,,,,Aucune mention trouvee dans les sources fournies
Bouabout,Chichaoua,Marrakech-Safi,Non,,,,Aucune mention trouvee dans les sources fournies
Bouabout Amdlane,Chichaoua,Marrakech-Safi,Non,,,,Aucune mention trouvee dans les sources fournies
Bouadel,Taounate,Fès-Meknès,Non,,,,Aucune mention trouvee dans les sources fournies
Bouanane,Figuig,Oriental,Non,,,,Aucune mention trouvee dans les sources fournies
Bouarfa,Figuig,Oriental,Non,,,,Aucune mention trouvee dans les sources fournies
Bouarg,Nador,Oriental,Non,,,,Aucune mention trouvee dans les sources fournies
Bouarouss,Taounate,Fès-Meknès,Non,,,,Aucune mention trouvee dans les sources fournies
Bouchabel,Moulay Yacoub,Fès-Meknès,Non,,,,Aucune mention trouvee dans les sources fournies
Bouchane,Youssoufia,Marrakech-Safi,Non,,,,Aucune mention trouvee dans les sources fournies
Bouchaouene,Guercif,Oriental,Non,,,,Aucune mention trouvee dans les sources fournies
Bouchfaa,Taza,Fès-Meknès,Non,,,,Aucune mention trouvee dans les sources fournies
Boudinar,Al Hoceïma,Tanger-Tétouan-Al Hoceïma,Non,,,,Aucune mention trouvee dans les sources fournies
Boudnib,Errachidia,Drâa-Tafilalet,Non,,,,Aucune mention trouvee dans les sources fournies
Boughriba,Berkane,Oriental,Non,,,,Aucune mention trouvee dans les sources fournies
Bouguargouh,Settat,Casablanca-Settat,Non,,,,Aucune mention trouvee dans les sources fournies
Bouguedra,Safi,Marrakech-Safi,Non,,,,Aucune mention trouvee dans les sources fournies
Bouhlou,Taza,Fès-Meknès,Non,,,,Aucune mention trouvee dans les sources fournies
Bouhmame,Sidi Bennour,Casablanca-Settat,Non,,,,Aucune mention trouvee dans les sources fournies
Bouhouda,Taounate,Fès-Meknès,Non,,,,Aucune mention trouvee dans les sources fournies
Bouizakarne,Guelmim,Guelmim-Oued Noun,Non,,,,Aucune mention trouvee dans les sources fournies
Boujdour,Boujdour,Laâyoune-Sakia El Hamra,Non,,,,Aucune mention trouvee dans les sources fournies
Boujniba,Khouribga,Béni Mellal-Khénifra,Non,,,,Aucune mention trouvee dans les sources fournies
Boukhrisse,Béni Mellal,Béni Mellal-Khénifra,Non,,,,Aucune mention trouvee dans les sources fournies
Boukraa,Laâyoune,Laâyoune-Sakia El Hamra,Non,,,,Aucune mention trouvee dans les sources fournies
Boulanouare,Khouribga,Béni Mellal-Khénifra,Non,,,,Aucune mention trouvee dans les sources fournies
Boulaouane,Sidi Bennour,Casablanca-Settat,Non,,,,Aucune mention trouvee dans les sources fournies
Boulemane,Boulemane,Fès-Meknès,Non,,,,Aucune mention trouvee dans les sources fournies
Boumaiz,Sidi Slimane,Rabat-Salé-Kénitra,Non,,,,Aucune mention trouvee dans les sources fournies
Boumalne Dadès,Tinghir,Drâa-Tafilalet,Non,,,,Aucune mention trouvee dans les sources fournies
Boumerieme,Midelt,Drâa-Tafilalet,Non,,,,Aucune mention trouvee dans les sources fournies
Boumia,Midelt,Drâa-Tafilalet,Non,,,,Aucune mention trouvee dans les sources fournies
Bounaamane,Tiznit,Souss-Massa,Non,,,,Aucune mention trouvee dans les sources fournies
Bounrar,Taroudant,Souss-Massa,Non,,,,Aucune mention trouvee dans les sources fournies
Bouqachmir,Khemisset,Rabat-Salé-Kénitra,Non,,,,Aucune mention trouvee dans les sources fournies
Bourd,Al Hoceïma,Tanger-Tétouan-Al Hoceïma,Non,,,,Aucune mention trouvee dans les sources fournies
Bourrous,Marrakech,Marrakech-Safi,Non,,,,Aucune mention trouvee dans les sources fournies
Bouskoura,Nouaceur,Casablanca-Settat,Non,,,,Aucune mention trouvee dans les sources fournies
Boutferda,Béni Mellal,Béni Mellal-Khénifra,Oui,,zouirech2018.pdf,ongicuspis 43 10 16 11 59 21 3 17.17 P. perniciosus 51 3 1 1 52 4 13 12.02 S.minuta 8 1 0 0 8 1 8 1.93 P. chabaudi 1 0 0 0 1 0 0.21 Total 308 83 47 28 355 111 3 100 M:Male;F:Femelle Tableau 2.Re´partition des espe`cesde phle´botomesen fonctiondes localite´sdecapture. Table 2.Distribution ofsandfly speciesaccording tolocalitionss. Localite´ Lataren Ait-sri Waariane Issouka Timoulilt (Pam) [33˚11’N6˚34’O] [32˚3’N6˚45’O] [32˚10’N 6˚40’O] [32˚12’N6˚39’O] [32˚12’N6˚28’O] Altitude (m) 600 714 1057 1290 596 P. Sergenti 74 50 26 62 32 P. longicuspis 18 20 6 15 11 P. papatasi 11 33 10 18 14 P. perniciosus 22 5 0 27 2 S.minuta 2 0 0 0 7 P. chabaudi 0 1 0 0 0 Total 127 109 42 122 66 Afouna Inventaire e,
Boutrouch,Tiznit,Souss-Massa,Non,,,,Aucune mention trouvee dans les sources fournies
Bouya Omar,El Kelâa des Sraghna,Marrakech-Safi,Non,,,,Aucune mention trouvee dans les sources fournies
Bouyablane,Taza,Fès-Meknès,Non,,,,Aucune mention trouvee dans les sources fournies
Bouzemmour,Essaouira,Marrakech-Safi,Non,,,,Aucune mention trouvee dans les sources fournies
Bouzeroual,Zagora,Drâa-Tafilalet,Non,,,,Aucune mention trouvee dans les sources fournies
Bouznika,Benslimane,Casablanca-Settat,Non,,,,Aucune mention trouvee dans les sources fournies
Brachoua,Skhirate-Témara,Rabat-Salé-Kénitra,Non,,,,Aucune mention trouvee dans les sources fournies
Braksa,Khouribga,Béni Mellal-Khénifra,Non,,,,Aucune mention trouvee dans les sources fournies
Brarha,Taounate,Fès-Meknès,Non,,,,Aucune mention trouvee dans les sources fournies
Brikcha,Ouezzane,Tanger-Tétouan-Al Hoceïma,Non,,,,Aucune mention trouvee dans les sources fournies
Bzou,El Kelâa des Sraghna,Marrakech-Safi,Oui,1991;2015;2017;2023,JAD-17-36.pdf | JPR2020-6495108.pdf | b.pdf,"ng ones. The section, the wing's size measured is presented student t-test are; Bzou (t= -10,626), Foum Ja- in Supplementary data Table 3. Overall, in maa (t= -23,531), Tiski (t= -4,281), Ksiba (t= males, the length of the right wings is -10,747). 2137.01±124.05µm, the width is 738.17±69.78 As for results from the descriptive analy- µm, and the CS is 3236.79±160.66µm. sis, canonical analyses of the size and shape The shape of Ph. sergenti wings is charac- of Ph. sergenti wings, illustrated in figure 5, terized by seven distances: α, β, δ, ɛ, ɵ, π, and point to substantial variation according to the γ (Supplementary data Table 4). The wing wings' geographical origin (sampling site). Ca- shape",
Casablanca,Casablanca,Casablanca-Settat,Oui,2013;2015,1-s2.0-S0001706X21001844-main.pdf | 10.1111@tbed.12914.pdf | 10.1186_1756-3305-7-305.pdf | 10.1371_journal.pntd.0003687.pdf | a.pdf | d.pdf | e.pdf | pntd.0003687.pdf,"ake P. longicuspis the putative vector of L.infantumin this cutaneous leishmaniasis focus where L. tropicais confirmedas thecausative agent of thedisease and P. sergentias itsvector. The presence ofL. infantum, and itspresumed vector inthis area, makes this a site of highrisk ofvisceral leishmaniasis, mostly because of the proximity of a focus of human and canine visceral leishmaniasis. Keywords: P. sergenti,P. longicuspis,L. tropica,L. infantum,Cutaneous leishmaniasis, Blood meal, Morocco *Correspondence:meryem.lemrani@gmail.com 1LaboratoiredeParasitologieetMaladiesVectorielles,InstitutPasteurdu Maroc,1PlaceLouisPasteur,20360Casablanca,Morocco Fulllistofauthorinformationisavailableattheendo",
Ceuta,M'diq-Fnideq,Tanger-Tétouan-Al Hoceïma,Non,,,,Aucune mention trouvee dans les sources fournies
Chahda,Safi,Marrakech-Safi,Non,,,,Aucune mention trouvee dans les sources fournies
Chaibate,El Jadida,Casablanca-Settat,Non,,,,Aucune mention trouvee dans les sources fournies
Chakran,Al Hoceïma,Tanger-Tétouan-Al Hoceïma,Non,,,,Aucune mention trouvee dans les sources fournies
Charqaoua,Moulay Yacoub,Fès-Meknès,Non,,,,Aucune mention trouvee dans les sources fournies
Chbanate,Sidi Kacem,Rabat-Salé-Kénitra,Non,,,,Aucune mention trouvee dans les sources fournies
Chbika,Tan-Tan,Guelmim-Oued Noun,Non,,,,Aucune mention trouvee dans les sources fournies
Chefchaouen,Chefchaouen,Tanger-Tétouan-Al Hoceïma,Oui,1981;1984;1991;1994;1995;1999;2004;2008,boussaa2009.pdf,"sspeciescaught,Phlebotomuspapatasi (13.3% of the total collection), P. sergenti (12.8%) and P. perniciosus (12.8%) were predominant, followed by P. longicuspis(7.9%),P.ariasi(2.6%)andP.alexandri(1.1%).AlltheothersandflieswereSergentomyiafallax(24.2%),S. minuta(22.0%)orS.dreyfussi(3.4%).Thedistributionofthesespeciesamongthemanybiotopes,atvaryingaltitudes (667–1772m),isdiscussed. WhenthevariabilityoftheP.sergentipopulationsinOurikaandRhmateandthoseattwositesinnorthernMorocco (TaounateandChefchaouene)wasinvestigatedbyiso-enzymeanalysis,sevenpolymorphicloci(PGI,PGM,HK, MDH1,ME,6PGDandACO)wereidentified.NoneoftheinvestigatedpopulationsofP.sergentiwasinHardy– Weinbergequilibriumforallthepolymorphi",
Chellalate,Mohammedia,Casablanca-Settat,Non,,,,Aucune mention trouvee dans les sources fournies
Cherrat,Benslimane,Casablanca-Settat,Non,,,,Aucune mention trouvee dans les sources fournies
Chichaoua,Chichaoua,Marrakech-Safi,Oui,1980;1982;1984;1986;1988;1990;1991;1994;1995;1997;1999;2000;2001;2002;2004;2005;2006;2007;2008;2009;2010;2011;2012;2013;2018;2022,1-s2.0-S0001706X06000040-main.pdf | 1-s2.0-S1876034122000624-main.pdf | 10.1186_1756-3305-5-51.pdf | 1756-3305-5-51.pdf | JAD-17-36.pdf | JPR2020-6495108.pdf | TSWJ2022-4095129.pdf | b.pdf | boussaa2007.pdf | boussaa2009.pdf | boussaa2010.pdf | guernaoui2005 (1).pdf | guernaoui2005.pdf | insects-15-00846.pdf | nordphleb.pdf | ramaoui2008.pdf | tjac116.pdf,"and KDT90) values. Results: Study results showed that Ph.sergenti and Ph. papatasi were susceptible to all insecticides tested. Comparison of KDT values showed a clear difference between the insecticide knockdown effect in studied villages. This effect was lower in areas subject to high selective public health insecticide pressure in the framework of malaria or leishmaniasis control. Conclusion: Phlebotomus sergenti and Ph. papatasi are susceptible to the insecticides tested in the seven studied villages but they showed a low knockdown effect in Azilal, Chichaoua and Settat. Therefore, a study of insecticide susceptibility of these vectors in other foci of leishmaniasis is recommended and th",
Choara,El Kelâa des Sraghna,Marrakech-Safi,Non,,,,Aucune mention trouvee dans les sources fournies
Chorfa M'Daghra,Errachidia,Drâa-Tafilalet,Non,,,,Aucune mention trouvee dans les sources fournies
Chouafaa,Larache,Tanger-Tétouan-Al Hoceïma,Non,,,,Aucune mention trouvee dans les sources fournies
Chougrane,Khouribga,Béni Mellal-Khénifra,Non,,,,Aucune mention trouvee dans les sources fournies
Chouihia,Berkane,Oriental,Non,,,,Aucune mention trouvee dans les sources fournies
Chtaiba,El Kelâa des Sraghna,Marrakech-Safi,Non,,,,Aucune mention trouvee dans les sources fournies
Chtouka,El Jadida,Casablanca-Settat,Non,,,,Aucune mention trouvee dans les sources fournies
Dakhla,Oued Ed-Dahab,Dakhla-Oued Ed-Dahab,Non,,,,Aucune mention trouvee dans les sources fournies
Daoura,Tarfaya,Laâyoune-Sakia El Hamra,Non,,,,Aucune mention trouvee dans les sources fournies
Dar Bel Amri,Sidi Slimane,Rabat-Salé-Kénitra,Non,,,,Aucune mention trouvee dans les sources fournies
Dar Bouazza,Casablanca,Casablanca-Settat,Non,,,,Aucune mention trouvee dans les sources fournies
Dar Chaffai,Settat,Casablanca-Settat,Non,,,,Aucune mention trouvee dans les sources fournies
Dar Chaoui,Tanger-Assilah,Tanger-Tétouan-Al Hoceïma,Non,,,,Aucune mention trouvee dans les sources fournies
Dar El Hamra,Sefrou,Fès-Meknès,Non,,,,Aucune mention trouvee dans les sources fournies
Dar El Kebdani,Driouch,Oriental,Non,,,,Aucune mention trouvee dans les sources fournies
Dar Gueddari,Sidi Slimane,Rabat-Salé-Kénitra,Non,,,,Aucune mention trouvee dans les sources fournies
Dar Jamaa,Al Haouz,Marrakech-Safi,Non,,,,Aucune mention trouvee dans les sources fournies
Dar Laaslouji,Sidi Slimane,Rabat-Salé-Kénitra,Non,,,,Aucune mention trouvee dans les sources fournies
Dar Oulad Zidouh,Fquih Ben Salah,Béni Mellal-Khénifra,Non,,,,Aucune mention trouvee dans les sources fournies
Dar Oum Soltane,Meknès,Fès-Meknès,Non,,,,Aucune mention trouvee dans les sources fournies
Dar Si Aissa,Safi,Marrakech-Safi,Non,,,,Aucune mention trouvee dans les sources fournies
Dardara,Chefchaouen,Tanger-Tétouan-Al Hoceïma,Non,,,,Aucune mention trouvee dans les sources fournies
Dayat Aoua,Ifrane,Fès-Meknès,Non,,,,Aucune mention trouvee dans les sources fournies
Dcheira,Laâyoune,Laâyoune-Sakia El Hamra,Non,,,,Aucune mention trouvee dans les sources fournies
Dcheïra El Jihadia,Inezgane-Aït Melloul,Souss-Massa,Non,,,,Aucune mention trouvee dans les sources fournies
Debdou,Guercif,Oriental,Non,,,,Aucune mention trouvee dans les sources fournies
Demnate,Azilal,Béni Mellal-Khénifra,Non,,,,Aucune mention trouvee dans les sources fournies
Deroua,Nouaceur,Casablanca-Settat,Non,,,,Aucune mention trouvee dans les sources fournies
Dir El Ksiba,Béni Mellal,Béni Mellal-Khénifra,Non,,,,Aucune mention trouvee dans les sources fournies
Dkhissa,Meknès,Fès-Meknès,Non,,,,Aucune mention trouvee dans les sources fournies
Douirane,Chichaoua,Marrakech-Safi,Non,,,,Aucune mention trouvee dans les sources fournies
Drargua,Inezgane-Aït Melloul,Souss-Massa,Non,,,,Aucune mention trouvee dans les sources fournies
Driouch,Driouch,Oriental,Non,,,,Aucune mention trouvee dans les sources fournies
Dzouz,El Kelâa des Sraghna,Marrakech-Safi,Non,,,,Aucune mention trouvee dans les sources fournies
Echatea El Abied,Guelmim,Guelmim-Oued Noun,Non,,,,Aucune mention trouvee dans les sources fournies
Echemmaia,Youssoufia,Marrakech-Safi,Non,,,,Aucune mention trouvee dans les sources fournies
Eddachra,El Kelâa des Sraghna,Marrakech-Safi,Non,,,,Aucune mention trouvee dans les sources fournies
Eddir,Inezgane-Aït Melloul,Souss-Massa,Non,,,,Aucune mention trouvee dans les sources fournies
El Aamria,El Kelâa des Sraghna,Marrakech-Safi,Non,,,,Aucune mention trouvee dans les sources fournies
El Argoub,Oued Ed-Dahab,Dakhla-Oued Ed-Dahab,Non,,,,Aucune mention trouvee dans les sources fournies
El Atef,Taourirt,Oriental,Non,,,,Aucune mention trouvee dans les sources fournies
El Attaouia,El Kelâa des Sraghna,Marrakech-Safi,Non,,,,Aucune mention trouvee dans les sources fournies
El Beddouza,Safi,Marrakech-Safi,Non,,,,Aucune mention trouvee dans les sources fournies
El Bibane,Taounate,Fès-Meknès,Non,,,,Aucune mention trouvee dans les sources fournies
El Borj,Khénifra,Béni Mellal-Khénifra,Non,,,,Aucune mention trouvee dans les sources fournies
El Borouj,Khouribga,Béni Mellal-Khénifra,Oui,1986;2005;2007;2008;2012;2013;2014;2015;2016;2021,1-s2.0-S0001706X21001844-main.pdf | 10.1111@tbed.12914.pdf | 10.1186_s13071-025-06771-6.pdf | 13071_2025_Article_6771.pdf | e.pdf,"tested (319/697), and similar infection rates were found (P = 0.92) in males (46.1%; 94/204) and females (45.6%; 225/493). Differences in infection were detected among Span‑ ish sand fly species (P < 0.001), being higher for Phlebotomus papatasi (35/52) and Phlebotomus perniciosus (239/384). No infected Phlebotomus sergenti specimens were found in Spain, whereas two different Wolbachia haplotypes were detected in P. sergenti sand flies from Morocco. No significant differences were found between sex, species, or cap‑ ture sites in specimens captured in Morocco (P > 0.05). Five Wolbachia haplotypes distributed in the known A and B supergroups were identified. Structural analysis showed a nine‑",
El Bsabsa,Taounate,Fès-Meknès,Non,,,,Aucune mention trouvee dans les sources fournies
El Faid,Taroudant,Souss-Massa,Non,,,,Aucune mention trouvee dans les sources fournies
El Foqra,Khouribga,Béni Mellal-Khénifra,Non,,,,Aucune mention trouvee dans les sources fournies
El Gantour,Youssoufia,Marrakech-Safi,Non,,,,Aucune mention trouvee dans les sources fournies
El Gara,Berrechid,Casablanca-Settat,Non,,,,Aucune mention trouvee dans les sources fournies
El Ghiate,Safi,Marrakech-Safi,Non,,,,Aucune mention trouvee dans les sources fournies
El Gouraani,Youssoufia,Marrakech-Safi,Non,,,,Aucune mention trouvee dans les sources fournies
El Gouzate,Taza,Fès-Meknès,Non,,,,Aucune mention trouvee dans les sources fournies
El Guerdane,Taroudant,Souss-Massa,Non,,,,Aucune mention trouvee dans les sources fournies
El Hagounia,Es-Semara,Laâyoune-Sakia El Hamra,Non,,,,Aucune mention trouvee dans les sources fournies
El Hajeb,El Hajeb,Fès-Meknès,Oui,,TSWJ2023-4628625.pdf,"ansmissionofleishmaniasis.Te (VL) have been reported to the health authorities; the A¨ıt frst one belonging to the Phlebotomus (P) subgenus is RbaastationintheruralcommuneofBititwherecasesofVL P.papatasiincriminatedinthetransmissionofL.major;the and CL have also been reported; the station of A¨ıt Brahim secondspeciesbelongingtothesubgenusParaphlebotmusis where the surveys were carried out in the public landfll P. sergenti which is responsible for the transmission of located near the locality where infantile VL cases were L. tropica; the last three species belonging to the subgenus notifed;thestationofA¨ınTaoujdatewherecasesofCLwere Larroussius are P. perniciosus, P. ariasi, and P. longicuspi",
El Hammam,Khénifra,Béni Mellal-Khénifra,Non,,,,Aucune mention trouvee dans les sources fournies
El Hanchane,Essaouira,Marrakech-Safi,Oui,2013;2015,10.1186_1756-3305-6-217.pdf | 1756-3305-6-217.pdf | https://www.ncbi.nlm.nih.gov/pmc/?term=phlebotomus+sergenti+morocco,"hmania infection in thevector, Phlebotomussergenti and in human skin samples, inthe El Hanchane locality, an emerging focus of cutaneous leishmaniasis incentral Morocco. Methods: A total of643 sand flies were collected using CDC miniature light traps and identifiedmorphologically. Leishmania species were characterizedby ITS1 PCR-RFLP and ITS1-5.8S rRNAgene nested-PCR ofsamples from 123 females of Phlebotomus sergenti and 7 cutaneous leishmaniasispatients. Results: The sand flies collectedconsisted of 9species, 7 ofwhich belonged to the genus Phlebotomusand two to thegenus Sergentomyia.Phlebotomus sergenti was the most predominant (76.67%). ByITS1 PCR-RFLP Leishmania tropicawas found in three",
El Jadida,El Jadida,Casablanca-Settat,Non,,,,Aucune mention trouvee dans les sources fournies
El Kansera,Khemisset,Rabat-Salé-Kénitra,Non,,,,Aucune mention trouvee dans les sources fournies
El Kbab,Khénifra,Béni Mellal-Khénifra,Non,,,,Aucune mention trouvee dans les sources fournies
El Kelâat Es-Sraghna,El Kelâa des Sraghna,Marrakech-Safi,Non,,,,Aucune mention trouvee dans les sources fournies
El Koudia El Beida,Taroudant,Souss-Massa,Non,,,,Aucune mention trouvee dans les sources fournies
El Ksiba,Béni Mellal,Béni Mellal-Khénifra,Oui,2017;2023,JAD-17-36.pdf | b.pdf,"3 J Arthropod-Borne Dis, March 2023, 17(1): 36–50 FZ Abou-Elaaz et al.: Descriptive and … Fig. 5. Canonical analysis of the size variations (A) (92.57% of the total inertia) and the shape (B) (63.06% of the total inertia) of Phlebotomus sergenti’s male right wings depending on the geographical origin of central Morocco during the period May–October 2017 44 http://jad.tums.ac.ir Published Online: March 31, 2023 J Arthropod-Borne Dis, March 2023, 17(1): 36–50 FZ Abou-Elaaz et al.: Descriptive and … Fig. 6. Hierarchical classifications tree of Phlebotomus sergenti right-wings size (A) and shape (B) of central Morocco Fig. 7. Superposition of the right-wing landmarks (mean measures) of Phlebotom",
El Maader El Kabir,Tiznit,Souss-Massa,Non,,,,Aucune mention trouvee dans les sources fournies
El Majjatia Ouled Taleb,Casablanca,Casablanca-Settat,Non,,,,Aucune mention trouvee dans les sources fournies
El Mansouria,Mohammedia,Casablanca-Settat,Non,,,,Aucune mention trouvee dans les sources fournies
El Marbouh,El Kelâa des Sraghna,Marrakech-Safi,Non,,,,Aucune mention trouvee dans les sources fournies
El Marsa,Laâyoune,Laâyoune-Sakia El Hamra,Non,,,,Aucune mention trouvee dans les sources fournies
El Menzeh,Skhirate-Témara,Rabat-Salé-Kénitra,Non,,,,Aucune mention trouvee dans les sources fournies
El Menzel,Sefrou,Fès-Meknès,Non,,,,Aucune mention trouvee dans les sources fournies
El Mers,Boulemane,Fès-Meknès,Non,,,,Aucune mention trouvee dans les sources fournies
El Orjane,Taza,Fès-Meknès,Non,,,,Aucune mention trouvee dans les sources fournies
El Ouatia,Tan-Tan,Guelmim-Oued Noun,Non,,,,Aucune mention trouvee dans les sources fournies
En-nzala,Midelt,Drâa-Tafilalet,Non,,,,Aucune mention trouvee dans les sources fournies
Enjil,Boulemane,Fès-Meknès,Non,,,,Aucune mention trouvee dans les sources fournies
Er-Rich,Errachidia,Drâa-Tafilalet,Non,,,,Aucune mention trouvee dans les sources fournies
Er-Rissani,Errachidia,Drâa-Tafilalet,Non,,,,Aucune mention trouvee dans les sources fournies
Er-Rteb,Errachidia,Drâa-Tafilalet,Non,,,,Aucune mention trouvee dans les sources fournies
Erfoud,Errachidia,Drâa-Tafilalet,Oui,2012;2015,collecetd phlebotomes.pdf,"d 1 720 m. The third and last transect was 1 006 km Fouad OUANAIMI et al./Asian Pac J Trop Dis 2015; 5(4): 299-306 301 long and connected Erfoud city to the city of Nador. This transect 3. Results went through seven collection sites with altitude ranges from 61 to 1 470 m and was studied on June 2012 (Figure 1). Overall, 7 140 sandflies were collected along the three transects. In the combined collections, nine Phlebotomus species: P. 2.2. Sandfly collection and identification papatasi (27.6%), P. longicuspis (19%), P. sergenti (18.2%), P. perniciosus (6.2%), Phlebotomus bergeroti (P. bergeroti) (2.9%), Sandflies were collected using sticky paper traps (each an A4 Phlebotomus alexandri (P. a",
Ermila,Boulemane,Fès-Meknès,Non,,,,Aucune mention trouvee dans les sources fournies
Ermilate,Sidi Slimane,Rabat-Salé-Kénitra,Non,,,,Aucune mention trouvee dans les sources fournies
Errachidia,Errachidia,Drâa-Tafilalet,Oui,1986;1991;1997;1999;2004;2005;2008;2009,13071_2016_Article_1343.pdf | boussaa2010.pdf | collecetd phlebotomes.pdf | f.pdf,"a and Errachidia). Sand flies Nacional de Microbiología, Instituto de were collected using sticky paper traps for one night. Salud Carlos III, Ctra. Majadahonda- Results: Overall, 7 140 sandflies were collected along the three transects. In the combined Pozuelo s/n, 28220 Majadahonda, collections, nine Phlebotomus species: Phlebotomus papatasi (27.6%), Phlebotomus Madrid, Spain. longicuspis (19%), Phlebotomus sergenti (18.2%), Phlebotomus perniciosus (6.2%), Tel: +34 91 822 3674 Phlebotomus bergeroti (2.9%), Phlebotomus alexandri (1.4%), Phlebotomus chadlii (0.8%), E-mail: mjimenez@isciii.es Phlebotomus chabaudi (0.5%) and Phlebotomus ariasi (0.5%) and five Sergentomyia species: Co-reviewer:",
Errafiaya,El Kelâa des Sraghna,Marrakech-Safi,Non,,,,Aucune mention trouvee dans les sources fournies
Errouha,Zagora,Drâa-Tafilalet,Non,,,,Aucune mention trouvee dans les sources fournies
Es-Sfalat,Errachidia,Drâa-Tafilalet,Non,,,,Aucune mention trouvee dans les sources fournies
Es-Sifa,Errachidia,Drâa-Tafilalet,Non,,,,Aucune mention trouvee dans les sources fournies
Esbiaat,Youssoufia,Marrakech-Safi,Non,,,,Aucune mention trouvee dans les sources fournies
Essaouira,Essaouira,Marrakech-Safi,Oui,1980;1989;1990;1991;1997;1999;2002;2004;2005;2006;2007;2008;2009;2011;2016;2018,1-s2.0-S1876034122000624-main.pdf | JAD-17-36.pdf | PRI2015-438749.pdf | b.pdf | boussaa2009.pdf | boussaa2010.pdf | es-sette2016.pdf | insects-15-00846.pdf | microorganisms-08-01511.pdf,"(16, 17). In ACL foci, Ph. sergenti is closely cedar (Cedrus atlantica), poplar (Populus nigra), associated with the human habitat and involves and carob tree (Ceratomia siliqua). This re- a domestic and peridomestic transmission of gion also has agricultural activity; cereals, ol- L. tropica (17, 18). The analysis of the popu- ives, citrus fruits, sugar beets, grenadines, al- lation's genetic structure of Ph. sergenti from monds, apples, carobs, sesame, and vegeta- Moroccan foci of Taza, Azilal, and Essaouira, bles (28). using Cyt b mtDNA, disclosed the presence of three mitochondrial lineages with a striking Sandflies sampling and identification genetic diversity in the Azilal focus (12). ",
Ezzaouite,Essaouira,Marrakech-Safi,Non,,,,Aucune mention trouvee dans les sources fournies
Ezzhiliga,Khouribga,Béni Mellal-Khénifra,Non,,,,Aucune mention trouvee dans les sources fournies
Fam El Hisn,Assa-Zag,Guelmim-Oued Noun,Non,,,,Aucune mention trouvee dans les sources fournies
Fask,Guelmim,Guelmim-Oued Noun,Oui,2022,1-s2.0-S1876034122000624-main.pdf,"n poolswascarriedoutonCFX96Thermalcycler(BIO-RAD)according areasbetween399and713mofaltitudes(Table2).Thenumberof toPérez-Ruizetal.[25]protocol. P. sergenti, P. longicuspis and P. perniciosus showed a positive 407 M.Daoudi,M.Calzolari,S.Boussaaetal. JournalofInfectionandPublicHealth15(2022)406–411 Table1 Sandflyspeciescompositionperlocalitybasedonthedissectionandidentificationofmale. Trapping Co-ordinates Region Phlebotomus P.sergenti P.alexandri P.longicuspis P.perniciosus Sergentomyia S.minuta S.dreyfussi Total locality papatasi fallax Aderdor 31°03'N8°44'W Chichaouaa 11 633 22 204 140 22 43 0 1075 LallaLaaziza 31°04'N8°42'W 39 236 0 54 51 57 26 32 495 Imintanout 31°10'N8°51'W 231 277 0 21 ",
Fdalate,Mohammedia,Casablanca-Settat,Non,,,,Aucune mention trouvee dans les sources fournies
Fennassa Bab El Hit,Taounate,Fès-Meknès,Non,,,,Aucune mention trouvee dans les sources fournies
Ferkla El Oulia,Tinghir,Drâa-Tafilalet,Non,,,,Aucune mention trouvee dans les sources fournies
Ferkla Es-Soufla,Tinghir,Drâa-Tafilalet,Non,,,,Aucune mention trouvee dans les sources fournies
Fezna,Errachidia,Drâa-Tafilalet,Non,,,,Aucune mention trouvee dans les sources fournies
Fezouane,Berkane,Oriental,Non,,,,Aucune mention trouvee dans les sources fournies
Fezouata,Zagora,Drâa-Tafilalet,Non,,,,Aucune mention trouvee dans les sources fournies
Fifi,Chefchaouen,Tanger-Tétouan-Al Hoceïma,Non,,,,Aucune mention trouvee dans les sources fournies
Figuig,Figuig,Oriental,Non,,,,Aucune mention trouvee dans les sources fournies
Fkih Ben Salah,Fquih Ben Salah,Béni Mellal-Khénifra,Non,,,,Aucune mention trouvee dans les sources fournies
Fnideq,M'diq-Fnideq,Tanger-Tétouan-Al Hoceïma,Non,,,,Aucune mention trouvee dans les sources fournies
Foqra Oulad Aameur,Berrechid,Casablanca-Settat,Non,,,,Aucune mention trouvee dans les sources fournies
Foum El Anceur,Béni Mellal,Béni Mellal-Khénifra,Non,,,,Aucune mention trouvee dans les sources fournies
Foum El Oued,Laâyoune,Laâyoune-Sakia El Hamra,Non,,,,Aucune mention trouvee dans les sources fournies
Foum Jemaa,El Kelâa des Sraghna,Marrakech-Safi,Non,,,,Aucune mention trouvee dans les sources fournies
Foum Oudi,Béni Mellal,Béni Mellal-Khénifra,Non,,,,Aucune mention trouvee dans les sources fournies
Foum Zguid,Ouarzazate,Drâa-Tafilalet,Oui,2015,collecetd phlebotomes.pdf,"CL caused by Tisserghate (S2) 30°40’N 6°21’W 920 Leishmania major (L. major)(Kinetoplastida: Trypanosomatidae) Tinzouline (S3) 30°39’N 6°20’W 803 Beni zoli (S4) 30°25’N 5°91’W 760 is the most dominant form in the country with more than 24 450 Zagora (S5) 30°21’N 5°48’W 732 cases reported in the last decade[2]. Tamegroute (S6) 30°13’N 5°39’W 676 Zaouia Sidi Moktar (S7) 30°11’N 5°34’W 371 Phlebotomus papatasi (P. papatasi) and Phlebotomus sergenti (P. Anagam (S8) 30°13’N 5°41’W 653 sergenti) are known to be the common vectors spreading L. major Tagounite (S9) 30°20’N 5°50’W 642 M’Hamid (S10) 29°49N 5°43’W 552 and Leishmania tropica (L. tropica), respectively in Morocco. Foum Zguid (S11) 30°4’N",
Fraita,El Kelâa des Sraghna,Marrakech-Safi,Non,,,,Aucune mention trouvee dans les sources fournies
Freija,Taroudant,Souss-Massa,Non,,,,Aucune mention trouvee dans les sources fournies
Fritissa,Guercif,Oriental,Non,,,,Aucune mention trouvee dans les sources fournies
Fès,Fès,Fès-Meknès,Non,,,,Aucune mention trouvee dans les sources fournies
Galaz,Taounate,Fès-Meknès,Non,,,,Aucune mention trouvee dans les sources fournies
Galdamane,Taza,Fès-Meknès,Non,,,,Aucune mention trouvee dans les sources fournies
Gdana,Settat,Casablanca-Settat,Non,,,,Aucune mention trouvee dans les sources fournies
Ghafsai,Taounate,Fès-Meknès,Non,,,,Aucune mention trouvee dans les sources fournies
Ghassate,Ouarzazate,Drâa-Tafilalet,Non,,,,Aucune mention trouvee dans les sources fournies
Gheris El Ouloui,Errachidia,Drâa-Tafilalet,Non,,,,Aucune mention trouvee dans les sources fournies
Gheris Es-Soufli,Errachidia,Drâa-Tafilalet,Non,,,,Aucune mention trouvee dans les sources fournies
Ghiata Al Gharbia,Taza,Fès-Meknès,Non,,,,Aucune mention trouvee dans les sources fournies
Ghmate,Al Haouz,Marrakech-Safi,Non,,,,Aucune mention trouvee dans les sources fournies
Ghouazi,Moulay Yacoub,Fès-Meknès,Non,,,,Aucune mention trouvee dans les sources fournies
Gleibat El Foula,Aousserd,Dakhla-Oued Ed-Dahab,Non,,,,Aucune mention trouvee dans les sources fournies
Gmassa,Chichaoua,Marrakech-Safi,Non,,,,Aucune mention trouvee dans les sources fournies
Goulmima,Errachidia,Drâa-Tafilalet,Non,,,,Aucune mention trouvee dans les sources fournies
Gourrama,Errachidia,Drâa-Tafilalet,Non,,,,Aucune mention trouvee dans les sources fournies
Gteter,Taourirt,Oriental,Non,,,,Aucune mention trouvee dans les sources fournies
Guefait,Jerada,Oriental,Non,,,,Aucune mention trouvee dans les sources fournies
Guelmim,Guelmim,Guelmim-Oued Noun,Oui,1989,PRI2015-438749.pdf | microorganisms-08-01511.pdf,"yaroleinthedynamicofthediseaseisnotpossible. 3.3. ACLduetoL.tropica Anthroponotic cutaneous leishmaniasis due to L. tropica, also known as the urban form of leishmaniasis,wasoriginallywidespreadinthesemiaridprovincesofthecentralandwesternslopesof theAtlas,fromtheregionsofAzilalinthecenteruptoEssaouirainthewest,andAgadir-Guelmimin thesouth[33]. Currently,ACLhasextendedinalldirectionsandoverlapswithsomeZVLfoci[34–36]. SinceP.sergenti,theprimaryvectorofL.tropica,ispresentinallMoroccoanecoregions,onecan speculatethatthespreadofACLtonewfociislikelytobelinkedtohumantravel[37]. Therefore,ithas thepotentialtohavealargegeographicaldispersion. InMorocco,before1999,outbreakswererecorded in rural urban ",
Gueltat Zemmour,Boujdour,Laâyoune-Sakia El Hamra,Non,,,,Aucune mention trouvee dans les sources fournies
Guenfouda,Jerada,Oriental,Non,,,,Aucune mention trouvee dans les sources fournies
Guercif,Guercif,Oriental,Oui,,microorganisms-08-01511.pdf,"yaroleinthedynamicofthediseaseisnotpossible. 3.3. ACLduetoL.tropica Anthroponotic cutaneous leishmaniasis due to L. tropica, also known as the urban form of leishmaniasis,wasoriginallywidespreadinthesemiaridprovincesofthecentralandwesternslopesof theAtlas,fromtheregionsofAzilalinthecenteruptoEssaouirainthewest,andAgadir-Guelmimin thesouth[33]. Currently,ACLhasextendedinalldirectionsandoverlapswithsomeZVLfoci[34–36]. SinceP.sergenti,theprimaryvectorofL.tropica,ispresentinallMoroccoanecoregions,onecan speculatethatthespreadofACLtonewfociislikelytobelinkedtohumantravel[37]. Therefore,ithas thepotentialtohavealargegeographicaldispersion. InMorocco,before1999,outbreakswererecorded in rural urban ",
Guers Tiaallaline,Errachidia,Drâa-Tafilalet,Non,,,,Aucune mention trouvee dans les sources fournies
Guettaya,Béni Mellal,Béni Mellal-Khénifra,Non,,,,Aucune mention trouvee dans les sources fournies
Gueznaia,Tanger-Assilah,Tanger-Tétouan-Al Hoceïma,Non,,,,Aucune mention trouvee dans les sources fournies
Guigou,Boulemane,Fès-Meknès,Non,,,,Aucune mention trouvee dans les sources fournies
Guir,Errachidia,Drâa-Tafilalet,Non,,,,Aucune mention trouvee dans les sources fournies
Guisser,Settat,Casablanca-Settat,Non,,,,Aucune mention trouvee dans les sources fournies
Gzenaya Al Janoubia,Taza,Fès-Meknès,Non,,,,Aucune mention trouvee dans les sources fournies
H'Ssyia,Zagora,Drâa-Tafilalet,Non,,,,Aucune mention trouvee dans les sources fournies
Had Al Gharbia,Tanger-Assilah,Tanger-Tétouan-Al Hoceïma,Non,,,,Aucune mention trouvee dans les sources fournies
Had Bouhssoussen,Khénifra,Béni Mellal-Khénifra,Non,,,,Aucune mention trouvee dans les sources fournies
Had Boumoussa,Fquih Ben Salah,Béni Mellal-Khénifra,Non,,,,Aucune mention trouvee dans les sources fournies
Had Bradia,Béni Mellal,Béni Mellal-Khénifra,Non,,,,Aucune mention trouvee dans les sources fournies
Had Dra,Essaouira,Marrakech-Safi,Non,,,,Aucune mention trouvee dans les sources fournies
Had Kourt,Ouezzane,Tanger-Tétouan-Al Hoceïma,Non,,,,Aucune mention trouvee dans les sources fournies
Had Soualem,Nouaceur,Casablanca-Settat,Non,,,,Aucune mention trouvee dans les sources fournies
Haddada,Kénitra,Rabat-Salé-Kénitra,Non,,,,Aucune mention trouvee dans les sources fournies
Haouza,Es-Semara,Laâyoune-Sakia El Hamra,Oui,2018;2022,1-s2.0-S1876034122000624-main.pdf,"using CDC light traps overnight sevenlocalitiesfromChichaoua,AlHaouzandMarrakech. during sand fly season between June and October 2018, in seven The morphological identification performed on male sand flies localities in endemic (Chichaoua and Al Haouz Provinces) and non allowedustoidentify8species,dividedinto2genera:Phlebotomus endemic area (Marrakech prefecture) of human cutaneous leish- andSergentomyia.Fivespecies(P.sergenti,P.longicuspis,P.papatasi,S. maniasis,centralMorocco[22]. minutaandS.fallax)werecommoninallenvironments,withvaried Using8traps;foreverylocality,maleandfemalesandflieswere abundance(Table1). collected.Malesweredissectedandidentifiedindividuallyatspecies P. sergenti was ",
Haouzia,El Jadida,Casablanca-Settat,Non,,,,Aucune mention trouvee dans les sources fournies
Harbil,Marrakech,Marrakech-Safi,Non,,,,Aucune mention trouvee dans les sources fournies
Harhoura,Skhirate-Témara,Rabat-Salé-Kénitra,Non,,,,Aucune mention trouvee dans les sources fournies
Hassi Berkane,Nador,Oriental,Non,,,,Aucune mention trouvee dans les sources fournies
Hattane,Khouribga,Béni Mellal-Khénifra,Non,,,,Aucune mention trouvee dans les sources fournies
Hel Merbaa,Fquih Ben Salah,Béni Mellal-Khénifra,Non,,,,Aucune mention trouvee dans les sources fournies
Hiadna,El Kelâa des Sraghna,Marrakech-Safi,Non,,,,Aucune mention trouvee dans les sources fournies
Hilala,Chtouka-Aït Baha,Souss-Massa,Non,,,,Aucune mention trouvee dans les sources fournies
Hjar Ennhal,Tanger-Assilah,Tanger-Tétouan-Al Hoceïma,Non,,,,Aucune mention trouvee dans les sources fournies
Houara Oulad Raho,Guercif,Oriental,Non,,,,Aucune mention trouvee dans les sources fournies
Houderrane,Khemisset,Rabat-Salé-Kénitra,Non,,,,Aucune mention trouvee dans les sources fournies
Hrara,Safi,Marrakech-Safi,Non,,,,Aucune mention trouvee dans les sources fournies
Iaazzanene,Nador,Oriental,Non,,,,Aucune mention trouvee dans les sources fournies
Ibdar,Tiznit,Souss-Massa,Non,,,,Aucune mention trouvee dans les sources fournies
Ibn Yacoub,Tata,Souss-Massa,Non,,,,Aucune mention trouvee dans les sources fournies
Ichamraren,Chichaoua,Marrakech-Safi,Non,,,,Aucune mention trouvee dans les sources fournies
Ida Ou Aazza,Essaouira,Marrakech-Safi,Non,,,,Aucune mention trouvee dans les sources fournies
Ida Ou Gailal,Taroudant,Souss-Massa,Non,,,,Aucune mention trouvee dans les sources fournies
Ida Ou Gougmar,Tiznit,Souss-Massa,Non,,,,Aucune mention trouvee dans les sources fournies
Ida Ou Guelloul,Agadir-Ida Ou Tanane,Souss-Massa,Non,,,,Aucune mention trouvee dans les sources fournies
Ida Ou Kazzou,Agadir-Ida Ou Tanane,Souss-Massa,Non,,,,Aucune mention trouvee dans les sources fournies
Ida Ou Moumen,Taroudant,Souss-Massa,Non,,,,Aucune mention trouvee dans les sources fournies
Ida Ougnidif,Chtouka-Aït Baha,Souss-Massa,Non,,,,Aucune mention trouvee dans les sources fournies
Ida Ougoummad,Al Haouz,Marrakech-Safi,Non,,,,Aucune mention trouvee dans les sources fournies
Idelsane,Ouarzazate,Drâa-Tafilalet,Non,,,,Aucune mention trouvee dans les sources fournies
Idmine,Agadir-Ida Ou Tanane,Souss-Massa,Non,,,,Aucune mention trouvee dans les sources fournies
Ifarni,Driouch,Oriental,Non,,,,Aucune mention trouvee dans les sources fournies
Ifrane,Ifrane,Fès-Meknès,Non,,,,Aucune mention trouvee dans les sources fournies
Ifrane Atlas-Saghir,Tiznit,Souss-Massa,Non,,,,Aucune mention trouvee dans les sources fournies
Ighil,Al Haouz,Marrakech-Safi,Non,,,,Aucune mention trouvee dans les sources fournies
Ighil N'Oumgoun,Azilal,Béni Mellal-Khénifra,Non,,,,Aucune mention trouvee dans les sources fournies
Ighoud,Chichaoua,Marrakech-Safi,Non,,,,Aucune mention trouvee dans les sources fournies
Ighrem N'Ougdal,Ouarzazate,Drâa-Tafilalet,Non,,,,Aucune mention trouvee dans les sources fournies
Ighzrane,Taza,Fès-Meknès,Non,,,,Aucune mention trouvee dans les sources fournies
Igli,Taroudant,Souss-Massa,Non,,,,Aucune mention trouvee dans les sources fournies
Igoudar Mnabha,Taroudant,Souss-Massa,Non,,,,Aucune mention trouvee dans les sources fournies
Iguerferouane,Al Haouz,Marrakech-Safi,Non,,,,Aucune mention trouvee dans les sources fournies
Iguidi,Al Haouz,Marrakech-Safi,Non,,,,Aucune mention trouvee dans les sources fournies
Ihaddaden,Nador,Oriental,Non,,,,Aucune mention trouvee dans les sources fournies
Ijarmaouas,Al Hoceïma,Tanger-Tétouan-Al Hoceïma,Non,,,,Aucune mention trouvee dans les sources fournies
Ijoukak,Al Haouz,Marrakech-Safi,Non,,,,Aucune mention trouvee dans les sources fournies
Ikniouen,Tinghir,Drâa-Tafilalet,Non,,,,Aucune mention trouvee dans les sources fournies
Iksane,Nador,Oriental,Non,,,,Aucune mention trouvee dans les sources fournies
Imaouen,Taroudant,Souss-Massa,Non,,,,Aucune mention trouvee dans les sources fournies
Imgdal,Al Haouz,Marrakech-Safi,Non,,,,Aucune mention trouvee dans les sources fournies
Imgrade,Essaouira,Marrakech-Safi,Non,,,,Aucune mention trouvee dans les sources fournies
Imi Mqourn,Chtouka-Aït Baha,Souss-Massa,Non,,,,Aucune mention trouvee dans les sources fournies
Imi N'Fast,Guelmim,Guelmim-Oued Noun,Non,,,,Aucune mention trouvee dans les sources fournies
Imi N'Oulaoune,Azilal,Béni Mellal-Khénifra,Non,,,,Aucune mention trouvee dans les sources fournies
Imi N'Tayart,Taroudant,Souss-Massa,Non,,,,Aucune mention trouvee dans les sources fournies
Imi N'Tlit,Essaouira,Marrakech-Safi,Non,,,,Aucune mention trouvee dans les sources fournies
Imider,Tinghir,Drâa-Tafilalet,Non,,,,Aucune mention trouvee dans les sources fournies
Imilchil,Tinghir,Drâa-Tafilalet,Non,,,,Aucune mention trouvee dans les sources fournies
Imilmaiss,Taroudant,Souss-Massa,Non,,,,Aucune mention trouvee dans les sources fournies
Imindounit,Chichaoua,Marrakech-Safi,Non,,,,Aucune mention trouvee dans les sources fournies
Imintanoute,Chichaoua,Marrakech-Safi,Oui,,TSWJ2022-4095129.pdf,"nOctober[44].Thesameperiodofactivityhasbeen corroborates with the work of Boussaa [46] except for of reported in Morocco, in Chichaoua (Imintanoute), with a S. fallax which had a sex ratio in favor of females and single peak in August [45]. However, in Marrakech, this S. antennata which was absent in their collections. specieswasonlyactivefromApriltoJune[46].Thepresence Seasonalfluctuationsofsandfliescouldbeconditioned of Phlebotomus sergenti, the vector of cutaneous leish- by climatic factors, and some studies have shown that they maniasis caused by L. tropica, in our sample confirms the are well related to bioclimatic affinities [51]. In Fez, the possibilityoflocaltransmissionofthisparasit",
Imlil,Azilal,Béni Mellal-Khénifra,Oui,2015,1-s2.0-S0001706X15001023-main.pdf | khenifra agadir rgion.pdf,stic europea P. papatasi Peridomestic P. longicuspis Sylvatic P. ariasi Cow pen P. perniciosus Tnin 895 Rural Khmiss Olea europea; Olea europaea var. oleaster; Euphorbia resinifera Ceratonia 8 Domestic siliqua P. longicuspis Peridomestic S. fallax Akhlij 917 Rural Olea europea; Olea europaea var. 9 Domestic oleaster P. perniciosus Peridomestic S. fallax Tahanaoute 1000 Urban Eucalyptus 8 Domestic camaldulensis. P. sergenti Peridomestic P. perniciosus Sylvatic S. fallax Yabora 1155 Rural Olea europea; Ceratonia 8 Domestic siliqua P. longicuspis Peridomestic P. ariasi Cow pen P. perniciosus Sylvatic S. minuta Setti 1210 Rural Juglans Fadma regia; Juniperus 7 Peridomestic oxycedrus P. sergenti ,
Imlili,Oued Ed-Dahab,Dakhla-Oued Ed-Dahab,Non,,,,Aucune mention trouvee dans les sources fournies
Imoulass,Taroudant,Souss-Massa,Non,,,,Aucune mention trouvee dans les sources fournies
Imouzzer,Agadir-Ida Ou Tanane,Souss-Massa,Non,,,,Aucune mention trouvee dans les sources fournies
Imouzzer Kandar,Sefrou,Fès-Meknès,Non,,,,Aucune mention trouvee dans les sources fournies
Imouzzer Marmoucha,Boulemane,Fès-Meknès,Non,,,,Aucune mention trouvee dans les sources fournies
Imrabten,Al Hoceïma,Tanger-Tétouan-Al Hoceïma,Non,,,,Aucune mention trouvee dans les sources fournies
Imsouane,Agadir-Ida Ou Tanane,Souss-Massa,Non,,,,Aucune mention trouvee dans les sources fournies
Imzouren,Al Hoceïma,Tanger-Tétouan-Al Hoceïma,Non,,,,Aucune mention trouvee dans les sources fournies
Inchaden,Inezgane-Aït Melloul,Souss-Massa,Non,,,,Aucune mention trouvee dans les sources fournies
Inezgane,Inezgane-Aït Melloul,Souss-Massa,Non,,,,Aucune mention trouvee dans les sources fournies
Iounane,Chefchaouen,Tanger-Tétouan-Al Hoceïma,Non,,,,Aucune mention trouvee dans les sources fournies
Iqaddar,El Hajeb,Fès-Meknès,Oui,,TSWJ2023-4628625.pdf,"N °02 N'0°43 N'04°33 N'02°33 N'0°43 N'04°33 N'02°33 5°40'W 5°20'W 5°40'W 5°20'W N °53 N °03 N °52 N °02 TeScientifcWorldJournal 3 15° W 10° W 5° W N W E S Sabaa Aiyoun Laqsir 10° W 5° W Ras Ijerri A it Yaazem Ait Harz Allah Bitit Ras Ijerri Ouikhalfen Agourai Ait Bourzouine Iqaddar Ait Naam ane Ait Jahjouh Tamchachate Figure1:Mapshowingthe sandfy collectionstationsin ElHajeb [10]. 4 TeScientifcWorldJournal a fundamental step for the vector control activities and the P. papatasi, P. bergeroti, P. sergenti, P. alexandri, prevention of these diseases, specifcally the severe forms P.longicuspis,P.perniciosus,P.ariasi,S.minuta,S.schwetzi, thatthreatenhumansanddogs[21].Itisinthisperspective S. fal",
Irherm,Taroudant,Souss-Massa,Non,,,,Aucune mention trouvee dans les sources fournies
Irigh N'Tahala,Chtouka-Aït Baha,Souss-Massa,Non,,,,Aucune mention trouvee dans les sources fournies
Irohalen,Chichaoua,Marrakech-Safi,Non,,,,Aucune mention trouvee dans les sources fournies
Isly,Oujda-Angad,Oriental,Non,,,,Aucune mention trouvee dans les sources fournies
Issafen,Tata,Souss-Massa,Non,,,,Aucune mention trouvee dans les sources fournies
Issaguen,Taounate,Fès-Meknès,Non,,,,Aucune mention trouvee dans les sources fournies
Isseksi,Béni Mellal,Béni Mellal-Khénifra,Non,,,,Aucune mention trouvee dans les sources fournies
Issen,Inezgane-Aït Melloul,Souss-Massa,Oui,,10.1186_1756-3305-7-305.pdf | d.pdf | es-sette2016.pdf,"[2]. An- pertise and a large number of specimens, since the Leish- throponotic CL due to L. tropica is endemic in arid and mania infection rate in sand flies is usually very low even semi-arid regions in the center and mainly on the north in highly endemic areas [17]. In recent years, molecular westernslopesoftheAtlasMountains.Itsprovenvectoris methods are increasingly employed in epidemiological P.sergenti[3]. studiestodetectinfectionand tocharacterizeLeishmania Cutaneous leishmaniasis due to L. infantum occurs parasites in hosts and vectors; they are highly sensitive in sporadicallyinthenorthofMoroccoasreportedbymany the detection of Leishmania spp. infections in phleboto- authors [4-6]. L",
Itzer,Guigou,Fès-Meknès,Oui,1995;2004,guernaoui2005 (1).pdf | insects-15-00846.pdf,"entiinMorocco(Yahiaetal. is highly susceptible to L. tropica (Killick-Kendrick 2004). etal.1995).Baseduponthesedata,P.sergentiiscon- In conclusion, based on this survey, Chichaoua sidered the most likely vector of CL in Chichaoua. seemstobeatypicalfocusofP.sergentiandL.tropica. It should be added to the list of CL foci due to L. tropica, so we propose a new update map of the distribution of these foci in Morocco (Fig. 2). With P.sergentibeingdomesticandperidomestic,spraying with residual insecticides inside and around houses couldbeanefÞcientcontrolmethod. Acknowledgments WethankP.Desjeux(TDRleishmaniasisresearchcoor- dinator,WorldHealthOrganization,Geneva,Switzerland) forcriticalreviewofthe",
Izemmouren,Al Hoceïma,Tanger-Tétouan-Al Hoceïma,Non,,,,Aucune mention trouvee dans les sources fournies
Jaafra,El Kelâa des Sraghna,Marrakech-Safi,Non,,,,Aucune mention trouvee dans les sources fournies
Jabria,Sidi Bennour,Casablanca-Settat,Non,,,,Aucune mention trouvee dans les sources fournies
Jahjouh,Meknès,Fès-Meknès,Oui,,TSWJ2023-4628625.pdf,"N °02 N'0°43 N'04°33 N'02°33 N'0°43 N'04°33 N'02°33 5°40'W 5°20'W 5°40'W 5°20'W N °53 N °03 N °52 N °02 TeScientifcWorldJournal 3 15° W 10° W 5° W N W E S Sabaa Aiyoun Laqsir 10° W 5° W Ras Ijerri A it Yaazem Ait Harz Allah Bitit Ras Ijerri Ouikhalfen Agourai Ait Bourzouine Iqaddar Ait Naam ane Ait Jahjouh Tamchachate Figure1:Mapshowingthe sandfy collectionstationsin ElHajeb [10]. 4 TeScientifcWorldJournal a fundamental step for the vector control activities and the P. papatasi, P. bergeroti, P. sergenti, P. alexandri, prevention of these diseases, specifcally the severe forms P.longicuspis,P.perniciosus,P.ariasi,S.minuta,S.schwetzi, thatthreatenhumansanddogs[21].Itisinthisperspective S. fal",
Jaidate,Marrakech,Marrakech-Safi,Non,,,,Aucune mention trouvee dans les sources fournies
Jamaat Shaim,Youssoufia,Marrakech-Safi,Non,,,,Aucune mention trouvee dans les sources fournies
Jaqma,Berrechid,Casablanca-Settat,Non,,,,Aucune mention trouvee dans les sources fournies
Jbabra,Taounate,Fès-Meknès,Non,,,,Aucune mention trouvee dans les sources fournies
Jbarna,Taza,Fès-Meknès,Non,,,,Aucune mention trouvee dans les sources fournies
Jbel Lahbib,Tanger-Assilah,Tanger-Tétouan-Al Hoceïma,Non,,,,Aucune mention trouvee dans les sources fournies
Jbiel,El Kelâa des Sraghna,Marrakech-Safi,Non,,,,Aucune mention trouvee dans les sources fournies
Jbilate,Marrakech,Marrakech-Safi,Non,,,,Aucune mention trouvee dans les sources fournies
Jdiriya,Assa-Zag,Guelmim-Oued Noun,Non,,,,Aucune mention trouvee dans les sources fournies
Jdour,Youssoufia,Marrakech-Safi,Non,,,,Aucune mention trouvee dans les sources fournies
Jemaat Moul Blad,Khemisset,Rabat-Salé-Kénitra,Non,,,,Aucune mention trouvee dans les sources fournies
Jerada,Jerada,Oriental,Non,,,,Aucune mention trouvee dans les sources fournies
Jnane Bouih,Youssoufia,Marrakech-Safi,Non,,,,Aucune mention trouvee dans les sources fournies
Jorf,Errachidia,Drâa-Tafilalet,Oui,2015,10.1371_journal.pntd.0003687.pdf | a.pdf | pntd.0003687.pdf,"ocali- tyinAzilalprovinceinHighAtlas[7].Thereafter,alargeruralfocushasbeenfurtheridentified inthecentreandthesouthofMorocco[6].Inthemid1990s,CLcausedbyL.tropicawasthen reportedinTazaprovince,innorthernMorocco[8]andearlyin2000,outbreaksoccurredin emergingfociinthecentralandnorthernpartsofthecountry,andL.tropicawasalsoeven PLOSNeglectedTropicalDiseases|DOI:10.1371/journal.pntd.0003687 March31,2015 2/17 P.sergenti:L.tropicaInfectionandBloodMealPreferences foundinareaspreviouslyonlyknownasL.majorfoci[9,10].CLduetoL.tropicaisbasically anthroponotic,althoughtheparasitewasalsoisolatedfromdogsinsomeleishmaniasisfociin Morocco,suggestingthatL.tropicacouldalsobezoonoticatleastinsomeareas[5,11,12]. Blo",
Jorf El Melha,Ouezzane,Tanger-Tétouan-Al Hoceïma,Non,,,,Aucune mention trouvee dans les sources fournies
Jouala,El Kelâa des Sraghna,Marrakech-Safi,Non,,,,Aucune mention trouvee dans les sources fournies
Jouamaa,Tanger-Assilah,Tanger-Tétouan-Al Hoceïma,Non,,,,Aucune mention trouvee dans les sources fournies
Jraifia,Boujdour,Laâyoune-Sakia El Hamra,Non,,,,Aucune mention trouvee dans les sources fournies
Kaf El Ghar,Taounate,Fès-Meknès,Non,,,,Aucune mention trouvee dans les sources fournies
Kalaat Booqorra,Ouezzane,Tanger-Tétouan-Al Hoceïma,Non,,,,Aucune mention trouvee dans les sources fournies
Kalaat M'Gouna,Tinghir,Drâa-Tafilalet,Non,,,,Aucune mention trouvee dans les sources fournies
Kandar Sidi Khiar,Sefrou,Fès-Meknès,Non,,,,Aucune mention trouvee dans les sources fournies
Karia Ba Mohamed,Moulay Yacoub,Fès-Meknès,Non,,,,Aucune mention trouvee dans les sources fournies
Kariat Ben Aouda,Ouezzane,Tanger-Tétouan-Al Hoceïma,Non,,,,Aucune mention trouvee dans les sources fournies
Kasba Tadla,Béni Mellal,Béni Mellal-Khénifra,Non,,,,Aucune mention trouvee dans les sources fournies
Kasbat Ben Mchich,Berrechid,Casablanca-Settat,Non,,,,Aucune mention trouvee dans les sources fournies
Kasbat Sidi Abdellah Ben M'Barek,Tata,Souss-Massa,Non,,,,Aucune mention trouvee dans les sources fournies
Kasbat Troch,Khouribga,Béni Mellal-Khénifra,Non,,,,Aucune mention trouvee dans les sources fournies
Kceibya,Sidi Slimane,Rabat-Salé-Kénitra,Non,,,,Aucune mention trouvee dans les sources fournies
Kechoula,Chichaoua,Marrakech-Safi,Non,,,,Aucune mention trouvee dans les sources fournies
Kerrouchen,Khénifra,Béni Mellal-Khénifra,Non,,,,Aucune mention trouvee dans les sources fournies
Ketama,Taounate,Fès-Meknès,Non,,,,Aucune mention trouvee dans les sources fournies
Khatazakane,Safi,Marrakech-Safi,Non,,,,Aucune mention trouvee dans les sources fournies
Khemis Sahel,Larache,Tanger-Tétouan-Al Hoceïma,Non,,,,Aucune mention trouvee dans les sources fournies
Khemis Sidi Yahya,Khemisset,Rabat-Salé-Kénitra,Non,,,,Aucune mention trouvee dans les sources fournies
Khemisset Chaouia,Settat,Casablanca-Settat,Non,,,,Aucune mention trouvee dans les sources fournies
Khenifra,Khénifra,Béni Mellal-Khénifra,Oui,,JAD-17-36.pdf | b.pdf,"ateau, and the High and Middle Atlas Moun- similis Perfiliev, 1963 (10). Its distribution ex- tains (Fig. 1, Table 1). tends eastward into Iran, the former USSR, The climate is continental, with a wet sea- Pakistan, and India. Such geographic distribu- son (November to March) and a dry season tion vastly exceeds that of L. tropica (10). The (April to October). The annual average tem- genetic diversity of Ph. sergenti investigated perature is 18 °C but ranges from 2 °C to 40 with Internal Transcribed Spacer 2 (ITS2) rDNA °C. The temperatures recorded during the cap- and/or Cytochrome B (Cyt b) mtDNA light- ture period are given in Table 1. Precipitation ened the possibility of closely related",
Khlalfa,Taounate,Fès-Meknès,Non,,,,Aucune mention trouvee dans les sources fournies
Khmis Ksiba,Rehamna,Marrakech-Safi,Non,,,,Aucune mention trouvee dans les sources fournies
Khnichet,Sidi Kacem,Rabat-Salé-Kénitra,Non,,,,Aucune mention trouvee dans les sources fournies
Khouribga,Khouribga,Béni Mellal-Khénifra,Non,,,,Aucune mention trouvee dans les sources fournies
Khouzama,Al Haouz,Marrakech-Safi,Non,,,,Aucune mention trouvee dans les sources fournies
Khémisset,Khemisset,Rabat-Salé-Kénitra,Non,,,,Aucune mention trouvee dans les sources fournies
Kissane,Taounate,Fès-Meknès,Non,,,,Aucune mention trouvee dans les sources fournies
Korimate,Essaouira,Marrakech-Safi,Non,,,,Aucune mention trouvee dans les sources fournies
Koudiat Bni Dghough,Youssoufia,Marrakech-Safi,Non,,,,Aucune mention trouvee dans les sources fournies
Kouzemt,Essaouira,Marrakech-Safi,Non,,,,Aucune mention trouvee dans les sources fournies
Kridid,Sidi Bennour,Casablanca-Settat,Non,,,,Aucune mention trouvee dans les sources fournies
Krifate,Fquih Ben Salah,Béni Mellal-Khénifra,Non,,,,Aucune mention trouvee dans les sources fournies
Ksabi Moulouya,Midelt,Drâa-Tafilalet,Non,,,,Aucune mention trouvee dans les sources fournies
Ksar Bjir,Larache,Tanger-Tétouan-Al Hoceïma,Non,,,,Aucune mention trouvee dans les sources fournies
Ksar Sghir,Fahs-Anjra,Tanger-Tétouan-Al Hoceïma,Non,,,,Aucune mention trouvee dans les sources fournies
Ksar al Majaz,Fahs-Anjra,Tanger-Tétouan-Al Hoceïma,Non,,,,Aucune mention trouvee dans les sources fournies
Ksar el-Kebir,Larache,Tanger-Tétouan-Al Hoceïma,Non,,,,Aucune mention trouvee dans les sources fournies
Ktaoua,Zagora,Drâa-Tafilalet,Non,,,,Aucune mention trouvee dans les sources fournies
Kénitra,Kénitra,Rabat-Salé-Kénitra,Oui,2008;2011,insects-15-00846.pdf,"1976 Itzer NA Midelt Center Humans [38] (Nt-Ab) 1600maltitude, BabBesen Chaouen North Humid 600maltitude, Chaouen Chaouen North Sub-humid 400maltitude, Rodents SFSV 1979 Talembote Chaouen North 9.4%(IgG) [51] Semi-arid Insectivora 130maltitude, Morocco Arbaoua Kenitra North Sub-humid 200maltitude, Asilah Tanger North Sub-humid 338,319latitude, TOSV 2008 Louata 4828longitude, Sefrou North Ph.perniciosus 4/129 [48] 800maltitude 31◦31′11′′N, TOSV 2011 ElHanchane 9◦26′02′′W Essaouira Center Ph.sergenti NA [49] NA NA Azilal Center Ph.sergenti NA TOSV 2008–2011 [30] NA NA Sefrou North Ph.longicuspis NA Insects2024,15,846 15of22 Table1.Cont. Country Virus Year Area SiteFactors Governorate Region Po",
Laagagcha,Sidi Bennour,Casablanca-Settat,Non,,,,Aucune mention trouvee dans les sources fournies
Laajajra,Moulay Yacoub,Fès-Meknès,Non,,,,Aucune mention trouvee dans les sources fournies
Laamamra,Chichaoua,Marrakech-Safi,Non,,,,Aucune mention trouvee dans les sources fournies
Laamria,Sidi Bennour,Casablanca-Settat,Non,,,,Aucune mention trouvee dans les sources fournies
Laanoussar,Sefrou,Fès-Meknès,Non,,,,Aucune mention trouvee dans les sources fournies
Laaouama,Tanger-Assilah,Tanger-Tétouan-Al Hoceïma,Non,,,,Aucune mention trouvee dans les sources fournies
Laaouinate,Jerada,Oriental,Non,,,,Aucune mention trouvee dans les sources fournies
Laaounate,Sidi Bennour,Casablanca-Settat,Non,,,,Aucune mention trouvee dans les sources fournies
Laatamna,El Kelâa des Sraghna,Marrakech-Safi,Non,,,,Aucune mention trouvee dans les sources fournies
Laatatra,Sidi Bennour,Casablanca-Settat,Non,,,,Aucune mention trouvee dans les sources fournies
Laattaouia Ech-Chaybia,El Kelâa des Sraghna,Marrakech-Safi,Non,,,,Aucune mention trouvee dans les sources fournies
Labkhati,Youssoufia,Marrakech-Safi,Non,,,,Aucune mention trouvee dans les sources fournies
Labouirat,Assa-Zag,Guelmim-Oued Noun,Non,,,,Aucune mention trouvee dans les sources fournies
Labrikiyne,Rehamna,Marrakech-Safi,Non,,,,Aucune mention trouvee dans les sources fournies
Labsara,Berkane,Oriental,Non,,,,Aucune mention trouvee dans les sources fournies
Labyar,Guelmim,Guelmim-Oued Noun,Non,,,,Aucune mention trouvee dans les sources fournies
Lagdadra,Essaouira,Marrakech-Safi,Non,,,,Aucune mention trouvee dans les sources fournies
Lagfaf,Khouribga,Béni Mellal-Khénifra,Non,,,,Aucune mention trouvee dans les sources fournies
Lagfifat,Chtouka-Aït Baha,Souss-Massa,Non,,,,Aucune mention trouvee dans les sources fournies
Laghdir,Chefchaouen,Tanger-Tétouan-Al Hoceïma,Non,,,,Aucune mention trouvee dans les sources fournies
Laghdira,Nouaceur,Casablanca-Settat,Non,,,,Aucune mention trouvee dans les sources fournies
Laghnadra,Sidi Bennour,Casablanca-Settat,Non,,,,Aucune mention trouvee dans les sources fournies
Laghnimyine,Berrechid,Casablanca-Settat,Non,,,,Aucune mention trouvee dans les sources fournies
Laghoualem,Benslimane,Casablanca-Settat,Non,,,,Aucune mention trouvee dans les sources fournies
Lagnadiz,Khouribga,Béni Mellal-Khénifra,Non,,,,Aucune mention trouvee dans les sources fournies
Lahdar,Youssoufia,Marrakech-Safi,Non,,,,Aucune mention trouvee dans les sources fournies
Lahouaza,Settat,Casablanca-Settat,Non,,,,Aucune mention trouvee dans les sources fournies
Lahraouyine,Casablanca,Casablanca-Settat,Non,,,,Aucune mention trouvee dans les sources fournies
Lahsasna,Berrechid,Casablanca-Settat,Non,,,,Aucune mention trouvee dans les sources fournies
Lahsinate,Essaouira,Marrakech-Safi,Non,,,,Aucune mention trouvee dans les sources fournies
Lakhnafif,Taroudant,Souss-Massa,Non,,,,Aucune mention trouvee dans les sources fournies
Lakhoualqa,Youssoufia,Marrakech-Safi,Non,,,,Aucune mention trouvee dans les sources fournies
Lakhsas,Tiznit,Souss-Massa,Non,,,,Aucune mention trouvee dans les sources fournies
Lakhzazra,Khouribga,Béni Mellal-Khénifra,Non,,,,Aucune mention trouvee dans les sources fournies
Lalla Aaziza,Chichaoua,Marrakech-Safi,Oui,,microorganisms-13-02279.pdf,"ysapivotalroleinparasitedevelopmentandtransmissiondynamics. Thisstudyaimed CharacterizationofGutBacteriain to characterize the gut bacterial composition of phlebotomine sand flies collected from NaturalPopulationsofSandFlies both endemic (Lalla Aaziza) and non-endemic (Marrakech) regions of leishmaniasis in (Diptera:Psychodidae)fromEndemic Morocco. WeinvestigatedthemicrobiotaofPhlebotomuspapatasi,P.sergenti,P.perniciosus, andNon-EndemicAreasof andP.longicuspis,allprovenvectorsofcutaneousandvisceralleishmaniasisintheOld LeishmaniasisinMorocco. World,includingMorocco,aswellasSergentomyiaminuta,apotentialvectorintheMediter- Microorganisms2025,13,2279. https://doi.org/10.3390/ raneanbasin. Gutba",
Lalla Mimouna,Larache,Tanger-Tétouan-Al Hoceïma,Non,,,,Aucune mention trouvee dans les sources fournies
Lalla Takarkoust,Al Haouz,Marrakech-Safi,Non,,,,Aucune mention trouvee dans les sources fournies
Lamaachate,Safi,Marrakech-Safi,Non,,,,Aucune mention trouvee dans les sources fournies
Lambarkiyine,Berrechid,Casablanca-Settat,Non,,,,Aucune mention trouvee dans les sources fournies
Lamhadi,Taroudant,Souss-Massa,Non,,,,Aucune mention trouvee dans les sources fournies
Lamhara,Taroudant,Souss-Massa,Non,,,,Aucune mention trouvee dans les sources fournies
Lamharra,El Kelâa des Sraghna,Marrakech-Safi,Non,,,,Aucune mention trouvee dans les sources fournies
Lamharza Essahel,Nouaceur,Casablanca-Settat,Non,,,,Aucune mention trouvee dans les sources fournies
Lamjaara,Ouezzane,Tanger-Tétouan-Al Hoceïma,Non,,,,Aucune mention trouvee dans les sources fournies
Lamnizla,Taroudant,Souss-Massa,Non,,,,Aucune mention trouvee dans les sources fournies
Lamrabih,Ouezzane,Tanger-Tétouan-Al Hoceïma,Non,,,,Aucune mention trouvee dans les sources fournies
Lamrasla,Safi,Marrakech-Safi,Non,,,,Aucune mention trouvee dans les sources fournies
Lamrija,Guercif,Oriental,Non,,,,Aucune mention trouvee dans les sources fournies
Lamsabih,Youssoufia,Marrakech-Safi,Non,,,,Aucune mention trouvee dans les sources fournies
Lamssid,Boujdour,Laâyoune-Sakia El Hamra,Non,,,,Aucune mention trouvee dans les sources fournies
Laouamra,Larache,Tanger-Tétouan-Al Hoceïma,Non,,,,Aucune mention trouvee dans les sources fournies
Laqraqra,Fquih Ben Salah,Béni Mellal-Khénifra,Non,,,,Aucune mention trouvee dans les sources fournies
Laqsabi Tagoust,Guelmim,Guelmim-Oued Noun,Non,,,,Aucune mention trouvee dans les sources fournies
Laqsir,Moulay Yacoub,Fès-Meknès,Oui,,TSWJ2023-4628625.pdf,"N °02 N'0°43 N'04°33 N'02°33 N'0°43 N'04°33 N'02°33 5°40'W 5°20'W 5°40'W 5°20'W N °53 N °03 N °52 N °02 TeScientifcWorldJournal 3 15° W 10° W 5° W N W E S Sabaa Aiyoun Laqsir 10° W 5° W Ras Ijerri A it Yaazem Ait Harz Allah Bitit Ras Ijerri Ouikhalfen Agourai Ait Bourzouine Iqaddar Ait Naam ane Ait Jahjouh Tamchachate Figure1:Mapshowingthe sandfy collectionstationsin ElHajeb [10]. 4 TeScientifcWorldJournal a fundamental step for the vector control activities and the P. papatasi, P. bergeroti, P. sergenti, P. alexandri, prevention of these diseases, specifcally the severe forms P.longicuspis,P.perniciosus,P.ariasi,S.minuta,S.schwetzi, thatthreatenhumansanddogs[21].Itisinthisperspective S. fal",
Larache,Larache,Tanger-Tétouan-Al Hoceïma,Non,,,,Aucune mention trouvee dans les sources fournies
Laâtamna,Berkane,Oriental,Non,,,,Aucune mention trouvee dans les sources fournies
Laâyoune,Laâyoune,Laâyoune-Sakia El Hamra,Oui,,1-s2.0-S0001706X21001844-main.pdf | e.pdf,"pain bHigher Institute of Nursing and Health Techniques, Laaˆyoune, Morocco cLaboratory of Cellular and Molecular Pathology / Research Team on Immunopathology of Infectious and Systemic Diseases, Hassan II University of Casablanca, Morocco A R T I C L E I N F O A B S T R A C T Keywords: Cutaneous leishmaniasis due to Leishmania tropica represents a major public health problem due to its ability to Phlebotomus sergenti spread into non-endemic areas by means of its vectors, and the associated dramatic psychosocial impact. The Leishmania tropica objective of this work was to compare the intra and extradomiciliary density, sex ratio and gonotrophic stage of Sand fly behaviour sand flies from a r",
Lebkhata,Jerada,Oriental,Non,,,,Aucune mention trouvee dans les sources fournies
Lehri,Khénifra,Béni Mellal-Khénifra,Non,,,,Aucune mention trouvee dans les sources fournies
Lgharbia,Sidi Bennour,Casablanca-Settat,Non,,,,Aucune mention trouvee dans les sources fournies
Lkheng,Errachidia,Drâa-Tafilalet,Non,,,,Aucune mention trouvee dans les sources fournies
Lmechrek,Sidi Bennour,Casablanca-Settat,Non,,,,Aucune mention trouvee dans les sources fournies
Louadaine,Fès,Fès-Meknès,Non,,,,Aucune mention trouvee dans les sources fournies
Loualidia,Safi,Marrakech-Safi,Non,,,,Aucune mention trouvee dans les sources fournies
Loudaya,Marrakech,Marrakech-Safi,Non,,,,Aucune mention trouvee dans les sources fournies
Loulad,Khouribga,Béni Mellal-Khénifra,Non,,,,Aucune mention trouvee dans les sources fournies
Loulja,Fès,Fès-Meknès,Non,,,,Aucune mention trouvee dans les sources fournies
Lounasda,El Kelâa des Sraghna,Marrakech-Safi,Non,,,,Aucune mention trouvee dans les sources fournies
Louta,Al Hoceïma,Tanger-Tétouan-Al Hoceïma,Non,,,,Aucune mention trouvee dans les sources fournies
Lqliaa,Inezgane-Aït Melloul,Souss-Massa,Non,,,,Aucune mention trouvee dans les sources fournies
M'Diq,M'diq-Fnideq,Tanger-Tétouan-Al Hoceïma,Non,,,,Aucune mention trouvee dans les sources fournies
M'Fassis,Khouribga,Béni Mellal-Khénifra,Non,,,,Aucune mention trouvee dans les sources fournies
M'Garto,Khouribga,Béni Mellal-Khénifra,Non,,,,Aucune mention trouvee dans les sources fournies
M'Hajer,Driouch,Oriental,Non,,,,Aucune mention trouvee dans les sources fournies
M'Hamid El Ghizlane,Zagora,Drâa-Tafilalet,Non,,,,Aucune mention trouvee dans les sources fournies
M'Haya,Moulay Yacoub,Fès-Meknès,Non,,,,Aucune mention trouvee dans les sources fournies
M'Nabha,Marrakech,Marrakech-Safi,Non,,,,Aucune mention trouvee dans les sources fournies
M'Qam Tolba,Khemisset,Rabat-Salé-Kénitra,Non,,,,Aucune mention trouvee dans les sources fournies
M'Ramer,Chichaoua,Marrakech-Safi,Non,,,,Aucune mention trouvee dans les sources fournies
M'Saada,Sidi Slimane,Rabat-Salé-Kénitra,Non,,,,Aucune mention trouvee dans les sources fournies
M'Semrir,Tinghir,Drâa-Tafilalet,Non,,,,Aucune mention trouvee dans les sources fournies
M'Ssici,Tinghir,Drâa-Tafilalet,Non,,,,Aucune mention trouvee dans les sources fournies
M'Tal,Sidi Bennour,Casablanca-Settat,Non,,,,Aucune mention trouvee dans les sources fournies
M'Zem Sanhaja,El Kelâa des Sraghna,Marrakech-Safi,Non,,,,Aucune mention trouvee dans les sources fournies
M'Zizel,Errachidia,Drâa-Tafilalet,Non,,,,Aucune mention trouvee dans les sources fournies
M'Zouda,Chichaoua,Marrakech-Safi,Non,,,,Aucune mention trouvee dans les sources fournies
M'rirt,Khénifra,Béni Mellal-Khénifra,Non,,,,Aucune mention trouvee dans les sources fournies
M'tioua,Taounate,Fès-Meknès,Non,,,,Aucune mention trouvee dans les sources fournies
Maadna,Khouribga,Béni Mellal-Khénifra,Non,,,,Aucune mention trouvee dans les sources fournies
Maatarka,Jerada,Oriental,Non,,,,Aucune mention trouvee dans les sources fournies
Maaziz,Khemisset,Rabat-Salé-Kénitra,Non,,,,Aucune mention trouvee dans les sources fournies
Machraa Ben Abbou,Settat,Casablanca-Settat,Non,,,,Aucune mention trouvee dans les sources fournies
Machraa El Ain,Taroudant,Souss-Massa,Non,,,,Aucune mention trouvee dans les sources fournies
Madagh,Berkane,Oriental,Non,,,,Aucune mention trouvee dans les sources fournies
Maghraoua,Taza,Fès-Meknès,Non,,,,Aucune mention trouvee dans les sources fournies
Majjat,Chichaoua,Marrakech-Safi,Non,,,,Aucune mention trouvee dans les sources fournies
Majjate,Meknès,Fès-Meknès,Non,,,,Aucune mention trouvee dans les sources fournies
Majmaa Tolba,Khemisset,Rabat-Salé-Kénitra,Non,,,,Aucune mention trouvee dans les sources fournies
Mallalienne,Tétouan,Tanger-Tétouan-Al Hoceïma,Non,,,,Aucune mention trouvee dans les sources fournies
Malloussa,Fahs-Anjra,Tanger-Tétouan-Al Hoceïma,Non,,,,Aucune mention trouvee dans les sources fournies
Mançoura,Taounate,Fès-Meknès,Non,,,,Aucune mention trouvee dans les sources fournies
Marchouch,Skhirate-Témara,Rabat-Salé-Kénitra,Non,,,,Aucune mention trouvee dans les sources fournies
Marrakech,Marrakech,Marrakech-Safi,Oui,1982;1984;1986;1990;1991;1995;1996;1997;1999;2000;2001;2002;2003;2004;2005;2006;2007;2008;2009;2010;2012;2013;2014;2015;2016;2018;2019;2022;2023,1-s2.0-S0001706X08002052-main.pdf | 1-s2.0-S1876034122000624-main.pdf | 10.1111@tbed.12914.pdf | 13071_2015_Article_671.pdf | JAD-17-36.pdf | PRI2015-438749.pdf | TSWJ2022-4095129.pdf | TSWJ2022-5098005.pdf | TSWJ2023-4628625.pdf | b.pdf | boussaa2005.pdf | boussaa2007.pdf | boussaa2009.pdf | boussaa2010.pdf | collecetd phlebotomes.pdf | guernaoui2005 (1).pdf | kahime2015.pdf | microorganisms-13-02279.pdf | nordphleb.pdf | ramaoui2008.pdf | tjac116.pdf,"46 http://jad.tums.ac.ir Published Online: March 31, 2023 J Arthropod-Borne Dis, March 2023, 17(1): 36–50 FZ Abou-Elaaz et al.: Descriptive and … locate in the same altitudinal zone as Bzou between the phenotypic differentiation and the and Foum Jamaa. Furthermore, the altitudinal genetic structure of Ph. sergenti in Morocco structuring of sand flies observed in the High must be further investigated. Atlas Mountains concerned Ph. papatasi, Ph. ariasi, and the species of the Ph. perniciosus Acknowledgements complex (41). The density and distribution of Ph. sergenti did not follow any altitudinal The authors would like to thank the Natu- gradient (41). ral History Museum, Cadi Ayyad University",
Martil,Tétouan,Tanger-Tétouan-Al Hoceïma,Non,,,,Aucune mention trouvee dans les sources fournies
Masmouda,Ouezzane,Tanger-Tétouan-Al Hoceïma,Non,,,,Aucune mention trouvee dans les sources fournies
Massa,Tiznit,Souss-Massa,Oui,1998;2000,1-s2.0-S0020751902000887-main.pdf,". Version nucleotides) than the Spanish specimens (positions 307 4. Sinauer Associates, Sunderland, Massachussets. 1998) and 308), and a G nucleotide at site 360, that is probably on the complete dataset, as well as on this dataset, from autapomorphic (position360). whichwereexcludedsites281–314toaccountforavariable The Lebanese population appears as sister group of the poly (AT) insertion (or deletion) within P. sergenti. Gaps previousones,independentlyoftheanalyticalmethodused. were treated as a fifth base, even in the complete dataset. This positionis well supportedby bootstrapvalues (98%). Phlebotomus kazeruniwas usedasoutgroup,following the The sequences obtained from Cypriot, Pakistani",
Matmata,Sefrou,Fès-Meknès,Non,,,,Aucune mention trouvee dans les sources fournies
Mayate,El Kelâa des Sraghna,Marrakech-Safi,Non,,,,Aucune mention trouvee dans les sources fournies
Mazguitam,Guercif,Oriental,Non,,,,Aucune mention trouvee dans les sources fournies
Mechouar Kasbah,Marrakech,Marrakech-Safi,Non,,,,Aucune mention trouvee dans les sources fournies
Mechra Bel Ksiri,Sidi Slimane,Rabat-Salé-Kénitra,Non,,,,Aucune mention trouvee dans les sources fournies
Mechraa Hammadi,Taourirt,Oriental,Non,,,,Aucune mention trouvee dans les sources fournies
Mehdya,Kénitra,Rabat-Salé-Kénitra,Non,,,,Aucune mention trouvee dans les sources fournies
Mejji,Essaouira,Marrakech-Safi,Non,,,,Aucune mention trouvee dans les sources fournies
Meknassa Acharqia,Taza,Fès-Meknès,Non,,,,Aucune mention trouvee dans les sources fournies
Meknassa Al Gharbia,Taza,Fès-Meknès,Non,,,,Aucune mention trouvee dans les sources fournies
Meknès,Meknès,Fès-Meknès,Oui,1997;2008;2016,CJIDMM2020-6098149.pdf | TSWJ2022-4095129.pdf,"relation coefficient is between −1 and +1. The hamletsandvillagesintheirquestforfoodandshelter[17]. further away from zero, the correlation is better. CanadianJournalofInfectiousDiseasesandMedicalMicrobiology 3 Table 1: Presenceandrelativeabundance ofspeciesin Meknesprefecture. Genus Subgenus Species Male Female Total Relative abundance(%) Ph.perniciosus 61 17 78 8.29 Larroussius Ph. longicuspis 68 13 81 8.61 Phlebotomus Paraphlebotomus Ph.sergenti 560 173 720 76.51 Phlebotomus Ph. papatasi 50 12 62 6.59 Total 739 215 941 100 To study the impact of climate factors on different the axis F1, whereas the precipitation and humidity are species of sandflies during the months of catches, we per- l",
Melaab,Errachidia,Drâa-Tafilalet,Non,,,,Aucune mention trouvee dans les sources fournies
Melga el Ouidane,Taourirt,Oriental,Non,,,,Aucune mention trouvee dans les sources fournies
Mellila,Benslimane,Casablanca-Settat,Non,,,,Aucune mention trouvee dans les sources fournies
Merija,Jerada,Oriental,Non,,,,Aucune mention trouvee dans les sources fournies
Mers El Kheir,Skhirate-Témara,Rabat-Salé-Kénitra,Non,,,,Aucune mention trouvee dans les sources fournies
Meskala,Essaouira,Marrakech-Safi,Non,,,,Aucune mention trouvee dans les sources fournies
Meskoura,Khouribga,Béni Mellal-Khénifra,Non,,,,Aucune mention trouvee dans les sources fournies
Messassa,Taounate,Fès-Meknès,Non,,,,Aucune mention trouvee dans les sources fournies
Mestegmer,Taourirt,Oriental,Non,,,,Aucune mention trouvee dans les sources fournies
Mestferki,Jerada,Oriental,Non,,,,Aucune mention trouvee dans les sources fournies
Mesti,Sidi Ifni,Guelmim-Oued Noun,Oui,1984;1986;1990;1991;1995;1996;1999;2000;2001;2002;2004;2005;2006;2007;2008;2010;2011;2013;2015;2016;2022;2026,1-s2.0-S0001706X15001023-main.pdf | 1-s2.0-S0001706X21001844-main.pdf | 1-s2.0-S1876034122000624-main.pdf | 10.1186_1756-3305-7-305.pdf | 10.1371_journal.pntd.0003687.pdf | 10.1371_journal.pntd.0010009.pdf | 13071_2016_Article_1343.pdf | JAD-17-36.pdf | PRI2015-438749.pdf | TSWJ2022-5098005.pdf | a.pdf | b.pdf | boussaa2007.pdf | boussaa2009.pdf | collecetd phlebotomes.pdf | d.pdf | e.pdf | f.pdf | guernaoui2005 (1).pdf | https://www.ncbi.nlm.nih.gov/pmc/?term=phlebotomus+sergenti+morocco | khenifra agadir rgion.pdf | nordphleb.pdf | pntd.0003687.pdf | pntd.0010009.pdf | ramaoui2008.pdf | tjac116.pdf,"0.03 - - Total 1196 1454 2650 100 7 - Es-Setteetal.Parasites&Vectors2014,7:305 Page5of8 http://www.parasitesandvectors.com/content/7/1/305 Phlebotomus. Three Sergentomyia species were also iden- was similar to the Italian L. infantum sequence deposited tified:Sergentomyiaantennata,S.minutaandS.drefussi. in GenBank under the accession number JX945645 (98%) ThepredominantspeciesinthisfocuswasP.longicuspis (Figure2). followedindescendingorderbyP.sergenti,P.perniciosus, P. papatasi, P. langeroni, P. ariasi, S. antennata, S. min- Sandflybloodmealidentification uta, P. chabaudi and S. drefussi (Table 1). In June and Ten freshly fed female sand flies (6 P. longicuspis and 4 August,only5Phlebotomuss",
Metrane,Sidi Bennour,Casablanca-Settat,Non,,,,Aucune mention trouvee dans les sources fournies
Mettouh,Sidi Bennour,Casablanca-Settat,Non,,,,Aucune mention trouvee dans les sources fournies
Mezguita,Ouarzazate,Drâa-Tafilalet,Non,,,,Aucune mention trouvee dans les sources fournies
Mezraoua,Taounate,Fès-Meknès,Non,,,,Aucune mention trouvee dans les sources fournies
Mibladen,Midelt,Drâa-Tafilalet,Non,,,,Aucune mention trouvee dans les sources fournies
Midar,Driouch,Oriental,Oui,1984;1997;1999;2008,boussaa2010.pdf,"les maladies. In Larroussius, including P. perniciosus (Rioux RapportAnnueldelaMiniste`redelaSante´,pp.1–38. et al., 1984, 1997). Although such ‘prefer- Rabat:MinistryofHealth. Baro´n,S.,Mart´ın-Sa´nchez,J.,Ga´llego,M.,Morales-Yuste, ences’mayexplainwhy,inthepresentstudy, M., Boussaa, S. & Morillas-Ma´rquez, F. (2008). P. papatasi was not found at the collection Intraspecificvariability(rDNAITSandmtDNACytb) sitesinsub-humidareas,theydonotexplain of Phlebotomus sergenti in Spain and Morocco. Acta whyP.sergentiwaspresentinallthesampled Tropica,107,259–267. bioclimatesorwhyP.perniciosustendedtobe Benabdennbi, I., Pesson, B., Cadi-soussi, M. & Morillas Marquez, F. (1999). Morphological and most ",
Midelt,Midelt,Drâa-Tafilalet,Oui,,collecetd phlebotomes.pdf | insects-15-00846.pdf,0 8 2 0 0 0 0 0 0 33 18 43 11 0 0 7 2 20 12 5 0 0 0 0 0 187 (S18) Tahanaout 23 14 0 0 10 7 0 0 0 0 0 0 115 65 123 77 0 0 11 9 16 2 3 1 0 0 0 0 466 (S19) Marrakech 90 72 0 0 50 23 0 0 0 0 0 0 0 0 22 13 0 0 24 11 28 12 17 6 0 0 0 0 348 (S20) Total M/F 376/222 40/5 192/85 23/4 11/5 8/3 184/93 275/139 4/2 118/51 264/120 55/19 16/5 32/19 1558/746 All 598 45 277 27 16 11 277 414 6 169 384 74 21 51 2370 Table 4 Number of males (M) and females (F) sandflies collected along the Erfoud-Nador transect. Species P. papatasi P. bergerotiP. sergentiP. alexandriP. chabaudiP. ariasi P. perniciosus P. longicuspisP. chadlii S. fallax S. minuta S. dreyfussi S. AfricanaS. christophersi Total Site (code) M F M F ,
Mijik,Aousserd,Dakhla-Oued Ed-Dahab,Non,,,,Aucune mention trouvee dans les sources fournies
Mikkes,Moulay Yacoub,Fès-Meknès,Non,,,,Aucune mention trouvee dans les sources fournies
Mirleft,Sidi Ifni,Guelmim-Oued Noun,Non,,,,Aucune mention trouvee dans les sources fournies
Missour,Boulemane,Fès-Meknès,Non,,,,Aucune mention trouvee dans les sources fournies
Mkansa,Sidi Kacem,Rabat-Salé-Kénitra,Non,,,,Aucune mention trouvee dans les sources fournies
Mkhalif,Safi,Marrakech-Safi,Non,,,,Aucune mention trouvee dans les sources fournies
Mnasra,Kénitra,Rabat-Salé-Kénitra,Non,,,,Aucune mention trouvee dans les sources fournies
Mniaa,Settat,Casablanca-Settat,Non,,,,Aucune mention trouvee dans les sources fournies
Mograne,Kénitra,Rabat-Salé-Kénitra,Non,,,,Aucune mention trouvee dans les sources fournies
Mogress,Sidi Bennour,Casablanca-Settat,Non,,,,Aucune mention trouvee dans les sources fournies
Moha Ou Hammou Zayani,Khénifra,Béni Mellal-Khénifra,Non,,,,Aucune mention trouvee dans les sources fournies
Mohammédia,Mohammedia,Casablanca-Settat,Non,,,,Aucune mention trouvee dans les sources fournies
Moqrisset,Chefchaouen,Tanger-Tétouan-Al Hoceïma,Non,,,,Aucune mention trouvee dans les sources fournies
Moualine el Oued,Benslimane,Casablanca-Settat,Non,,,,Aucune mention trouvee dans les sources fournies
Mouarid,Chichaoua,Marrakech-Safi,Non,,,,Aucune mention trouvee dans les sources fournies
Moul El Bergui,Safi,Marrakech-Safi,Non,,,,Aucune mention trouvee dans les sources fournies
Moulay Abdelkader,Ouezzane,Tanger-Tétouan-Al Hoceïma,Non,,,,Aucune mention trouvee dans les sources fournies
Moulay Abdelkrim,Moulay Yacoub,Fès-Meknès,Non,,,,Aucune mention trouvee dans les sources fournies
Moulay Abdellah Amghar,El Jadida,Casablanca-Settat,Non,,,,Aucune mention trouvee dans les sources fournies
Moulay Ahmed Cherif,Taounate,Fès-Meknès,Non,,,,Aucune mention trouvee dans les sources fournies
Moulay Aissa Ben Driss,Azilal,Béni Mellal-Khénifra,Non,,,,Aucune mention trouvee dans les sources fournies
Moulay Ali Chérif,Errachidia,Drâa-Tafilalet,Non,,,,Aucune mention trouvee dans les sources fournies
Moulay Bouazza,Khemisset,Rabat-Salé-Kénitra,Non,,,,Aucune mention trouvee dans les sources fournies
Moulay Bouchta,Moulay Yacoub,Fès-Meknès,Non,,,,Aucune mention trouvee dans les sources fournies
Moulay Bousselham,Larache,Tanger-Tétouan-Al Hoceïma,Non,,,,Aucune mention trouvee dans les sources fournies
Moulay Bouzarqtoune,Essaouira,Marrakech-Safi,Non,,,,Aucune mention trouvee dans les sources fournies
Moulay Brahim,Al Haouz,Marrakech-Safi,Non,,,,Aucune mention trouvee dans les sources fournies
Moulay Driss Aghbal,Skhirate-Témara,Rabat-Salé-Kénitra,Non,,,,Aucune mention trouvee dans les sources fournies
Moulay Idriss Zarhoun,Meknès,Fès-Meknès,Non,,,,Aucune mention trouvee dans les sources fournies
Moulay Yacoub,Moulay Yacoub,Fès-Meknès,Oui,2004;2013;2016,TSWJ2022-4095129.pdf | nordphleb.pdf | tjac116.pdf,"ouz Province, Morocco. Ann. Trop. Med. Parasitol. 103: Lahouiti, K., A. El Ouali Lalami, S. Maniar, and K. Bekhti. 2013. Seasonal 73–83. fluctuations of phlebotomines sandfly populations (Diptera: Psychodidae) Boussaa, S., K. Kahime, A.M. Samy, A.B. Salem, and A. Boumezzough. 2016. in the Moulay Yacoub province, centre Morocco: effect of ecological Species composition of sand flies and bionomics of Phlebotomus papatasi factors. Afr. J. Environ. Sci. Technol. 7: 1028–1036. and P. sergenti (Diptera: Psychodidae) in cutaneous leishmaniasis endemic Lawyer, P.G., and P.V. Perkins. 2004. Leishmaniosis and trypanosomiasis, pp. foci, Morocco. Parasites Vectors. Published 2016 Feb 2. 231–298. In B. F",
Mrhassiyine,Meknès,Fès-Meknès,Non,,,,Aucune mention trouvee dans les sources fournies
Mrizigue,Khouribga,Béni Mellal-Khénifra,Non,,,,Aucune mention trouvee dans les sources fournies
Msied,Tan-Tan,Guelmim-Oued Noun,Non,,,,Aucune mention trouvee dans les sources fournies
Msila,Taza,Fès-Meknès,Non,,,,Aucune mention trouvee dans les sources fournies
Mtalssa,Driouch,Oriental,Non,,,,Aucune mention trouvee dans les sources fournies
Mtarnagha,Sefrou,Fès-Meknès,Non,,,,Aucune mention trouvee dans les sources fournies
Mzamza Janoubia,Settat,Casablanca-Settat,Non,,,,Aucune mention trouvee dans les sources fournies
Mzefroune,Ouezzane,Tanger-Tétouan-Al Hoceïma,Non,,,,Aucune mention trouvee dans les sources fournies
Mzilate,Chichaoua,Marrakech-Safi,Non,,,,Aucune mention trouvee dans les sources fournies
Mzoudia,Chichaoua,Marrakech-Safi,Non,,,,Aucune mention trouvee dans les sources fournies
Mzoura,Settat,Casablanca-Settat,Non,,,,Aucune mention trouvee dans les sources fournies
Méchouar Fès Jdid,Fès,Fès-Meknès,Non,,,,Aucune mention trouvee dans les sources fournies
Méchouar de Casablanca,Casablanca,Casablanca-Settat,Non,,,,Aucune mention trouvee dans les sources fournies
Médiouna,Nouaceur,Casablanca-Settat,Non,,,,Aucune mention trouvee dans les sources fournies
N'Kob,Tinghir,Drâa-Tafilalet,Non,,,,Aucune mention trouvee dans les sources fournies
N'khila,Khouribga,Béni Mellal-Khénifra,Non,,,,Aucune mention trouvee dans les sources fournies
Nador,Nador,Oriental,Oui,2012;2015,collecetd phlebotomes.pdf,"d 1 720 m. The third and last transect was 1 006 km Fouad OUANAIMI et al./Asian Pac J Trop Dis 2015; 5(4): 299-306 301 long and connected Erfoud city to the city of Nador. This transect 3. Results went through seven collection sites with altitude ranges from 61 to 1 470 m and was studied on June 2012 (Figure 1). Overall, 7 140 sandflies were collected along the three transects. In the combined collections, nine Phlebotomus species: P. 2.2. Sandfly collection and identification papatasi (27.6%), P. longicuspis (19%), P. sergenti (18.2%), P. perniciosus (6.2%), Phlebotomus bergeroti (P. bergeroti) (2.9%), Sandflies were collected using sticky paper traps (each an A4 Phlebotomus alexandri (P. a",
Nagga,Safi,Marrakech-Safi,Non,,,,Aucune mention trouvee dans les sources fournies
Naima,Jerada,Oriental,Oui,2021,1-s2.0-S0001706X21001844-main.pdf | e.pdf,"ActaTropica221(2021)106005 Contents lists available at ScienceDirect Acta Tropica journal homepage: www.elsevier.com/locate/actatropica Intra and peridomiciliary comparison of density, sex ratio and gonotrophic stage of Phlebotomus sergenti in an active anthroponotic cutaneous leishmaniasis focus in Morocco Patricia Gijo ´ n-Robles1,a, Naima Abattouyb, Victoriano Corpas-Lo ´ peza, Nora El Khalfaouic, Francisco Morillas-Ma ´ rqueza, Myriam Riyadc, Joaquina Martín-S ´ ancheza,*, Victoriano Díaz-Sa ´ eza aDepartment of Parasitology, Faculty of Pharmacy, University of Granada, Spain bHigher Institute of Nursing and Health Techniques, La",
Naour,Béni Mellal,Béni Mellal-Khénifra,Non,,,,Aucune mention trouvee dans les sources fournies
Nekkour,Al Hoceïma,Tanger-Tétouan-Al Hoceïma,Non,,,,Aucune mention trouvee dans les sources fournies
Nfifa,Chichaoua,Marrakech-Safi,Non,,,,Aucune mention trouvee dans les sources fournies
Nihit,Taroudant,Souss-Massa,Non,,,,Aucune mention trouvee dans les sources fournies
Nouaceur,Nouaceur,Casablanca-Settat,Non,,,,Aucune mention trouvee dans les sources fournies
Nouirate,Sidi Slimane,Rabat-Salé-Kénitra,Non,,,,Aucune mention trouvee dans les sources fournies
Nzala Bni Ammar,Meknès,Fès-Meknès,Non,,,,Aucune mention trouvee dans les sources fournies
Nzalat Laadam,Rehamna,Marrakech-Safi,Non,,,,Aucune mention trouvee dans les sources fournies
Ouad Essafa,Inezgane-Aït Melloul,Souss-Massa,Non,,,,Aucune mention trouvee dans les sources fournies
Ouahat Sidi Brahim,Marrakech,Marrakech-Safi,Non,,,,Aucune mention trouvee dans les sources fournies
Ouaklim,Tinghir,Drâa-Tafilalet,Non,,,,Aucune mention trouvee dans les sources fournies
Oualili,Meknès,Fès-Meknès,Non,,,,Aucune mention trouvee dans les sources fournies
Oualqadi,Taroudant,Souss-Massa,Non,,,,Aucune mention trouvee dans les sources fournies
Ouaouizaght,Béni Mellal,Béni Mellal-Khénifra,Non,,,,Aucune mention trouvee dans les sources fournies
Ouaoula,Azilal,Béni Mellal-Khénifra,Non,,,,Aucune mention trouvee dans les sources fournies
Ouaoumana,Khénifra,Béni Mellal-Khénifra,Non,,,,Aucune mention trouvee dans les sources fournies
Ouaouzgane,Taounate,Fès-Meknès,Non,,,,Aucune mention trouvee dans les sources fournies
Ouargui,El Kelâa des Sraghna,Marrakech-Safi,Non,,,,Aucune mention trouvee dans les sources fournies
Ouarzazate,Ouarzazate,Drâa-Tafilalet,Oui,1980;2008;2011;2016;2018,1-s2.0-S1876034122000624-main.pdf | collecetd phlebotomes.pdf | es-sette2016.pdf | insects-15-00846.pdf,"es for P. ariasi in Ait aiaaza, S. dreyfussi and (a: number of species in both sample A and sample B, b: number of S. christophersi in Tata city, while, it was in favor of males for all species in sample A but not in sample B and c: number of species in caught species in all other stations (Table 3). sample B but not in sample A). Sandflies (2 714) were collected on the Erfoud-Nador road. Table 2 Number of males (M) and females (F) sandflies collected along the Ouarzazate-M’Hamid transect. Species P. papatasi P. bergeroti P. sergenti P. alexandri P. chabaudi P. ariasi P. perniciosus P. longicuspis P. chadlii S. fallax S. minuta S. dreyfussi S. christophersi Total Site (code) M F M F M F M F ",
Ouazguita,Al Haouz,Marrakech-Safi,Non,,,,Aucune mention trouvee dans les sources fournies
Ouazzane,Ouezzane,Tanger-Tétouan-Al Hoceïma,Non,,,,Aucune mention trouvee dans les sources fournies
Oudka,Taounate,Fès-Meknès,Non,,,,Aucune mention trouvee dans les sources fournies
Oued Amlil,Taza,Fès-Meknès,Non,,,,Aucune mention trouvee dans les sources fournies
Oued El Makhazine,Ouezzane,Tanger-Tétouan-Al Hoceïma,Non,,,,Aucune mention trouvee dans les sources fournies
Oued Ifrane,Khénifra,Béni Mellal-Khénifra,Non,,,,Aucune mention trouvee dans les sources fournies
Oued Jdida,Meknès,Fès-Meknès,Non,,,,Aucune mention trouvee dans les sources fournies
Oued Jemaa,Taounate,Fès-Meknès,Non,,,,Aucune mention trouvee dans les sources fournies
Oued L'Bour,Chichaoua,Marrakech-Safi,Non,,,,Aucune mention trouvee dans les sources fournies
Oued Lakhdar,El Kelâa des Sraghna,Marrakech-Safi,Non,,,,Aucune mention trouvee dans les sources fournies
Oued Laou,Tétouan,Tanger-Tétouan-Al Hoceïma,Oui,1982;1986;1991;1997;2010;2012;2013;2015;2022;2026,nordphleb.pdf | tjac116.pdf,"ere collected between May and November 2015 in two localities: peri-urban area of Tetouan city, where leishmaniasis is endemic and that of the Oued Laou village where no cases of leishmaniasis have been recorded. Six sand fly species were identified. The genus Phebotomus was represented by five species: Phlebotomus ariasi, Phlebotomus. longicuspis, Phlebotomus perniciosus, Phlebotomus kazeruni, and Phlebotomus sergenti, while the genus Sergentomyia was represented by only one species Sergentomyia minuta. Phlebotomus perniciosus was dominant in the nonendemic area (47%) while Phlebotomus sergenti was dominant in the endemic area (51%). The spatio-temporal distribution of sand fly populations ",
Oued Malha,Chefchaouen,Tanger-Tétouan-Al Hoceïma,Non,,,,Aucune mention trouvee dans les sources fournies
Oued Naam,Errachidia,Drâa-Tafilalet,Non,,,,Aucune mention trouvee dans les sources fournies
Oued Naanaa,Settat,Casablanca-Settat,Non,,,,Aucune mention trouvee dans les sources fournies
Oued Zem,Khouribga,Béni Mellal-Khénifra,Non,,,,Aucune mention trouvee dans les sources fournies
Ouijjane,Tiznit,Souss-Massa,Non,,,,Aucune mention trouvee dans les sources fournies
Ouirgane,Al Haouz,Marrakech-Safi,Non,,,,Aucune mention trouvee dans les sources fournies
Ouislane,Meknès,Fès-Meknès,Non,,,,Aucune mention trouvee dans les sources fournies
Ouisselsate,Ouarzazate,Drâa-Tafilalet,Non,,,,Aucune mention trouvee dans les sources fournies
Ouizeght,Midelt,Drâa-Tafilalet,Non,,,,Aucune mention trouvee dans les sources fournies
Oujda,Oujda-Angad,Oriental,Oui,,TSWJ2023-4628625.pdf,"ansmissionofleishmaniasis.Te (VL) have been reported to the health authorities; the A¨ıt frst one belonging to the Phlebotomus (P) subgenus is RbaastationintheruralcommuneofBititwherecasesofVL P.papatasiincriminatedinthetransmissionofL.major;the and CL have also been reported; the station of A¨ıt Brahim secondspeciesbelongingtothesubgenusParaphlebotmusis where the surveys were carried out in the public landfll P. sergenti which is responsible for the transmission of located near the locality where infantile VL cases were L. tropica; the last three species belonging to the subgenus notifed;thestationofA¨ınTaoujdatewherecasesofCLwere Larroussius are P. perniciosus, P. ariasi, and P. longicuspi",
Oukaimeden,Al Haouz,Marrakech-Safi,Non,,,,Aucune mention trouvee dans les sources fournies
Oulad Aamer,El Kelâa des Sraghna,Marrakech-Safi,Non,,,,Aucune mention trouvee dans les sources fournies
Oulad Aamer Tizmarine,Youssoufia,Marrakech-Safi,Non,,,,Aucune mention trouvee dans les sources fournies
Oulad Aarrad,El Kelâa des Sraghna,Marrakech-Safi,Non,,,,Aucune mention trouvee dans les sources fournies
Oulad Abbou,Settat,Casablanca-Settat,Non,,,,Aucune mention trouvee dans les sources fournies
Oulad Abdoune,Khouribga,Béni Mellal-Khénifra,Non,,,,Aucune mention trouvee dans les sources fournies
Oulad Aissa,El Jadida,Casablanca-Settat,Non,,,,Aucune mention trouvee dans les sources fournies
Oulad Ali Mansour,Chefchaouen,Tanger-Tétouan-Al Hoceïma,Non,,,,Aucune mention trouvee dans les sources fournies
Oulad Ali Toualaa,Benslimane,Casablanca-Settat,Non,,,,Aucune mention trouvee dans les sources fournies
Oulad Ali Youssef,Boulemane,Fès-Meknès,Non,,,,Aucune mention trouvee dans les sources fournies
Oulad Amer,El Kelâa des Sraghna,Marrakech-Safi,Non,,,,Aucune mention trouvee dans les sources fournies
Oulad Amghar,Al Hoceïma,Tanger-Tétouan-Al Hoceïma,Non,,,,Aucune mention trouvee dans les sources fournies
Oulad Amrane,Youssoufia,Marrakech-Safi,Non,,,,Aucune mention trouvee dans les sources fournies
Oulad Ayad,Fquih Ben Salah,Béni Mellal-Khénifra,Non,,,,Aucune mention trouvee dans les sources fournies
Oulad Ayyad,Sefrou,Fès-Meknès,Non,,,,Aucune mention trouvee dans les sources fournies
Oulad Azzouz,Khouribga,Béni Mellal-Khénifra,Non,,,,Aucune mention trouvee dans les sources fournies
Oulad Ben Hammadi,Sidi Slimane,Rabat-Salé-Kénitra,Non,,,,Aucune mention trouvee dans les sources fournies
Oulad Berhil,Taroudant,Souss-Massa,Non,,,,Aucune mention trouvee dans les sources fournies
Oulad Bouali Loued,El Kelâa des Sraghna,Marrakech-Safi,Non,,,,Aucune mention trouvee dans les sources fournies
Oulad Bouali Nouaja,Khouribga,Béni Mellal-Khénifra,Non,,,,Aucune mention trouvee dans les sources fournies
Oulad Boubker,Driouch,Oriental,Non,,,,Aucune mention trouvee dans les sources fournies
Oulad Boughadi,Khouribga,Béni Mellal-Khénifra,Non,,,,Aucune mention trouvee dans les sources fournies
Oulad Bourima,Taza,Fès-Meknès,Non,,,,Aucune mention trouvee dans les sources fournies
Oulad Boussaken,Rehamna,Marrakech-Safi,Non,,,,Aucune mention trouvee dans les sources fournies
Oulad Cebbah,Berrechid,Casablanca-Settat,Non,,,,Aucune mention trouvee dans les sources fournies
Oulad Chbana,Settat,Casablanca-Settat,Non,,,,Aucune mention trouvee dans les sources fournies
Oulad Cherki,El Kelâa des Sraghna,Marrakech-Safi,Non,,,,Aucune mention trouvee dans les sources fournies
Oulad Chrif,Taza,Fès-Meknès,Non,,,,Aucune mention trouvee dans les sources fournies
Oulad Dahou,Inezgane-Aït Melloul,Souss-Massa,Non,,,,Aucune mention trouvee dans les sources fournies
Oulad Daoud,Taounate,Fès-Meknès,Non,,,,Aucune mention trouvee dans les sources fournies
Oulad Daoud Zkhanine,Berkane,Oriental,Non,,,,Aucune mention trouvee dans les sources fournies
Oulad El Garne,El Kelâa des Sraghna,Marrakech-Safi,Non,,,,Aucune mention trouvee dans les sources fournies
Oulad Fares,Khouribga,Béni Mellal-Khénifra,Non,,,,Aucune mention trouvee dans les sources fournies
Oulad Fares El Halla,Fquih Ben Salah,Béni Mellal-Khénifra,Non,,,,Aucune mention trouvee dans les sources fournies
Oulad Fennane,Khouribga,Béni Mellal-Khénifra,Non,,,,Aucune mention trouvee dans les sources fournies
Oulad Freiha,Settat,Casablanca-Settat,Non,,,,Aucune mention trouvee dans les sources fournies
Oulad Frej,El Jadida,Casablanca-Settat,Non,,,,Aucune mention trouvee dans les sources fournies
Oulad Ftata,Khouribga,Béni Mellal-Khénifra,Non,,,,Aucune mention trouvee dans les sources fournies
Oulad Gnaou,Béni Mellal,Béni Mellal-Khénifra,Non,,,,Aucune mention trouvee dans les sources fournies
Oulad Gouaouch,Béni Mellal,Béni Mellal-Khénifra,Non,,,,Aucune mention trouvee dans les sources fournies
Oulad H'Cine,Sidi Slimane,Rabat-Salé-Kénitra,Non,,,,Aucune mention trouvee dans les sources fournies
Oulad Hamdane,El Jadida,Casablanca-Settat,Non,,,,Aucune mention trouvee dans les sources fournies
Oulad Hassoun,Marrakech,Marrakech-Safi,Non,,,,Aucune mention trouvee dans les sources fournies
Oulad Hassoune Hamri,Rehamna,Marrakech-Safi,Non,,,,Aucune mention trouvee dans les sources fournies
Oulad Hcine,El Jadida,Casablanca-Settat,Non,,,,Aucune mention trouvee dans les sources fournies
Oulad Imloul,El Kelâa des Sraghna,Marrakech-Safi,Non,,,,Aucune mention trouvee dans les sources fournies
Oulad Khallouf,El Kelâa des Sraghna,Marrakech-Safi,Non,,,,Aucune mention trouvee dans les sources fournies
Oulad M'Barek,Béni Mellal,Béni Mellal-Khénifra,Non,,,,Aucune mention trouvee dans les sources fournies
Oulad M'Hamed,Khouribga,Béni Mellal-Khénifra,Non,,,,Aucune mention trouvee dans les sources fournies
Oulad M'Hammed,Guercif,Oriental,Non,,,,Aucune mention trouvee dans les sources fournies
Oulad M'Rabet,Chichaoua,Marrakech-Safi,Non,,,,Aucune mention trouvee dans les sources fournies
Oulad Massaoud,El Kelâa des Sraghna,Marrakech-Safi,Non,,,,Aucune mention trouvee dans les sources fournies
Oulad Mimoun,Moulay Yacoub,Fès-Meknès,Non,,,,Aucune mention trouvee dans les sources fournies
Oulad Mkoudou,Sefrou,Fès-Meknès,Non,,,,Aucune mention trouvee dans les sources fournies
Oulad Moumna,Chichaoua,Marrakech-Safi,Non,,,,Aucune mention trouvee dans les sources fournies
Oulad Msabbel,El Kelâa des Sraghna,Marrakech-Safi,Non,,,,Aucune mention trouvee dans les sources fournies
Oulad Mtaa,Al Haouz,Marrakech-Safi,Non,,,,Aucune mention trouvee dans les sources fournies
Oulad Nacer,Fquih Ben Salah,Béni Mellal-Khénifra,Non,,,,Aucune mention trouvee dans les sources fournies
Oulad Nouel,Sidi Kacem,Rabat-Salé-Kénitra,Non,,,,Aucune mention trouvee dans les sources fournies
Oulad Ouchih,Larache,Tanger-Tétouan-Al Hoceïma,Non,,,,Aucune mention trouvee dans les sources fournies
Oulad Rahmoune,El Jadida,Casablanca-Settat,Non,,,,Aucune mention trouvee dans les sources fournies
Oulad Said l'Oued,Fquih Ben Salah,Béni Mellal-Khénifra,Non,,,,Aucune mention trouvee dans les sources fournies
Oulad Salah,Nouaceur,Casablanca-Settat,Non,,,,Aucune mention trouvee dans les sources fournies
Oulad Salmane,Safi,Marrakech-Safi,Non,,,,Aucune mention trouvee dans les sources fournies
Oulad Saïd,Settat,Casablanca-Settat,Non,,,,Aucune mention trouvee dans les sources fournies
Oulad Sbaita,Sidi Bennour,Casablanca-Settat,Non,,,,Aucune mention trouvee dans les sources fournies
Oulad Sbih,El Kelâa des Sraghna,Marrakech-Safi,Non,,,,Aucune mention trouvee dans les sources fournies
Oulad Sghir,Settat,Casablanca-Settat,Non,,,,Aucune mention trouvee dans les sources fournies
Oulad Si Bouhya,Sidi Bennour,Casablanca-Settat,Non,,,,Aucune mention trouvee dans les sources fournies
Oulad Sidi Ali Ben Youssef,El Jadida,Casablanca-Settat,Non,,,,Aucune mention trouvee dans les sources fournies
Oulad Slama,Kénitra,Rabat-Salé-Kénitra,Non,,,,Aucune mention trouvee dans les sources fournies
Oulad Tayeb,Fès,Fès-Meknès,Non,,,,Aucune mention trouvee dans les sources fournies
Oulad Yaacoub,El Kelâa des Sraghna,Marrakech-Safi,Non,,,,Aucune mention trouvee dans les sources fournies
Oulad Yahia Lagraire,Zagora,Drâa-Tafilalet,Non,,,,Aucune mention trouvee dans les sources fournies
Oulad Yahya Louta,Benslimane,Casablanca-Settat,Non,,,,Aucune mention trouvee dans les sources fournies
Oulad Zarrad,El Kelâa des Sraghna,Marrakech-Safi,Non,,,,Aucune mention trouvee dans les sources fournies
Oulad Zbair,Taza,Fès-Meknès,Non,,,,Aucune mention trouvee dans les sources fournies
Oulad Ziyane,Nouaceur,Casablanca-Settat,Non,,,,Aucune mention trouvee dans les sources fournies
Oulad Zmam,Fquih Ben Salah,Béni Mellal-Khénifra,Non,,,,Aucune mention trouvee dans les sources fournies
Ouled Aissa,Taroudant,Souss-Massa,Non,,,,Aucune mention trouvee dans les sources fournies
Ouled Bourahmoune,Fquih Ben Salah,Béni Mellal-Khénifra,Non,,,,Aucune mention trouvee dans les sources fournies
Ouled Dlim,Youssoufia,Marrakech-Safi,Non,,,,Aucune mention trouvee dans les sources fournies
Ouled Ghanem,Sidi Bennour,Casablanca-Settat,Non,,,,Aucune mention trouvee dans les sources fournies
Ouled Ghziyel,Jerada,Oriental,Non,,,,Aucune mention trouvee dans les sources fournies
Ouled M'Rah,Settat,Casablanca-Settat,Non,,,,Aucune mention trouvee dans les sources fournies
Ouled Settout,Nador,Oriental,Non,,,,Aucune mention trouvee dans les sources fournies
Ouled Sidi Abdelhakem,Jerada,Oriental,Non,,,,Aucune mention trouvee dans les sources fournies
Ouled Teima,Inezgane-Aït Melloul,Souss-Massa,Non,,,,Aucune mention trouvee dans les sources fournies
Ouled Yaïch,Béni Mellal,Béni Mellal-Khénifra,Non,,,,Aucune mention trouvee dans les sources fournies
Ouled Youssef,Fquih Ben Salah,Béni Mellal-Khénifra,Non,,,,Aucune mention trouvee dans les sources fournies
Ouled Zidane,Berrechid,Casablanca-Settat,Non,,,,Aucune mention trouvee dans les sources fournies
Oulmes,Khemisset,Rabat-Salé-Kénitra,Oui,2015,1-s2.0-S0001706X15001023-main.pdf | boussaa2009.pdf | khenifra agadir rgion.pdf,"variance (ANOVA) and the general linear model for multivariate analysis. Thus, Table 2 Ecological and entomological data in the 11 study sites.. Locality Altitude (m) Urbanization Dominant types vegetation Species Biotopes richness Dominant sand fly species Oulad Yahia 572 Peri-urban Acacia gunifera 5 Peridomestic Phlebotomus longicuspis Amkhlij 846 Rural Euphorbia resinifera 9 Domestic P. papatasi Peridomestic P. sergenti Barbacane Sergentomyia fallax Ourika 850 Rural Olea europea; Olea europaea var. 9 Domestic oleaster P. longicuspis Peridomestic P. sergenti Cow pen P. perniciosus Barbacane S. fallax Aagreb 873 Rural Olea europea; Olea europaea var. 8 Domestic oleaster P. sergenti Peridome",
Oum Dreyga,Aousserd,Dakhla-Oued Ed-Dahab,Non,,,,Aucune mention trouvee dans les sources fournies
Oum El Guerdane,Tata,Souss-Massa,Non,,,,Aucune mention trouvee dans les sources fournies
Oum Rabia,Khénifra,Béni Mellal-Khénifra,Non,,,,Aucune mention trouvee dans les sources fournies
Oumazza,Skhirate-Témara,Rabat-Salé-Kénitra,Non,,,,Aucune mention trouvee dans les sources fournies
Ounagha,Essaouira,Marrakech-Safi,Non,,,,Aucune mention trouvee dans les sources fournies
Ouneine,Al Haouz,Marrakech-Safi,Non,,,,Aucune mention trouvee dans les sources fournies
Ounnana,Ouezzane,Tanger-Tétouan-Al Hoceïma,Non,,,,Aucune mention trouvee dans les sources fournies
Ourdana,Driouch,Oriental,Non,,,,Aucune mention trouvee dans les sources fournies
Ourika,Al Haouz,Marrakech-Safi,Oui,1981;1984;1986;1991;1994;1995;1996;1999;2000;2001;2004;2006;2007;2008;2012;2015;2022,1-s2.0-S0001706X15001023-main.pdf | 1-s2.0-S1876034122000624-main.pdf | 13071_2015_Article_671.pdf | boussaa2009.pdf | khenifra agadir rgion.pdf | ramaoui2008.pdf,"variance (ANOVA) and the general linear model for multivariate analysis. Thus, Table 2 Ecological and entomological data in the 11 study sites.. Locality Altitude (m) Urbanization Dominant types vegetation Species Biotopes richness Dominant sand fly species Oulad Yahia 572 Peri-urban Acacia gunifera 5 Peridomestic Phlebotomus longicuspis Amkhlij 846 Rural Euphorbia resinifera 9 Domestic P. papatasi Peridomestic P. sergenti Barbacane Sergentomyia fallax Ourika 850 Rural Olea europea; Olea europaea var. 9 Domestic oleaster P. longicuspis Peridomestic P. sergenti Cow pen P. perniciosus Barbacane S. fallax Aagreb 873 Rural Olea europea; Olea europaea var. 8 Domestic oleaster P. sergenti Peridome",
Ourtzagh,Taounate,Fès-Meknès,Non,,,,Aucune mention trouvee dans les sources fournies
Outabouabane,Taounate,Fès-Meknès,Non,,,,Aucune mention trouvee dans les sources fournies
Outat El Haj,Taza,Fès-Meknès,Non,,,,Aucune mention trouvee dans les sources fournies
Outerbat,Tinghir,Drâa-Tafilalet,Non,,,,Aucune mention trouvee dans les sources fournies
Ouzioua,Al Haouz,Marrakech-Safi,Non,,,,Aucune mention trouvee dans les sources fournies
Rabat,Rabat,Rabat-Salé-Kénitra,Oui,1984;1988;1990;1991;1995;1997;1999;2003;2004;2006;2007;2008;2016;2017;2023;2024,1-s2.0-S1876034122000624-main.pdf | 10.1186_1756-3305-5-51.pdf | 10.1186_1756-3305-7-305.pdf | 1756-3305-5-51.pdf | JAD-17-36.pdf | b.pdf | boussaa2009.pdf | boussaa2010.pdf | d.pdf | guernaoui2005 (1).pdf | ramaoui2008.pdf | taroudant.pdf,"tible to the insecticides tested in the seven studied villages but they showed a low knockdown effect in Azilal, Chichaoua and Settat. Therefore, a study of insecticide susceptibility of these vectors in other foci of leishmaniasis is recommended and the level of their susceptibility should be regularly monitored. Keywords: Sandflies, Insecticide susceptibility, Lambdacyhalothrin, DDT, Malathion, Phlebotomus sergenti, Phleboto- mus papatasi, Morocco *Correspondence:chafikaf@gmail.com 1Laboratoired’EntomologieMédicale,InstitutNationald’Hygiène,27Avenue IbnBatouta,Agdal,Rabat10090,Morocco Fulllistofauthorinformationisavailableattheendofthearticle ©2012Farajetal;licenseeBioMedCentralLtd.Thisisa",
Rahhala,Chichaoua,Marrakech-Safi,Non,,,,Aucune mention trouvee dans les sources fournies
Ras Ain Rhamna,Marrakech,Marrakech-Safi,Non,,,,Aucune mention trouvee dans les sources fournies
Ras Al Ain,Settat,Casablanca-Settat,Non,,,,Aucune mention trouvee dans les sources fournies
Ras Asfour,Oujda-Angad,Oriental,Non,,,,Aucune mention trouvee dans les sources fournies
Ras El Ain,Youssoufia,Marrakech-Safi,Non,,,,Aucune mention trouvee dans les sources fournies
Ras El Ma,Berkane,Oriental,Non,,,,Aucune mention trouvee dans les sources fournies
Ras El Oued,Taounate,Fès-Meknès,Non,,,,Aucune mention trouvee dans les sources fournies
Ras Ijerri,Meknès,Fès-Meknès,Non,,,,Aucune mention trouvee dans les sources fournies
Ras Laksar,Taza,Fès-Meknès,Non,,,,Aucune mention trouvee dans les sources fournies
Ras Tabouda,Sefrou,Fès-Meknès,Non,,,,Aucune mention trouvee dans les sources fournies
Rass Oumlil,Tan-Tan,Guelmim-Oued Noun,Non,,,,Aucune mention trouvee dans les sources fournies
Ratba,Taounate,Fès-Meknès,Non,,,,Aucune mention trouvee dans les sources fournies
Rbaa El Fouki,Taza,Fès-Meknès,Non,,,,Aucune mention trouvee dans les sources fournies
Rdadna Oulad Malek,Benslimane,Casablanca-Settat,Non,,,,Aucune mention trouvee dans les sources fournies
Reggada,Tiznit,Souss-Massa,Non,,,,Aucune mention trouvee dans les sources fournies
Rfala,Azilal,Béni Mellal-Khénifra,Non,,,,Aucune mention trouvee dans les sources fournies
Rghioua,Taounate,Fès-Meknès,Non,,,,Aucune mention trouvee dans les sources fournies
Riah,Berrechid,Casablanca-Settat,Non,,,,Aucune mention trouvee dans les sources fournies
Rima,Settat,Casablanca-Settat,Oui,1986;1990;1991;1995;2001;2002;2003;2004;2005;2006;2008;2009;2011;2012;2014;2015;2017;2022,1-s2.0-S0378111924003652-main (1).pdf | 1-s2.0-S0378111924003652-main.pdf | 1-s2.0-S1876034122000624-main.pdf | 10.1186_1756-3305-7-305.pdf | 10.1371_journal.pntd.0003687.pdf | a.pdf | boussaa2007.pdf | boussaa2010.pdf | collecetd phlebotomes.pdf | d.pdf | guernaoui2005 (1).pdf | https://www.ncbi.nlm.nih.gov/pmc/?term=phlebotomus+sergenti+morocco | microorganisms-08-01511.pdf | pntd.0003687.pdf | pntd.0013767.pdf,"niversitéHassanIIMohammedia-Casablanca,Mohammedia, the Cyt b to identify blood meals, which has been widely Morocco.3ServicedeParasitologie,DELM,MinistèredelaSanté,Rabat, employed due to its high copy numbers and sufficient Morocco. genetic variation among vertebrate taxa at the primary Received:28March2014Accepted:26June2014 sequencelevel[40-42]. Published:2July2014 Our resultshighlighttwo findings. Firstly, P.longicuspis was more abundant than P. sergenti in this cutaneous References leishmaniasisfocus,where,evenifL.tropicawasidentified 1. MoroccanHealthMinistry:Etatd’avancementdesprogrammesdelutte contrelesmaladiesparasitaires.Directiondel’ÉpidémiologieetdeLutte in CL [12], it may not be ",
Rislane,Berkane,Oriental,Non,,,,Aucune mention trouvee dans les sources fournies
Rissana Chamalia,Larache,Tanger-Tétouan-Al Hoceïma,Non,,,,Aucune mention trouvee dans les sources fournies
Rissana Janoubia,Larache,Tanger-Tétouan-Al Hoceïma,Non,,,,Aucune mention trouvee dans les sources fournies
Rommani,Skhirate-Témara,Rabat-Salé-Kénitra,Non,,,,Aucune mention trouvee dans les sources fournies
Rouached,Fquih Ben Salah,Béni Mellal-Khénifra,Non,,,,Aucune mention trouvee dans les sources fournies
Rouadi,Al Hoceïma,Tanger-Tétouan-Al Hoceïma,Non,,,,Aucune mention trouvee dans les sources fournies
Saadla,Safi,Marrakech-Safi,Non,,,,Aucune mention trouvee dans les sources fournies
Sabaa Aiyoun,Meknès,Fès-Meknès,Non,,,,Aucune mention trouvee dans les sources fournies
Sabbah,Skhirate-Témara,Rabat-Salé-Kénitra,Non,,,,Aucune mention trouvee dans les sources fournies
Saddina,Tétouan,Tanger-Tétouan-Al Hoceïma,Non,,,,Aucune mention trouvee dans les sources fournies
Safi,Safi,Marrakech-Safi,Oui,,10.1371_journal.pntd.0010009.pdf | pntd.0010009.pdf,"aseratherthanan increaseindensityofthevector[69].InarecentfocusofcentralMorocco,theexposuretoP. sergentiassessedbythedifferenceofthevectordensitywastheonlyfactorassociatedwithCL duetoL.tropica[70].Therefore,itappearsthatsurveillingthepresenceofP.sergentiisakey measuretocontrollingthespreadofL.tropicaamongthepopulation.Tocontroladultphlebo- tominesandflies,awiderangeoftechniqueshavebeenused,mostlyinvolvinginsecticides.In areaswhereP.sergentiwasthedominantvector,anoticeablereductioninCLincidencewas observedfollowingtheintroductionofInsecticidetreatednets.However,itseemedtobeless effectiveinMorocco,mainlyduetolackofcompliance[70,71].Moreover,theidentificationof pathogenDNAinitsarthropodvector—X",
Sahel Chamali,Larache,Tanger-Tétouan-Al Hoceïma,Non,,,,Aucune mention trouvee dans les sources fournies
Sahel Oulad H'riz,Nouaceur,Casablanca-Settat,Non,,,,Aucune mention trouvee dans les sources fournies
Sahtryine,Tétouan,Tanger-Tétouan-Al Hoceïma,Non,,,,Aucune mention trouvee dans les sources fournies
Saidate,Chichaoua,Marrakech-Safi,Non,,,,Aucune mention trouvee dans les sources fournies
Saidia,Berkane,Oriental,Non,,,,Aucune mention trouvee dans les sources fournies
Saka,Guercif,Oriental,Non,,,,Aucune mention trouvee dans les sources fournies
Salé,Salé,Rabat-Salé-Kénitra,Oui,1991;2000;2003;2004;2010;2013;2014;2015;2016;2017;2019;2020;2022,1-s2.0-S0001706X21001844-main.pdf | 1-s2.0-S1876034122000624-main.pdf | 10.1111@tbed.12914.pdf | 13071_2016_Article_1343.pdf | TSWJ2022-5098005.pdf | TSWJ2023-4628625.pdf | e.pdf | f.pdf | https://www.ncbi.nlm.nih.gov/pmc/?term=phlebotomus+sergenti+morocco | microorganisms-13-02279.pdf | nordphleb.pdf | tjac116.pdf,"tte et al., 2014). Delouane, B., Habbari, K., Sadak, A., Abassi, I., Rhajaoui, M., 2015. Epidemiological characteristics of a new focus of cutaneous leishmaniasis caused by Leishmania tropica in Settat, Morocco. Acta Trop. 150, 116–121. https://doi.org/10.1016/j. 5. Conclusions actatropica.2015.07.020. Aoun, K., Bouratbine, A., 2014. Cutaneous leishmaniasis in North Africa: a review. Parasite 21, 14. https://doi.org/10.1051/parasite/2014014. http://www.ncbi.nlm. Phlebotomus sergenti is the most abundant, densest and frequent sand nih.gov/pmc/articles/PMC3952656/#R56. fly species of the genus Phlebotomus in the ACL active focus in El Borouj, Bailey, F., Mondragon-Shem, K., Haines, L.R., Olabi",
Saniat Berguig,Sidi Bennour,Casablanca-Settat,Non,,,,Aucune mention trouvee dans les sources fournies
Saâda,Marrakech,Marrakech-Safi,Non,,,,Aucune mention trouvee dans les sources fournies
Sbouya,Sidi Ifni,Guelmim-Oued Noun,Non,,,,Aucune mention trouvee dans les sources fournies
Sebaâ Rouadi,Moulay Yacoub,Fès-Meknès,Non,,,,Aucune mention trouvee dans les sources fournies
Sebt Aït Rahou,Khemisset,Rabat-Salé-Kénitra,Non,,,,Aucune mention trouvee dans les sources fournies
Sebt Ennabour,Tiznit,Souss-Massa,Non,,,,Aucune mention trouvee dans les sources fournies
Sebt Gzoula,Safi,Marrakech-Safi,Non,,,,Aucune mention trouvee dans les sources fournies
Sebt Loudaya,Moulay Yacoub,Fès-Meknès,Non,,,,Aucune mention trouvee dans les sources fournies
Sebt Saiss,Sidi Bennour,Casablanca-Settat,Non,,,,Aucune mention trouvee dans les sources fournies
Sefrou,Sefrou,Fès-Meknès,Oui,1980;1997;2006;2008;2011;2015;2016;2018,1-s2.0-S1876034122000624-main.pdf | 13071_2015_Article_826.pdf | IPID2020-1867651.pdf | PRI2015-438749.pdf | TSWJ2022-4095129.pdf | es-sette2016.pdf | insects-15-00846.pdf | nordphleb.pdf | tjac116.pdf,"ments. Parrot (1935) in Morocco. Because of its abundance in Oued Laou, it presents a noted the ease with which sand fly larvae can be reared by feeding risk of emerging endemic L. infantum leishmaniasis. In contrast, the them with plant debris (leaf litter). absence de cutaneous leishmaniasis cases, until now, in Oued Laou Regarding the seasonality, our results are in agreement with village may be explained by the scarcity of Phlebotomus sergenti, those of Talbi et al. (2015), in Aichoun (Séfrou Province, central the main vector of Leishmania tropica cutaneous leishmaniasis in Morocco), who reported bimodal seasonal activity of sand flies with Morocco and elsewhere. peaks in July and Septem",
Sefsaf,Sidi Slimane,Rabat-Salé-Kénitra,Non,,,,Aucune mention trouvee dans les sources fournies
Selfat,Sidi Kacem,Rabat-Salé-Kénitra,Non,,,,Aucune mention trouvee dans les sources fournies
Selouane,Nador,Oriental,Non,,,,Aucune mention trouvee dans les sources fournies
Semguet,Béni Mellal,Béni Mellal-Khénifra,Non,,,,Aucune mention trouvee dans les sources fournies
Senada,Al Hoceïma,Tanger-Tétouan-Al Hoceïma,Non,,,,Aucune mention trouvee dans les sources fournies
Serghina,Boulemane,Fès-Meknès,Non,,,,Aucune mention trouvee dans les sources fournies
Settat,Settat,Casablanca-Settat,Oui,1986;1991;2000;2004;2007;2008;2013;2014;2015,1-s2.0-S0001706X21001844-main.pdf | 10.1111@tbed.12914.pdf | 10.1186_1756-3305-5-51.pdf | 10.1186_s13071-025-06771-6.pdf | 13071_2025_Article_6771.pdf | 1756-3305-5-51.pdf | e.pdf,"and KDT90) values. Results: Study results showed that Ph.sergenti and Ph. papatasi were susceptible to all insecticides tested. Comparison of KDT values showed a clear difference between the insecticide knockdown effect in studied villages. This effect was lower in areas subject to high selective public health insecticide pressure in the framework of malaria or leishmaniasis control. Conclusion: Phlebotomus sergenti and Ph. papatasi are susceptible to the insecticides tested in the seven studied villages but they showed a low knockdown effect in Azilal, Chichaoua and Settat. Therefore, a study of insecticide susceptibility of these vectors in other foci of leishmaniasis is recommended and th",
Sfafaa,Sidi Slimane,Rabat-Salé-Kénitra,Non,,,,Aucune mention trouvee dans les sources fournies
Sfassif,Khemisset,Rabat-Salé-Kénitra,Non,,,,Aucune mention trouvee dans les sources fournies
Sgamna,Khouribga,Béni Mellal-Khénifra,Non,,,,Aucune mention trouvee dans les sources fournies
Shoul,Salé,Rabat-Salé-Kénitra,Oui,1986;1988;1991;1995;1998;2000;2004;2012;2017,1-s2.0-S0001706X13000727-main (1).pdf | 1-s2.0-S0001706X13000727-main.pdf | 1-s2.0-S0020751902000887-main.pdf | 10.1186_1756-3305-5-51.pdf | 10.1186_1756-3305-7-305.pdf | 10.1186_s13071-025-06771-6.pdf | 10.1371_journal.pntd.0004204.pdf | 10.1371_journal.pntd.0010009.pdf | 13071_2016_Article_1343.pdf | 13071_2025_Article_6771.pdf | 1756-3305-5-51.pdf | TSWJ2023-4628625.pdf | boussaa2005.pdf | d.pdf | f.pdf | guernaoui2005 (1).pdf | pntd.0004204.pdf | pntd.0010009.pdf | pntd.0013767.pdf,"and KDT90) values. Results: Study results showed that Ph.sergenti and Ph. papatasi were susceptible to all insecticides tested. Comparison of KDT values showed a clear difference between the insecticide knockdown effect in studied villages. This effect was lower in areas subject to high selective public health insecticide pressure in the framework of malaria or leishmaniasis control. Conclusion: Phlebotomus sergenti and Ph. papatasi are susceptible to the insecticides tested in the seven studied villages but they showed a low knockdown effect in Azilal, Chichaoua and Settat. Therefore, a study of insecticide susceptibility of these vectors in other foci of leishmaniasis is recommended and th",
Si Hsaien Ben Abderrahmane,El Jadida,Casablanca-Settat,Non,,,,Aucune mention trouvee dans les sources fournies
Sid Zouine,Marrakech,Marrakech-Safi,Non,,,,Aucune mention trouvee dans les sources fournies
Sidi Aayad,Midelt,Drâa-Tafilalet,Non,,,,Aucune mention trouvee dans les sources fournies
Sidi Abdallah,Rehamna,Marrakech-Safi,Non,,,,Aucune mention trouvee dans les sources fournies
Sidi Abdallah El Bouchouari,Chtouka-Aït Baha,Souss-Massa,Non,,,,Aucune mention trouvee dans les sources fournies
Sidi Abdallah Ghiat,Marrakech,Marrakech-Safi,Non,,,,Aucune mention trouvee dans les sources fournies
Sidi Abdallah Ou Belaid,Tiznit,Souss-Massa,Non,,,,Aucune mention trouvee dans les sources fournies
Sidi Abdallah al Khayat,Moulay Yacoub,Fès-Meknès,Non,,,,Aucune mention trouvee dans les sources fournies
Sidi Abdeljalil,Safi,Marrakech-Safi,Non,,,,Aucune mention trouvee dans les sources fournies
Sidi Abdelkhaleq,Settat,Casablanca-Settat,Non,,,,Aucune mention trouvee dans les sources fournies
Sidi Abdelkrim,Berrechid,Casablanca-Settat,Non,,,,Aucune mention trouvee dans les sources fournies
Sidi Abdellah Ou Said,Taroudant,Souss-Massa,Non,,,,Aucune mention trouvee dans les sources fournies
Sidi Abdelmoumen,Chichaoua,Marrakech-Safi,Non,,,,Aucune mention trouvee dans les sources fournies
Sidi Abderrazak,Khemisset,Rabat-Salé-Kénitra,Non,,,,Aucune mention trouvee dans les sources fournies
Sidi Abed,El Jadida,Casablanca-Settat,Non,,,,Aucune mention trouvee dans les sources fournies
Sidi Ahmed Benaissa,Ouezzane,Tanger-Tétouan-Al Hoceïma,Non,,,,Aucune mention trouvee dans les sources fournies
Sidi Ahmed Cherif,Ouezzane,Tanger-Tétouan-Al Hoceïma,Non,,,,Aucune mention trouvee dans les sources fournies
Sidi Ahmed El Khadir,El Kelâa des Sraghna,Marrakech-Safi,Non,,,,Aucune mention trouvee dans les sources fournies
Sidi Ahmed Essayeh,Essaouira,Marrakech-Safi,Non,,,,Aucune mention trouvee dans les sources fournies
Sidi Ahmed Laaroussi,Es-Semara,Laâyoune-Sakia El Hamra,Non,,,,Aucune mention trouvee dans les sources fournies
Sidi Ahmed Ou Abdellah,Taroudant,Souss-Massa,Non,,,,Aucune mention trouvee dans les sources fournies
Sidi Ahmed Ou Amar,Taroudant,Souss-Massa,Non,,,,Aucune mention trouvee dans les sources fournies
Sidi Ahmed Ou Moussa,Tiznit,Souss-Massa,Non,,,,Aucune mention trouvee dans les sources fournies
Sidi Aissa,Safi,Marrakech-Safi,Oui,,zouirech2018.pdf,ongicuspis 43 10 16 11 59 21 3 17.17 P. perniciosus 51 3 1 1 52 4 13 12.02 S.minuta 8 1 0 0 8 1 8 1.93 P. chabaudi 1 0 0 0 1 0 0.21 Total 308 83 47 28 355 111 3 100 M:Male;F:Femelle Tableau 2.Re´partition des espe`cesde phle´botomesen fonctiondes localite´sdecapture. Table 2.Distribution ofsandfly speciesaccording tolocalitionss. Localite´ Lataren Ait-sri Waariane Issouka Timoulilt (Pam) [33˚11’N6˚34’O] [32˚3’N6˚45’O] [32˚10’N 6˚40’O] [32˚12’N6˚39’O] [32˚12’N6˚28’O] Altitude (m) 600 714 1057 1290 596 P. Sergenti 74 50 26 62 32 P. longicuspis 18 20 6 15 11 P. papatasi 11 33 10 18 14 P. perniciosus 22 5 0 27 2 S.minuta 2 0 0 0 7 P. chabaudi 0 1 0 0 0 Total 127 109 42 122 66 Afouna Inventaire e,
Sidi Aissa Ben Ali,Fquih Ben Salah,Béni Mellal-Khénifra,Non,,,,Aucune mention trouvee dans les sources fournies
Sidi Aissa Ben Slimane,El Kelâa des Sraghna,Marrakech-Safi,Non,,,,Aucune mention trouvee dans les sources fournies
Sidi Aissa Regragui,Essaouira,Marrakech-Safi,Non,,,,Aucune mention trouvee dans les sources fournies
Sidi Al Kamel,Sidi Slimane,Rabat-Salé-Kénitra,Non,,,,Aucune mention trouvee dans les sources fournies
Sidi Ali,Zagora,Drâa-Tafilalet,Non,,,,Aucune mention trouvee dans les sources fournies
Sidi Ali Belkassem,Guercif,Oriental,Non,,,,Aucune mention trouvee dans les sources fournies
Sidi Ali Ben Hamdouche,El Jadida,Casablanca-Settat,Non,,,,Aucune mention trouvee dans les sources fournies
Sidi Ali El Korati,Essaouira,Marrakech-Safi,Non,,,,Aucune mention trouvee dans les sources fournies
Sidi Ali Labrahla,Rehamna,Marrakech-Safi,Non,,,,Aucune mention trouvee dans les sources fournies
Sidi Ali bourakba,Driouch,Oriental,Non,,,,Aucune mention trouvee dans les sources fournies
Sidi Allal El Bahraoui,Kénitra,Rabat-Salé-Kénitra,Non,,,,Aucune mention trouvee dans les sources fournies
Sidi Allal Lamsadder,Khemisset,Rabat-Salé-Kénitra,Non,,,,Aucune mention trouvee dans les sources fournies
Sidi Allal Tazi,Kénitra,Rabat-Salé-Kénitra,Non,,,,Aucune mention trouvee dans les sources fournies
Sidi Amar,Khénifra,Béni Mellal-Khénifra,Non,,,,Aucune mention trouvee dans les sources fournies
Sidi Ameur Al Hadi,Ouezzane,Tanger-Tétouan-Al Hoceïma,Non,,,,Aucune mention trouvee dans les sources fournies
Sidi Azzouz,Ouezzane,Tanger-Tétouan-Al Hoceïma,Non,,,,Aucune mention trouvee dans les sources fournies
Sidi Badhaj,Al Haouz,Marrakech-Safi,Non,,,,Aucune mention trouvee dans les sources fournies
Sidi Bennour,Sidi Bennour,Casablanca-Settat,Non,,,,Aucune mention trouvee dans les sources fournies
Sidi Bettache,Benslimane,Casablanca-Settat,Non,,,,Aucune mention trouvee dans les sources fournies
Sidi Bibi,Inezgane-Aït Melloul,Souss-Massa,Non,,,,Aucune mention trouvee dans les sources fournies
Sidi Boaal,Tata,Souss-Massa,Non,,,,Aucune mention trouvee dans les sources fournies
Sidi Borja,Taroudant,Souss-Massa,Non,,,,Aucune mention trouvee dans les sources fournies
Sidi Bou Othmane,Marrakech,Marrakech-Safi,Non,,,,Aucune mention trouvee dans les sources fournies
Sidi Bouabdelli,Tiznit,Souss-Massa,Non,,,,Aucune mention trouvee dans les sources fournies
Sidi Boubker,Oujda-Angad,Oriental,Non,,,,Aucune mention trouvee dans les sources fournies
Sidi Boubker El Haj,Larache,Tanger-Tétouan-Al Hoceïma,Non,,,,Aucune mention trouvee dans les sources fournies
Sidi Bouhria,Berkane,Oriental,Non,,,,Aucune mention trouvee dans les sources fournies
Sidi Bouknadel,Salé,Rabat-Salé-Kénitra,Non,,,,Aucune mention trouvee dans les sources fournies
Sidi Boulaalam,Essaouira,Marrakech-Safi,Non,,,,Aucune mention trouvee dans les sources fournies
Sidi Boulenouar,Jerada,Oriental,Non,,,,Aucune mention trouvee dans les sources fournies
Sidi Boulkhalf,Azilal,Béni Mellal-Khénifra,Non,,,,Aucune mention trouvee dans les sources fournies
Sidi Boumehdi,Settat,Casablanca-Settat,Non,,,,Aucune mention trouvee dans les sources fournies
Sidi Boumoussa,Inezgane-Aït Melloul,Souss-Massa,Non,,,,Aucune mention trouvee dans les sources fournies
Sidi Bousber,Ouezzane,Tanger-Tétouan-Al Hoceïma,Non,,,,Aucune mention trouvee dans les sources fournies
Sidi Boushab,Chtouka-Aït Baha,Souss-Massa,Non,,,,Aucune mention trouvee dans les sources fournies
Sidi Boutayeb,Boulemane,Fès-Meknès,Non,,,,Aucune mention trouvee dans les sources fournies
Sidi Boutmim,Al Hoceïma,Tanger-Tétouan-Al Hoceïma,Non,,,,Aucune mention trouvee dans les sources fournies
Sidi Bouzid Arragragui,Chichaoua,Marrakech-Safi,Non,,,,Aucune mention trouvee dans les sources fournies
Sidi Bouzineb,Al Hoceïma,Tanger-Tétouan-Al Hoceïma,Non,,,,Aucune mention trouvee dans les sources fournies
Sidi Chiker,Chichaoua,Marrakech-Safi,Non,,,,Aucune mention trouvee dans les sources fournies
Sidi Dahmane,Taroudant,Souss-Massa,Non,,,,Aucune mention trouvee dans les sources fournies
Sidi Daoud,Moulay Yacoub,Fès-Meknès,Non,,,,Aucune mention trouvee dans les sources fournies
Sidi Eddahbi,Khouribga,Béni Mellal-Khénifra,Non,,,,Aucune mention trouvee dans les sources fournies
Sidi El Abed,Moulay Yacoub,Fès-Meknès,Non,,,,Aucune mention trouvee dans les sources fournies
Sidi El Ghandour,Khemisset,Rabat-Salé-Kénitra,Non,,,,Aucune mention trouvee dans les sources fournies
Sidi El Hattab,El Kelâa des Sraghna,Marrakech-Safi,Non,,,,Aucune mention trouvee dans les sources fournies
Sidi El Jazouli,Essaouira,Marrakech-Safi,Non,,,,Aucune mention trouvee dans les sources fournies
Sidi El Makhfi,Ifrane,Fès-Meknès,Non,,,,Aucune mention trouvee dans les sources fournies
Sidi El Mekki,Berrechid,Casablanca-Settat,Non,,,,Aucune mention trouvee dans les sources fournies
Sidi El Mokhfi,Taounate,Fès-Meknès,Non,,,,Aucune mention trouvee dans les sources fournies
Sidi El Mokhtar,Chichaoua,Marrakech-Safi,Non,,,,Aucune mention trouvee dans les sources fournies
Sidi Ettiji,Safi,Marrakech-Safi,Non,,,,Aucune mention trouvee dans les sources fournies
Sidi Ghanem,Chichaoua,Marrakech-Safi,Non,,,,Aucune mention trouvee dans les sources fournies
Sidi Ghaneme,Essaouira,Marrakech-Safi,Non,,,,Aucune mention trouvee dans les sources fournies
Sidi H'Mad Ou Hamed,Essaouira,Marrakech-Safi,Non,,,,Aucune mention trouvee dans les sources fournies
Sidi H'Saine Ou Ali,Tiznit,Souss-Massa,Non,,,,Aucune mention trouvee dans les sources fournies
Sidi Haj M’hamed,Taounate,Fès-Meknès,Non,,,,Aucune mention trouvee dans les sources fournies
Sidi Hajjaj,Settat,Casablanca-Settat,Oui,,10.1186_s13071-025-06771-6.pdf | 13071_2025_Article_6771.pdf,"nfection theless, the Wolbachia haplotype found in P. longicuspis rates were also detected among the Spanish sand fly cap- s.s. had a single nucleotide polymorphism (SNP) com- ture sites, both when all sand fly species were considered pared with that of P. perniciosus at position 297, gener- (P < 0.001), and when only P. perniciosus (P = 0.01) was ating a change in the amino acid sequence (isoleucine to considered. The presence of Wolbachia in the highest methionine) at residue 99, between hypervariable regions altitude sampling site (Collado, Table 1) was significantly 2 and 3 (Fig. 2). Two Wolbachia haplotypes were detected lower (P < 0.001, OR = 0.392; 95% CI 0.186–0.827) than in in P. se",
Sidi Hajjaj Oued Hassar,Casablanca,Casablanca-Settat,Non,,,,Aucune mention trouvee dans les sources fournies
Sidi Hammadi,Béni Mellal,Béni Mellal-Khénifra,Non,,,,Aucune mention trouvee dans les sources fournies
Sidi Hcine,Khénifra,Béni Mellal-Khénifra,Non,,,,Aucune mention trouvee dans les sources fournies
Sidi Hmad Ou M'Barek,Agadir-Ida Ou Tanane,Souss-Massa,Non,,,,Aucune mention trouvee dans les sources fournies
Sidi Hrazem,Fès,Fès-Meknès,Non,,,,Aucune mention trouvee dans les sources fournies
Sidi Hsaine,Tata,Souss-Massa,Non,,,,Aucune mention trouvee dans les sources fournies
Sidi Ifni,Sidi Ifni,Guelmim-Oued Noun,Non,,,,Aucune mention trouvee dans les sources fournies
Sidi Ishaq,Essaouira,Marrakech-Safi,Non,,,,Aucune mention trouvee dans les sources fournies
Sidi Jaber,Béni Mellal,Béni Mellal-Khénifra,Non,,,,Aucune mention trouvee dans les sources fournies
Sidi Kacem,Sidi Kacem,Rabat-Salé-Kénitra,Non,,,,Aucune mention trouvee dans les sources fournies
Sidi Kaouki,Essaouira,Marrakech-Safi,Non,,,,Aucune mention trouvee dans les sources fournies
Sidi Laaroussi,Chichaoua,Marrakech-Safi,Non,,,,Aucune mention trouvee dans les sources fournies
Sidi Lahsen,Taourirt,Oriental,Non,,,,Aucune mention trouvee dans les sources fournies
Sidi Lamine,Khénifra,Béni Mellal-Khénifra,Non,,,,Aucune mention trouvee dans les sources fournies
Sidi Lyamani,Larache,Tanger-Tétouan-Al Hoceïma,Non,,,,Aucune mention trouvee dans les sources fournies
Sidi M'Bark,Sidi Ifni,Guelmim-Oued Noun,Non,,,,Aucune mention trouvee dans les sources fournies
Sidi M'Hamed Akhdim,Sidi Bennour,Casablanca-Settat,Non,,,,Aucune mention trouvee dans les sources fournies
Sidi M'Hamed Ben Lahcen,Taounate,Fès-Meknès,Non,,,,Aucune mention trouvee dans les sources fournies
Sidi M'Hamed Chelh,Sidi Slimane,Rabat-Salé-Kénitra,Non,,,,Aucune mention trouvee dans les sources fournies
Sidi M'Hamed Dalil,Chichaoua,Marrakech-Safi,Non,,,,Aucune mention trouvee dans les sources fournies
Sidi M'Hamed Ou Marzouq,Chichaoua,Marrakech-Safi,Non,,,,Aucune mention trouvee dans les sources fournies
Sidi Mansour,Rehamna,Marrakech-Safi,Non,,,,Aucune mention trouvee dans les sources fournies
Sidi Mohamed Ben Mansour,Kénitra,Rabat-Salé-Kénitra,Non,,,,Aucune mention trouvee dans les sources fournies
Sidi Mohamed Lahmar,Larache,Tanger-Tétouan-Al Hoceïma,Non,,,,Aucune mention trouvee dans les sources fournies
Sidi Mohammed Ben Rahal,Settat,Casablanca-Settat,Non,,,,Aucune mention trouvee dans les sources fournies
Sidi Moussa,El Kelâa des Sraghna,Marrakech-Safi,Non,,,,Aucune mention trouvee dans les sources fournies
Sidi Moussa Ben Ali,Mohammedia,Casablanca-Settat,Non,,,,Aucune mention trouvee dans les sources fournies
Sidi Moussa El Majdoub,Mohammedia,Casablanca-Settat,Non,,,,Aucune mention trouvee dans les sources fournies
Sidi Moussa Lamhaya,Oujda-Angad,Oriental,Non,,,,Aucune mention trouvee dans les sources fournies
Sidi Moussa Lhamri,Taroudant,Souss-Massa,Non,,,,Aucune mention trouvee dans les sources fournies
Sidi Mzal,Chtouka-Aït Baha,Souss-Massa,Non,,,,Aucune mention trouvee dans les sources fournies
Sidi Ouaaziz,Taroudant,Souss-Massa,Non,,,,Aucune mention trouvee dans les sources fournies
Sidi Ouassay,Inezgane-Aït Melloul,Souss-Massa,Non,,,,Aucune mention trouvee dans les sources fournies
Sidi Rahal Chatai,Nouaceur,Casablanca-Settat,Non,,,,Aucune mention trouvee dans les sources fournies
Sidi Rahhal,El Kelâa des Sraghna,Marrakech-Safi,Non,,,,Aucune mention trouvee dans les sources fournies
Sidi Redouane,Ouezzane,Tanger-Tétouan-Al Hoceïma,Non,,,,Aucune mention trouvee dans les sources fournies
Sidi Slimane,Sidi Slimane,Rabat-Salé-Kénitra,Non,,,,Aucune mention trouvee dans les sources fournies
Sidi Slimane Echcharaa,Berkane,Oriental,Non,,,,Aucune mention trouvee dans les sources fournies
Sidi Slimane Moul Al Kifane,Meknès,Fès-Meknès,Non,,,,Aucune mention trouvee dans les sources fournies
Sidi Smaïl,Sidi Bennour,Casablanca-Settat,Non,,,,Aucune mention trouvee dans les sources fournies
Sidi Taibi,Kénitra,Rabat-Salé-Kénitra,Non,,,,Aucune mention trouvee dans les sources fournies
Sidi Yacoub,El Kelâa des Sraghna,Marrakech-Safi,Non,,,,Aucune mention trouvee dans les sources fournies
Sidi Yahya Bni Zeroual,Taounate,Fès-Meknès,Non,,,,Aucune mention trouvee dans les sources fournies
Sidi Yahya Ou Saad,Khénifra,Béni Mellal-Khénifra,Non,,,,Aucune mention trouvee dans les sources fournies
Sidi Yahya Ou Youssef,Khénifra,Béni Mellal-Khénifra,Non,,,,Aucune mention trouvee dans les sources fournies
Sidi Yahya Zaer,Skhirate-Témara,Rabat-Salé-Kénitra,Non,,,,Aucune mention trouvee dans les sources fournies
Sidi Yahya du Gharb,Kénitra,Rabat-Salé-Kénitra,Non,,,,Aucune mention trouvee dans les sources fournies
Sidi Youssef Ben Ahmed,Sefrou,Fès-Meknès,Non,,,,Aucune mention trouvee dans les sources fournies
Sidi el Aïdi,Settat,Casablanca-Settat,Non,,,,Aucune mention trouvee dans les sources fournies
Siroua,Ouarzazate,Drâa-Tafilalet,Non,,,,Aucune mention trouvee dans les sources fournies
Skhirate,Skhirate-Témara,Rabat-Salé-Kénitra,Non,,,,Aucune mention trouvee dans les sources fournies
Skhour Rhamna,Rehamna,Marrakech-Safi,Non,,,,Aucune mention trouvee dans les sources fournies
Skoura Ahl El Oust,Ouarzazate,Drâa-Tafilalet,Non,,,,Aucune mention trouvee dans les sources fournies
Skoura Lhadra,Rehamna,Marrakech-Safi,Non,,,,Aucune mention trouvee dans les sources fournies
Skoura M'Daz,Boulemane,Fès-Meknès,Non,,,,Aucune mention trouvee dans les sources fournies
Smara,Es-Semara,Laâyoune-Sakia El Hamra,Non,,,,Aucune mention trouvee dans les sources fournies
Smimou,Essaouira,Marrakech-Safi,Non,,,,Aucune mention trouvee dans les sources fournies
Smià,Taza,Fès-Meknès,Non,,,,Aucune mention trouvee dans les sources fournies
Souaken,Larache,Tanger-Tétouan-Al Hoceïma,Non,,,,Aucune mention trouvee dans les sources fournies
Soualem Trifiya,Nouaceur,Casablanca-Settat,Non,,,,Aucune mention trouvee dans les sources fournies
Souihla,Marrakech,Marrakech-Safi,Non,,,,Aucune mention trouvee dans les sources fournies
Souk El Arba Du Gharb,Sidi Slimane,Rabat-Salé-Kénitra,Non,,,,Aucune mention trouvee dans les sources fournies
Souk Kdim,Fahs-Anjra,Tanger-Tétouan-Al Hoceïma,Non,,,,Aucune mention trouvee dans les sources fournies
Souk L'Qolla,Ouezzane,Tanger-Tétouan-Al Hoceïma,Non,,,,Aucune mention trouvee dans les sources fournies
Souk Lakhmis Dades,Tinghir,Drâa-Tafilalet,Non,,,,Aucune mention trouvee dans les sources fournies
Souk Sebt Oulad Nemma,Fquih Ben Salah,Béni Mellal-Khénifra,Non,,,,Aucune mention trouvee dans les sources fournies
Souk Tlet El Gharb,Sidi Slimane,Rabat-Salé-Kénitra,Non,,,,Aucune mention trouvee dans les sources fournies
Souk Tolba,Larache,Tanger-Tétouan-Al Hoceïma,Non,,,,Aucune mention trouvee dans les sources fournies
Sour El Aaz,El Kelâa des Sraghna,Marrakech-Safi,Non,,,,Aucune mention trouvee dans les sources fournies
Stehat,Chefchaouen,Tanger-Tétouan-Al Hoceïma,Non,,,,Aucune mention trouvee dans les sources fournies
Sti Fadma,Al Haouz,Marrakech-Safi,Oui,1991;1996;1999;2000;2001;2006;2007,ramaoui2008.pdf,"orted species of Phlebotomus and three of Sergentomyia, were (Rioux et al. 1996; Lemrani et al. 1999). CL caused by L. collected. Phlebotomus sergenti Parrot (14.5%) was found tropicaiswidespreadinsemiaridareasincentralandsouth- inallstudiedstationswhereitwasassociatedwithdomestic western Morocco, where it is transmitted anthroponotically and peridomestic habitats. Based on this first report on by Phlebotomus sergenti Parrot (Guilvard et al. 1991). ecology of sandflies and epidemiology of CL, Al-Haouz DespitetheMinistryofHealth’sefforts,thisformofdisease seemstobeatypicalfocusofL.tropicaandP.sergentilike continuestoappearinnon-endemicregions.InAl-Haouz,a the other Moroccan foci. Two communes",
Tabant,Azilal,Béni Mellal-Khénifra,Non,,,,Aucune mention trouvee dans les sources fournies
Tabaroucht,Béni Mellal,Béni Mellal-Khénifra,Non,,,,Aucune mention trouvee dans les sources fournies
Tabia,Chtouka-Aït Baha,Souss-Massa,Oui,1980;2008;2011;2018,insects-15-00846.pdf | tropmed-94-679.pdf,"1976 Itzer NA Midelt Center Humans [38] (Nt-Ab) 1600maltitude, BabBesen Chaouen North Humid 600maltitude, Chaouen Chaouen North Sub-humid 400maltitude, Rodents SFSV 1979 Talembote Chaouen North 9.4%(IgG) [51] Semi-arid Insectivora 130maltitude, Morocco Arbaoua Kenitra North Sub-humid 200maltitude, Asilah Tanger North Sub-humid 338,319latitude, TOSV 2008 Louata 4828longitude, Sefrou North Ph.perniciosus 4/129 [48] 800maltitude 31◦31′11′′N, TOSV 2011 ElHanchane 9◦26′02′′W Essaouira Center Ph.sergenti NA [49] NA NA Azilal Center Ph.sergenti NA TOSV 2008–2011 [30] NA NA Sefrou North Ph.longicuspis NA Insects2024,15,846 15of22 Table1.Cont. Country Virus Year Area SiteFactors Governorate Region Po",
Tabouda,Chefchaouen,Tanger-Tétouan-Al Hoceïma,Non,,,,Aucune mention trouvee dans les sources fournies
Tachraft,Fquih Ben Salah,Béni Mellal-Khénifra,Non,,,,Aucune mention trouvee dans les sources fournies
Taddart,Taza,Fès-Meknès,Non,,,,Aucune mention trouvee dans les sources fournies
Tadighoust,Errachidia,Drâa-Tafilalet,Non,,,,Aucune mention trouvee dans les sources fournies
Tadrart,Agadir-Ida Ou Tanane,Souss-Massa,Non,,,,Aucune mention trouvee dans les sources fournies
Tafajight,Boulemane,Fès-Meknès,Non,,,,Aucune mention trouvee dans les sources fournies
Tafedna,Essaouira,Marrakech-Safi,Non,,,,Aucune mention trouvee dans les sources fournies
Tafersit,Driouch,Oriental,Non,,,,Aucune mention trouvee dans les sources fournies
Tafetachte,Essaouira,Marrakech-Safi,Non,,,,Aucune mention trouvee dans les sources fournies
Tafingoult,Taroudant,Souss-Massa,Oui,1991;2001;2005;2010,taroudant.pdf,he majority of sandflies collected are at the stables. This predominance at the level of the stables would explain the zoophilic nature of the insects in the sectors studied. The capture results show us that most of the individuals are Culicoides and rarely individuals of sandflies (Figure 6). The captured sandflies belong to the genus Phlebotomus and are represented by two species: Subgenus Paraphlebotomus; species Phlebotomus Sergenti and Subgenus Larroussius; species Phlebotomus longicuspis. Figure 6. Illustration of Phlebotomus sergenti under microscope (EL GHRIFI Youssef). 4. Discussion This sequence of leishmaniasis from one sector to another may be due to the geographical location of ,
Tafoughalt,Berkane,Oriental,Non,,,,Aucune mention trouvee dans les sources fournies
Tafrant,Taounate,Fès-Meknès,Non,,,,Aucune mention trouvee dans les sources fournies
Tafraout,Chtouka-Aït Baha,Souss-Massa,Non,,,,Aucune mention trouvee dans les sources fournies
Tafraout El Mouloud,Chtouka-Aït Baha,Souss-Massa,Non,,,,Aucune mention trouvee dans les sources fournies
Tafraouten,Taroudant,Souss-Massa,Non,,,,Aucune mention trouvee dans les sources fournies
Taftechna,Zagora,Drâa-Tafilalet,Non,,,,Aucune mention trouvee dans les sources fournies
Tagant,Guelmim,Guelmim-Oued Noun,Non,,,,Aucune mention trouvee dans les sources fournies
Taghazout,Agadir-Ida Ou Tanane,Souss-Massa,Non,,,,Aucune mention trouvee dans les sources fournies
Taghbalte,Zagora,Drâa-Tafilalet,Non,,,,Aucune mention trouvee dans les sources fournies
Taghjijt,Assa-Zag,Guelmim-Oued Noun,Non,,,,Aucune mention trouvee dans les sources fournies
Taghramt,Fahs-Anjra,Tanger-Tétouan-Al Hoceïma,Non,,,,Aucune mention trouvee dans les sources fournies
Taghzirt,Béni Mellal,Béni Mellal-Khénifra,Oui,,zouirech2018.pdf,ongicuspis 43 10 16 11 59 21 3 17.17 P. perniciosus 51 3 1 1 52 4 13 12.02 S.minuta 8 1 0 0 8 1 8 1.93 P. chabaudi 1 0 0 0 1 0 0.21 Total 308 83 47 28 355 111 3 100 M:Male;F:Femelle Tableau 2.Re´partition des espe`cesde phle´botomesen fonctiondes localite´sdecapture. Table 2.Distribution ofsandfly speciesaccording tolocalitionss. Localite´ Lataren Ait-sri Waariane Issouka Timoulilt (Pam) [33˚11’N6˚34’O] [32˚3’N6˚45’O] [32˚10’N 6˚40’O] [32˚12’N6˚39’O] [32˚12’N6˚28’O] Altitude (m) 600 714 1057 1290 596 P. Sergenti 74 50 26 62 32 P. longicuspis 18 20 6 15 11 P. papatasi 11 33 10 18 14 P. perniciosus 22 5 0 27 2 S.minuta 2 0 0 0 7 P. chabaudi 0 1 0 0 0 Total 127 109 42 122 66 Afouna Inventaire e,
Taghzout,Taounate,Fès-Meknès,Non,,,,Aucune mention trouvee dans les sources fournies
Taghzoute N'Ait Atta,Tinghir,Drâa-Tafilalet,Non,,,,Aucune mention trouvee dans les sources fournies
Tagleft,Béni Mellal,Béni Mellal-Khénifra,Oui,,zouirech2018.pdf,ongicuspis 43 10 16 11 59 21 3 17.17 P. perniciosus 51 3 1 1 52 4 13 12.02 S.minuta 8 1 0 0 8 1 8 1.93 P. chabaudi 1 0 0 0 1 0 0.21 Total 308 83 47 28 355 111 3 100 M:Male;F:Femelle Tableau 2.Re´partition des espe`cesde phle´botomesen fonctiondes localite´sdecapture. Table 2.Distribution ofsandfly speciesaccording tolocalitionss. Localite´ Lataren Ait-sri Waariane Issouka Timoulilt (Pam) [33˚11’N6˚34’O] [32˚3’N6˚45’O] [32˚10’N 6˚40’O] [32˚12’N6˚39’O] [32˚12’N6˚28’O] Altitude (m) 600 714 1057 1290 596 P. Sergenti 74 50 26 62 32 P. longicuspis 18 20 6 15 11 P. papatasi 11 33 10 18 14 P. perniciosus 22 5 0 27 2 S.minuta 2 0 0 0 7 P. chabaudi 0 1 0 0 0 Total 127 109 42 122 66 Afouna Inventaire e,
Tagmout,Tata,Souss-Massa,Non,,,,Aucune mention trouvee dans les sources fournies
Tagounite,Zagora,Drâa-Tafilalet,Oui,,13071_2016_Article_1343.pdf | collecetd phlebotomes.pdf | f.pdf,"CL caused by Tisserghate (S2) 30°40’N 6°21’W 920 Leishmania major (L. major)(Kinetoplastida: Trypanosomatidae) Tinzouline (S3) 30°39’N 6°20’W 803 Beni zoli (S4) 30°25’N 5°91’W 760 is the most dominant form in the country with more than 24 450 Zagora (S5) 30°21’N 5°48’W 732 cases reported in the last decade[2]. Tamegroute (S6) 30°13’N 5°39’W 676 Zaouia Sidi Moktar (S7) 30°11’N 5°34’W 371 Phlebotomus papatasi (P. papatasi) and Phlebotomus sergenti (P. Anagam (S8) 30°13’N 5°41’W 653 sergenti) are known to be the common vectors spreading L. major Tagounite (S9) 30°20’N 5°50’W 642 M’Hamid (S10) 29°49N 5°43’W 552 and Leishmania tropica (L. tropica), respectively in Morocco. Foum Zguid (S11) 30°4’N",
Tah,Tarfaya,Laâyoune-Sakia El Hamra,Non,,,,Aucune mention trouvee dans les sources fournies
Tahannaout,Al Haouz,Marrakech-Safi,Non,,,,Aucune mention trouvee dans les sources fournies
Tahelouante,Essaouira,Marrakech-Safi,Non,,,,Aucune mention trouvee dans les sources fournies
Tahla,Taza,Fès-Meknès,Non,,,,Aucune mention trouvee dans les sources fournies
Taifa,Taza,Fès-Meknès,Non,,,,Aucune mention trouvee dans les sources fournies
Takate,Essaouira,Marrakech-Safi,Non,,,,Aucune mention trouvee dans les sources fournies
Takoucht,Essaouira,Marrakech-Safi,Non,,,,Aucune mention trouvee dans les sources fournies
Talambote,Chefchaouen,Tanger-Tétouan-Al Hoceïma,Non,,,,Aucune mention trouvee dans les sources fournies
Talat N'Yaaqoub,Al Haouz,Marrakech-Safi,Non,,,,Aucune mention trouvee dans les sources fournies
Talgjount,Taroudant,Souss-Massa,Non,,,,Aucune mention trouvee dans les sources fournies
Talilit,Driouch,Oriental,Non,,,,Aucune mention trouvee dans les sources fournies
Taliouine,Tata,Souss-Massa,Non,,,,Aucune mention trouvee dans les sources fournies
Taliouine Assaka,Guelmim,Guelmim-Oued Noun,Non,,,,Aucune mention trouvee dans les sources fournies
Talmakante,Taroudant,Souss-Massa,Non,,,,Aucune mention trouvee dans les sources fournies
Talmest,Safi,Marrakech-Safi,Non,,,,Aucune mention trouvee dans les sources fournies
Talsint,Errachidia,Drâa-Tafilalet,Non,,,,Aucune mention trouvee dans les sources fournies
Talzemt,Boulemane,Fès-Meknès,Non,,,,Aucune mention trouvee dans les sources fournies
Tamaguert,Marrakech,Marrakech-Safi,Non,,,,Aucune mention trouvee dans les sources fournies
Tamallalt,El Kelâa des Sraghna,Marrakech-Safi,Non,,,,Aucune mention trouvee dans les sources fournies
Tamaloukte,Taroudant,Souss-Massa,Non,,,,Aucune mention trouvee dans les sources fournies
Tamanar,Essaouira,Marrakech-Safi,Non,,,,Aucune mention trouvee dans les sources fournies
Tamanarte,Assa-Zag,Guelmim-Oued Noun,Non,,,,Aucune mention trouvee dans les sources fournies
Tamazouzte,Marrakech,Marrakech-Safi,Non,,,,Aucune mention trouvee dans les sources fournies
Tamchachate,El Hajeb,Fès-Meknès,Oui,,TSWJ2023-4628625.pdf,"N °02 N'0°43 N'04°33 N'02°33 N'0°43 N'04°33 N'02°33 5°40'W 5°20'W 5°40'W 5°20'W N °53 N °03 N °52 N °02 TeScientifcWorldJournal 3 15° W 10° W 5° W N W E S Sabaa Aiyoun Laqsir 10° W 5° W Ras Ijerri A it Yaazem Ait Harz Allah Bitit Ras Ijerri Ouikhalfen Agourai Ait Bourzouine Iqaddar Ait Naam ane Ait Jahjouh Tamchachate Figure1:Mapshowingthe sandfy collectionstationsin ElHajeb [10]. 4 TeScientifcWorldJournal a fundamental step for the vector control activities and the P. papatasi, P. bergeroti, P. sergenti, P. alexandri, prevention of these diseases, specifcally the severe forms P.longicuspis,P.perniciosus,P.ariasi,S.minuta,S.schwetzi, thatthreatenhumansanddogs[21].Itisinthisperspective S. fal",
Tamda,Rehamna,Marrakech-Safi,Non,,,,Aucune mention trouvee dans les sources fournies
Tamda Noumercid,Azilal,Béni Mellal-Khénifra,Non,,,,Aucune mention trouvee dans les sources fournies
Tamedit,Taounate,Fès-Meknès,Non,,,,Aucune mention trouvee dans les sources fournies
Tamegroute,Zagora,Drâa-Tafilalet,Oui,,collecetd phlebotomes.pdf,"CL caused by Tisserghate (S2) 30°40’N 6°21’W 920 Leishmania major (L. major)(Kinetoplastida: Trypanosomatidae) Tinzouline (S3) 30°39’N 6°20’W 803 Beni zoli (S4) 30°25’N 5°91’W 760 is the most dominant form in the country with more than 24 450 Zagora (S5) 30°21’N 5°48’W 732 cases reported in the last decade[2]. Tamegroute (S6) 30°13’N 5°39’W 676 Zaouia Sidi Moktar (S7) 30°11’N 5°34’W 371 Phlebotomus papatasi (P. papatasi) and Phlebotomus sergenti (P. Anagam (S8) 30°13’N 5°41’W 653 sergenti) are known to be the common vectors spreading L. major Tagounite (S9) 30°20’N 5°50’W 642 M’Hamid (S10) 29°49N 5°43’W 552 and Leishmania tropica (L. tropica), respectively in Morocco. Foum Zguid (S11) 30°4’N",
Tameslouht,Al Haouz,Marrakech-Safi,Non,,,,Aucune mention trouvee dans les sources fournies
Tamezmoute,Zagora,Drâa-Tafilalet,Non,,,,Aucune mention trouvee dans les sources fournies
Tamorot,Taounate,Fès-Meknès,Non,,,,Aucune mention trouvee dans les sources fournies
Tamri,Agadir-Ida Ou Tanane,Souss-Massa,Non,,,,Aucune mention trouvee dans les sources fournies
Tamsaout,Taounate,Fès-Meknès,Non,,,,Aucune mention trouvee dans les sources fournies
Tan-Tan,Tan-Tan,Guelmim-Oued Noun,Non,,,,Aucune mention trouvee dans les sources fournies
Tanalt,Chtouka-Aït Baha,Souss-Massa,Non,,,,Aucune mention trouvee dans les sources fournies
Tanant,Azilal,Béni Mellal-Khénifra,Oui,1988;1991;1995;1997;1999;2004;2008;2009;2012;2014,1-s2.0-S0001706X13000727-main (1).pdf | 1-s2.0-S0001706X13000727-main.pdf | 10.1371_journal.pntd.0010009.pdf | IPID2020-1867651.pdf | boussaa2010.pdf | kahime2015.pdf | pntd.0010009.pdf | zouirech2018.pdf,"rfiliewithatcouldbepotentialvectorsofL.tropica[31].Although otherLeishmaniaspeciesmaybeisolatedfromP.sergenti[32],itisstillconsideredasaspecific vectorabletoonlymatureL.tropicainexperimentalconditions[33].However,forasandfly tobeincriminatedasavectorofhumanleishmaniasis,itsanthropophilicbehavioraswellas itsinfectionwiththeLeishmaniaparasiteoriginatingfromthesameareamustbeproven[34]. Interestingly,thegeographicdistributionofP.sergentiiswiderthantheparasiteitharbors. ThisspeciesisdistributedinCLendemicandnonendemicMediterraneancountries,whereit iswidelyspreadacrosssemiaridregions.InMorocco,thefirstdetectionofL.tropicainP.ser- gentiwasreportedin1991fromthefirstdocumentedfocusofTanant[35].Sincet",
Tanaqoub,Chefchaouen,Tanger-Tétouan-Al Hoceïma,Non,,,,Aucune mention trouvee dans les sources fournies
Tancherfi,Jerada,Oriental,Non,,,,Aucune mention trouvee dans les sources fournies
Tangarfa,Sidi Ifni,Guelmim-Oued Noun,Non,,,,Aucune mention trouvee dans les sources fournies
Tanger,Tanger-Assilah,Tanger-Tétouan-Al Hoceïma,Oui,2008;2011,insects-15-00846.pdf,"1976 Itzer NA Midelt Center Humans [38] (Nt-Ab) 1600maltitude, BabBesen Chaouen North Humid 600maltitude, Chaouen Chaouen North Sub-humid 400maltitude, Rodents SFSV 1979 Talembote Chaouen North 9.4%(IgG) [51] Semi-arid Insectivora 130maltitude, Morocco Arbaoua Kenitra North Sub-humid 200maltitude, Asilah Tanger North Sub-humid 338,319latitude, TOSV 2008 Louata 4828longitude, Sefrou North Ph.perniciosus 4/129 [48] 800maltitude 31◦31′11′′N, TOSV 2011 ElHanchane 9◦26′02′′W Essaouira Center Ph.sergenti NA [49] NA NA Azilal Center Ph.sergenti NA TOSV 2008–2011 [30] NA NA Sefrou North Ph.longicuspis NA Insects2024,15,846 15of22 Table1.Cont. Country Virus Year Area SiteFactors Governorate Region Po",
Tanougha,Béni Mellal,Béni Mellal-Khénifra,Non,,,,Aucune mention trouvee dans les sources fournies
Tanourdi,Midelt,Drâa-Tafilalet,Non,,,,Aucune mention trouvee dans les sources fournies
Tansifte,Ouarzazate,Drâa-Tafilalet,Non,,,,Aucune mention trouvee dans les sources fournies
Taoughilt,Sidi Kacem,Rabat-Salé-Kénitra,Non,,,,Aucune mention trouvee dans les sources fournies
Taouloukoult,Chichaoua,Marrakech-Safi,Non,,,,Aucune mention trouvee dans les sources fournies
Taounate,Taounate,Fès-Meknès,Oui,1981;1984;1991;1994;1995;1999;2004;2008,1-s2.0-S0001706X08002052-main.pdf | TSWJ2022-9382154.pdf | boussaa2009.pdf | kahime2015.pdf,"Moroccan foci of CL researched by the authors. andtwooftheSpanishpopulations(AlmácharandTorvizcón)sit- Lineage I is an exclusively Spanish lineage and for this reason it uatedinthesouthofthecountrysharedthesamecombinationof doesnothaveanysimilaritieswiththeonesfoundbyYahiaetal. ITS–CytbastheMoroccanfromTaounate(Table5).Conversely,the (2004). Moroccan population from Dar Bachir does not share any of the ThepresenceinSpainofamitochondriallineageofP.sergenti haplotypespresentinSpainnorfromtheotherMoroccanlocalities typicallySpanishtogetherwithanotheronecommoninMorocco analysedbyus.ThislocationissituatedinthesouthofMoroccofar wheretheACLisendemicand/oremergentcouldhaveimportant fromtheothertwo. ",
Taounza,Azilal,Béni Mellal-Khénifra,Non,,,,Aucune mention trouvee dans les sources fournies
Taourirt,Taourirt,Oriental,Non,,,,Aucune mention trouvee dans les sources fournies
Taouyalte,Al Haouz,Marrakech-Safi,Non,,,,Aucune mention trouvee dans les sources fournies
Taouz,Errachidia,Drâa-Tafilalet,Non,,,,Aucune mention trouvee dans les sources fournies
Taouzint,El Kelâa des Sraghna,Marrakech-Safi,Non,,,,Aucune mention trouvee dans les sources fournies
Tarfaya,Tarfaya,Laâyoune-Sakia El Hamra,Non,,,,Aucune mention trouvee dans les sources fournies
Targa Wassay,Guelmim,Guelmim-Oued Noun,Non,,,,Aucune mention trouvee dans les sources fournies
Targante,Essaouira,Marrakech-Safi,Non,,,,Aucune mention trouvee dans les sources fournies
Targua Ntouchka,Chtouka-Aït Baha,Souss-Massa,Non,,,,Aucune mention trouvee dans les sources fournies
Targuist,Al Hoceïma,Tanger-Tétouan-Al Hoceïma,Non,,,,Aucune mention trouvee dans les sources fournies
Tarmigt,Ouarzazate,Drâa-Tafilalet,Non,,,,Aucune mention trouvee dans les sources fournies
Taroudant,Taroudant,Souss-Massa,Oui,1991;2001;2005;2010,taroudant.pdf,"hed by Bailly-Choumara and collaborators, based on morphoanatomical and biometric criteria. The results of the epidemiological survey revealed 87 positive cases of cutaneous leishmaniasis due to Leishmania tropica which were classified: 1 case had three lesions, 9 cases had 2 lesions and the rest of the 77 cases had a single lesion. The captured sandflies were identified as belonging to the species Phlebotomus Sergenti and Phlebotomus longicuspis. Our study revealed the persistence of cutaneous leishmaniasis in the region and suggests strengthening the epidemic eradication services. Keywords: Epidemic, Health, Leishmaniasis, Parasites, Taroudant, Morocco, Vectors. 1. Introduction Leishmanias",
Tarsouat,Chtouka-Aït Baha,Souss-Massa,Non,,,,Aucune mention trouvee dans les sources fournies
Tasoultante,Marrakech,Marrakech-Safi,Non,,,,Aucune mention trouvee dans les sources fournies
Tassegdelt,Chtouka-Aït Baha,Souss-Massa,Non,,,,Aucune mention trouvee dans les sources fournies
Tassift,Chefchaouen,Tanger-Tétouan-Al Hoceïma,Non,,,,Aucune mention trouvee dans les sources fournies
Tassousfi,Tata,Souss-Massa,Non,,,,Aucune mention trouvee dans les sources fournies
Tassrirt,Chtouka-Aït Baha,Souss-Massa,Non,,,,Aucune mention trouvee dans les sources fournies
Tata,Tata,Souss-Massa,Oui,1980;2015;2018,collecetd phlebotomes.pdf | insects-15-00846.pdf,"CL caused by Tisserghate (S2) 30°40’N 6°21’W 920 Leishmania major (L. major)(Kinetoplastida: Trypanosomatidae) Tinzouline (S3) 30°39’N 6°20’W 803 Beni zoli (S4) 30°25’N 5°91’W 760 is the most dominant form in the country with more than 24 450 Zagora (S5) 30°21’N 5°48’W 732 cases reported in the last decade[2]. Tamegroute (S6) 30°13’N 5°39’W 676 Zaouia Sidi Moktar (S7) 30°11’N 5°34’W 371 Phlebotomus papatasi (P. papatasi) and Phlebotomus sergenti (P. Anagam (S8) 30°13’N 5°41’W 653 sergenti) are known to be the common vectors spreading L. major Tagounite (S9) 30°20’N 5°50’W 642 M’Hamid (S10) 29°49N 5°43’W 552 and Leishmania tropica (L. tropica), respectively in Morocco. Foum Zguid (S11) 30°4’N",
Tataoute,Taroudant,Souss-Massa,Non,,,,Aucune mention trouvee dans les sources fournies
Tatoft,Ouezzane,Tanger-Tétouan-Al Hoceïma,Non,,,,Aucune mention trouvee dans les sources fournies
Taza,Taza,Fès-Meknès,Oui,1989;1990;1991;1997;1999;2001;2002;2004;2005;2006;2007;2008;2009;2012;2014;2015,1-s2.0-S0378111924003652-main (1).pdf | 1-s2.0-S0378111924003652-main.pdf | 10.1186_1756-3305-5-51.pdf | 10.1371_journal.pntd.0003687.pdf | 1756-3305-5-51.pdf | JAD-17-36.pdf | PRI2015-438749.pdf | TSWJ2022-4095129.pdf | a.pdf | b.pdf | boussaa2009.pdf | boussaa2010.pdf | kahime2015.pdf | microorganisms-08-01511.pdf | nordphleb.pdf | pntd.0003687.pdf | taroudant.pdf | tjac116.pdf,"olmeasuresagainstCLvectorsandtopro- insecticideexposuretoDDTandlambdacyhalothrin.After videarationalframeworkforchoosingthesuitedinsecti- one hour of exposure, sandflies were transferred to the cide, this study has been undertaken. It aimed to observationtubeandkeptinappropriateconditions(25± investigatetheinsecticidesusceptibilityoftwoMoroccan 2°Cand80%±10%relativehumidity)for24hours.Suffi- CL vectors, Ph. sergenti andPh. Papatasi,toinsecticides cientrelativehumiditywasensuredbyputtingsmallpieces usedinendemicareas. ofcottonwoolimpregnatedwithdistilledwateronthetop ofthecups.After24hoursofobservation,aliveanddead Methods sandfliespercupwereidentified[13]andcounted.Mortal- Study area ityrate",
Tazaghine,Driouch,Oriental,Non,,,,Aucune mention trouvee dans les sources fournies
Tazarine,Taza,Fès-Meknès,Non,,,,Aucune mention trouvee dans les sources fournies
Tazart,El Kelâa des Sraghna,Marrakech-Safi,Non,,,,Aucune mention trouvee dans les sources fournies
Tazemmourt,Taroudant,Souss-Massa,Non,,,,Aucune mention trouvee dans les sources fournies
Taznakht,Ouarzazate,Drâa-Tafilalet,Non,,,,Aucune mention trouvee dans les sources fournies
Tazouta,Sefrou,Fès-Meknès,Oui,,PRI2015-438749.pdf,"gicuspisNitzulescuwasrepresentedby3.16%(Table1). 2.MaterialsandMethods 3.2. Seasonal Fluctuations of Sand Flies Species. Seasonal 2.1. Study Area and Environment. The entomological study activityofsandfliesextendedfromMaytotheendofOctober, ∘ 󸀠 ∘ 󸀠 wasconductedinthelocalityofAichoun(33 39 N,04 38 W) withvariationinthemonthlyevolutionaccordingtospecies. situatedinthenorthwestoftheMoroccanMiddleAtlas,apart Ph. sergenti, Ph. Perniciosus, and Ph. papatasi displayed a oftheprovinceofSefrouthatbelongstotheterritorypastoral bimodal distribution with a first peak in July, where Ph. village of Tazouta with a cold semiarid climate. The mean sergentidominates(29.46%),andasecondpeakinSeptember altitudeis",
Tazroute,Chefchaouen,Tanger-Tétouan-Al Hoceïma,Non,,,,Aucune mention trouvee dans les sources fournies
Tazzarine,Zagora,Drâa-Tafilalet,Non,,,,Aucune mention trouvee dans les sources fournies
Taïnaste,Taza,Fès-Meknès,Non,,,,Aucune mention trouvee dans les sources fournies
Tekna,Sidi Kacem,Rabat-Salé-Kénitra,Non,,,,Aucune mention trouvee dans les sources fournies
Temsamane,Driouch,Oriental,Non,,,,Aucune mention trouvee dans les sources fournies
Temsia,Inezgane-Aït Melloul,Souss-Massa,Non,,,,Aucune mention trouvee dans les sources fournies
Tendrara,Jerada,Oriental,Non,,,,Aucune mention trouvee dans les sources fournies
Ternata,Zagora,Drâa-Tafilalet,Non,,,,Aucune mention trouvee dans les sources fournies
Teroual,Ouezzane,Tanger-Tétouan-Al Hoceïma,Non,,,,Aucune mention trouvee dans les sources fournies
Thar Es-Souk,Taounate,Fès-Meknès,Non,,,,Aucune mention trouvee dans les sources fournies
Tichla,Aousserd,Dakhla-Oued Ed-Dahab,Non,,,,Aucune mention trouvee dans les sources fournies
Tiddas,Khemisset,Rabat-Salé-Kénitra,Non,,,,Aucune mention trouvee dans les sources fournies
Tidili Fetouaka,El Kelâa des Sraghna,Marrakech-Safi,Non,,,,Aucune mention trouvee dans les sources fournies
Tidili Mesfioua,Al Haouz,Marrakech-Safi,Non,,,,Aucune mention trouvee dans les sources fournies
Tidli,Al Haouz,Marrakech-Safi,Non,,,,Aucune mention trouvee dans les sources fournies
Tidsi Nissendalene,Chtouka-Aït Baha,Souss-Massa,Non,,,,Aucune mention trouvee dans les sources fournies
Tidzi,Essaouira,Marrakech-Safi,Non,,,,Aucune mention trouvee dans les sources fournies
Tifariti,Es-Semara,Laâyoune-Sakia El Hamra,Non,,,,Aucune mention trouvee dans les sources fournies
Tifarouine,Al Hoceïma,Tanger-Tétouan-Al Hoceïma,Non,,,,Aucune mention trouvee dans les sources fournies
Tiffert N'Ait Hamza,Béni Mellal,Béni Mellal-Khénifra,Non,,,,Aucune mention trouvee dans les sources fournies
Tiflet,Khemisset,Rabat-Salé-Kénitra,Non,,,,Aucune mention trouvee dans les sources fournies
Tifni,Azilal,Béni Mellal-Khénifra,Non,,,,Aucune mention trouvee dans les sources fournies
Tighassaline,Khénifra,Béni Mellal-Khénifra,Non,,,,Aucune mention trouvee dans les sources fournies
Tighedouine,Al Haouz,Marrakech-Safi,Non,,,,Aucune mention trouvee dans les sources fournies
Tighirt,Tiznit,Souss-Massa,Non,,,,Aucune mention trouvee dans les sources fournies
Tighmi,Tiznit,Souss-Massa,Non,,,,Aucune mention trouvee dans les sources fournies
Tiglit,Guelmim,Guelmim-Oued Noun,Non,,,,Aucune mention trouvee dans les sources fournies
Tigouga,Taroudant,Souss-Massa,Non,,,,Aucune mention trouvee dans les sources fournies
Tigrigra,El Hajeb,Fès-Meknès,Non,,,,Aucune mention trouvee dans les sources fournies
Tigzmerte,Tata,Souss-Massa,Non,,,,Aucune mention trouvee dans les sources fournies
Tilemzoun,Tan-Tan,Guelmim-Oued Noun,Non,,,,Aucune mention trouvee dans les sources fournies
Tilmi,Tinghir,Drâa-Tafilalet,Non,,,,Aucune mention trouvee dans les sources fournies
Tilougguite,Béni Mellal,Béni Mellal-Khénifra,Non,,,,Aucune mention trouvee dans les sources fournies
Timezgadiouine,Taroudant,Souss-Massa,Non,,,,Aucune mention trouvee dans les sources fournies
Timezgana,Taounate,Fès-Meknès,Non,,,,Aucune mention trouvee dans les sources fournies
Timhadit,Guigou,Fès-Meknès,Non,,,,Aucune mention trouvee dans les sources fournies
Timizguida-Ouftas,Essaouira,Marrakech-Safi,Non,,,,Aucune mention trouvee dans les sources fournies
Timlilt,Taroudant,Souss-Massa,Non,,,,Aucune mention trouvee dans les sources fournies
Timoulay,Guelmim,Guelmim-Oued Noun,Non,,,,Aucune mention trouvee dans les sources fournies
Timoulilt,Béni Mellal,Béni Mellal-Khénifra,Oui,,zouirech2018.pdf,ongicuspis 43 10 16 11 59 21 3 17.17 P. perniciosus 51 3 1 1 52 4 13 12.02 S.minuta 8 1 0 0 8 1 8 1.93 P. chabaudi 1 0 0 0 1 0 0.21 Total 308 83 47 28 355 111 3 100 M:Male;F:Femelle Tableau 2.Re´partition des espe`cesde phle´botomesen fonctiondes localite´sdecapture. Table 2.Distribution ofsandfly speciesaccording tolocalitionss. Localite´ Lataren Ait-sri Waariane Issouka Timoulilt (Pam) [33˚11’N6˚34’O] [32˚3’N6˚45’O] [32˚10’N 6˚40’O] [32˚12’N6˚39’O] [32˚12’N6˚28’O] Altitude (m) 600 714 1057 1290 596 P. Sergenti 74 50 26 62 32 P. longicuspis 18 20 6 15 11 P. papatasi 11 33 10 18 14 P. perniciosus 22 5 0 27 2 S.minuta 2 0 0 0 7 P. chabaudi 0 1 0 0 0 Total 127 109 42 122 66 Afouna Inventaire e,
Tindine,Taroudant,Souss-Massa,Non,,,,Aucune mention trouvee dans les sources fournies
Tinejdad,Tinghir,Drâa-Tafilalet,Non,,,,Aucune mention trouvee dans les sources fournies
Tinghir,Tinghir,Drâa-Tafilalet,Oui,,10.1186_1756-3305-5-51.pdf | 1756-3305-5-51.pdf | TSWJ2022-5098005.pdf,",16-18]. However, there are few DDT and malathion. No specimen survived after 60 min studies that have focused on sandflies collected in the exposure to these insecticides. field and adopted the discriminating concentration Nevertheless, considering the KDT values observed, [19-21].Wedecidedtocarryoutthisstudybyusingdiag- the results show a difference in response among popu- nostic dose bioassays since this method is easy, fast and lations of both Ph. sergenti and Ph. papatasi to lamb- requiresonlya smallnumberofspecimenscomparedto dacyhalothrin and DDT. Generally, KDT values for dose-mortality or time-mortality bioassays. It is, thus, DDT were higher when compared with those for lamb- more ",
Tinzart,Taroudant,Souss-Massa,Non,,,,Aucune mention trouvee dans les sources fournies
Tinzouline,Zagora,Drâa-Tafilalet,Oui,,collecetd phlebotomes.pdf,"CL caused by Tisserghate (S2) 30°40’N 6°21’W 920 Leishmania major (L. major)(Kinetoplastida: Trypanosomatidae) Tinzouline (S3) 30°39’N 6°20’W 803 Beni zoli (S4) 30°25’N 5°91’W 760 is the most dominant form in the country with more than 24 450 Zagora (S5) 30°21’N 5°48’W 732 cases reported in the last decade[2]. Tamegroute (S6) 30°13’N 5°39’W 676 Zaouia Sidi Moktar (S7) 30°11’N 5°34’W 371 Phlebotomus papatasi (P. papatasi) and Phlebotomus sergenti (P. Anagam (S8) 30°13’N 5°41’W 653 sergenti) are known to be the common vectors spreading L. major Tagounite (S9) 30°20’N 5°50’W 642 M’Hamid (S10) 29°49N 5°43’W 552 and Leishmania tropica (L. tropica), respectively in Morocco. Foum Zguid (S11) 30°4’N",
Tioughza,Sidi Ifni,Guelmim-Oued Noun,Non,,,,Aucune mention trouvee dans les sources fournies
Tiouli,Jerada,Oriental,Non,,,,Aucune mention trouvee dans les sources fournies
Tiout,Taroudant,Souss-Massa,Non,,,,Aucune mention trouvee dans les sources fournies
Tiqqi,Agadir-Ida Ou Tanane,Souss-Massa,Non,,,,Aucune mention trouvee dans les sources fournies
Tisfane,Taroudant,Souss-Massa,Non,,,,Aucune mention trouvee dans les sources fournies
Tisqi,Azilal,Béni Mellal-Khénifra,Non,,,,Aucune mention trouvee dans les sources fournies
Tisrasse,Al Haouz,Marrakech-Safi,Non,,,,Aucune mention trouvee dans les sources fournies
Tissa,Taounate,Fès-Meknès,Oui,,10.1186_1756-3305-5-51.pdf | 1756-3305-5-51.pdf,"1 RESEARCH Open Access Insecticide susceptibility status of Phlebotomus (Paraphlebotomus) sergenti and Phlebotomus (Phlebotomus) papatasi in endemic foci of cutaneous leishmaniasis in Morocco Chafika Faraj1*, Souad Ouahabi1, El Bachir Adlaoui1, Mohammed El Elkohli1, Lhousseine Lakraa1, Mohammed El Rhazi1 and Btissam Ameur2 Abstract Background: In Morocco, cutaneous leishmaniasis is transmitted by Phlebotomus sergenti and Ph. papatasi. Vector control is mainly based on environmental management but indoor residual spraying with synthetic pyrethroids is applied in many foci of Leishmania tropica. However, the levels and distribution of sandfly susceptibility to insecticides currently used has n",
Tissaf,Guercif,Oriental,Non,,,,Aucune mention trouvee dans les sources fournies
Tissint,Tata,Souss-Massa,Non,,,,Aucune mention trouvee dans les sources fournies
Tit Mellil,Casablanca,Casablanca-Settat,Non,,,,Aucune mention trouvee dans les sources fournies
Tizaghte,Tata,Souss-Massa,Non,,,,Aucune mention trouvee dans les sources fournies
Tizgane,Chefchaouen,Tanger-Tétouan-Al Hoceïma,Non,,,,Aucune mention trouvee dans les sources fournies
Tizguine,Al Haouz,Marrakech-Safi,Non,,,,Aucune mention trouvee dans les sources fournies
Tizguite,Ifrane,Fès-Meknès,Non,,,,Aucune mention trouvee dans les sources fournies
Tizgzaouine,Tata,Souss-Massa,Non,,,,Aucune mention trouvee dans les sources fournies
Tizi N'Ghachou,Khénifra,Béni Mellal-Khénifra,Non,,,,Aucune mention trouvee dans les sources fournies
Tizi N'Test,Taroudant,Souss-Massa,Non,,,,Aucune mention trouvee dans les sources fournies
Tizi N'isly,Khénifra,Béni Mellal-Khénifra,Non,,,,Aucune mention trouvee dans les sources fournies
Tizi Ntakoucht,Chtouka-Aït Baha,Souss-Massa,Non,,,,Aucune mention trouvee dans les sources fournies
Tizi Ouzli,Driouch,Oriental,Non,,,,Aucune mention trouvee dans les sources fournies
Tiznit,Tiznit,Souss-Massa,Non,,,,Aucune mention trouvee dans les sources fournies
Tizoughrane,Chtouka-Aït Baha,Souss-Massa,Non,,,,Aucune mention trouvee dans les sources fournies
Tizounine,Tata,Souss-Massa,Non,,,,Aucune mention trouvee dans les sources fournies
Tiztoutine,Driouch,Oriental,Non,,,,Aucune mention trouvee dans les sources fournies
Tlauh,El Kelâa des Sraghna,Marrakech-Safi,Non,,,,Aucune mention trouvee dans les sources fournies
Tleta Azlef,Driouch,Oriental,Non,,,,Aucune mention trouvee dans les sources fournies
Tlite,Ouarzazate,Drâa-Tafilalet,Non,,,,Aucune mention trouvee dans les sources fournies
Tnine Aday,Chtouka-Aït Baha,Souss-Massa,Non,,,,Aucune mention trouvee dans les sources fournies
Tnine Aglou,Tiznit,Souss-Massa,Non,,,,Aucune mention trouvee dans les sources fournies
Tnine Amellou,Sidi Ifni,Guelmim-Oued Noun,Non,,,,Aucune mention trouvee dans les sources fournies
Toualet,Settat,Casablanca-Settat,Non,,,,Aucune mention trouvee dans les sources fournies
Touama,Marrakech,Marrakech-Safi,Non,,,,Aucune mention trouvee dans les sources fournies
Touarga,Rabat,Rabat-Salé-Kénitra,Non,,,,Aucune mention trouvee dans les sources fournies
Toubkal,Al Haouz,Marrakech-Safi,Non,,,,Aucune mention trouvee dans les sources fournies
Toudgha El Oulia,Tinghir,Drâa-Tafilalet,Non,,,,Aucune mention trouvee dans les sources fournies
Toudgha Essoufla,Tinghir,Drâa-Tafilalet,Non,,,,Aucune mention trouvee dans les sources fournies
Toufelaazt,Chtouka-Aït Baha,Souss-Massa,Non,,,,Aucune mention trouvee dans les sources fournies
Toughmart,Taroudant,Souss-Massa,Non,,,,Aucune mention trouvee dans les sources fournies
Touissit,Oujda-Angad,Oriental,Non,,,,Aucune mention trouvee dans les sources fournies
Touizgui,Assa-Zag,Guelmim-Oued Noun,Non,,,,Aucune mention trouvee dans les sources fournies
Toulal,Meknès,Fès-Meknès,Non,,,,Aucune mention trouvee dans les sources fournies
Toumliline,Chtouka-Aït Baha,Souss-Massa,Non,,,,Aucune mention trouvee dans les sources fournies
Toundoute,Ouarzazate,Drâa-Tafilalet,Non,,,,Aucune mention trouvee dans les sources fournies
Tounfit,Midelt,Drâa-Tafilalet,Non,,,,Aucune mention trouvee dans les sources fournies
Traiba,Taza,Fès-Meknès,Non,,,,Aucune mention trouvee dans les sources fournies
Trougout,Al Hoceïma,Tanger-Tétouan-Al Hoceïma,Non,,,,Aucune mention trouvee dans les sources fournies
Tsaft,Al Hoceïma,Tanger-Tétouan-Al Hoceïma,Non,,,,Aucune mention trouvee dans les sources fournies
Télouet,Ouarzazate,Drâa-Tafilalet,Non,,,,Aucune mention trouvee dans les sources fournies
Témara,Skhirate-Témara,Rabat-Salé-Kénitra,Non,,,,Aucune mention trouvee dans les sources fournies
Tétouan,Tétouan,Tanger-Tétouan-Al Hoceïma,Oui,1982;1986;1991;1999;2009;2010;2012;2013;2014;2015;2022;2026,nordphleb.pdf | tjac116.pdf,"ere collected between May and November 2015 in two localities: peri-urban area of Tetouan city, where leishmaniasis is endemic and that of the Oued Laou village where no cases of leishmaniasis have been recorded. Six sand fly species were identified. The genus Phebotomus was represented by five species: Phlebotomus ariasi, Phlebotomus. longicuspis, Phlebotomus perniciosus, Phlebotomus kazeruni, and Phlebotomus sergenti, while the genus Sergentomyia was represented by only one species Sergentomyia minuta. Phlebotomus perniciosus was dominant in the nonendemic area (47%) while Phlebotomus sergenti was dominant in the endemic area (51%). The spatio-temporal distribution of sand fly populations ",
Youssoufia,Youssoufia,Marrakech-Safi,Non,,,,Aucune mention trouvee dans les sources fournies
Zaaroura,Larache,Tanger-Tétouan-Al Hoceïma,Non,,,,Aucune mention trouvee dans les sources fournies
Zag,Assa-Zag,Guelmim-Oued Noun,Non,,,,Aucune mention trouvee dans les sources fournies
Zaggota,Sidi Kacem,Rabat-Salé-Kénitra,Non,,,,Aucune mention trouvee dans les sources fournies
Zagmouzen,Al Haouz,Marrakech-Safi,Non,,,,Aucune mention trouvee dans les sources fournies
Zagora,Zagora,Drâa-Tafilalet,Oui,1986;1991;1997;1998;1999;2004;2005;2008;2009,TSWJ2022-5098005.pdf | boussaa2010.pdf | collecetd phlebotomes.pdf,"CL caused by Tisserghate (S2) 30°40’N 6°21’W 920 Leishmania major (L. major)(Kinetoplastida: Trypanosomatidae) Tinzouline (S3) 30°39’N 6°20’W 803 Beni zoli (S4) 30°25’N 5°91’W 760 is the most dominant form in the country with more than 24 450 Zagora (S5) 30°21’N 5°48’W 732 cases reported in the last decade[2]. Tamegroute (S6) 30°13’N 5°39’W 676 Zaouia Sidi Moktar (S7) 30°11’N 5°34’W 371 Phlebotomus papatasi (P. papatasi) and Phlebotomus sergenti (P. Anagam (S8) 30°13’N 5°41’W 653 sergenti) are known to be the common vectors spreading L. major Tagounite (S9) 30°20’N 5°50’W 642 M’Hamid (S10) 29°49N 5°43’W 552 and Leishmania tropica (L. tropica), respectively in Morocco. Foum Zguid (S11) 30°4’N",
Zaouia Annahlia,Chichaoua,Marrakech-Safi,Non,,,,Aucune mention trouvee dans les sources fournies
Zaouia Sidi Tahar,Taroudant,Souss-Massa,Non,,,,Aucune mention trouvee dans les sources fournies
Zaouiat Ahansal,Azilal,Béni Mellal-Khénifra,Non,,,,Aucune mention trouvee dans les sources fournies
Zaouiat Ben Hmida,Essaouira,Marrakech-Safi,Non,,,,Aucune mention trouvee dans les sources fournies
Zaouiat Cheikh,Khénifra,Béni Mellal-Khénifra,Non,,,,Aucune mention trouvee dans les sources fournies
Zaouiat Lakouacem,Sidi Bennour,Casablanca-Settat,Non,,,,Aucune mention trouvee dans les sources fournies
Zaouiat Saiss,Sidi Bennour,Casablanca-Settat,Non,,,,Aucune mention trouvee dans les sources fournies
Zaouiat Sidi Ben Hamdoun,Settat,Casablanca-Settat,Non,,,,Aucune mention trouvee dans les sources fournies
Zaouiat Sidi Hamza,Midelt,Drâa-Tafilalet,Non,,,,Aucune mention trouvee dans les sources fournies
Zaouiat Sidi Kacem,Tétouan,Tanger-Tétouan-Al Hoceïma,Non,,,,Aucune mention trouvee dans les sources fournies
Zarkat,Taounate,Fès-Meknès,Non,,,,Aucune mention trouvee dans les sources fournies
Zaïda,Midelt,Drâa-Tafilalet,Non,,,,Aucune mention trouvee dans les sources fournies
Zaïo,Nador,Oriental,Non,,,,Aucune mention trouvee dans les sources fournies
Zaïtoune,Tétouan,Tanger-Tétouan-Al Hoceïma,Non,,,,Aucune mention trouvee dans les sources fournies
Zeghanghane,Nador,Oriental,Non,,,,Aucune mention trouvee dans les sources fournies
Zegzel,Berkane,Oriental,Non,,,,Aucune mention trouvee dans les sources fournies
Zemamra,Sidi Bennour,Casablanca-Settat,Non,,,,Aucune mention trouvee dans les sources fournies
Zemrane,El Kelâa des Sraghna,Marrakech-Safi,Non,,,,Aucune mention trouvee dans les sources fournies
Zemrane Charqia,El Kelâa des Sraghna,Marrakech-Safi,Non,,,,Aucune mention trouvee dans les sources fournies
Zerkten,Al Haouz,Marrakech-Safi,Non,,,,Aucune mention trouvee dans les sources fournies
Zghira,Ouezzane,Tanger-Tétouan-Al Hoceïma,Non,,,,Aucune mention trouvee dans les sources fournies
Ziaida,Benslimane,Casablanca-Settat,Non,,,,Aucune mention trouvee dans les sources fournies
Zinat,Tétouan,Tanger-Tétouan-Al Hoceïma,Non,,,,Aucune mention trouvee dans les sources fournies
Zirara,Sidi Kacem,Rabat-Salé-Kénitra,Non,,,,Aucune mention trouvee dans les sources fournies
Znada,El Kelâa des Sraghna,Marrakech-Safi,Non,,,,Aucune mention trouvee dans les sources fournies
Zouada,Larache,Tanger-Tétouan-Al Hoceïma,Non,,,,Aucune mention trouvee dans les sources fournies
Zouaiat sidi Abdelkader,Al Hoceïma,Tanger-Tétouan-Al Hoceïma,Non,,,,Aucune mention trouvee dans les sources fournies
Zoug,Aousserd,Dakhla-Oued Ed-Dahab,Oui,1985;1986;1989;1991;1999;2000;2002;2003;2004;2005;2006;2007;2008;2009;2010;2012;2013;2014;2015;2016;2017;2019;2020;2022;2023;2025,1-s2.0-S1876034122000624-main.pdf | 10.1111@tbed.12914.pdf | 10.1371_journal.pntd.0010009.pdf | 13071_2016_Article_1343.pdf | JAD-17-36.pdf | TSWJ2023-4628625.pdf | b.pdf | boussaa2009.pdf | boussaa2010.pdf | f.pdf | https://www.ncbi.nlm.nih.gov/pmc/?term=phlebotomus+sergenti+morocco | kahime2015.pdf | microorganisms-13-02279.pdf | nordphleb.pdf | pntd.0010009.pdf | tjac116.pdf,"seases|https://doi.org/10.1371/journal.pntd.0010009 January13,2022 11/14 PLOS NEGLECTED TROPICAL DISEASES 39. GuernaouiS,BoumezzoughA,LaamraniA.Altitudinalstructuringofsandflies(Diptera:Psychodidae) intheHigh-Atlasmountains(Morocco)anditsrelationtotheriskofleishmaniasistransmission.Acta Trop.2006;97:346–51.https://doi.org/10.1016/j.actatropica.2006.01.001PMID:16460654 40. BoussaaS,KahimeK,SamyAM,BenSA,BoumezzoughA.Speciescompositionofsandfliesandbio- nomicsofPhlebotomuspapatasiandP.sergenti(Diptera:Psychodidae)incutaneousleishmaniasis endemicfoci,Morocco.ParasitVectors.2016;9:60.https://doi.org/10.1186/s13071-016-1343-6PMID: 26830689 41. RamaouiK,GuernaouiS,BoumezzoughA.Entomologicalandepide",
Zoumi,Ouezzane,Tanger-Tétouan-Al Hoceïma,Non,,,,Aucune mention trouvee dans les sources fournies
Zrarda,Taza,Fès-Meknès,Non,,,,Aucune mention trouvee dans les sources fournies
Zrizer,Taounate,Fès-Meknès,Non,,,,Aucune mention trouvee dans les sources fournies
