id,commune,province,region,latitude,longitude,osm_id
1,Aarab Sebbah Gheris,Errachidia,Drâa-Tafilalet,31.417241,-4.423419,2884807
2,Aarab Sebbah Ziz,Errachidia,Drâa-Tafilalet,31.487229,-3.994553,2884804
3,Abadou,El Kelâa des Sraghna,Marrakech-Safi,31.599657,-7.304719,3535387
4,Abaynou,Guelmim,Guelmim-Oued Noun,29.084087,-9.933778,2885907
5,Abdelghaya Souahel,Taounate,Fès-Meknès,34.78584,-4.652793,2516840
6,Abou Lakhal,Figuig,Oriental,32.289215,-1.511013,2527828
7,Abteh,Tan-Tan,Guelmim-Oued Noun,27.947122,-11.370393,2890948
8,Adaghas,Agadir-Ida Ou Tanane,Souss-Massa,30.896999,-9.34438,2820930
9,Adar,Tata,Souss-Massa,30.163767,-8.327102,2888899
10,Adassil,Chichaoua,Marrakech-Safi,31.142728,-8.480288,2830936
11,Aday,Assa-Zag,Guelmim-Oued Noun,29.206899,-9.302674,2885852
12,Adis,Tata,Souss-Massa,29.559643,-8.104511,2885799
13,Adrej,Boulemane,Fès-Meknès,33.643094,-4.444717,2816263
14,Afalla Issen,Chichaoua,Marrakech-Safi,31.037167,-8.927767,2830909
15,Afella Ighir,Chtouka-Aït Baha,Souss-Massa,29.566395,-8.777766,2888750
16,Afella N'Dra,Ouarzazate,Drâa-Tafilalet,30.807946,-6.507592,2884950
17,Aferkat,Guelmim,Guelmim-Oued Noun,28.684497,-10.370969,2885950
18,Afourar,Béni Mellal,Béni Mellal-Khénifra,32.195152,-6.518305,2887189
19,Afra,Ouarzazate,Drâa-Tafilalet,30.807318,-6.278328,2884952
20,Afsou,Driouch,Oriental,34.819776,-3.139035,2444881
21,Agadir,Agadir-Ida Ou Tanane,Souss-Massa,30.422039,-9.580328,2529624
22,Agadir Melloul,Tata,Souss-Massa,30.248457,-7.752828,2888949
23,Agafay,Al Haouz,Marrakech-Safi,31.469922,-8.214114,2824275
24,Agdz,Ouarzazate,Drâa-Tafilalet,30.700772,-6.472104,2884947
25,Aghbal,Berkane,Oriental,34.938984,-2.138465,2447392
26,Aghbala,Khénifra,Béni Mellal-Khénifra,32.414256,-5.612154,2882832
27,Aghbalou,Khénifra,Béni Mellal-Khénifra,32.66436,-5.259295,2826598
28,Aghbalou Aqorar,Sefrou,Fès-Meknès,33.8912,-4.789562,2808832
29,Aghbalou N'Kerdous,Tinghir,Drâa-Tafilalet,31.676792,-5.306748,2827208
30,Aghbar,Taroudant,Souss-Massa,30.911876,-8.493933,3535483
31,Aghouatim,Al Haouz,Marrakech-Safi,31.375211,-7.942429,5177003
32,Aghouinite,Aousserd,Dakhla-Oued Ed-Dahab,22.472411,-13.732572,6054151
33,Aglif,Essaouira,Marrakech-Safi,31.087244,-9.389432,2820913
34,Agoudi N'Lkhair,Azilal,Béni Mellal-Khénifra,31.979971,-6.494068,2887348
35,Agoudim,Midelt,Drâa-Tafilalet,32.376137,-5.036019,2826602
36,Agourai,El Hajeb,Fès-Meknès,33.634925,-5.592601,2808106
37,Aguelmam Azegza,Khénifra,Béni Mellal-Khénifra,32.930806,-5.426845,2875666
38,Aguelmouss,Khénifra,Béni Mellal-Khénifra,33.132785,-5.840773,2826617
39,Aguerd,Essaouira,Marrakech-Safi,31.421454,-9.629902,2820967
40,Aguinane,Tata,Souss-Massa,30.108683,-7.449224,3549670
41,Ahdil,Chichaoua,Marrakech-Safi,31.613788,-8.864272,2821117
42,Ahermoumou,Sefrou,Fès-Meknès,33.817518,-4.418265,2816242
43,Ahfir,Berkane,Oriental,34.953502,-2.097042,2447391
44,Ahl Angad,Oujda-Angad,Oriental,34.692196,-1.849202,2756348
45,Ahl Oued Za,Taourirt,Oriental,34.291714,-2.806737,3551337
46,Ahl Ramel,Chtouka-Aït Baha,Souss-Massa,30.287733,-9.121799,2835895
47,Ahl Sidi Lahcen,Sefrou,Fès-Meknès,33.768974,-4.650138,2808821
48,Ahl Tifnoute,Al Haouz,Marrakech-Safi,30.964141,-7.859331,2888815
49,Ahlaf,Benslimane,Casablanca-Settat,33.27843,-7.08046,2522579
50,Ahmar Laglalcha,Taroudant,Souss-Massa,30.488869,-8.970463,2835916
51,Ain Bida,Fès,Fès-Meknès,33.986698,-4.892569,2805269
52,Ain Blal,Settat,Casablanca-Settat,32.530134,-7.653925,2879968
53,Ain Bni Mathar,Jerada,Oriental,34.018872,-2.026809,2528002
54,Ain Bou Ali,Fès,Fès-Meknès,34.130276,-4.994406,2813704
55,Ain Chair,Figuig,Oriental,32.220611,-2.509739,5955988
56,Ain Cheggag,Fès,Fès-Meknès,33.865829,-5.058957,2808812
57,Ain Chkef,Fès,Fès-Meknès,33.964255,-5.084967,2808796
58,Ain Dfali,Ouezzane,Tanger-Tétouan-Al Hoceïma,34.607712,-5.556266,2755139
59,Ain Dorbane-Lahlaf,Khouribga,Béni Mellal-Khénifra,33.029451,-7.21858,2879952
60,Ain El Aouda,Skhirate-Témara,Rabat-Salé-Kénitra,33.802331,-6.79687,2498871
61,Ain Harrouda,Médiouna,Casablanca-Settat,33.644338,-7.458642,2523556
62,Ain Jemaa,Sidi Kacem,Rabat-Salé-Kénitra,34.07863,-5.784557,2561336
63,Ain Johra-Sidi Boukhalkhal,Kénitra,Rabat-Salé-Kénitra,34.014906,-6.401752,2808221
64,Ain Kaicher,Fquih Ben Salah,Béni Mellal-Khénifra,32.768318,-6.546089,2879709
65,Ain Kansra,Fès,Fès-Meknès,34.112982,-4.845056,2813700
66,Ain Karma-Oued Rommane,Sidi Kacem,Rabat-Salé-Kénitra,34.068824,-5.683235,2813793
67,Ain Lahcen,Tétouan,Tanger-Tétouan-Al Hoceïma,35.561202,-5.5741,2563431
68,Ain Legdah,Taounate,Fès-Meknès,34.170882,-4.566414,2805313
69,Ain Lehjer,Jerada,Oriental,34.498035,-2.477501,2528356
70,Ain Maatouf,Taounate,Fès-Meknès,34.420324,-4.528995,2755009
71,Ain Mediouna,Taounate,Fès-Meknès,34.485574,-4.530098,2753141
72,Ain Sbit,Khemisset,Rabat-Salé-Kénitra,33.490878,-6.475539,2808253
73,Ain Sfa,Oujda-Angad,Oriental,34.763878,-2.13665,2502034
74,Ain Taoujdate,Moulay Yacoub,Fès-Meknès,33.937485,-5.209984,2759246
75,Ain Tazitounte,Chichaoua,Marrakech-Safi,31.108445,-8.882665,2830907
76,Ain Timguenai,Sefrou,Fès-Meknès,33.87166,-4.486947,2816235
77,Ain Tizgha,Benslimane,Casablanca-Settat,33.652277,-7.103308,2522588
78,Ait Aadel,El Kelâa des Sraghna,Marrakech-Safi,31.597512,-7.223717,3535410
79,Ait Abdellah,Chtouka-Aït Baha,Souss-Massa,29.822342,-8.736585,2875703
80,Ait Aissi Ihahane,Agadir-Ida Ou Tanane,Souss-Massa,30.906864,-9.424827,2820892
81,Ait Ali Ou Lahcen,Kénitra,Rabat-Salé-Kénitra,34.030611,-6.494866,5128902
82,Ait Amira,Inezgane-Aït Melloul,Souss-Massa,30.154039,-9.466072,2832937
83,Ait Ammar,Khouribga,Béni Mellal-Khénifra,33.038244,-6.63836,2879651
84,Ait Ayach,Midelt,Drâa-Tafilalet,32.688765,-4.930323,2826601
85,Ait Baha,Chtouka-Aït Baha,Souss-Massa,30.06923,-9.157944,2832991
86,Ait Bazza,Boulemane,Fès-Meknès,33.399054,-4.211951,2817716
87,Ait Belkacem,Khemisset,Rabat-Salé-Kénitra,33.828397,-6.375009,2808235
88,Ait Ben Yacoub,Guigou,Fès-Meknès,33.000263,-4.870296,2826585
89,Ait Blal,Azilal,Béni Mellal-Khénifra,31.677415,-6.699474,2887321
90,Ait Bou Oulli,Azilal,Béni Mellal-Khénifra,31.565143,-6.630486,2887320
91,Ait Boubidmane,El Hajeb,Fès-Meknès,33.850185,-5.332302,2759250
92,Ait Boudaoud,Zagora,Drâa-Tafilalet,30.614227,-5.484947,2884911
93,Ait Boufoulen,Guelmim,Guelmim-Oued Noun,29.237115,-9.741066,2885892
94,Ait Bouyahya El Hajjama,Khemisset,Rabat-Salé-Kénitra,33.875571,-6.298321,2808196
95,Ait Daoud,Essaouira,Marrakech-Safi,31.095239,-9.344891,2820914
96,Ait El Man,Boulemane,Fès-Meknès,33.449287,-4.312285,2817709
97,Ait Erkha,Tiznit,Souss-Massa,29.347223,-9.638013,2888307
98,Ait Faska,Marrakech,Marrakech-Safi,31.541111,-7.69759,3535305
99,Ait Haddou Youssef,Taroudant,Souss-Massa,30.88917,-8.699833,2830920
100,Ait Hadi,Chichaoua,Marrakech-Safi,31.388482,-8.785365,2830947
101,Ait Hammou,Rehamna,Marrakech-Safi,32.21481,-8.249586,2881802
102,Ait Harz Allah,El Hajeb,Fès-Meknès,33.746008,-5.320544,2819548
103,Ait Hkim - Ait Yzid,El Kelâa des Sraghna,Marrakech-Safi,31.480467,-7.210932,3535398
104,Ait Iaaza,Taroudant,Souss-Massa,30.503031,-8.800539,2889037
105,Ait Ichou,Khemisset,Rabat-Salé-Kénitra,33.532156,-6.039912,2808315
106,Ait Igas,Taroudant,Souss-Massa,30.587306,-8.720421,2889035
107,Ait Ikkou,Khemisset,Rabat-Salé-Kénitra,33.654406,-6.084796,2808313
108,Ait Imour,Marrakech,Marrakech-Safi,31.548793,-8.343696,2824276
109,Ait Issafen,Tiznit,Souss-Massa,29.571202,-9.32499,2888769
110,Ait Izdeg,Midelt,Drâa-Tafilalet,32.648649,-4.744624,2826647
111,Ait M'Hamed,Azilal,Béni Mellal-Khénifra,31.854783,-6.514304,2887315
112,Ait Mait,Driouch,Oriental,35.07632,-3.34678,2428510
113,Ait Makhlouf,Taroudant,Souss-Massa,30.60771,-8.917076,2882914
114,Ait Malek,Kénitra,Rabat-Salé-Kénitra,33.949809,-6.472433,2808224
115,Ait Mazigh,Azilal,Béni Mellal-Khénifra,32.00787,-6.354025,2887230
116,Ait Melloul,Inezgane-Aït Melloul,Souss-Massa,30.339251,-9.498141,2529626
117,Ait Milk,Chtouka-Aït Baha,Souss-Massa,29.95568,-9.42363,2832955
118,Ait Mimoune,Khemisset,Rabat-Salé-Kénitra,33.663547,-5.83759,2808115
119,Ait Mzal,Chtouka-Aït Baha,Souss-Massa,30.035231,-9.126369,2832997
120,Ait Naamane,El Hajeb,Fès-Meknès,33.672044,-5.292433,2819554
121,Ait Ouaarda,Azilal,Béni Mellal-Khénifra,32.141378,-6.53308,2887191
122,Ait Ouabelli,Tata,Souss-Massa,29.143656,-8.593791,2885839
123,Ait Ouadrim,Chtouka-Aït Baha,Souss-Massa,30.018535,-9.254324,2832962
124,Ait Ouafqa,Tiznit,Souss-Massa,29.409163,-9.1224,2888754
125,Ait Ouallal,Zagora,Drâa-Tafilalet,30.882948,-5.9099,2884963
126,Ait Ouallal,Meknès,Fès-Meknès,33.857121,-5.682363,3551736
127,Ait Ouassif,Tinghir,Drâa-Tafilalet,31.290637,-6.208646,2887609
128,Ait Ouikhalfen,Meknès,Fès-Meknès,33.617091,-5.735952,3666748
129,Ait Oullal Bitit,Fès,Fès-Meknès,33.823066,-5.129175,2808813
130,Ait Oum El Bekht,Khénifra,Béni Mellal-Khénifra,32.655311,-5.929227,2882843
131,Ait Oumdis,Ouarzazate,Drâa-Tafilalet,31.489372,-7.075358,2887284
132,Ait Ouqabli,Béni Mellal,Béni Mellal-Khénifra,32.320219,-6.012975,2887160
133,Ait Ouribel,Khemisset,Rabat-Salé-Kénitra,33.770706,-6.11783,2808192
134,Ait Ourir,Marrakech,Marrakech-Safi,31.561443,-7.672963,3535290
135,Ait Saadelli,Khénifra,Béni Mellal-Khénifra,32.625503,-5.361433,2826597
136,Ait Said,Essaouira,Marrakech-Safi,31.436666,-9.461202,2820965
137,Ait Sebaa Lajrouf,Ifrane,Fès-Meknès,33.737336,-5.044262,2808814
138,Ait Sedrate Jbel El Oulia,Tinghir,Drâa-Tafilalet,31.641507,-5.953975,2887493
139,Ait Sedrate Jbel El Soufla,Tinghir,Drâa-Tafilalet,31.510677,-5.958674,2887495
140,Ait Sedrate Sahl Charkia,Tinghir,Drâa-Tafilalet,31.17429,-6.054771,2887616
141,Ait Sedrate Sahl El Gharbia,Tinghir,Drâa-Tafilalet,31.089057,-6.149029,2887615
142,Ait Siberne,Khemisset,Rabat-Salé-Kénitra,33.848132,-5.865402,2808139
143,Ait Sidi Daoud,Marrakech,Marrakech-Safi,31.610031,-7.671967,3535285
144,Ait Taguella,Azilal,Béni Mellal-Khénifra,31.935466,-6.739462,2887335
145,Ait Taleb,Rehamna,Marrakech-Safi,32.383541,-8.185672,2881792
146,Ait Tamlil,Azilal,Béni Mellal-Khénifra,31.483706,-6.848471,2887285
147,Ait Yaazem,Meknès,Fès-Meknès,33.744491,-5.615193,2808105
148,Ait Yadine,Khemisset,Rabat-Salé-Kénitra,33.947603,-5.994622,2808144
149,Ait Yahya,Midelt,Drâa-Tafilalet,32.252935,-5.175913,2827199
150,Ait Youl,Tinghir,Drâa-Tafilalet,31.311535,-5.979211,2887500
151,Ait Zineb,Ouarzazate,Drâa-Tafilalet,30.999632,-7.124266,2887637
152,Ajdir,Al Hoceïma,Tanger-Tétouan-Al Hoceïma,34.769951,-3.940339,2754002
153,Ajdir,Al Hoceïma,Tanger-Tétouan-Al Hoceïma,35.197139,-3.912523,5954840
154,Akarma,El Kelâa des Sraghna,Marrakech-Safi,31.899763,-7.632837,2881848
155,Akhfennir,Tan-Tan,Guelmim-Oued Noun,27.936774,-11.901876,2891051
156,Akka,Tata,Souss-Massa,29.339261,-8.153306,2885797
157,Akka Ighane,Tata,Souss-Massa,29.964907,-7.596022,2885777
158,Aklim,Berkane,Oriental,34.88388,-2.521129,5955547
159,Aknoul,Taza,Fès-Meknès,34.652819,-3.865798,2754008
160,Al Aioun,Berkane,Oriental,34.577477,-2.503523,2527996
161,Al Aroui,Nador,Oriental,35.021062,-2.995705,2443011
162,Al Bahraoyine,Tanger-Assilah,Tanger-Tétouan-Al Hoceïma,35.757193,-5.713893,2763071
163,Al Barkanyene,Berkane,Oriental,35.057037,-2.562727,2443019
164,Al Hamra,Chefchaouen,Tanger-Tétouan-Al Hoceïma,35.349107,-5.362013,2533871
165,Al Haouafate,Sidi Slimane,Rabat-Salé-Kénitra,34.462169,-5.991918,2808866
166,Al Hoceïma,Al Hoceïma,Tanger-Tétouan-Al Hoceïma,35.236042,-3.938905,2431058
167,Al Khalfia,Fquih Ben Salah,Béni Mellal-Khénifra,32.538998,-6.534738,2882587
168,Al Kharroub,Tétouan,Tanger-Tétouan-Al Hoceïma,35.404995,-5.6826,2563434
169,Al Machouar Stinia,Meknès,Fès-Meknès,33.88682,-5.560077,2561178
170,Al Mahbass,Assa-Zag,Guelmim-Oued Noun,27.565503,-8.992992,2891023
171,Al Manzla,Tanger-Assilah,Tanger-Tétouan-Al Hoceïma,35.549065,-5.847322,2752819
172,Al Oued,Chefchaouen,Tanger-Tétouan-Al Hoceïma,35.265003,-5.320284,2533866
173,Al Ouidane,Marrakech,Marrakech-Safi,31.630347,-7.836058,2824270
174,Allougoum,Ouarzazate,Drâa-Tafilalet,29.955454,-6.824971,2885772
175,Allyène,Fahs-Anjra,Tanger-Tétouan-Al Hoceïma,35.728378,-5.414194,4778554
176,Almis Marmoucha,Boulemane,Fès-Meknès,33.241015,-4.164299,2817781
177,Alnif,Tinghir,Drâa-Tafilalet,31.113154,-5.139801,2884873
178,Amalou,Taroudant,Souss-Massa,30.180436,-8.751825,2889076
179,Amejjaou,Driouch,Oriental,35.13794,-3.241723,2428514
180,Amellagou,Errachidia,Drâa-Tafilalet,32.023269,-4.936591,2827164
181,Amersid,Midelt,Drâa-Tafilalet,32.678844,-4.487887,2826644
182,Amerzgane,Ouarzazate,Drâa-Tafilalet,30.958967,-7.278353,2887635
183,Ameur,Salé,Rabat-Salé-Kénitra,34.092255,-6.665704,5129977
184,Ameur Chamalia,Sidi Slimane,Rabat-Salé-Kénitra,34.374793,-6.204133,4830108
185,Ameur Seflia,Kénitra,Rabat-Salé-Kénitra,34.275716,-6.350384,3549789
186,Amgala,Es-Semara,Laâyoune-Sakia El Hamra,26.35451,-11.698286,3666591
187,Amghras,Al Haouz,Marrakech-Safi,31.215429,-8.172545,3534192
188,Amizmiz,Al Haouz,Marrakech-Safi,31.220478,-8.251466,3534189
189,Ammelne,Chtouka-Aït Baha,Souss-Massa,29.732095,-8.96756,2888730
190,Amouguer,Midelt,Drâa-Tafilalet,32.26753,-4.91284,2827144
191,Amskroud,Inezgane-Aït Melloul,Souss-Massa,30.486031,-9.381609,2758267
192,Amtar,Chefchaouen,Tanger-Tétouan-Al Hoceïma,35.18488,-4.766257,2533874
193,Amtdi,Assa-Zag,Guelmim-Oued Noun,29.202795,-9.198894,2885851
194,Anemzi,Khénifra,Béni Mellal-Khénifra,32.284742,-5.384223,2826605
195,Anergui,Béni Mellal,Béni Mellal-Khénifra,32.072165,-5.928429,2887217
196,Anezi,Tiznit,Souss-Massa,29.676661,-9.359851,2888706
197,Anfeg,Tiznit,Souss-Massa,29.419951,-9.250318,2888756
198,Anjra,Fahs-Anjra,Tanger-Tétouan-Al Hoceïma,35.690961,-5.538052,2752881
199,Anougal,Al Haouz,Marrakech-Safi,31.119495,-8.278811,3535502
200,Anzou,El Kelâa des Sraghna,Marrakech-Safi,31.675953,-7.234898,2887282
201,Aoufous,Errachidia,Drâa-Tafilalet,31.730461,-4.132452,2827232
202,Aouguenz,Chtouka-Aït Baha,Souss-Massa,29.825989,-9.162928,2833005
203,Aouint Lahna,Assa-Zag,Guelmim-Oued Noun,28.537724,-9.770313,2890962
204,Aouint Yghomane,Guelmim,Guelmim-Oued Noun,28.469608,-10.400177,2885953
205,Aoulouz,Taroudant,Souss-Massa,30.660866,-8.185286,2888851
206,Aourir,Agadir-Ida Ou Tanane,Souss-Massa,30.521139,-9.610881,2758263
207,Aousserd,Aousserd,Dakhla-Oued Ed-Dahab,22.715409,-14.634455,5199604
208,Aqesri,Agadir-Ida Ou Tanane,Souss-Massa,30.592379,-9.516125,2758272
209,Aquermoud,Essaouira,Marrakech-Safi,31.771497,-9.538393,2821062
210,Aquouass Briech,Tanger-Assilah,Tanger-Tétouan-Al Hoceïma,35.551651,-5.958055,2752817
211,Arazane,Taroudant,Souss-Massa,30.466883,-8.533076,2889064
212,Arbaa Aït Abdellah,Sidi Ifni,Guelmim-Oued Noun,29.334417,-9.878277,2886015
213,Arbaa Aït Ahmed,Chtouka-Aït Baha,Souss-Massa,29.765059,-9.344184,2888707
214,Arbaa Rasmouka,Tiznit,Souss-Massa,29.803286,-9.525534,2888250
215,Arbaa Sahel,Tiznit,Souss-Massa,29.612253,-9.931382,2888223
216,Arbaa Taourirt,Al Hoceïma,Tanger-Tétouan-Al Hoceïma,34.904653,-3.911639,2440712
217,Arbaoua,Larache,Tanger-Tétouan-Al Hoceïma,34.913497,-5.939344,2753073
218,Arekmane,Nador,Oriental,35.059828,-2.701566,2443016
219,Argana,Taroudant,Souss-Massa,30.735598,-9.06068,2835856
220,Asjen,Ouezzane,Tanger-Tétouan-Al Hoceïma,34.88136,-5.64852,2563396
221,Askaouen,Al Haouz,Marrakech-Safi,30.694026,-7.783883,2888821
222,Asni,Al Haouz,Marrakech-Safi,31.156314,-7.920543,3535453
223,Asrir,Guelmim,Guelmim-Oued Noun,28.815782,-10.112357,2885915
224,Assa,Assa-Zag,Guelmim-Oued Noun,28.615563,-9.423054,2890965
225,Assads,Taroudant,Souss-Massa,30.206951,-8.889566,2875684
226,Assahrij,El Kelâa des Sraghna,Marrakech-Safi,31.788886,-7.154068,2881888
227,Assais,Taroudant,Souss-Massa,30.922298,-9.217291,2820932
228,Assaisse,Ouarzazate,Drâa-Tafilalet,30.568617,-7.624178,2888822
229,Assaki,Al Haouz,Marrakech-Safi,30.554904,-8.038249,2888846
230,Assebbab,Guercif,Oriental,33.940624,-3.555837,2816173
231,Assif El Mal,Chichaoua,Marrakech-Safi,31.261935,-8.460893,2830941
232,Assilah,Larache,Tanger-Tétouan-Al Hoceïma,35.476958,-6.021511,2752822
233,Assoul,Tinghir,Drâa-Tafilalet,31.965247,-5.170158,2827202
234,Atiamim,Youssoufia,Marrakech-Safi,32.077867,-8.548272,2827870
235,Atouabet,Safi,Marrakech-Safi,31.948442,-9.292693,2827798
236,Ayacha,Larache,Tanger-Tétouan-Al Hoceïma,35.385214,-5.834534,2563436
237,Ayir,Safi,Marrakech-Safi,32.604729,-9.087257,2827826
238,Azaghar N'Irs,Tata,Souss-Massa,30.187815,-8.171986,2888903
239,Azemmour,El Jadida,Casablanca-Settat,33.286865,-8.34826,2806100
240,Azghar,Sidi Slimane,Rabat-Salé-Kénitra,34.175562,-5.905287,2819625
241,Azgour,Al Haouz,Marrakech-Safi,31.122801,-8.352737,3534191
242,Aziar,Agadir-Ida Ou Tanane,Souss-Massa,30.785576,-9.574129,2814091
243,Azilal,Azilal,Béni Mellal-Khénifra,31.958355,-6.579075,2887338
244,Azla,Tétouan,Tanger-Tétouan-Al Hoceïma,35.529797,-5.283984,2480066
245,Aznaguen,Tata,Souss-Massa,30.323351,-7.443042,2887666
246,Azrar,Tata,Souss-Massa,30.213948,-8.030534,2888973
247,Azrou,Ifrane,Fès-Meknès,33.441332,-5.222665,2819460
248,Azzaba,Sefrou,Fès-Meknès,33.818908,-4.680753,2808820
249,Azzinate,Tanger-Assilah,Tanger-Tétouan-Al Hoceïma,35.632042,-5.782892,2752821
250,Aïn Attig,Skhirate-Témara,Rabat-Salé-Kénitra,33.884491,-6.965241,2498878
251,Aïn Aïcha,Taounate,Fès-Meknès,34.410025,-4.664287,2755026
252,Aïn Béida,Ouezzane,Tanger-Tétouan-Al Hoceïma,34.935357,-5.465212,2563394
253,Aïn Chouater,Errachidia,Drâa-Tafilalet,31.855665,-3.050445,2527829
254,Aïn Leuh,Ifrane,Fès-Meknès,33.26742,-5.31671,2819478
255,Aïn Orma,Meknès,Fès-Meknès,33.911173,-5.72924,2561337
256,Aïn Reggada,Berkane,Oriental,34.935981,-2.230102,2457841
257,Aïn Zohra,Driouch,Oriental,34.666743,-3.518382,2432167
258,Aït Abbas,Azilal,Béni Mellal-Khénifra,31.740033,-6.615391,2887318
259,Aït Bourzouine,El Hajeb,Fès-Meknès,33.639163,-5.492734,2819569
260,Aït Elfarsi,Tinghir,Drâa-Tafilalet,31.288809,-5.344127,2887548
261,Aït Hani,Tinghir,Drâa-Tafilalet,31.738368,-5.570171,2827209
262,Aït Ishaq,Khénifra,Béni Mellal-Khénifra,32.719227,-5.802793,2826613
263,Aït Kamra,Al Hoceïma,Tanger-Tétouan-Al Hoceïma,35.149771,-4.004801,2440718
264,Aït Majden,Azilal,Béni Mellal-Khénifra,31.814463,-6.918951,2887266
265,Aït Seghrouchen,Sefrou,Fès-Meknès,33.978904,-4.489789,2810067
266,Aït Youssef Ou Ali,Al Hoceïma,Tanger-Tétouan-Al Hoceïma,35.165957,-3.875172,2436238
267,Bab Berred,Chefchaouen,Tanger-Tétouan-Al Hoceïma,35.001005,-4.922007,2563409
268,Bab Boudir,Taza,Fès-Meknès,34.093473,-4.092583,2758638
269,Bab Marzouka,Taza,Fès-Meknès,34.199687,-4.07612,2758249
270,Bab Taza,Chefchaouen,Tanger-Tétouan-Al Hoceïma,35.097204,-5.23299,2563407
271,Bab Tiouka,Sidi Kacem,Rabat-Salé-Kénitra,34.214041,-5.620557,2813792
272,Bahhara Oulad Ayad,Larache,Tanger-Tétouan-Al Hoceïma,34.757752,-6.283455,2804267
273,Barkine,Taza,Fès-Meknès,33.729474,-3.867457,2816189
274,Bejaad,Fquih Ben Salah,Béni Mellal-Khénifra,32.76845,-6.389226,2879731
275,Belfaa,Chtouka-Aït Baha,Souss-Massa,29.980302,-9.512871,2832952
276,Belyounech,M'diq-Fnideq,Tanger-Tétouan-Al Hoceïma,35.880526,-5.396465,5926318
277,Ben Ahmed,Khouribga,Béni Mellal-Khénifra,33.069146,-7.234247,17134210
278,Ben Guerir,Rehamna,Marrakech-Safi,32.232326,-7.943472,2881872
279,Ben Khlil,Tan-Tan,Guelmim-Oued Noun,28.566268,-11.132345,2890947
280,Ben Maachou,El Jadida,Casablanca-Settat,33.187728,-8.046015,2866424
281,Ben Mansour,Kénitra,Rabat-Salé-Kénitra,34.597579,-6.404019,2804269
282,Ben Smim,Ifrane,Fès-Meknès,33.468209,-5.212501,2819489
283,Ben Taïeb,Driouch,Oriental,35.036726,-3.451461,2427904
284,Beni Ansar,Nador,Oriental,35.272961,-2.925777,2426738
285,Beni Bechir,Taounate,Fès-Meknès,34.779397,-4.327536,2507406
286,Beni Chiker,Nador,Oriental,35.317225,-3.01649,2426729
287,Beni Ftah,Taza,Fès-Meknès,34.519491,-4.007105,2758254
288,Beni Malek,Ouezzane,Tanger-Tétouan-Al Hoceïma,34.708762,-6.013205,2753077
289,Beni Mellal,Béni Mellal,Béni Mellal-Khénifra,32.330671,-6.367166,2882613
290,Benslimane,Benslimane,Casablanca-Settat,33.61092,-7.137884,2522581
291,Berkane,Berkane,Oriental,34.92388,-2.324922,2447389
292,Berrechid,Berrechid,Casablanca-Settat,33.264379,-7.579586,2522561
293,Bghaghza,Tétouan,Tanger-Tétouan-Al Hoceïma,35.456684,-5.603936,2563439
294,Bhalil,Sefrou,Fès-Meknès,33.855947,-4.871108,2808833
295,Bigoudine,Taroudant,Souss-Massa,30.70577,-9.233387,2835854
296,Bin El Ouidane,Azilal,Béni Mellal-Khénifra,32.117967,-6.470435,2887174
297,Biougra,Inezgane-Aït Melloul,Souss-Massa,30.21296,-9.370802,2832936
298,Bir Anzarane,Oued Ed-Dahab,Dakhla-Oued Ed-Dahab,24.118904,-14.740117,3594878
299,Bir Ennasr,Benslimane,Casablanca-Settat,33.3319,-6.91643,2522573
300,Bir Gandouz,Oued Ed-Dahab,Dakhla-Oued Ed-Dahab,21.835238,-16.375022,5199621
301,Bir Jdid,Nouaceur,Casablanca-Settat,33.374101,-7.995846,2806138
302,Bir Mezoui,Khouribga,Béni Mellal-Khénifra,32.850652,-6.779035,2879644
303,Bir Taleb,Sidi Kacem,Rabat-Salé-Kénitra,34.338451,-5.656693,2813791
304,Bir Tamtam,Sefrou,Fès-Meknès,33.978709,-4.644108,2808830
305,Bizdad,Essaouira,Marrakech-Safi,31.282612,-9.334649,2820936
306,Bleida,Zagora,Drâa-Tafilalet,30.252288,-6.382134,2884931
307,Bni Abdellah,Al Hoceïma,Tanger-Tétouan-Al Hoceïma,35.040761,-4.058207,2444643
308,Bni Ahmed Charqia,Chefchaouen,Tanger-Tétouan-Al Hoceïma,34.840346,-5.070748,2563411
309,Bni Ahmed Gharbia,Chefchaouen,Tanger-Tétouan-Al Hoceïma,34.815948,-5.137235,3587342
310,Bni Ahmed Imoukzan,Taounate,Fès-Meknès,34.763138,-4.43843,2507408
311,Bni Ammart,Taounate,Fès-Meknès,34.806176,-4.204448,2507410
312,Bni Arouss,Tétouan,Tanger-Tétouan-Al Hoceïma,35.316642,-5.634221,2753080
313,Bni Ayat,Azilal,Béni Mellal-Khénifra,32.201445,-6.665729,2887214
314,Bni Bataou,Béni Mellal,Béni Mellal-Khénifra,32.887457,-6.244989,2879759
315,Bni Bouayach,Al Hoceïma,Tanger-Tétouan-Al Hoceïma,35.103332,-3.849863,2423105
316,Bni Bouchibet,Taounate,Fès-Meknès,34.709363,-4.5041,3551667
317,Bni Boufrah,Al Hoceïma,Tanger-Tétouan-Al Hoceïma,35.070005,-4.308529,2444642
318,Bni Bouifrou,Nador,Oriental,35.148288,-2.999824,2443009
319,Bni Bounsar,Taounate,Fès-Meknès,34.865039,-4.438346,2507407
320,Bni Bouzra,Chefchaouen,Tanger-Tétouan-Al Hoceïma,35.269903,-4.890961,2533869
321,Bni Chegdale,Fquih Ben Salah,Béni Mellal-Khénifra,32.442026,-6.925938,2882498
322,Bni Darkoul,Chefchaouen,Tanger-Tétouan-Al Hoceïma,35.044883,-5.092923,2563408
323,Bni Drar,Oujda-Angad,Oriental,34.860196,-1.989793,2502042
324,Bni Faghloum,Chefchaouen,Tanger-Tétouan-Al Hoceïma,34.908387,-5.137755,3587216
325,Bni Frassen,Taounate,Fès-Meknès,34.362529,-4.384648,2758242
326,Bni Garfett,Larache,Tanger-Tétouan-Al Hoceïma,35.233407,-5.84809,2563435
327,Bni Gmil,Al Hoceïma,Tanger-Tétouan-Al Hoceïma,35.063971,-4.412576,2516841
328,Bni Gmil Maksouline,Taounate,Fès-Meknès,35.020925,-4.443126,2516842
329,Bni Guil,Figuig,Oriental,32.448134,-1.79068,4761855
330,Bni Hadifa,Al Hoceïma,Tanger-Tétouan-Al Hoceïma,34.997616,-4.187683,2444640
331,Bni Harchen,Tétouan,Tanger-Tétouan-Al Hoceïma,35.521899,-5.652037,2563432
332,Bni Hassane,Azilal,Béni Mellal-Khénifra,32.034735,-6.923799,2887241
333,Bni Hilal,Sidi Bennour,Casablanca-Settat,32.803281,-8.378644,2823033
334,Bni Idder,Tétouan,Tanger-Tétouan-Al Hoceïma,35.44226,-5.52833,2563438
335,Bni Karrich,Tétouan,Tanger-Tétouan-Al Hoceïma,35.514406,-5.422365,2533870
336,Bni Khaled,Oujda-Angad,Oriental,34.864929,-2.00701,2502041
337,Bni Khloug,Settat,Casablanca-Settat,32.646977,-7.388922,2879993
338,Bni Leit,Chefchaouen,Tanger-Tétouan-Al Hoceïma,35.303146,-5.432619,2533872
339,Bni Lent,Taza,Fès-Meknès,34.339484,-4.18444,2758245
340,Bni M'Hamed Sijelmassa,Errachidia,Drâa-Tafilalet,31.225717,-4.221155,2884755
341,Bni Mansour,Chefchaouen,Tanger-Tétouan-Al Hoceïma,35.1511,-4.908588,2563398
342,Bni Marghnine,Driouch,Oriental,35.177738,-3.580196,2428513
343,Bni Mathar,Jerada,Oriental,33.97511,-1.995065,4772795
344,Bni Oual,Ouezzane,Tanger-Tétouan-Al Hoceïma,34.674996,-5.650943,2810029
345,Bni Oukil,Fquih Ben Salah,Béni Mellal-Khénifra,32.580613,-6.860969,2879641
346,Bni Oukil Oulad M'Hand,Nador,Oriental,34.968024,-2.999192,2444880
347,Bni Oulid,Taounate,Fès-Meknès,34.536746,-4.407412,2755010
348,Bni Ounjel Tafraout,Taounate,Fès-Meknès,34.665962,-4.351932,2754007
349,Bni Quolla,Ouezzane,Tanger-Tétouan-Al Hoceïma,34.754619,-5.539473,2753084
350,Bni Rzine,Taounate,Fès-Meknès,35.048878,-4.705031,2563406
351,Bni Said,Tétouan,Tanger-Tétouan-Al Hoceïma,35.420319,-5.177728,2533865
352,Bni Salah,Chefchaouen,Tanger-Tétouan-Al Hoceïma,34.989816,-5.063952,2563391
353,Bni Selmane,Chefchaouen,Tanger-Tétouan-Al Hoceïma,35.163659,-5.023396,2563399
354,Bni Sidel Jbel,Nador,Oriental,35.217206,-3.07614,2443014
355,Bni Sidel Louta,Nador,Oriental,35.101713,-3.129996,2444883
356,Bni Smih,Chefchaouen,Tanger-Tétouan-Al Hoceïma,35.138512,-4.764663,2563405
357,Bni Smir,Fquih Ben Salah,Béni Mellal-Khénifra,32.782061,-6.604319,2879695
358,Bni Snous,Moulay Yacoub,Fès-Meknès,34.354836,-5.200933,2813636
359,Bni Tadjite,Errachidia,Drâa-Tafilalet,32.331829,-3.363171,2527831
360,Bni Tsiriss,Sidi Bennour,Casablanca-Settat,32.728343,-8.114281,2823006
361,Bni Yagrine,Settat,Casablanca-Settat,32.727531,-7.553972,2879992
362,Bni Yakhlef,Mohammedia,Casablanca-Settat,33.654099,-7.338321,2522574
363,Bni Ykhlef,Khouribga,Béni Mellal-Khénifra,32.976657,-6.847754,2879639
364,Bni Zoli,Zagora,Drâa-Tafilalet,30.483903,-5.861977,2884978
365,Bni Zrantel,Béni Mellal,Béni Mellal-Khénifra,32.761883,-6.160386,2879734
366,Bou Azmou,Tinghir,Drâa-Tafilalet,32.025883,-5.50409,2827183
367,Bou Fekrane,El Hajeb,Fès-Meknès,33.757545,-5.488592,2808073
368,Bou Jedyane,Ouezzane,Tanger-Tétouan-Al Hoceïma,35.092056,-5.736156,2563446
369,Bouabout,Chichaoua,Marrakech-Safi,31.299853,-9.221887,2820955
370,Bouabout Amdlane,Chichaoua,Marrakech-Safi,31.187248,-9.227333,2830876
371,Bouadel,Taounate,Fès-Meknès,34.545656,-4.523145,2754985
372,Bouanane,Figuig,Oriental,32.208896,-2.841412,2527830
373,Bouarfa,Figuig,Oriental,32.52846,-1.96238,2527827
374,Bouarg,Nador,Oriental,35.125338,-2.88155,2443017
375,Bouarouss,Taounate,Fès-Meknès,34.39842,-4.825662,2755031
376,Bouchabel,Moulay Yacoub,Fès-Meknès,34.392494,-5.060549,2755088
377,Bouchane,Youssoufia,Marrakech-Safi,32.343892,-8.371347,2881799
378,Bouchaouene,Guercif,Oriental,32.793267,-3.055194,2527826
379,Bouchfaa,Taza,Fès-Meknès,34.091223,-4.280886,2758637
380,Boudinar,Al Hoceïma,Tanger-Tétouan-Al Hoceïma,35.200045,-3.639856,2428503
381,Boudnib,Errachidia,Drâa-Tafilalet,31.950518,-3.607431,2827114
382,Boughriba,Berkane,Oriental,34.925147,-2.503666,2457842
383,Bouguargouh,Settat,Casablanca-Settat,33.088269,-7.319026,2822772
384,Bouguedra,Safi,Marrakech-Safi,32.230544,-8.956423,2827839
385,Bouhlou,Taza,Fès-Meknès,34.152958,-4.383282,2758654
386,Bouhmame,Sidi Bennour,Casablanca-Settat,32.602535,-8.543844,2823041
387,Bouhouda,Taounate,Fès-Meknès,34.636773,-4.51454,2754982
388,Bouizakarne,Guelmim,Guelmim-Oued Noun,29.175121,-9.710874,2885863
389,Boujdour,Boujdour,Laâyoune-Sakia El Hamra,26.159975,-14.395792,3552424
390,Boujniba,Khouribga,Béni Mellal-Khénifra,32.892955,-6.776912,2879650
391,Boukhrisse,Béni Mellal,Béni Mellal-Khénifra,32.848272,-6.189838,2879756
392,Boukraa,Laâyoune,Laâyoune-Sakia El Hamra,26.533514,-12.901019,3409841
393,Boulanouare,Khouribga,Béni Mellal-Khénifra,32.872192,-6.788169,2879635
394,Boulaouane,Sidi Bennour,Casablanca-Settat,32.856576,-8.070257,2823000
395,Boulemane,Boulemane,Fès-Meknès,33.364344,-4.730452,2817776
396,Boumaiz,Sidi Slimane,Rabat-Salé-Kénitra,34.299068,-5.970051,2819619
397,Boumalne Dadès,Tinghir,Drâa-Tafilalet,31.35849,-5.954968,2887514
398,Boumerieme,Midelt,Drâa-Tafilalet,32.823696,-3.653793,2527825
399,Boumia,Midelt,Drâa-Tafilalet,32.676453,-5.138269,2826600
400,Bounaamane,Tiznit,Souss-Massa,29.551529,-9.799549,2888241
401,Bounrar,Taroudant,Souss-Massa,30.309909,-8.769711,2889077
402,Bouqachmir,Khemisset,Rabat-Salé-Kénitra,33.504449,-5.892479,2808310
403,Bourd,Al Hoceïma,Tanger-Tétouan-Al Hoceïma,34.745126,-4.046494,2754009
404,Bourrous,Marrakech,Marrakech-Safi,31.758407,-7.791864,2881814
405,Bouskoura,Nouaceur,Casablanca-Settat,33.476841,-7.650035,2522564
406,Boutferda,Béni Mellal,Béni Mellal-Khénifra,32.270933,-5.74707,2882830
407,Boutrouch,Tiznit,Souss-Massa,29.33132,-9.374414,2888803
408,Bouya Omar,El Kelâa des Sraghna,Marrakech-Safi,31.771306,-7.218857,2881885
409,Bouyablane,Taza,Fès-Meknès,33.769696,-4.0646,2816187
410,Bouzemmour,Essaouira,Marrakech-Safi,31.014374,-9.373292,2820934
411,Bouzeroual,Zagora,Drâa-Tafilalet,30.511903,-6.027997,2884986
412,Bouznika,Benslimane,Casablanca-Settat,33.758333,-7.200444,2522586
413,Brachoua,Skhirate-Témara,Rabat-Salé-Kénitra,33.716514,-6.649352,2808245
414,Braksa,Khouribga,Béni Mellal-Khénifra,33.0134,-6.357337,2879800
415,Brarha,Taounate,Fès-Meknès,34.457643,-4.348047,3551462
416,Brikcha,Ouezzane,Tanger-Tétouan-Al Hoceïma,34.945422,-5.610425,2563395
417,Bzou,El Kelâa des Sraghna,Marrakech-Safi,32.094896,-7.043185,2887243
418,Casablanca,Casablanca,Casablanca-Settat,33.567126,-7.604327,4072985
419,Ceuta,M'diq-Fnideq,Tanger-Tétouan-Al Hoceïma,35.894431,-5.350125,1822781
420,Chahda,Safi,Marrakech-Safi,32.335938,-8.906139,5173348
421,Chaibate,El Jadida,Casablanca-Settat,33.022884,-8.330424,2822969
422,Chakran,Al Hoceïma,Tanger-Tétouan-Al Hoceïma,34.911085,-3.987043,2440971
423,Charqaoua,Moulay Yacoub,Fès-Meknès,34.173303,-5.404669,2813754
424,Chbanate,Sidi Kacem,Rabat-Salé-Kénitra,34.268891,-5.735332,2813784
425,Chbika,Tan-Tan,Guelmim-Oued Noun,28.235429,-11.450483,2890946
426,Chefchaouen,Chefchaouen,Tanger-Tétouan-Al Hoceïma,35.171888,-5.280613,4666456
427,Chellalate,Mohammedia,Casablanca-Settat,33.609839,-7.435409,2522567
428,Cherrat,Benslimane,Casablanca-Settat,33.771203,-7.101197,2522587
429,Chichaoua,Chichaoua,Marrakech-Safi,31.536905,-8.76027,2821119
430,Choara,El Kelâa des Sraghna,Marrakech-Safi,31.786451,-7.31754,2881881
431,Chorfa M'Daghra,Errachidia,Drâa-Tafilalet,31.857112,-4.195746,2827228
432,Chouafaa,Larache,Tanger-Tétouan-Al Hoceïma,34.942876,-6.173194,2753065
433,Chougrane,Khouribga,Béni Mellal-Khénifra,32.95874,-6.344729,2879774
434,Chouihia,Berkane,Oriental,34.811646,-2.655951,2502043
435,Chtaiba,El Kelâa des Sraghna,Marrakech-Safi,32.186222,-7.335093,2881961
436,Chtouka,El Jadida,Casablanca-Settat,33.287055,-8.170931,2806140
437,Dakhla,Oued Ed-Dahab,Dakhla-Oued Ed-Dahab,23.723184,-15.945489,3594851
438,Daoura,Tarfaya,Laâyoune-Sakia El Hamra,27.488401,-12.865681,3409842
439,Dar Bel Amri,Sidi Slimane,Rabat-Salé-Kénitra,34.178933,-6.070094,2819622
440,Dar Bouazza,Casablanca,Casablanca-Settat,33.524154,-7.789019,2522565
441,Dar Chaffai,Settat,Casablanca-Settat,32.542399,-7.500289,2879971
442,Dar Chaoui,Tanger-Assilah,Tanger-Tétouan-Al Hoceïma,35.573141,-5.768198,2752820
443,Dar El Hamra,Sefrou,Fès-Meknès,33.706483,-4.396361,2816262
444,Dar El Kebdani,Driouch,Oriental,35.139784,-3.333235,2428505
445,Dar Gueddari,Sidi Slimane,Rabat-Salé-Kénitra,34.420233,-6.083617,2808867
446,Dar Jamaa,Al Haouz,Marrakech-Safi,31.25219,-8.395711,3534190
447,Dar Laaslouji,Sidi Slimane,Rabat-Salé-Kénitra,34.380609,-5.956837,2812413
448,Dar Oulad Zidouh,Fquih Ben Salah,Béni Mellal-Khénifra,32.341443,-6.905635,2882508
449,Dar Oum Soltane,Meknès,Fès-Meknès,33.930087,-5.627698,2561241
450,Dar Si Aissa,Safi,Marrakech-Safi,32.385728,-9.029012,2827829
451,Dardara,Chefchaouen,Tanger-Tétouan-Al Hoceïma,35.120506,-5.367755,2563413
452,Dayat Aoua,Ifrane,Fès-Meknès,33.569858,-4.970153,2819543
453,Dcheira,Laâyoune,Laâyoune-Sakia El Hamra,27.030794,-12.758245,3409848
454,Dcheïra El Jihadia,Inezgane-Aït Melloul,Souss-Massa,30.379916,-9.534705,5163321
455,Debdou,Guercif,Oriental,33.984345,-3.040439,2791816
456,Demnate,Azilal,Béni Mellal-Khénifra,31.72864,-7.014252,2887276
457,Deroua,Nouaceur,Casablanca-Settat,33.378455,-7.536383,2522562
458,Dir El Ksiba,Béni Mellal,Béni Mellal-Khénifra,32.57368,-6.048401,2882856
459,Dkhissa,Meknès,Fès-Meknès,33.943954,-5.505824,2759270
460,Douirane,Chichaoua,Marrakech-Safi,31.195317,-8.69731,2830933
461,Drargua,Inezgane-Aït Melloul,Souss-Massa,30.447579,-9.474151,2758268
462,Driouch,Driouch,Oriental,34.973647,-3.385133,4765785
463,Dzouz,El Kelâa des Sraghna,Marrakech-Safi,31.858801,-7.309073,2881936
464,Echatea El Abied,Guelmim,Guelmim-Oued Noun,28.950301,-10.544737,2885943
465,Echemmaia,Youssoufia,Marrakech-Safi,32.066047,-8.648383,2827869
466,Eddachra,El Kelâa des Sraghna,Marrakech-Safi,32.206527,-7.166281,2881973
467,Eddir,Inezgane-Aït Melloul,Souss-Massa,30.555834,-9.238715,2835860
468,El Aamria,El Kelâa des Sraghna,Marrakech-Safi,32.212422,-7.253939,2881967
469,El Argoub,Oued Ed-Dahab,Dakhla-Oued Ed-Dahab,23.751719,-15.248627,3594852
470,El Atef,Taourirt,Oriental,33.787498,-2.894814,2814412
471,El Attaouia,El Kelâa des Sraghna,Marrakech-Safi,31.832926,-7.341103,2881940
472,El Beddouza,Safi,Marrakech-Safi,32.537923,-9.211373,2827823
473,El Bibane,Taounate,Fès-Meknès,34.628622,-4.862646,2753138
474,El Borj,Khénifra,Béni Mellal-Khénifra,33.034468,-5.607037,2875667
475,El Borouj,Khouribga,Béni Mellal-Khénifra,32.507919,-7.201326,2879991
476,El Bsabsa,Taounate,Fès-Meknès,34.314097,-4.723774,2755027
477,El Faid,Taroudant,Souss-Massa,30.54259,-8.230114,2890502
478,El Foqra,Khouribga,Béni Mellal-Khénifra,32.695468,-6.966642,2879632
479,El Gantour,Youssoufia,Marrakech-Safi,32.226853,-8.468559,2827886
480,El Gara,Berrechid,Casablanca-Settat,33.273411,-7.232734,2522578
481,El Ghiate,Safi,Marrakech-Safi,31.983232,-9.147223,2827802
482,El Gouraani,Youssoufia,Marrakech-Safi,32.314307,-8.765159,2827834
483,El Gouzate,Taza,Fès-Meknès,34.501014,-4.131337,2758253
484,El Guerdane,Taroudant,Souss-Massa,30.366575,-9.016893,2835901
485,El Hagounia,Es-Semara,Laâyoune-Sakia El Hamra,27.305209,-12.250885,3409843
486,El Hajeb,El Hajeb,Fès-Meknès,33.682102,-5.37421,2827093
487,El Hammam,Khénifra,Béni Mellal-Khénifra,33.286012,-5.637384,2826630
488,El Hanchane,Essaouira,Marrakech-Safi,31.52097,-9.434552,2821032
489,El Jadida,El Jadida,Casablanca-Settat,33.229331,-8.499533,2806096
490,El Kansera,Khemisset,Rabat-Salé-Kénitra,34.022964,-5.960878,2808148
491,El Kbab,Khénifra,Béni Mellal-Khénifra,32.66894,-5.474752,2826610
492,El Kelâat Es-Sraghna,El Kelâa des Sraghna,Marrakech-Safi,32.052027,-7.403042,2881950
493,El Koudia El Beida,Taroudant,Souss-Massa,30.354792,-9.122946,2835877
494,El Ksiba,Béni Mellal,Béni Mellal-Khénifra,32.560942,-6.0347,2882858
495,El Maader El Kabir,Tiznit,Souss-Massa,29.826435,-9.65386,2888249
496,El Majjatia Ouled Taleb,Casablanca,Casablanca-Settat,33.470994,-7.528514,2522570
497,El Mansouria,Mohammedia,Casablanca-Settat,33.730353,-7.269332,2522585
498,El Marbouh,El Kelâa des Sraghna,Marrakech-Safi,32.114567,-7.40437,2881957
499,El Marsa,Laâyoune,Laâyoune-Sakia El Hamra,27.062845,-13.403553,3409844
500,El Menzeh,Skhirate-Témara,Rabat-Salé-Kénitra,33.857228,-6.856177,2498870
501,El Menzel,Sefrou,Fès-Meknès,33.839552,-4.549654,2816236
502,El Mers,Boulemane,Fès-Meknès,33.427759,-4.54436,2817718
503,El Orjane,Taza,Fès-Meknès,33.450615,-3.771579,2817793
504,El Ouatia,Tan-Tan,Guelmim-Oued Noun,28.482963,-11.334325,2890949
505,En-nzala,Midelt,Drâa-Tafilalet,32.45544,-4.373512,2827121
506,Enjil,Boulemane,Fès-Meknès,33.095458,-4.557709,2817777
507,Er-Rich,Errachidia,Drâa-Tafilalet,32.261007,-4.494269,2827129
508,Er-Rissani,Errachidia,Drâa-Tafilalet,31.262379,-4.113117,2884894
509,Er-Rteb,Errachidia,Drâa-Tafilalet,31.613333,-4.231026,2884802
510,Erfoud,Errachidia,Drâa-Tafilalet,31.432909,-4.234919,2884805
511,Ermila,Boulemane,Fès-Meknès,33.208933,-3.830882,2817788
512,Ermilate,Sidi Slimane,Rabat-Salé-Kénitra,34.437179,-6.142112,2812414
513,Errachidia,Errachidia,Drâa-Tafilalet,31.930158,-4.435441,2827224
514,Errafiaya,El Kelâa des Sraghna,Marrakech-Safi,32.145437,-7.262058,2881959
515,Errouha,Zagora,Drâa-Tafilalet,30.469787,-5.718619,2884987
516,Es-Sfalat,Errachidia,Drâa-Tafilalet,31.236284,-4.289519,2884752
517,Es-Sifa,Errachidia,Drâa-Tafilalet,31.32865,-4.30896,2884760
518,Esbiaat,Youssoufia,Marrakech-Safi,32.201183,-8.639529,2827882
519,Essaouira,Essaouira,Marrakech-Safi,31.447689,-9.759936,2821038
520,Ezzaouite,Essaouira,Marrakech-Safi,31.32284,-9.423644,2820948
521,Ezzhiliga,Khouribga,Béni Mellal-Khénifra,33.312307,-6.534388,2808267
522,Fam El Hisn,Assa-Zag,Guelmim-Oued Noun,28.744379,-8.850987,2885844
523,Fask,Guelmim,Guelmim-Oued Noun,28.784666,-9.889414,2885857
524,Fdalate,Mohammedia,Casablanca-Settat,33.582704,-7.278643,2522571
525,Fennassa Bab El Hit,Taounate,Fès-Meknès,34.644672,-4.386751,2754995
526,Ferkla El Oulia,Tinghir,Drâa-Tafilalet,31.440345,-5.12749,2884857
527,Ferkla Es-Soufla,Tinghir,Drâa-Tafilalet,31.588971,-5.030834,2884860
528,Fezna,Errachidia,Drâa-Tafilalet,31.560007,-4.538574,2884811
529,Fezouane,Berkane,Oriental,34.904554,-2.235925,2457840
530,Fezouata,Zagora,Drâa-Tafilalet,30.21805,-5.606017,2884988
531,Fifi,Chefchaouen,Tanger-Tétouan-Al Hoceïma,34.946623,-5.234482,2563390
532,Figuig,Figuig,Oriental,32.123561,-1.251569,2527821
533,Fkih Ben Salah,Fquih Ben Salah,Béni Mellal-Khénifra,32.505573,-6.681381,2882500
534,Fnideq,M'diq-Fnideq,Tanger-Tétouan-Al Hoceïma,35.827314,-5.373004,2504445
535,Foqra Oulad Aameur,Berrechid,Casablanca-Settat,33.132468,-7.504736,2822741
536,Foum El Anceur,Béni Mellal,Béni Mellal-Khénifra,32.349011,-6.220881,2882612
537,Foum El Oued,Laâyoune,Laâyoune-Sakia El Hamra,26.99022,-13.340585,3417102
538,Foum Jemaa,El Kelâa des Sraghna,Marrakech-Safi,31.967781,-6.998352,2887247
539,Foum Oudi,Béni Mellal,Béni Mellal-Khénifra,32.24992,-6.385348,2882584
540,Foum Zguid,Ouarzazate,Drâa-Tafilalet,29.999473,-6.951426,2885774
541,Fraita,El Kelâa des Sraghna,Marrakech-Safi,31.937034,-7.292784,2881935
542,Freija,Taroudant,Souss-Massa,30.491844,-8.717653,2889050
543,Fritissa,Guercif,Oriental,33.697003,-3.438199,2759236
544,Fès,Fès,Fès-Meknès,34.025967,-5.007945,2799557
545,Galaz,Taounate,Fès-Meknès,34.557841,-4.853491,2754983
546,Galdamane,Taza,Fès-Meknès,34.145427,-3.927282,2758623
547,Gdana,Settat,Casablanca-Settat,32.962088,-7.962953,2866433
548,Ghafsai,Taounate,Fès-Meknès,34.627423,-4.911103,2753146
549,Ghassate,Ouarzazate,Drâa-Tafilalet,31.157518,-6.850431,2887628
550,Gheris El Ouloui,Errachidia,Drâa-Tafilalet,31.728788,-4.942171,2884818
551,Gheris Es-Soufli,Errachidia,Drâa-Tafilalet,31.699471,-4.829433,2884814
552,Ghiata Al Gharbia,Taza,Fès-Meknès,34.176858,-4.275397,2758248
553,Ghmate,Al Haouz,Marrakech-Safi,31.419568,-7.796729,3535313
554,Ghouazi,Moulay Yacoub,Fès-Meknès,34.441502,-5.303146,2755114
555,Gleibat El Foula,Aousserd,Dakhla-Oued Ed-Dahab,23.358259,-13.764395,5199595
556,Gmassa,Chichaoua,Marrakech-Safi,31.421215,-8.381205,2830962
557,Goulmima,Errachidia,Drâa-Tafilalet,31.684426,-4.949415,2884815
558,Gourrama,Errachidia,Drâa-Tafilalet,32.419876,-4.129542,2827120
559,Gteter,Taourirt,Oriental,34.298287,-3.02579,2759211
560,Guefait,Jerada,Oriental,34.259492,-2.267855,2528009
561,Guelmim,Guelmim,Guelmim-Oued Noun,28.995381,-10.069196,2885914
562,Gueltat Zemmour,Boujdour,Laâyoune-Sakia El Hamra,25.220881,-12.945523,3552440
563,Guenfouda,Jerada,Oriental,34.449687,-1.996053,2528007
564,Guercif,Guercif,Oriental,34.235159,-3.351055,2759217
565,Guers Tiaallaline,Errachidia,Drâa-Tafilalet,32.22165,-4.431756,2827133
566,Guettaya,Béni Mellal,Béni Mellal-Khénifra,32.573484,-6.28169,2882868
567,Gueznaia,Tanger-Assilah,Tanger-Tétouan-Al Hoceïma,35.651536,-5.912431,5883675
568,Guigou,Boulemane,Fès-Meknès,33.376314,-4.831317,2817772
569,Guir,Errachidia,Drâa-Tafilalet,32.309007,-3.987665,2827116
570,Guisser,Settat,Casablanca-Settat,32.764316,-7.508314,2879998
571,Gzenaya Al Janoubia,Taza,Fès-Meknès,34.635463,-3.918805,3551645
572,H'Ssyia,Zagora,Drâa-Tafilalet,30.725166,-5.173196,2884881
573,Had Al Gharbia,Tanger-Assilah,Tanger-Tétouan-Al Hoceïma,35.485824,-5.925867,2752818
574,Had Bouhssoussen,Khénifra,Béni Mellal-Khénifra,33.13067,-6.134251,2826620
575,Had Boumoussa,Fquih Ben Salah,Béni Mellal-Khénifra,32.274143,-6.979303,2882503
576,Had Bradia,Béni Mellal,Béni Mellal-Khénifra,32.421399,-6.507727,2882576
577,Had Dra,Essaouira,Marrakech-Safi,31.613807,-9.547448,2821043
578,Had Kourt,Ouezzane,Tanger-Tétouan-Al Hoceïma,34.611079,-5.726922,2753075
579,Had Soualem,Nouaceur,Casablanca-Settat,33.423778,-7.838695,2806132
580,Haddada,Kénitra,Rabat-Salé-Kénitra,34.192463,-6.507501,2804281
581,Haouza,Es-Semara,Laâyoune-Sakia El Hamra,27.183426,-11.187234,3666695
582,Haouzia,El Jadida,Casablanca-Settat,33.207998,-8.414604,2806098
583,Harbil,Marrakech,Marrakech-Safi,31.787683,-8.119131,2824264
584,Harhoura,Skhirate-Témara,Rabat-Salé-Kénitra,33.928707,-6.958885,2498874
585,Hassi Berkane,Nador,Oriental,34.807937,-2.933148,2444882
586,Hattane,Khouribga,Béni Mellal-Khénifra,32.840562,-6.806845,2879646
587,Hel Merbaa,Fquih Ben Salah,Béni Mellal-Khénifra,32.430942,-6.6121,2882572
588,Hiadna,El Kelâa des Sraghna,Marrakech-Safi,32.247731,-7.602329,2881860
589,Hilala,Chtouka-Aït Baha,Souss-Massa,30.051272,-8.985616,2832999
590,Hjar Ennhal,Tanger-Assilah,Tanger-Tétouan-Al Hoceïma,35.636339,-5.897609,2758747
591,Houara Oulad Raho,Guercif,Oriental,34.197105,-3.298308,2816174
592,Houderrane,Khemisset,Rabat-Salé-Kénitra,33.718673,-6.313515,2808293
593,Hrara,Safi,Marrakech-Safi,32.422342,-9.176608,2827822
594,Iaazzanene,Nador,Oriental,35.232686,-3.124718,2443015
595,Ibdar,Tiznit,Souss-Massa,29.442812,-9.381896,2888760
596,Ibn Yacoub,Tata,Souss-Massa,30.010637,-7.842543,2885778
597,Ichamraren,Chichaoua,Marrakech-Safi,31.125275,-9.12808,2830875
598,Ida Ou Aazza,Essaouira,Marrakech-Safi,31.161106,-9.738566,2820905
599,Ida Ou Gailal,Taroudant,Souss-Massa,30.665853,-8.61619,2889026
600,Ida Ou Gougmar,Tiznit,Souss-Massa,29.515198,-9.35705,2888774
601,Ida Ou Guelloul,Agadir-Ida Ou Tanane,Souss-Massa,30.940799,-9.70034,2820879
602,Ida Ou Kazzou,Agadir-Ida Ou Tanane,Souss-Massa,30.940423,-9.585862,2820889
603,Ida Ou Moumen,Taroudant,Souss-Massa,30.581462,-9.006066,2882900
604,Ida Ougnidif,Chtouka-Aït Baha,Souss-Massa,29.91226,-8.980975,2833003
605,Ida Ougoummad,Al Haouz,Marrakech-Safi,30.722875,-8.231122,2888880
606,Idelsane,Ouarzazate,Drâa-Tafilalet,30.925068,-6.596215,2887627
607,Idmine,Agadir-Ida Ou Tanane,Souss-Massa,30.61009,-9.373041,2814076
608,Ifarni,Driouch,Oriental,35.001824,-3.638535,2431913
609,Ifrane,Ifrane,Fès-Meknès,33.523019,-5.12338,2819511
610,Ifrane Atlas-Saghir,Tiznit,Souss-Massa,29.21663,-9.504956,2885853
611,Ighil,Al Haouz,Marrakech-Safi,31.005889,-8.36168,3535491
612,Ighil N'Oumgoun,Azilal,Béni Mellal-Khénifra,31.499918,-6.258334,2887513
613,Ighoud,Chichaoua,Marrakech-Safi,31.851332,-8.854882,2827857
614,Ighrem N'Ougdal,Ouarzazate,Drâa-Tafilalet,31.186435,-7.412208,2887631
615,Ighzrane,Taza,Fès-Meknès,33.764064,-4.260334,2816261
616,Igli,Taroudant,Souss-Massa,30.598775,-8.557063,2889063
617,Igoudar Mnabha,Taroudant,Souss-Massa,30.650842,-8.442884,2890489
618,Iguerferouane,Al Haouz,Marrakech-Safi,31.411062,-7.68927,3535442
619,Iguidi,Al Haouz,Marrakech-Safi,30.830658,-7.973889,2888818
620,Ihaddaden,Nador,Oriental,35.198226,-2.982204,2457862
621,Ijarmaouas,Al Hoceïma,Tanger-Tétouan-Al Hoceïma,35.051873,-3.738352,2428506
622,Ijoukak,Al Haouz,Marrakech-Safi,31.00529,-8.065277,3535466
623,Ikniouen,Tinghir,Drâa-Tafilalet,31.188009,-5.603876,2887545
624,Iksane,Nador,Oriental,35.089476,-3.024675,2443010
625,Imaouen,Taroudant,Souss-Massa,30.023649,-8.613285,2875705
626,Imgdal,Al Haouz,Marrakech-Safi,31.105405,-8.123291,3535465
627,Imgrade,Essaouira,Marrakech-Safi,31.113747,-9.581131,2820909
628,Imi Mqourn,Chtouka-Aït Baha,Souss-Massa,30.172988,-9.215399,2832989
629,Imi N'Fast,Guelmim,Guelmim-Oued Noun,29.11643,-10.097465,2885997
630,Imi N'Oulaoune,Azilal,Béni Mellal-Khénifra,31.412013,-6.536584,2887622
631,Imi N'Tayart,Taroudant,Souss-Massa,30.270992,-8.384632,2888923
632,Imi N'Tlit,Essaouira,Marrakech-Safi,31.230696,-9.589742,2820911
633,Imider,Tinghir,Drâa-Tafilalet,31.40082,-5.810563,2887541
634,Imilchil,Tinghir,Drâa-Tafilalet,32.074594,-5.634477,2827179
635,Imilmaiss,Taroudant,Souss-Massa,30.879462,-8.82206,2888992
636,Imindounit,Chichaoua,Marrakech-Safi,31.030716,-8.523187,2830937
637,Imintanoute,Chichaoua,Marrakech-Safi,31.178292,-8.842537,2830905
638,Imlil,Azilal,Béni Mellal-Khénifra,31.761772,-7.011813,2887275
639,Imlili,Oued Ed-Dahab,Dakhla-Oued Ed-Dahab,22.663676,-15.746035,3679581
640,Imoulass,Taroudant,Souss-Massa,30.753507,-8.770091,2888984
641,Imouzzer,Agadir-Ida Ou Tanane,Souss-Massa,30.671732,-9.56193,2758273
642,Imouzzer Kandar,Sefrou,Fès-Meknès,33.728711,-5.007126,2808815
643,Imouzzer Marmoucha,Boulemane,Fès-Meknès,33.469745,-4.296834,2817708
644,Imrabten,Al Hoceïma,Tanger-Tétouan-Al Hoceïma,35.046903,-3.979661,2440970
645,Imsouane,Agadir-Ida Ou Tanane,Souss-Massa,30.844578,-9.7728,2758266
646,Imzouren,Al Hoceïma,Tanger-Tétouan-Al Hoceïma,35.143209,-3.844429,2423104
647,Inchaden,Inezgane-Aït Melloul,Souss-Massa,30.104121,-9.566497,2832941
648,Inezgane,Inezgane-Aït Melloul,Souss-Massa,30.357075,-9.541705,2529625
649,Iounane,Chefchaouen,Tanger-Tétouan-Al Hoceïma,35.03434,-4.825353,2563397
650,Iqaddar,El Hajeb,Fès-Meknès,33.676721,-5.362711,2819564
651,Irherm,Taroudant,Souss-Massa,30.090151,-8.502006,2875722
652,Irigh N'Tahala,Chtouka-Aït Baha,Souss-Massa,29.622261,-9.084555,2888729
653,Irohalen,Chichaoua,Marrakech-Safi,31.066013,-8.898329,2830912
654,Isly,Oujda-Angad,Oriental,34.69142,-2.046472,2527999
655,Issafen,Tata,Souss-Massa,29.868768,-8.513751,2885791
656,Issaguen,Taounate,Fès-Meknès,34.900536,-4.575986,2516837
657,Isseksi,Béni Mellal,Béni Mellal-Khénifra,32.215134,-6.297824,2887172
658,Issen,Inezgane-Aït Melloul,Souss-Massa,30.443282,-9.240517,2835864
659,Itzer,Guigou,Fès-Meknès,32.967073,-5.049457,2826589
660,Izemmouren,Al Hoceïma,Tanger-Tétouan-Al Hoceïma,35.190599,-4.004796,2440716
661,Jaafra,El Kelâa des Sraghna,Marrakech-Safi,32.36999,-7.728795,2881869
662,Jabria,Sidi Bennour,Casablanca-Settat,32.569147,-8.316136,2846748
663,Jahjouh,Meknès,Fès-Meknès,33.612253,-5.698782,2808107
664,Jaidate,Marrakech,Marrakech-Safi,31.697196,-7.727987,2881839
665,Jamaat Shaim,Youssoufia,Marrakech-Safi,32.358164,-8.827455,2827836
666,Jaqma,Berrechid,Casablanca-Settat,33.289413,-7.462298,2822695
667,Jbabra,Taounate,Fès-Meknès,34.441055,-4.956118,2755089
668,Jbarna,Taza,Fès-Meknès,34.522356,-3.843469,2754001
669,Jbel Lahbib,Tanger-Assilah,Tanger-Tétouan-Al Hoceïma,35.457477,-5.784214,2563433
670,Jbiel,El Kelâa des Sraghna,Marrakech-Safi,31.972094,-7.477291,2881948
671,Jbilate,Marrakech,Marrakech-Safi,31.832108,-7.922608,5175843
672,Jdiriya,Assa-Zag,Guelmim-Oued Noun,27.242643,-9.724877,3666707
673,Jdour,Youssoufia,Marrakech-Safi,32.110125,-8.756201,2827863
674,Jemaat Moul Blad,Khemisset,Rabat-Salé-Kénitra,33.66073,-6.449019,2808255
675,Jerada,Jerada,Oriental,34.306594,-2.182694,2435196
676,Jnane Bouih,Youssoufia,Marrakech-Safi,31.967256,-8.71486,2827861
677,Jorf,Errachidia,Drâa-Tafilalet,31.487858,-4.40127,2884808
678,Jorf El Melha,Ouezzane,Tanger-Tétouan-Al Hoceïma,34.491779,-5.508191,2755140
679,Jouala,El Kelâa des Sraghna,Marrakech-Safi,31.897699,-7.478824,2881882
680,Jouamaa,Tanger-Assilah,Tanger-Tétouan-Al Hoceïma,35.646464,-5.657366,2752879
681,Jraifia,Boujdour,Laâyoune-Sakia El Hamra,25.260896,-14.318114,3552447
682,Kaf El Ghar,Taounate,Fès-Meknès,34.536659,-4.290429,2758256
683,Kalaat Booqorra,Ouezzane,Tanger-Tétouan-Al Hoceïma,34.777161,-5.218858,2563389
684,Kalaat M'Gouna,Tinghir,Drâa-Tafilalet,31.234868,-6.12785,2887607
685,Kandar Sidi Khiar,Sefrou,Fès-Meknès,33.803674,-4.916129,2808816
686,Karia Ba Mohamed,Moulay Yacoub,Fès-Meknès,34.366241,-5.208207,2755091
687,Kariat Ben Aouda,Ouezzane,Tanger-Tétouan-Al Hoceïma,34.77599,-5.952555,2753076
688,Kasba Tadla,Béni Mellal,Béni Mellal-Khénifra,32.596556,-6.263757,2882860
689,Kasbat Ben Mchich,Berrechid,Casablanca-Settat,33.351943,-7.440584,2822693
690,Kasbat Sidi Abdellah Ben M'Barek,Tata,Souss-Massa,29.456662,-8.333979,2885796
691,Kasbat Troch,Khouribga,Béni Mellal-Khénifra,32.932825,-6.595358,2879653
692,Kceibya,Sidi Slimane,Rabat-Salé-Kénitra,34.291661,-6.161253,2812418
693,Kechoula,Chichaoua,Marrakech-Safi,31.531257,-9.25424,2820970
694,Kerrouchen,Khénifra,Béni Mellal-Khénifra,32.783884,-5.346976,2826596
695,Ketama,Taounate,Fès-Meknès,34.883818,-4.680256,2516838
696,Khatazakane,Safi,Marrakech-Safi,32.216728,-9.130778,2827813
697,Khemis Sahel,Larache,Tanger-Tétouan-Al Hoceïma,35.244098,-6.062406,2754035
698,Khemis Sidi Yahya,Khemisset,Rabat-Salé-Kénitra,33.793945,-6.237478,2808195
699,Khemisset Chaouia,Settat,Casablanca-Settat,32.86285,-7.76515,2879962
700,Khenifra,Khénifra,Béni Mellal-Khénifra,32.935951,-5.664356,2875670
701,Khlalfa,Taounate,Fès-Meknès,34.671739,-4.632161,2754997
702,Khmis Ksiba,Rehamna,Marrakech-Safi,32.514448,-8.212103,2846745
703,Khnichet,Sidi Kacem,Rabat-Salé-Kénitra,34.429112,-5.656963,2813812
704,Khouribga,Khouribga,Béni Mellal-Khénifra,32.876258,-6.903491,2879633
705,Khouzama,Al Haouz,Marrakech-Safi,30.886369,-7.543337,2887673
706,Khémisset,Khemisset,Rabat-Salé-Kénitra,33.824753,-6.070023,2808190
707,Kissane,Taounate,Fès-Meknès,34.591997,-5.037189,2753142
708,Korimate,Essaouira,Marrakech-Safi,31.459407,-9.276251,2820957
709,Koudiat Bni Dghough,Youssoufia,Marrakech-Safi,32.430094,-8.484962,2823077
710,Kouzemt,Essaouira,Marrakech-Safi,31.082133,-9.261895,2830856
711,Kridid,Sidi Bennour,Casablanca-Settat,32.494245,-8.602655,2823080
712,Krifate,Fquih Ben Salah,Béni Mellal-Khénifra,32.551386,-6.711105,2882499
713,Ksabi Moulouya,Midelt,Drâa-Tafilalet,32.79442,-4.270934,2817786
714,Ksar Bjir,Larache,Tanger-Tétouan-Al Hoceïma,34.984038,-5.881185,2563440
715,Ksar Sghir,Fahs-Anjra,Tanger-Tétouan-Al Hoceïma,35.799848,-5.636239,2752877
716,Ksar al Majaz,Fahs-Anjra,Tanger-Tétouan-Al Hoceïma,35.825161,-5.511112,2752878
717,Ksar el-Kebir,Larache,Tanger-Tétouan-Al Hoceïma,35.005235,-5.915844,2563448
718,Ktaoua,Zagora,Drâa-Tafilalet,30.125594,-5.298034,2884928
719,Kénitra,Kénitra,Rabat-Salé-Kénitra,34.256562,-6.581968,2804287
720,Laagagcha,Sidi Bennour,Casablanca-Settat,32.548454,-8.688557,2823081
721,Laajajra,Moulay Yacoub,Fès-Meknès,34.193357,-5.162657,2813718
722,Laamamra,Chichaoua,Marrakech-Safi,31.892424,-8.972511,2827856
723,Laamria,Sidi Bennour,Casablanca-Settat,32.817504,-8.229716,2823004
724,Laanoussar,Sefrou,Fès-Meknès,33.639433,-4.819891,2808819
725,Laaouama,Tanger-Assilah,Tanger-Tétouan-Al Hoceïma,35.690384,-5.794907,2752880
726,Laaouinate,Jerada,Oriental,34.334733,-2.134282,2528008
727,Laaounate,Sidi Bennour,Casablanca-Settat,32.681703,-8.158294,2823011
728,Laatamna,El Kelâa des Sraghna,Marrakech-Safi,31.915667,-7.336004,2881939
729,Laatatra,Sidi Bennour,Casablanca-Settat,32.592318,-8.376554,2823036
730,Laattaouia Ech-Chaybia,El Kelâa des Sraghna,Marrakech-Safi,31.865916,-7.349248,2881941
731,Labkhati,Youssoufia,Marrakech-Safi,32.408033,-8.663514,2827833
732,Labouirat,Assa-Zag,Guelmim-Oued Noun,27.974144,-9.870696,2891028
733,Labrikiyne,Rehamna,Marrakech-Safi,32.288197,-8.073176,2881798
734,Labsara,Berkane,Oriental,34.683126,-2.20731,2502035
735,Labyar,Guelmim,Guelmim-Oued Noun,28.777878,-10.421985,2885948
736,Lagdadra,Essaouira,Marrakech-Safi,31.551527,-9.418347,2821031
737,Lagfaf,Khouribga,Béni Mellal-Khénifra,32.93625,-6.724996,2879649
738,Lagfifat,Chtouka-Aït Baha,Souss-Massa,30.312924,-9.255072,2835879
739,Laghdir,Chefchaouen,Tanger-Tétouan-Al Hoceïma,35.03752,-5.391814,2563393
740,Laghdira,Nouaceur,Casablanca-Settat,33.29861,-8.044807,2866411
741,Laghnadra,Sidi Bennour,Casablanca-Settat,32.644379,-8.670101,2823084
742,Laghnimyine,Berrechid,Casablanca-Settat,33.196269,-7.837286,2866414
743,Laghoualem,Benslimane,Casablanca-Settat,33.375257,-6.718354,2808268
744,Lagnadiz,Khouribga,Béni Mellal-Khénifra,33.165295,-6.791443,2879638
745,Lahdar,Youssoufia,Marrakech-Safi,32.447874,-8.819696,2827832
746,Lahouaza,Settat,Casablanca-Settat,32.954631,-7.687526,2879958
747,Lahraouyine,Casablanca,Casablanca-Settat,33.541325,-7.520907,2523591
748,Lahsasna,Berrechid,Casablanca-Settat,33.18364,-7.66876,2822727
749,Lahsinate,Essaouira,Marrakech-Safi,31.537841,-9.481715,2821033
750,Lakhnafif,Taroudant,Souss-Massa,30.401328,-8.998836,2835897
751,Lakhoualqa,Youssoufia,Marrakech-Safi,32.061962,-8.359551,2827879
752,Lakhsas,Tiznit,Souss-Massa,29.370353,-9.75306,2886017
753,Lakhzazra,Khouribga,Béni Mellal-Khénifra,33.007356,-7.043856,2822805
754,Lalla Aaziza,Chichaoua,Marrakech-Safi,31.054535,-8.695125,2830921
755,Lalla Mimouna,Larache,Tanger-Tétouan-Al Hoceïma,34.829716,-6.06255,2753070
756,Lalla Takarkoust,Al Haouz,Marrakech-Safi,31.323613,-8.122587,3534184
757,Lamaachate,Safi,Marrakech-Safi,32.001942,-9.361046,2827799
758,Lambarkiyine,Berrechid,Casablanca-Settat,33.218644,-7.468261,2822744
759,Lamhadi,Taroudant,Souss-Massa,30.326186,-9.016592,2875680
760,Lamhara,Taroudant,Souss-Massa,30.551796,-8.456821,2890497
761,Lamharra,El Kelâa des Sraghna,Marrakech-Safi,32.05999,-7.732958,2881854
762,Lamharza Essahel,Nouaceur,Casablanca-Settat,33.38958,-8.059808,2806139
763,Lamjaara,Ouezzane,Tanger-Tétouan-Al Hoceïma,34.619711,-5.266432,2753147
764,Lamnizla,Taroudant,Souss-Massa,30.644463,-9.09496,2835858
765,Lamrabih,Ouezzane,Tanger-Tétouan-Al Hoceïma,34.475776,-5.443623,2755115
766,Lamrasla,Safi,Marrakech-Safi,32.01397,-8.915619,2827853
767,Lamrija,Guercif,Oriental,33.931773,-3.278763,2759221
768,Lamsabih,Youssoufia,Marrakech-Safi,32.293149,-8.68894,2827887
769,Lamssid,Boujdour,Laâyoune-Sakia El Hamra,26.094647,-13.458117,3665498
770,Laouamra,Larache,Tanger-Tétouan-Al Hoceïma,35.073989,-6.142688,2754180
771,Laqraqra,Fquih Ben Salah,Béni Mellal-Khénifra,32.412669,-7.106783,2879988
772,Laqsabi Tagoust,Guelmim,Guelmim-Oued Noun,28.971204,-10.219945,2885947
773,Laqsir,Moulay Yacoub,Fès-Meknès,33.904275,-5.232725,2759247
774,Larache,Larache,Tanger-Tétouan-Al Hoceïma,35.181346,-6.139343,2754034
775,Laâtamna,Berkane,Oriental,35.027003,-2.265417,2447390
776,Laâyoune,Laâyoune,Laâyoune-Sakia El Hamra,27.141698,-13.181168,3409845
777,Lebkhata,Jerada,Oriental,34.177733,-2.401794,3551309
778,Lehri,Khénifra,Béni Mellal-Khénifra,32.830879,-5.608562,2826612
779,Lgharbia,Sidi Bennour,Casablanca-Settat,32.57991,-8.873965,2823064
780,Lkheng,Errachidia,Drâa-Tafilalet,31.927618,-4.366079,2827219
781,Lmechrek,Sidi Bennour,Casablanca-Settat,32.738739,-8.462848,3549746
782,Louadaine,Fès,Fès-Meknès,34.22636,-4.917929,2813692
783,Loualidia,Safi,Marrakech-Safi,32.707249,-8.972566,2823057
784,Loudaya,Marrakech,Marrakech-Safi,31.645193,-8.303278,2824265
785,Loulad,Khouribga,Béni Mellal-Khénifra,32.988544,-7.131511,2880018
786,Loulja,Fès,Fès-Meknès,34.291719,-4.902937,2755084
787,Lounasda,El Kelâa des Sraghna,Marrakech-Safi,32.191051,-7.387664,2881875
788,Louta,Al Hoceïma,Tanger-Tétouan-Al Hoceïma,35.10903,-3.895256,2436239
789,Lqliaa,Inezgane-Aït Melloul,Souss-Massa,30.313821,-9.528513,2758288
790,M'Diq,M'diq-Fnideq,Tanger-Tétouan-Al Hoceïma,35.718224,-5.334807,2464647
791,M'Fassis,Khouribga,Béni Mellal-Khénifra,32.748703,-6.814591,2879643
792,M'Garto,Khouribga,Béni Mellal-Khénifra,33.160815,-7.054159,2822778
793,M'Hajer,Driouch,Oriental,35.106338,-3.492912,2428511
794,M'Hamid El Ghizlane,Zagora,Drâa-Tafilalet,29.762343,-5.904932,2884930
795,M'Haya,Moulay Yacoub,Fès-Meknès,34.035767,-5.264705,2813766
796,M'Nabha,Marrakech,Marrakech-Safi,31.956798,-8.127278,2824262
797,M'Qam Tolba,Khemisset,Rabat-Salé-Kénitra,34.013941,-6.253141,2808212
798,M'Ramer,Chichaoua,Marrakech-Safi,31.685866,-9.170125,2821094
799,M'Saada,Sidi Slimane,Rabat-Salé-Kénitra,34.38177,-5.849422,2813786
800,M'Semrir,Tinghir,Drâa-Tafilalet,31.718695,-5.87374,2887482
801,M'Ssici,Tinghir,Drâa-Tafilalet,30.998972,-4.784245,2884882
802,M'Tal,Sidi Bennour,Casablanca-Settat,32.506851,-8.406592,2823085
803,M'Zem Sanhaja,El Kelâa des Sraghna,Marrakech-Safi,31.991283,-7.120305,2881937
804,M'Zizel,Errachidia,Drâa-Tafilalet,32.171033,-4.710853,2827135
805,M'Zouda,Chichaoua,Marrakech-Safi,31.233954,-8.55195,2830940
806,M'rirt,Khénifra,Béni Mellal-Khénifra,33.163223,-5.566139,2826623
807,M'tioua,Taounate,Fès-Meknès,35.14328,-4.577864,2563404
808,Maadna,Khouribga,Béni Mellal-Khénifra,32.910638,-6.499213,2879663
809,Maatarka,Jerada,Oriental,33.135593,-2.551746,2527823
810,Maaziz,Khemisset,Rabat-Salé-Kénitra,33.699687,-6.341634,2808292
811,Machraa Ben Abbou,Settat,Casablanca-Settat,32.677388,-7.821833,2879963
812,Machraa El Ain,Taroudant,Souss-Massa,30.372233,-8.928536,2835922
813,Madagh,Berkane,Oriental,35.052792,-2.362144,2447393
814,Maghraoua,Taza,Fès-Meknès,33.947957,-4.003457,2816178
815,Majjat,Chichaoua,Marrakech-Safi,31.455658,-8.577826,2830961
816,Majjate,Meknès,Fès-Meknès,33.804156,-5.524851,2808056
817,Majmaa Tolba,Khemisset,Rabat-Salé-Kénitra,33.719263,-6.002088,3544656
818,Mallalienne,Tétouan,Tanger-Tétouan-Al Hoceïma,35.637197,-5.377193,2464648
819,Malloussa,Fahs-Anjra,Tanger-Tétouan-Al Hoceïma,35.731647,-5.647444,2752962
820,Mançoura,Taounate,Fès-Meknès,34.844232,-4.960355,3587355
821,Marchouch,Skhirate-Témara,Rabat-Salé-Kénitra,33.56368,-6.635582,2808250
822,Marrakech,Marrakech,Marrakech-Safi,31.627312,-7.987035,2799538
823,Martil,Tétouan,Tanger-Tétouan-Al Hoceïma,35.622502,-5.299952,2464645
824,Masmouda,Ouezzane,Tanger-Tétouan-Al Hoceïma,34.766331,-5.693971,2753082
825,Massa,Tiznit,Souss-Massa,29.960183,-9.665184,2832951
826,Matmata,Sefrou,Fès-Meknès,34.098001,-4.480882,2805330
827,Mayate,El Kelâa des Sraghna,Marrakech-Safi,32.245173,-7.518534,2881873
828,Mazguitam,Guercif,Oriental,34.50176,-3.639788,2754006
829,Mechouar Kasbah,Marrakech,Marrakech-Safi,31.599007,-7.990187,2799528
830,Mechra Bel Ksiri,Sidi Slimane,Rabat-Salé-Kénitra,34.576405,-5.966598,2753066
831,Mechraa Hammadi,Taourirt,Oriental,34.666074,-2.661579,2528357
832,Mehdya,Kénitra,Rabat-Salé-Kénitra,34.255945,-6.658931,2804286
833,Mejji,Essaouira,Marrakech-Safi,31.559292,-9.349236,2821028
834,Meknassa Acharqia,Taza,Fès-Meknès,34.363548,-3.930026,2758622
835,Meknassa Al Gharbia,Taza,Fès-Meknès,34.271577,-4.055914,2758250
836,Meknès,Meknès,Fès-Meknès,33.883852,-5.535448,2561177
837,Melaab,Errachidia,Drâa-Tafilalet,31.47682,-4.743048,2884852
838,Melga el Ouidane,Taourirt,Oriental,34.529348,-2.960681,3551315
839,Mellila,Benslimane,Casablanca-Settat,33.390408,-7.106095,2522584
840,Merija,Jerada,Oriental,33.926745,-2.279314,2528000
841,Mers El Kheir,Skhirate-Témara,Rabat-Salé-Kénitra,33.873902,-6.912553,2498872
842,Meskala,Essaouira,Marrakech-Safi,31.383517,-9.371479,2820954
843,Meskoura,Khouribga,Béni Mellal-Khénifra,32.59761,-7.234343,2879989
844,Messassa,Taounate,Fès-Meknès,34.256711,-4.521697,2805311
845,Mestegmer,Taourirt,Oriental,34.516529,-2.775155,2527997
846,Mestferki,Jerada,Oriental,34.494935,-2.262763,2528016
847,Mesti,Sidi Ifni,Guelmim-Oued Noun,29.270525,-10.182516,2885999
848,Metrane,Sidi Bennour,Casablanca-Settat,32.633287,-8.243228,2846733
849,Mettouh,Sidi Bennour,Casablanca-Settat,32.889557,-8.179935,2823002
850,Mezguita,Ouarzazate,Drâa-Tafilalet,30.68535,-6.372154,2884948
851,Mezraoua,Taounate,Fès-Meknès,34.524513,-4.738884,3549836
852,Mibladen,Midelt,Drâa-Tafilalet,32.789247,-4.586149,2826646
853,Midar,Driouch,Oriental,34.935998,-3.545971,2425002
854,Midelt,Midelt,Drâa-Tafilalet,32.685213,-4.74015,2826649
855,Mijik,Aousserd,Dakhla-Oued Ed-Dahab,23.770687,-12.696502,6054435
856,Mikkes,Moulay Yacoub,Fès-Meknès,34.127846,-5.266262,2808805
857,Mirleft,Sidi Ifni,Guelmim-Oued Noun,29.515168,-10.071343,2888222
858,Missour,Boulemane,Fès-Meknès,33.045475,-3.996696,2817783
859,Mkansa,Sidi Kacem,Rabat-Salé-Kénitra,34.335147,-5.406259,2813637
860,Mkhalif,Safi,Marrakech-Safi,31.878471,-9.239937,2821068
861,Mnasra,Kénitra,Rabat-Salé-Kénitra,34.370379,-6.556954,2804271
862,Mniaa,Settat,Casablanca-Settat,32.845772,-7.314116,2880014
863,Mograne,Kénitra,Rabat-Salé-Kénitra,34.449064,-6.35994,2804270
864,Mogress,Sidi Bennour,Casablanca-Settat,32.895168,-8.448534,2823014
865,Moha Ou Hammou Zayani,Khénifra,Béni Mellal-Khénifra,32.956992,-5.665508,2875669
866,Mohammédia,Mohammedia,Casablanca-Settat,33.691908,-7.394463,2523547
867,Moqrisset,Chefchaouen,Tanger-Tétouan-Al Hoceïma,34.928517,-5.311552,2563387
868,Moualine el Oued,Benslimane,Casablanca-Settat,33.449895,-7.298954,2522576
869,Mouarid,Chichaoua,Marrakech-Safi,31.399781,-9.250626,2820963
870,Moul El Bergui,Safi,Marrakech-Safi,32.507377,-8.978936,2827828
871,Moulay Abdelkader,Ouezzane,Tanger-Tétouan-Al Hoceïma,34.642558,-5.782875,2810024
872,Moulay Abdelkrim,Moulay Yacoub,Fès-Meknès,34.475783,-5.212672,2755092
873,Moulay Abdellah Amghar,El Jadida,Casablanca-Settat,33.14931,-8.562966,2806106
874,Moulay Ahmed Cherif,Taounate,Fès-Meknès,34.93691,-4.471627,2516843
875,Moulay Aissa Ben Driss,Azilal,Béni Mellal-Khénifra,32.095747,-6.727326,2887238
876,Moulay Ali Chérif,Errachidia,Drâa-Tafilalet,31.27965,-4.266259,5150546
877,Moulay Bouazza,Khemisset,Rabat-Salé-Kénitra,33.253134,-6.13434,2826619
878,Moulay Bouchta,Moulay Yacoub,Fès-Meknès,34.514219,-5.140317,2755109
879,Moulay Bousselham,Larache,Tanger-Tétouan-Al Hoceïma,34.881461,-6.204135,2753074
880,Moulay Bouzarqtoune,Essaouira,Marrakech-Safi,31.662997,-9.630643,2821044
881,Moulay Brahim,Al Haouz,Marrakech-Safi,31.318473,-8.020681,3534180
882,Moulay Driss Aghbal,Skhirate-Témara,Rabat-Salé-Kénitra,33.721365,-6.508784,2808241
883,Moulay Idriss Zarhoun,Meknès,Fès-Meknès,34.055388,-5.519598,2561365
884,Moulay Yacoub,Moulay Yacoub,Fès-Meknès,34.087942,-5.178859,2808807
885,Mrhassiyine,Meknès,Fès-Meknès,34.005178,-5.501405,2813769
886,Mrizigue,Khouribga,Béni Mellal-Khénifra,32.84345,-7.114428,2880005
887,Msied,Tan-Tan,Guelmim-Oued Noun,28.048819,-10.730007,2890950
888,Msila,Taza,Fès-Meknès,34.442103,-4.167402,2758252
889,Mtalssa,Driouch,Oriental,34.869615,-3.412161,2424558
890,Mtarnagha,Sefrou,Fès-Meknès,33.858895,-4.581387,2816240
891,Mzamza Janoubia,Settat,Casablanca-Settat,32.997252,-7.567221,5911518
892,Mzefroune,Ouezzane,Tanger-Tétouan-Al Hoceïma,34.852754,-5.729524,2753081
893,Mzilate,Chichaoua,Marrakech-Safi,31.718849,-9.114306,2821088
894,Mzoudia,Chichaoua,Marrakech-Safi,31.628601,-8.593129,2821122
895,Mzoura,Settat,Casablanca-Settat,32.828577,-7.943929,2866436
896,Méchouar Fès Jdid,Fès,Fès-Meknès,34.054216,-4.994243,2799561
897,Méchouar de Casablanca,Casablanca,Casablanca-Settat,33.579952,-7.604907,4748610
898,Médiouna,Nouaceur,Casablanca-Settat,33.459505,-7.514931,2522569
899,N'Kob,Tinghir,Drâa-Tafilalet,30.998459,-5.846957,2884975
900,N'khila,Khouribga,Béni Mellal-Khénifra,32.914111,-7.074596,2880019
901,Nador,Nador,Oriental,35.173652,-2.930776,2431056
902,Nagga,Safi,Marrakech-Safi,32.0506,-9.049051,2827808
903,Naima,Jerada,Oriental,34.60386,-2.221212,2502036
904,Naour,Béni Mellal,Béni Mellal-Khénifra,32.464887,-5.954644,2882850
905,Nekkour,Al Hoceïma,Tanger-Tétouan-Al Hoceïma,35.015291,-3.862083,2440713
906,Nfifa,Chichaoua,Marrakech-Safi,31.239509,-8.864082,2830904
907,Nihit,Taroudant,Souss-Massa,30.313042,-8.517968,3541016
908,Nouaceur,Nouaceur,Casablanca-Settat,33.361771,-7.581543,2523534
909,Nouirate,Sidi Slimane,Rabat-Salé-Kénitra,34.583356,-5.946491,2827071
910,Nzala Bni Ammar,Meknès,Fès-Meknès,34.101383,-5.426569,2813759
911,Nzalat Laadam,Rehamna,Marrakech-Safi,32.066561,-8.065296,2881811
912,Ouad Essafa,Inezgane-Aït Melloul,Souss-Massa,30.213321,-9.353553,2832934
913,Ouahat Sidi Brahim,Marrakech,Marrakech-Safi,31.727367,-7.968364,2824271
914,Ouaklim,Tinghir,Drâa-Tafilalet,31.449126,-5.654565,2887551
915,Oualili,Meknès,Fès-Meknès,34.089719,-5.520244,2561366
916,Oualqadi,Taroudant,Souss-Massa,30.204494,-8.500246,2888913
917,Ouaouizaght,Béni Mellal,Béni Mellal-Khénifra,32.185449,-6.342207,2887173
918,Ouaoula,Azilal,Béni Mellal-Khénifra,31.798365,-6.785562,2887333
919,Ouaoumana,Khénifra,Béni Mellal-Khénifra,32.689323,-5.826739,2826614
920,Ouaouzgane,Taounate,Fès-Meknès,35.035846,-4.568968,2563403
921,Ouargui,El Kelâa des Sraghna,Marrakech-Safi,31.835445,-7.203646,2881886
922,Ouarzazate,Ouarzazate,Drâa-Tafilalet,30.932394,-6.930225,2887639
923,Ouazguita,Al Haouz,Marrakech-Safi,31.259549,-8.077996,3549660
924,Ouazzane,Ouezzane,Tanger-Tétouan-Al Hoceïma,34.797013,-5.578019,2753083
925,Oudka,Taounate,Fès-Meknès,34.693708,-4.862785,2753139
926,Oued Amlil,Taza,Fès-Meknès,34.186024,-4.274327,2758247
927,Oued El Makhazine,Ouezzane,Tanger-Tétouan-Al Hoceïma,34.886293,-5.821122,2753072
928,Oued Ifrane,Khénifra,Béni Mellal-Khénifra,33.124638,-5.299968,2819480
929,Oued Jdida,Meknès,Fès-Meknès,33.938688,-5.389168,2759252
930,Oued Jemaa,Taounate,Fès-Meknès,34.236684,-4.761202,2805336
931,Oued L'Bour,Chichaoua,Marrakech-Safi,31.186273,-8.968562,2830902
932,Oued Lakhdar,El Kelâa des Sraghna,Marrakech-Safi,31.893155,-7.126922,2881933
933,Oued Laou,Tétouan,Tanger-Tétouan-Al Hoceïma,35.456459,-5.118373,2480069
934,Oued Malha,Chefchaouen,Tanger-Tétouan-Al Hoceïma,34.921287,-5.021546,2563410
935,Oued Naam,Errachidia,Drâa-Tafilalet,31.894106,-3.615307,2827115
936,Oued Naanaa,Settat,Casablanca-Settat,32.996174,-7.287208,2879953
937,Oued Zem,Khouribga,Béni Mellal-Khénifra,32.861563,-6.568392,2879699
938,Ouijjane,Tiznit,Souss-Massa,29.661826,-9.566606,2888256
939,Ouirgane,Al Haouz,Marrakech-Safi,31.14818,-8.067444,3535462
940,Ouislane,Meknès,Fès-Meknès,33.914353,-5.479737,2759268
941,Ouisselsate,Ouarzazate,Drâa-Tafilalet,30.514843,-7.185257,2887668
942,Ouizeght,Midelt,Drâa-Tafilalet,32.83799,-4.050152,2817785
943,Oujda,Oujda-Angad,Oriental,34.692849,-1.908909,2527998
944,Oukaimeden,Al Haouz,Marrakech-Safi,31.215463,-7.833769,3535451
945,Oulad Aamer,El Kelâa des Sraghna,Marrakech-Safi,32.074829,-7.186693,2881938
946,Oulad Aamer Tizmarine,Youssoufia,Marrakech-Safi,32.246213,-8.400376,2881800
947,Oulad Aarrad,El Kelâa des Sraghna,Marrakech-Safi,31.834934,-7.40935,5176915
948,Oulad Abbou,Settat,Casablanca-Settat,33.140989,-7.936081,2866430
949,Oulad Abdoune,Khouribga,Béni Mellal-Khénifra,32.854848,-6.927316,2879636
950,Oulad Aissa,El Jadida,Casablanca-Settat,32.924668,-8.681171,2806128
951,Oulad Aissa,Khouribga,Béni Mellal-Khénifra,33.045641,-6.40701,2879816
952,Oulad Ali Mansour,Chefchaouen,Tanger-Tétouan-Al Hoceïma,35.360242,-5.241709,2533873
953,Oulad Ali Toualaa,Benslimane,Casablanca-Settat,33.431,-7.178622,2522580
954,Oulad Ali Youssef,Boulemane,Fès-Meknès,33.415533,-4.008145,2817794
955,Oulad Amer,El Kelâa des Sraghna,Marrakech-Safi,32.447983,-7.229736,2879987
956,Oulad Amghar,Al Hoceïma,Tanger-Tétouan-Al Hoceïma,35.24363,-3.698626,2428502
957,Oulad Amrane,Youssoufia,Marrakech-Safi,32.370189,-8.539357,2823078
958,Oulad Ayad,Fquih Ben Salah,Béni Mellal-Khénifra,32.200751,-6.799227,2882512
959,Oulad Ayyad,Sefrou,Fès-Meknès,34.093253,-4.659548,2805334
960,Oulad Azzouz,Khouribga,Béni Mellal-Khénifra,32.762465,-6.761147,2879689
961,Oulad Azzouz,Nouaceur,Casablanca-Settat,33.496555,-7.768295,5172318
962,Oulad Ben Hammadi,Sidi Slimane,Rabat-Salé-Kénitra,34.239861,-5.831688,2819631
963,Oulad Berhil,Taroudant,Souss-Massa,30.641325,-8.478567,2890483
964,Oulad Bouali Loued,El Kelâa des Sraghna,Marrakech-Safi,32.124301,-7.202671,2881955
965,Oulad Bouali Nouaja,Khouribga,Béni Mellal-Khénifra,32.626547,-7.078653,2880020
966,Oulad Boubker,Driouch,Oriental,34.784436,-3.395498,2432168
967,Oulad Boughadi,Khouribga,Béni Mellal-Khénifra,33.069042,-6.716705,2879634
968,Oulad Bourima,Taza,Fès-Meknès,34.409582,-3.79775,2754000
969,Oulad Boussaken,Rehamna,Marrakech-Safi,32.557292,-8.141081,2846730
970,Oulad Cebbah,Berrechid,Casablanca-Settat,33.27251,-7.325876,2822710
971,Oulad Chbana,Settat,Casablanca-Settat,33.074457,-7.394184,2879956
972,Oulad Cherki,El Kelâa des Sraghna,Marrakech-Safi,32.282329,-7.439377,2881874
973,Oulad Chrif,Taza,Fès-Meknès,34.283132,-4.168305,3551347
974,Oulad Dahou,Inezgane-Aït Melloul,Souss-Massa,30.372972,-9.316066,2758291
975,Oulad Daoud,Taounate,Fès-Meknès,34.431368,-4.770166,2755028
976,Oulad Daoud Zkhanine,Berkane,Oriental,35.013572,-2.570833,2457843
977,Oulad El Garne,El Kelâa des Sraghna,Marrakech-Safi,32.129318,-7.33447,2881958
978,Oulad Fares,Khouribga,Béni Mellal-Khénifra,32.772353,-7.160381,2880003
979,Oulad Fares El Halla,Fquih Ben Salah,Béni Mellal-Khénifra,32.515836,-7.094341,2879990
980,Oulad Fennane,Khouribga,Béni Mellal-Khénifra,33.092036,-6.518518,2879661
981,Oulad Freiha,Settat,Casablanca-Settat,32.612336,-7.611053,2879961
982,Oulad Frej,El Jadida,Casablanca-Settat,33.008836,-8.17299,2822986
983,Oulad Ftata,Khouribga,Béni Mellal-Khénifra,33.177196,-6.641567,2879637
984,Oulad Gnaou,Béni Mellal,Béni Mellal-Khénifra,32.322213,-6.538304,2882578
985,Oulad Gouaouch,Béni Mellal,Béni Mellal-Khénifra,32.726974,-6.332361,2879730
986,Oulad H'Cine,Sidi Slimane,Rabat-Salé-Kénitra,34.415275,-5.803583,2813788
987,Oulad Hamdane,El Jadida,Casablanca-Settat,33.132377,-8.258808,2806097
988,Oulad Hassoun,Marrakech,Marrakech-Safi,31.636498,-7.811647,2824269
989,Oulad Hassoune Hamri,Rehamna,Marrakech-Safi,32.292331,-7.885613,2881794
990,Oulad Hcine,El Jadida,Casablanca-Settat,33.052574,-8.483022,2806125
991,Oulad Imloul,El Kelâa des Sraghna,Marrakech-Safi,32.086699,-7.841832,2881849
992,Oulad Khallouf,El Kelâa des Sraghna,Marrakech-Safi,31.791839,-7.065586,2881889
993,Oulad M'Barek,Béni Mellal,Béni Mellal-Khénifra,32.290523,-6.492268,2882581
994,Oulad M'Hamed,Khouribga,Béni Mellal-Khénifra,33.116267,-6.982064,2822792
995,Oulad M'Hammed,Guercif,Oriental,33.529515,-3.063785,2814413
996,Oulad M'Rabet,Chichaoua,Marrakech-Safi,31.601761,-9.18495,2821108
997,Oulad Massaoud,El Kelâa des Sraghna,Marrakech-Safi,32.227516,-7.170416,2881972
998,Oulad Mimoun,Moulay Yacoub,Fès-Meknès,34.233438,-5.043624,2813725
999,Oulad Mkoudou,Sefrou,Fès-Meknès,33.778051,-4.514197,2816241
1000,Oulad Moumna,Chichaoua,Marrakech-Safi,31.457421,-9.025125,2830881
1001,Oulad Msabbel,El Kelâa des Sraghna,Marrakech-Safi,32.307718,-7.230554,2881964
1002,Oulad Mtaa,Al Haouz,Marrakech-Safi,31.319456,-8.272034,3534187
1003,Oulad Nacer,Fquih Ben Salah,Béni Mellal-Khénifra,32.256261,-6.774211,2882516
1004,Oulad Nouel,Sidi Kacem,Rabat-Salé-Kénitra,34.498476,-5.661754,2827069
1005,Oulad Ouchih,Larache,Tanger-Tétouan-Al Hoceïma,35.067852,-5.97127,2563441
1006,Oulad Rahmoune,El Jadida,Casablanca-Settat,33.180631,-8.334241,2806099
1007,Oulad Said l'Oued,Fquih Ben Salah,Béni Mellal-Khénifra,32.596561,-6.462699,2882589
1008,Oulad Salah,Nouaceur,Casablanca-Settat,33.356157,-7.676715,2522563
1009,Oulad Salmane,Safi,Marrakech-Safi,32.11952,-9.205934,2827797
1010,Oulad Saïd,Settat,Casablanca-Settat,32.960405,-7.809949,2866435
1011,Oulad Sbaita,Sidi Bennour,Casablanca-Settat,32.668083,-8.802909,2823063
1012,Oulad Sbih,El Kelâa des Sraghna,Marrakech-Safi,32.05246,-7.525969,2881857
1013,Oulad Sghir,Settat,Casablanca-Settat,32.853148,-7.577929,2879997
1014,Oulad Si Bouhya,Sidi Bennour,Casablanca-Settat,32.725176,-8.347471,2823034
1015,Oulad Sidi Ali Ben Youssef,El Jadida,Casablanca-Settat,33.011101,-8.121128,2822987
1016,Oulad Slama,Kénitra,Rabat-Salé-Kénitra,34.343118,-6.491718,2804274
1017,Oulad Tayeb,Fès,Fès-Meknès,33.918868,-4.955278,2805270
1018,Oulad Yaacoub,El Kelâa des Sraghna,Marrakech-Safi,32.018655,-7.296644,2881953
1019,Oulad Yahia Lagraire,Zagora,Drâa-Tafilalet,30.509898,-6.240687,2884976
1020,Oulad Yahya Louta,Benslimane,Casablanca-Settat,33.544536,-7.17697,2522582
1021,Oulad Zarrad,El Kelâa des Sraghna,Marrakech-Safi,32.112817,-7.660715,2881856
1022,Oulad Zbair,Taza,Fès-Meknès,34.297607,-4.294311,2758246
1023,Oulad Ziyane,Nouaceur,Casablanca-Settat,33.408142,-7.432492,5183541
1024,Oulad Zmam,Fquih Ben Salah,Béni Mellal-Khénifra,32.382479,-6.729956,2882567
1025,Ouled Aissa,Taroudant,Souss-Massa,30.543636,-8.613769,2889065
1026,Ouled Bourahmoune,Fquih Ben Salah,Béni Mellal-Khénifra,32.289663,-6.692606,2882562
1027,Ouled Dlim,Youssoufia,Marrakech-Safi,31.902794,-8.302263,2824263
1028,Ouled Ghanem,Sidi Bennour,Casablanca-Settat,32.809749,-8.855596,2823055
1029,Ouled Ghziyel,Jerada,Oriental,33.859819,-2.531361,2528001
1030,Ouled M'Rah,Settat,Casablanca-Settat,32.913051,-7.267324,2880015
1031,Ouled Settout,Nador,Oriental,34.920008,-2.737635,2502039
1032,Ouled Sidi Abdelhakem,Jerada,Oriental,33.974111,-1.775856,2528003
1033,Ouled Teima,Inezgane-Aït Melloul,Souss-Massa,30.387837,-9.197249,2835875
1034,Ouled Yaïch,Béni Mellal,Béni Mellal-Khénifra,32.427925,-6.336503,2882585
1035,Ouled Youssef,Fquih Ben Salah,Béni Mellal-Khénifra,32.565578,-6.487238,2882586
1036,Ouled Zidane,Berrechid,Casablanca-Settat,33.355303,-7.358869,2822697
1037,Oulmes,Khemisset,Rabat-Salé-Kénitra,33.390977,-5.991896,2808309
1038,Oum Dreyga,Aousserd,Dakhla-Oued Ed-Dahab,24.08394,-13.487122,3679557
1039,Oum El Guerdane,Tata,Souss-Massa,29.402917,-7.80157,2885801
1040,Oum Rabia,Khénifra,Béni Mellal-Khénifra,33.072671,-5.433147,2875668
1041,Oumazza,Skhirate-Témara,Rabat-Salé-Kénitra,33.82432,-6.783291,2800689
1042,Ounagha,Essaouira,Marrakech-Safi,31.501356,-9.623359,2821035
1043,Ouneine,Al Haouz,Marrakech-Safi,30.850948,-8.158308,2890517
1044,Ounnana,Ouezzane,Tanger-Tétouan-Al Hoceïma,34.665851,-5.363624,2810046
1045,Ourdana,Driouch,Oriental,35.066733,-3.41925,2428509
1046,Ourika,Al Haouz,Marrakech-Safi,31.331963,-7.779304,3535324
1047,Ourtzagh,Taounate,Fès-Meknès,34.513127,-4.94611,3549821
1048,Outabouabane,Taounate,Fès-Meknès,34.242266,-4.403094,2805312
1049,Outat El Haj,Taza,Fès-Meknès,33.34025,-3.702758,2817792
1050,Outerbat,Tinghir,Drâa-Tafilalet,32.113358,-5.201319,2827185
1051,Ouzioua,Al Haouz,Marrakech-Safi,30.747341,-7.997941,2888848
1052,Rabat,Rabat,Rabat-Salé-Kénitra,33.967124,-6.846021,2799215
1053,Rahhala,Chichaoua,Marrakech-Safi,31.343598,-9.063589,2830890
1054,Ras Ain Rhamna,Marrakech,Marrakech-Safi,31.700974,-7.638976,2881840
1055,Ras Al Ain,Settat,Casablanca-Settat,32.991579,-7.416807,2879954
1056,Ras Asfour,Oujda-Angad,Oriental,34.53009,-1.837529,2527995
1057,Ras El Ain,Youssoufia,Marrakech-Safi,31.950284,-8.485296,2827873
1058,Ras El Ma,Berkane,Oriental,35.114767,-2.412246,2443018
1059,Ras El Oued,Taounate,Fès-Meknès,34.339269,-4.557523,2755011
1060,Ras Ijerri,Meknès,Fès-Meknès,33.797748,-5.720721,2808110
1061,Ras Laksar,Taza,Fès-Meknès,33.949169,-3.796799,2816193
1062,Ras Tabouda,Sefrou,Fès-Meknès,34.031198,-4.749487,2808827
1063,Rass Oumlil,Tan-Tan,Guelmim-Oued Noun,28.65487,-10.785738,2885951
1064,Ratba,Taounate,Fès-Meknès,34.770112,-4.883733,3549850
1065,Rbaa El Fouki,Taza,Fès-Meknès,34.390036,-4.269291,2758243
1066,Rdadna Oulad Malek,Benslimane,Casablanca-Settat,33.352045,-7.246429,2522577
1067,Reggada,Tiznit,Souss-Massa,29.523056,-9.674879,2888245
1068,Rfala,Azilal,Béni Mellal-Khénifra,32.131423,-6.880997,2887235
1069,Rghioua,Taounate,Fès-Meknès,34.531112,-4.601662,2754986
1070,Riah,Berrechid,Casablanca-Settat,33.173303,-7.394186,2822773
1071,Rima,Settat,Casablanca-Settat,32.794367,-7.40613,2879999
1072,Rislane,Berkane,Oriental,34.70333,-2.462138,2502038
1073,Rissana Chamalia,Larache,Tanger-Tétouan-Al Hoceïma,35.265987,-5.948056,2563444
1074,Rissana Janoubia,Larache,Tanger-Tétouan-Al Hoceïma,35.171387,-5.978342,2563443
1075,Rommani,Skhirate-Témara,Rabat-Salé-Kénitra,33.526063,-6.604327,2808254
1076,Rouached,Fquih Ben Salah,Béni Mellal-Khénifra,32.928534,-6.278834,2879773
1077,Rouadi,Al Hoceïma,Tanger-Tétouan-Al Hoceïma,35.160411,-4.171209,2440717
1078,Saadla,Safi,Marrakech-Safi,32.34182,-9.107334,2827830
1079,Sabaa Aiyoun,Meknès,Fès-Meknès,33.897751,-5.364651,2759251
1080,Sabbah,Skhirate-Témara,Rabat-Salé-Kénitra,33.804193,-7.025832,2498876
1081,Saddina,Tétouan,Tanger-Tétouan-Al Hoceïma,35.629856,-5.446373,2752874
1082,Safi,Safi,Marrakech-Safi,32.264918,-9.231236,2827820
1083,Sahel Chamali,Larache,Tanger-Tétouan-Al Hoceïma,35.385114,-6.045976,2806011
1084,Sahel Oulad H'riz,Nouaceur,Casablanca-Settat,33.348571,-7.839589,2866410
1085,Sahtryine,Tétouan,Tanger-Tétouan-Al Hoceïma,35.487333,-5.47623,2826523
1086,Saidate,Chichaoua,Marrakech-Safi,31.368411,-8.823483,2830945
1087,Saidia,Berkane,Oriental,35.090766,-2.267375,2442917
1088,Saka,Guercif,Oriental,34.547266,-3.251404,2754004
1089,Salé,Salé,Rabat-Salé-Kénitra,34.015832,-6.764609,2801066
1090,Saniat Berguig,Sidi Bennour,Casablanca-Settat,32.69118,-8.608288,2823072
1091,Saâda,Marrakech,Marrakech-Safi,31.618772,-8.132157,2824277
1092,Sbouya,Sidi Ifni,Guelmim-Oued Noun,29.172105,-10.27027,2885998
1093,Sebaâ Rouadi,Moulay Yacoub,Fès-Meknès,34.075766,-5.134518,2808803
1094,Sebt Aït Rahou,Khemisset,Rabat-Salé-Kénitra,33.293545,-6.273696,2826618
1095,Sebt Ennabour,Tiznit,Souss-Massa,29.420627,-9.58999,2888304
1096,Sebt Gzoula,Safi,Marrakech-Safi,32.122188,-9.086895,2827812
1097,Sebt Loudaya,Moulay Yacoub,Fès-Meknès,34.213594,-5.344677,2808806
1098,Sebt Saiss,Sidi Bennour,Casablanca-Settat,32.772048,-8.631949,2823067
1099,Sefrou,Sefrou,Fès-Meknès,33.826949,-4.828252,2808834
1100,Sefsaf,Sidi Slimane,Rabat-Salé-Kénitra,34.55316,-6.013944,2753067
1101,Selfat,Sidi Kacem,Rabat-Salé-Kénitra,34.236658,-5.485373,2813756
1102,Selouane,Nador,Oriental,35.046683,-2.963101,2457863
1103,Semguet,Béni Mellal,Béni Mellal-Khénifra,32.638746,-6.19096,2882882
1104,Senada,Al Hoceïma,Tanger-Tétouan-Al Hoceïma,35.085195,-4.205921,2444641
1105,Serghina,Boulemane,Fès-Meknès,33.305966,-4.482844,2817719
1106,Settat,Settat,Casablanca-Settat,32.99793,-7.627997,2879955
1107,Sfafaa,Sidi Slimane,Rabat-Salé-Kénitra,34.331245,-5.985516,2819609
1108,Sfassif,Khemisset,Rabat-Salé-Kénitra,33.922192,-5.836836,2808156
1109,Sgamna,Khouribga,Béni Mellal-Khénifra,32.731869,-7.187638,2880002
1110,Shoul,Salé,Rabat-Salé-Kénitra,33.915649,-6.618243,2498880
1111,Si Hsaien Ben Abderrahmane,El Jadida,Casablanca-Settat,33.099293,-8.159232,2806102
1112,Sid Zouine,Marrakech,Marrakech-Safi,31.64383,-8.372743,2824266
1113,Sidi Aayad,Midelt,Drâa-Tafilalet,32.312188,-4.631209,2827130
1114,Sidi Abdallah,Rehamna,Marrakech-Safi,32.596654,-7.825759,2881796
1115,Sidi Abdallah El Bouchouari,Chtouka-Aït Baha,Souss-Massa,29.898014,-9.32919,2832957
1116,Sidi Abdallah Ghiat,Marrakech,Marrakech-Safi,31.510925,-7.842415,3535311
1117,Sidi Abdallah Ou Belaid,Tiznit,Souss-Massa,29.296792,-9.602867,2888312
1118,Sidi Abdallah al Khayat,Moulay Yacoub,Fès-Meknès,34.03451,-5.374042,2813773
1119,Sidi Abdeljalil,Safi,Marrakech-Safi,31.818012,-9.322102,2821066
1120,Sidi Abdelkhaleq,Settat,Casablanca-Settat,33.082568,-8.022442,2822994
1121,Sidi Abdelkrim,Berrechid,Casablanca-Settat,33.177922,-7.260419,2822776
1122,Sidi Abdellah Ou Said,Taroudant,Souss-Massa,30.802867,-8.690043,2888993
1123,Sidi Abdelmoumen,Chichaoua,Marrakech-Safi,31.284171,-8.980426,2830891
1124,Sidi Abderrazak,Khemisset,Rabat-Salé-Kénitra,34.026496,-6.145978,3544644
1125,Sidi Abed,El Jadida,Casablanca-Settat,33.030205,-8.646935,2806124
1126,Sidi Ahmed Benaissa,Ouezzane,Tanger-Tétouan-Al Hoceïma,34.721086,-5.826581,2810023
1127,Sidi Ahmed Cherif,Ouezzane,Tanger-Tétouan-Al Hoceïma,34.560254,-5.297515,2753148
1128,Sidi Ahmed El Khadir,El Kelâa des Sraghna,Marrakech-Safi,32.501683,-7.371496,2879974
1129,Sidi Ahmed Essayeh,Essaouira,Marrakech-Safi,31.248944,-9.776418,2821165
1130,Sidi Ahmed Laaroussi,Es-Semara,Laâyoune-Sakia El Hamra,27.071952,-12.038646,3666522
1131,Sidi Ahmed Ou Abdellah,Taroudant,Souss-Massa,30.330297,-8.608092,3541026
1132,Sidi Ahmed Ou Amar,Taroudant,Souss-Massa,30.412172,-9.125868,2835876
1133,Sidi Ahmed Ou Moussa,Tiznit,Souss-Massa,29.511666,-9.499139,2888791
1134,Sidi Aissa,Safi,Marrakech-Safi,32.414571,-8.904113,2827831
1135,Sidi Aissa Ben Ali,Fquih Ben Salah,Béni Mellal-Khénifra,32.342807,-6.651421,2882563
1136,Sidi Aissa Ben Slimane,El Kelâa des Sraghna,Marrakech-Safi,31.948919,-7.186647,2881934
1137,Sidi Aissa Regragui,Essaouira,Marrakech-Safi,31.68205,-9.350044,2821097
1138,Sidi Al Kamel,Sidi Slimane,Rabat-Salé-Kénitra,34.553673,-6.20749,2812422
1139,Sidi Ali,Zagora,Drâa-Tafilalet,30.595176,-4.747542,2884744
1140,Sidi Ali Belkassem,Guercif,Oriental,33.990913,-3.0129,2759209
1141,Sidi Ali Ben Hamdouche,El Jadida,Casablanca-Settat,33.29765,-8.268751,3549781
1142,Sidi Ali El Korati,Essaouira,Marrakech-Safi,31.808872,-9.423565,2821065
1143,Sidi Ali Labrahla,Rehamna,Marrakech-Safi,32.193969,-8.003459,2881805
1144,Sidi Ali bourakba,Driouch,Oriental,34.823711,-3.716384,2754005
1145,Sidi Allal El Bahraoui,Kénitra,Rabat-Salé-Kénitra,34.002243,-6.52705,2804290
1146,Sidi Allal Lamsadder,Khemisset,Rabat-Salé-Kénitra,33.884436,-6.149813,2808168
1147,Sidi Allal Tazi,Kénitra,Rabat-Salé-Kénitra,34.570627,-6.264343,2753069
1148,Sidi Amar,Khénifra,Béni Mellal-Khénifra,32.918027,-5.80112,2826616
1149,Sidi Ameur Al Hadi,Ouezzane,Tanger-Tétouan-Al Hoceïma,34.79605,-5.837876,2810013
1150,Sidi Azzouz,Ouezzane,Tanger-Tétouan-Al Hoceïma,34.54028,-5.748943,2827070
1151,Sidi Badhaj,Al Haouz,Marrakech-Safi,31.337307,-8.212538,3534185
1152,Sidi Bennour,Sidi Bennour,Casablanca-Settat,32.654958,-8.429239,2823035
1153,Sidi Bettache,Benslimane,Casablanca-Settat,33.510658,-6.874409,2522572
1154,Sidi Bibi,Inezgane-Aït Melloul,Souss-Massa,30.226825,-9.539751,2832910
1155,Sidi Boaal,Tata,Souss-Massa,30.014998,-8.43848,2875721
1156,Sidi Borja,Taroudant,Souss-Massa,30.428813,-8.831561,2835924
1157,Sidi Bou Othmane,Marrakech,Marrakech-Safi,31.911094,-7.945219,2881813
1158,Sidi Bouabdelli,Tiznit,Souss-Massa,29.478075,-9.824923,2888240
1159,Sidi Boubker,Oujda-Angad,Oriental,34.471689,-1.739641,2528005
1160,Sidi Boubker,Marrakech,Marrakech-Safi,31.849965,-7.750406,2881838
1161,Sidi Boubker El Haj,Larache,Tanger-Tétouan-Al Hoceïma,34.922667,-6.050153,2753071
1162,Sidi Bouhria,Berkane,Oriental,34.694593,-2.318836,2502037
1163,Sidi Bouknadel,Salé,Rabat-Salé-Kénitra,34.119582,-6.739084,2498879
1164,Sidi Boulaalam,Essaouira,Marrakech-Safi,31.686683,-9.284949,2821095
1165,Sidi Boulenouar,Jerada,Oriental,34.51723,-2.113167,2528325
1166,Sidi Boulkhalf,Azilal,Béni Mellal-Khénifra,31.68599,-6.844411,2887326
1167,Sidi Boumehdi,Settat,Casablanca-Settat,32.691879,-7.336267,2880000
1168,Sidi Boumoussa,Inezgane-Aït Melloul,Souss-Massa,30.382637,-9.248591,2835873
1169,Sidi Bousber,Ouezzane,Tanger-Tétouan-Al Hoceïma,34.570745,-5.381842,2753149
1170,Sidi Boushab,Chtouka-Aït Baha,Souss-Massa,30.085842,-9.306225,2832961
1171,Sidi Boutayeb,Boulemane,Fès-Meknès,33.05353,-4.007547,2817784
1172,Sidi Boutmim,Al Hoceïma,Tanger-Tétouan-Al Hoceïma,34.928518,-4.266844,2470157
1173,Sidi Bouzid Arragragui,Chichaoua,Marrakech-Safi,31.487543,-8.77941,2830960
1174,Sidi Bouzineb,Al Hoceïma,Tanger-Tétouan-Al Hoceïma,34.818817,-4.096258,2507405
1175,Sidi Chiker,Chichaoua,Marrakech-Safi,31.823208,-8.596504,2827860
1176,Sidi Dahmane,Taroudant,Souss-Massa,30.511124,-8.78606,2889046
1177,Sidi Daoud,Moulay Yacoub,Fès-Meknès,34.260305,-5.167475,2813736
1178,Sidi Eddahbi,Khouribga,Béni Mellal-Khénifra,33.059482,-7.17109,2822793
1179,Sidi El Abed,Moulay Yacoub,Fès-Meknès,34.316888,-5.026892,2755085
1180,Sidi El Ghandour,Khemisset,Rabat-Salé-Kénitra,33.867146,-6.005059,2808191
1181,Sidi El Hattab,El Kelâa des Sraghna,Marrakech-Safi,32.345323,-7.322195,2881963
1182,Sidi El Jazouli,Essaouira,Marrakech-Safi,31.341729,-9.530296,2820938
1183,Sidi El Makhfi,Ifrane,Fès-Meknès,33.257683,-5.336801,2819479
1184,Sidi El Mekki,Berrechid,Casablanca-Settat,33.237112,-7.656057,2821549
1185,Sidi El Mokhfi,Taounate,Fès-Meknès,34.655265,-4.797193,2754996
1186,Sidi El Mokhtar,Chichaoua,Marrakech-Safi,31.597229,-9.037853,2821115
1187,Sidi Ettiji,Safi,Marrakech-Safi,32.147946,-8.904818,2827852
1188,Sidi Ghanem,Chichaoua,Marrakech-Safi,31.13282,-8.784813,2830923
1189,Sidi Ghanem,Rehamna,Marrakech-Safi,32.692521,-7.974056,2881797
1190,Sidi Ghaneme,Essaouira,Marrakech-Safi,31.2864,-9.468062,2820937
1191,Sidi H'Mad Ou Hamed,Essaouira,Marrakech-Safi,31.345893,-9.679169,2820944
1192,Sidi H'Saine Ou Ali,Tiznit,Souss-Massa,29.357457,-9.73556,2888349
1193,Sidi Haj M’hamed,Taounate,Fès-Meknès,34.760934,-4.988846,3658360
1194,Sidi Hajjaj,Settat,Casablanca-Settat,32.919997,-7.32787,2880012
1195,Sidi Hajjaj Oued Hassar,Casablanca,Casablanca-Settat,33.51597,-7.429037,2522568
1196,Sidi Hammadi,Béni Mellal,Béni Mellal-Khénifra,32.270029,-6.579465,2882580
1197,Sidi Hcine,Khénifra,Béni Mellal-Khénifra,33.037125,-6.035967,2826622
1198,Sidi Hmad Ou M'Barek,Agadir-Ida Ou Tanane,Souss-Massa,30.844898,-9.698078,2820880
1199,Sidi Hrazem,Fès,Fès-Meknès,34.007349,-4.87235,2799593
1200,Sidi Hsaine,Tata,Souss-Massa,30.458504,-7.739183,2888828
1201,Sidi Ifni,Sidi Ifni,Guelmim-Oued Noun,29.377452,-10.166943,2886004
1202,Sidi Ishaq,Essaouira,Marrakech-Safi,31.860818,-9.454915,2821064
1203,Sidi Jaber,Béni Mellal,Béni Mellal-Khénifra,32.34617,-6.452515,2882577
1204,Sidi Kacem,Sidi Kacem,Rabat-Salé-Kénitra,34.222276,-5.715238,2813778
1205,Sidi Kaouki,Essaouira,Marrakech-Safi,31.387901,-9.729321,2820946
1206,Sidi Laaroussi,Chichaoua,Marrakech-Safi,31.814723,-9.150734,2821069
1207,Sidi Lahsen,Taourirt,Oriental,34.03571,-2.665684,2814418
1208,Sidi Lamine,Khénifra,Béni Mellal-Khénifra,32.874583,-5.976647,2826615
1209,Sidi Lyamani,Larache,Tanger-Tétouan-Al Hoceïma,35.372459,-5.968151,3544663
1210,Sidi M'Bark,Sidi Ifni,Guelmim-Oued Noun,29.289319,-9.836944,2886016
1211,Sidi M'Hamed Akhdim,Sidi Bennour,Casablanca-Settat,32.802487,-8.758063,2823053
1212,Sidi M'Hamed Ben Lahcen,Taounate,Fès-Meknès,34.226753,-4.640286,2805310
1213,Sidi M'Hamed Chelh,Sidi Slimane,Rabat-Salé-Kénitra,34.476121,-5.7804,2827068
1214,Sidi M'Hamed Dalil,Chichaoua,Marrakech-Safi,31.39783,-8.685886,2830948
1215,Sidi M'Hamed Ou Marzouq,Chichaoua,Marrakech-Safi,31.734565,-9.054447,2821104
1216,Sidi Mansour,Rehamna,Marrakech-Safi,32.450701,-8.090066,2881793
1217,Sidi Mohamed Ben Mansour,Kénitra,Rabat-Salé-Kénitra,34.687723,-6.298387,5962436
1218,Sidi Mohamed Lahmar,Larache,Tanger-Tétouan-Al Hoceïma,34.745421,-6.213862,2753079
1219,Sidi Mohammed Ben Rahal,Settat,Casablanca-Settat,32.736764,-7.774632,2879964
1220,Sidi Moussa,El Kelâa des Sraghna,Marrakech-Safi,32.253439,-7.175033,2881965
1221,Sidi Moussa Ben Ali,Mohammedia,Casablanca-Settat,33.552561,-7.363666,2522566
1222,Sidi Moussa El Majdoub,Mohammedia,Casablanca-Settat,33.628893,-7.363095,2522575
1223,Sidi Moussa Lamhaya,Oujda-Angad,Oriental,34.584262,-2.120541,2528324
1224,Sidi Moussa Lhamri,Taroudant,Souss-Massa,30.503004,-9.1646,2835862
1225,Sidi Mzal,Chtouka-Aït Baha,Souss-Massa,29.863001,-8.893249,2875702
1226,Sidi Ouaaziz,Taroudant,Souss-Massa,30.766902,-8.315352,2890501
1227,Sidi Ouassay,Inezgane-Aït Melloul,Souss-Massa,30.05443,-9.652938,2832946
1228,Sidi Rahal Chatai,Nouaceur,Casablanca-Settat,33.439753,-7.956969,2806134
1229,Sidi Rahhal,El Kelâa des Sraghna,Marrakech-Safi,31.65401,-7.476841,2881877
1230,Sidi Redouane,Ouezzane,Tanger-Tétouan-Al Hoceïma,34.673819,-5.456384,2810039
1231,Sidi Slimane,Sidi Slimane,Rabat-Salé-Kénitra,34.263955,-5.922292,15791088
1232,Sidi Slimane Echcharaa,Berkane,Oriental,34.909538,-2.353979,2457839
1233,Sidi Slimane Moul Al Kifane,Meknès,Fès-Meknès,33.841024,-5.446842,2808055
1234,Sidi Smaïl,Sidi Bennour,Casablanca-Settat,32.883055,-8.540314,2823019
1235,Sidi Taibi,Kénitra,Rabat-Salé-Kénitra,34.183393,-6.651441,2804282
1236,Sidi Yacoub,El Kelâa des Sraghna,Marrakech-Safi,31.632364,-7.122668,2887283
1237,Sidi Yahya Bni Zeroual,Taounate,Fès-Meknès,34.678081,-4.985905,2753145
1238,Sidi Yahya Ou Saad,Khénifra,Béni Mellal-Khénifra,32.6036,-5.600195,2882836
1239,Sidi Yahya Ou Youssef,Khénifra,Béni Mellal-Khénifra,32.440868,-5.422502,2826606
1240,Sidi Yahya Zaer,Skhirate-Témara,Rabat-Salé-Kénitra,33.704262,-6.883452,2498869
1241,Sidi Yahya du Gharb,Kénitra,Rabat-Salé-Kénitra,34.307692,-6.293584,2804276
1242,Sidi Youssef Ben Ahmed,Sefrou,Fès-Meknès,33.845278,-4.781003,2808835
1243,Sidi el Aïdi,Settat,Casablanca-Settat,33.091148,-7.653754,2822739
1244,Siroua,Ouarzazate,Drâa-Tafilalet,30.722151,-7.346148,2887671
1245,Skhirate,Skhirate-Témara,Rabat-Salé-Kénitra,33.846949,-7.056549,2498873
1246,Skhour Rhamna,Rehamna,Marrakech-Safi,32.469962,-7.978823,2881795
1247,Skoura Ahl El Oust,Ouarzazate,Drâa-Tafilalet,31.049956,-6.491986,2887625
1248,Skoura Lhadra,Rehamna,Marrakech-Safi,32.47048,-7.759424,2881870
1249,Skoura M'Daz,Boulemane,Fès-Meknès,33.543275,-4.559825,2817780
1250,Smara,Es-Semara,Laâyoune-Sakia El Hamra,26.741145,-11.679297,3666523
1251,Smimou,Essaouira,Marrakech-Safi,31.226091,-9.696464,2820908
1252,Smià,Taza,Fès-Meknès,34.00572,-4.290634,2810072
1253,Souaken,Larache,Tanger-Tétouan-Al Hoceïma,35.117775,-5.941457,2563442
1254,Soualem Trifiya,Nouaceur,Casablanca-Settat,33.454557,-7.864684,5183525
1255,Souihla,Marrakech,Marrakech-Safi,31.613561,-8.200995,2824274
1256,Souk El Arba Du Gharb,Sidi Slimane,Rabat-Salé-Kénitra,34.675544,-5.996815,2753078
1257,Souk Kdim,Fahs-Anjra,Tanger-Tétouan-Al Hoceïma,35.60621,-5.524095,2752875
1258,Souk L'Qolla,Ouezzane,Tanger-Tétouan-Al Hoceïma,35.113055,-5.599554,2806008
1259,Souk Lakhmis Dades,Tinghir,Drâa-Tafilalet,31.24088,-5.995247,2887518
1260,Souk Sebt Oulad Nemma,Fquih Ben Salah,Béni Mellal-Khénifra,32.292773,-6.706521,2882559
1261,Souk Tlet El Gharb,Sidi Slimane,Rabat-Salé-Kénitra,34.653892,-6.166531,2753068
1262,Souk Tolba,Larache,Tanger-Tétouan-Al Hoceïma,35.075285,-5.85938,2563447
1263,Sour El Aaz,El Kelâa des Sraghna,Marrakech-Safi,31.849559,-7.050194,2881890
1264,Stehat,Chefchaouen,Tanger-Tétouan-Al Hoceïma,35.297278,-5.015607,2533868
1265,Sti Fadma,Al Haouz,Marrakech-Safi,31.236798,-7.710216,3535438
1266,Tabant,Azilal,Béni Mellal-Khénifra,31.661352,-6.328153,2887314
1267,Tabaroucht,Béni Mellal,Béni Mellal-Khénifra,32.133727,-6.196944,2887227
1268,Tabia,Chtouka-Aït Baha,Souss-Massa,29.994335,-8.887293,2875690
1269,Tabia,Azilal,Béni Mellal-Khénifra,31.994948,-6.842146,2887248
1270,Tabouda,Chefchaouen,Tanger-Tétouan-Al Hoceïma,34.743575,-5.102083,2753144
1271,Tachraft,Fquih Ben Salah,Béni Mellal-Khénifra,32.772603,-6.44073,2879724
1272,Taddart,Taza,Fès-Meknès,34.19634,-3.691311,2816175
1273,Tadighoust,Errachidia,Drâa-Tafilalet,31.897371,-4.844202,2827212
1274,Tadrart,Agadir-Ida Ou Tanane,Souss-Massa,30.791831,-9.459152,2814089
1275,Tafajight,Boulemane,Fès-Meknès,33.588107,-4.338749,2816264
1276,Tafedna,Essaouira,Marrakech-Safi,31.091773,-9.759552,2820902
1277,Tafersit,Driouch,Oriental,35.020579,-3.56799,2425003
1278,Tafetachte,Essaouira,Marrakech-Safi,31.623513,-9.277297,2821109
1279,Tafingoult,Taroudant,Souss-Massa,30.775116,-8.411566,2890482
1280,Tafoughalt,Berkane,Oriental,34.795272,-2.354425,2502040
1281,Tafrant,Taounate,Fès-Meknès,34.656189,-5.097691,2753143
1282,Tafraout,Chtouka-Aït Baha,Souss-Massa,29.698702,-8.995066,2888732
1283,Tafraout El Mouloud,Chtouka-Aït Baha,Souss-Massa,29.664899,-9.227787,2888731
1284,Tafraouten,Taroudant,Souss-Massa,30.718791,-8.897895,2882915
1285,Taftechna,Zagora,Drâa-Tafilalet,30.644649,-5.838653,2884959
1286,Tagant,Guelmim,Guelmim-Oued Noun,29.161841,-9.734335,2885858
1287,Taghazout,Agadir-Ida Ou Tanane,Souss-Massa,30.584448,-9.675099,2758264
1288,Taghbalte,Zagora,Drâa-Tafilalet,30.568546,-5.404284,2884903
1289,Taghjijt,Assa-Zag,Guelmim-Oued Noun,28.908404,-9.373595,2885848
1290,Taghramt,Fahs-Anjra,Tanger-Tétouan-Al Hoceïma,35.807924,-5.447794,2752876
1291,Taghzirt,Béni Mellal,Béni Mellal-Khénifra,32.416711,-6.15478,2882614
1292,Taghzout,Taounate,Fès-Meknès,34.765921,-4.545352,2507409
1293,Taghzoute N'Ait Atta,Tinghir,Drâa-Tafilalet,31.463362,-5.35834,2887602
1294,Tagleft,Béni Mellal,Béni Mellal-Khénifra,32.228483,-6.108698,2887161
1295,Tagmout,Tata,Souss-Massa,29.897089,-8.223043,2885788
1296,Tagounite,Zagora,Drâa-Tafilalet,29.950029,-5.876038,2884929
1297,Tah,Tarfaya,Laâyoune-Sakia El Hamra,27.848425,-12.662519,3409846
1298,Tahannaout,Al Haouz,Marrakech-Safi,31.356673,-7.942822,3534181
1299,Tahelouante,Essaouira,Marrakech-Safi,31.17823,-9.325336,2820935
1300,Tahla,Taza,Fès-Meknès,34.05041,-4.428476,2810069
1301,Taifa,Taza,Fès-Meknès,34.358385,-4.071785,3551375
1302,Takate,Essaouira,Marrakech-Safi,31.675961,-9.474127,2821059
1303,Takoucht,Essaouira,Marrakech-Safi,31.220523,-9.450776,2820912
1304,Talambote,Chefchaouen,Tanger-Tétouan-Al Hoceïma,35.167886,-5.160342,2563401
1305,Talat N'Yaaqoub,Al Haouz,Marrakech-Safi,30.963651,-8.27498,3535489
1306,Talgjount,Taroudant,Souss-Massa,30.764067,-8.593269,2889025
1307,Talilit,Driouch,Oriental,35.136101,-3.566149,2428512
1308,Taliouine,Tata,Souss-Massa,30.530626,-7.923585,2888831
1309,Taliouine Assaka,Guelmim,Guelmim-Oued Noun,29.033372,-10.207414,2885945
1310,Talmakante,Taroudant,Souss-Massa,30.836392,-8.932116,2882922
1311,Talmest,Safi,Marrakech-Safi,31.818464,-9.343786,2821067
1312,Talsint,Errachidia,Drâa-Tafilalet,32.647527,-3.488274,2527824
1313,Talzemt,Boulemane,Fès-Meknès,33.549967,-4.189715,2817704
1314,Tamaguert,Marrakech,Marrakech-Safi,31.540111,-7.54718,3535361
1315,Tamallalt,El Kelâa des Sraghna,Marrakech-Safi,31.824767,-7.527241,2881876
1316,Tamaloukte,Taroudant,Souss-Massa,30.615922,-8.793456,2882901
1317,Tamanar,Essaouira,Marrakech-Safi,31.004175,-9.669418,2820900
1318,Tamanarte,Assa-Zag,Guelmim-Oued Noun,29.159755,-8.989981,2885846
1319,Tamazouzte,Marrakech,Marrakech-Safi,31.494499,-7.790419,3535308
1320,Tamchachate,El Hajeb,Fès-Meknès,33.509425,-5.64888,2819572
1321,Tamda,Rehamna,Marrakech-Safi,32.438916,-8.340616,2823075
1322,Tamda Noumercid,Azilal,Béni Mellal-Khénifra,31.942017,-6.617483,2887342
1323,Tamedit,Taounate,Fès-Meknès,34.707412,-4.210542,2754010
1324,Tamegroute,Zagora,Drâa-Tafilalet,30.249907,-5.777527,2884980
1325,Tameslouht,Al Haouz,Marrakech-Safi,31.452873,-8.060266,3534179
1326,Tamezmoute,Zagora,Drâa-Tafilalet,30.807317,-6.11419,2884956
1327,Tamorot,Taounate,Fès-Meknès,34.902692,-4.803241,2563402
1328,Tamri,Agadir-Ida Ou Tanane,Souss-Massa,30.693841,-9.751379,2758265
1329,Tamsaout,Taounate,Fès-Meknès,34.826463,-4.747764,2516839
1330,Tan-Tan,Tan-Tan,Guelmim-Oued Noun,28.434572,-11.099737,2890951
1331,Tanalt,Chtouka-Aït Baha,Souss-Massa,29.765596,-9.116504,2833006
1332,Tanant,Azilal,Béni Mellal-Khénifra,31.907704,-6.92642,2887256
1333,Tanaqoub,Chefchaouen,Tanger-Tétouan-Al Hoceïma,35.147949,-5.475079,2563392
1334,Tancherfi,Jerada,Oriental,34.382899,-2.489645,2759202
1335,Tangarfa,Sidi Ifni,Guelmim-Oued Noun,29.25855,-9.937478,2886009
1336,Tanger,Tanger-Assilah,Tanger-Tétouan-Al Hoceïma,35.76278,-5.830976,2758781
1337,Tanougha,Béni Mellal,Béni Mellal-Khénifra,32.441448,-6.089537,2882618
1338,Tanourdi,Midelt,Drâa-Tafilalet,32.818663,-5.149235,2826592
1339,Tansifte,Ouarzazate,Drâa-Tafilalet,30.64557,-6.639782,2884932
1340,Taoughilt,Sidi Kacem,Rabat-Salé-Kénitra,34.413981,-5.511689,2813804
1341,Taouloukoult,Chichaoua,Marrakech-Safi,31.214746,-9.090316,2820958
1342,Taounate,Taounate,Fès-Meknès,34.531171,-4.656147,2753140
1343,Taounza,Azilal,Béni Mellal-Khénifra,32.082389,-6.624243,2887215
1344,Taourirt,Taourirt,Oriental,34.403408,-2.898734,2432236
1345,Taouyalte,Al Haouz,Marrakech-Safi,30.822202,-7.758,2888819
1346,Taouz,Errachidia,Drâa-Tafilalet,30.862835,-4.019383,2884750
1347,Taouzint,El Kelâa des Sraghna,Marrakech-Safi,32.080901,-7.289618,2881954
1348,Tarfaya,Tarfaya,Laâyoune-Sakia El Hamra,27.912992,-12.93168,3409847
1349,Targa Wassay,Guelmim,Guelmim-Oued Noun,29.063204,-10.269416,2885944
1350,Targante,Essaouira,Marrakech-Safi,31.030182,-9.667702,2820901
1351,Targua Ntouchka,Chtouka-Aït Baha,Souss-Massa,29.905691,-9.184201,2832986
1352,Targuist,Al Hoceïma,Tanger-Tétouan-Al Hoceïma,34.940619,-4.329536,2470156
1353,Tarmigt,Ouarzazate,Drâa-Tafilalet,30.854125,-6.907093,2887649
1354,Taroudant,Taroudant,Souss-Massa,30.496109,-8.88131,2835912
1355,Tarsouat,Chtouka-Aït Baha,Souss-Massa,29.54114,-9.013874,2888735
1356,Tasoultante,Marrakech,Marrakech-Safi,31.544883,-7.99732,2824278
1357,Tassegdelt,Chtouka-Aït Baha,Souss-Massa,30.148306,-9.095728,2832998
1358,Tassift,Chefchaouen,Tanger-Tétouan-Al Hoceïma,35.3054,-5.126689,2563400
1359,Tassousfi,Tata,Souss-Massa,30.449008,-7.90022,2888830
1360,Tassrirt,Chtouka-Aït Baha,Souss-Massa,29.639157,-8.861303,2888734
1361,Tata,Tata,Souss-Massa,29.754568,-7.972211,2885790
1362,Tataoute,Taroudant,Souss-Massa,30.25984,-8.671307,2889092
1363,Tatoft,Ouezzane,Tanger-Tétouan-Al Hoceïma,34.983651,-5.733345,2563445
1364,Taza,Taza,Fès-Meknès,34.219097,-4.00591,2758251
1365,Tazaghine,Driouch,Oriental,35.178934,-3.464657,2428504
1366,Tazarine,Taza,Fès-Meknès,33.912381,-4.154851,2816185
1367,Tazart,El Kelâa des Sraghna,Marrakech-Safi,31.570939,-7.407146,3535341
1368,Tazemmourt,Taroudant,Souss-Massa,30.326159,-8.834603,2835931
1369,Taznakht,Ouarzazate,Drâa-Tafilalet,30.568624,-7.193642,2887654
1370,Tazouta,Sefrou,Fès-Meknès,33.671283,-4.61061,2808838
1371,Tazroute,Chefchaouen,Tanger-Tétouan-Al Hoceïma,35.307864,-5.531588,2806009
1372,Tazzarine,Zagora,Drâa-Tafilalet,30.805836,-5.542385,2884900
1373,Taïnaste,Taza,Fès-Meknès,34.581901,-4.146396,2758255
1374,Tekna,Sidi Kacem,Rabat-Salé-Kénitra,34.347718,-5.561318,2813796
1375,Temsamane,Driouch,Oriental,35.104942,-3.62746,2427903
1376,Temsia,Inezgane-Aït Melloul,Souss-Massa,30.350334,-9.403429,2758289
1377,Tendrara,Jerada,Oriental,33.205291,-1.86623,2527822
1378,Ternata,Zagora,Drâa-Tafilalet,30.286686,-5.976174,2884984
1379,Teroual,Ouezzane,Tanger-Tétouan-Al Hoceïma,34.686567,-5.23888,2810051
1380,Thar Es-Souk,Taounate,Fès-Meknès,34.646219,-4.288055,2754003
1381,Tichla,Aousserd,Dakhla-Oued Ed-Dahab,21.814214,-15.108716,5199611
1382,Tiddas,Khemisset,Rabat-Salé-Kénitra,33.567718,-6.272318,2808295
1383,Tidili Fetouaka,El Kelâa des Sraghna,Marrakech-Safi,31.710618,-7.159594,2887281
1384,Tidili Mesfioua,Al Haouz,Marrakech-Safi,31.472554,-7.61832,3535337
1385,Tidli,Al Haouz,Marrakech-Safi,31.062099,-7.54794,2887634
1386,Tidsi Nissendalene,Chtouka-Aït Baha,Souss-Massa,30.181797,-8.973782,2835896
1387,Tidzi,Essaouira,Marrakech-Safi,31.268644,-9.671272,2820942
1388,Tifariti,Es-Semara,Laâyoune-Sakia El Hamra,26.456559,-9.789599,6054811
1389,Tifarouine,Al Hoceïma,Tanger-Tétouan-Al Hoceïma,35.025339,-3.90555,2440969
1390,Tiffert N'Ait Hamza,Béni Mellal,Béni Mellal-Khénifra,32.285862,-5.943142,2887159
1391,Tiflet,Khemisset,Rabat-Salé-Kénitra,33.896174,-6.323189,2808198
1392,Tifni,Azilal,Béni Mellal-Khénifra,31.641517,-6.951209,2887290
1393,Tighassaline,Khénifra,Béni Mellal-Khénifra,32.669635,-5.56719,2826607
1394,Tighedouine,Al Haouz,Marrakech-Safi,31.375655,-7.541072,3535366
1395,Tighirt,Tiznit,Souss-Massa,29.38335,-9.459488,2888798
1396,Tighmi,Tiznit,Souss-Massa,29.629021,-9.447428,2888704
1397,Tiglit,Guelmim,Guelmim-Oued Noun,28.567989,-10.263966,2885916
1398,Tigouga,Taroudant,Souss-Massa,30.837872,-8.611049,2889012
1399,Tigrigra,El Hajeb,Fès-Meknès,33.470751,-5.364355,2819461
1400,Tigzmerte,Tata,Souss-Massa,29.73731,-8.07572,2885789
1401,Tilemzoun,Tan-Tan,Guelmim-Oued Noun,28.323096,-10.77555,2890952
1402,Tilmi,Tinghir,Drâa-Tafilalet,31.851975,-5.712077,2887481
1403,Tilougguite,Béni Mellal,Béni Mellal-Khénifra,32.010758,-6.137002,2887226
1404,Timezgadiouine,Taroudant,Souss-Massa,30.908405,-8.997294,2830852
1405,Timezgana,Taounate,Fès-Meknès,34.648517,-4.726142,3549837
1406,Timhadit,Guigou,Fès-Meknès,33.250886,-5.001194,2819485
1407,Timizguida-Ouftas,Essaouira,Marrakech-Safi,30.998999,-9.768756,2820878
1408,Timlilt,Taroudant,Souss-Massa,31.007372,-9.11224,2830853
1409,Timoulay,Guelmim,Guelmim-Oued Noun,29.088695,-9.63386,2885856
1410,Timoulilt,Béni Mellal,Béni Mellal-Khénifra,32.206797,-6.469459,2887175
1411,Tindine,Taroudant,Souss-Massa,30.087713,-8.693839,2889086
1412,Tinejdad,Tinghir,Drâa-Tafilalet,31.507362,-5.033581,2884853
1413,Tinghir,Tinghir,Drâa-Tafilalet,31.517613,-5.529454,2887568
1414,Tinzart,Taroudant,Souss-Massa,30.630837,-8.380809,2890506
1415,Tinzouline,Zagora,Drâa-Tafilalet,30.376017,-6.192977,2884977
1416,Tioughza,Sidi Ifni,Guelmim-Oued Noun,29.453073,-10.004695,2888225
1417,Tiouli,Jerada,Oriental,34.337312,-1.870108,2528004
1418,Tiout,Taroudant,Souss-Massa,30.410869,-8.673023,2889051
1419,Tiqqi,Agadir-Ida Ou Tanane,Souss-Massa,30.77577,-9.349788,2814084
1420,Tisfane,Taroudant,Souss-Massa,30.19288,-8.569528,2889090
1421,Tisqi,Azilal,Béni Mellal-Khénifra,32.09731,-6.81338,2887239
1422,Tisrasse,Al Haouz,Marrakech-Safi,30.739746,-8.092334,2890516
1423,Tissa,Taounate,Fès-Meknès,34.292785,-4.669185,2755012
1424,Tissaf,Guercif,Oriental,33.333067,-3.32749,2817795
1425,Tissint,Tata,Souss-Massa,29.678036,-7.357258,2885776
1426,Tit Mellil,Casablanca,Casablanca-Settat,33.547017,-7.48507,2523590
1427,Tizaghte,Tata,Souss-Massa,29.601561,-8.506248,2885792
1428,Tizgane,Chefchaouen,Tanger-Tétouan-Al Hoceïma,35.373233,-5.041096,2533867
1429,Tizguine,Al Haouz,Marrakech-Safi,31.261982,-8.320743,3534188
1430,Tizguite,Ifrane,Fès-Meknès,33.660754,-5.148122,2819512
1431,Tizgzaouine,Tata,Souss-Massa,30.387796,-8.067847,2888939
1432,Tizi N'Ghachou,Khénifra,Béni Mellal-Khénifra,32.791961,-5.262708,2826594
1433,Tizi N'Test,Taroudant,Souss-Massa,30.831979,-8.415314,2890481
1434,Tizi N'isly,Khénifra,Béni Mellal-Khénifra,32.483486,-5.784946,2882831
1435,Tizi Ntakoucht,Chtouka-Aït Baha,Souss-Massa,29.960802,-9.075955,2833007
1436,Tizi Ouzli,Driouch,Oriental,34.747217,-3.755247,2753999
1437,Tiznit,Tiznit,Souss-Massa,29.694641,-9.711314,2888247
1438,Tizoughrane,Chtouka-Aït Baha,Souss-Massa,29.589075,-9.192296,2888728
1439,Tizounine,Tata,Souss-Massa,29.090832,-8.269478,2885803
1440,Tiztoutine,Driouch,Oriental,34.962461,-3.166824,2444879
1441,Tlauh,El Kelâa des Sraghna,Marrakech-Safi,31.804411,-7.611122,2881841
1442,Tleta Azlef,Driouch,Oriental,34.904502,-3.63721,2425001
1443,Tlite,Ouarzazate,Drâa-Tafilalet,30.170091,-7.096678,2885773
1444,Tnine Aday,Chtouka-Aït Baha,Souss-Massa,29.709006,-9.230148,2888705
1445,Tnine Aglou,Tiznit,Souss-Massa,29.758161,-9.815208,2888244
1446,Tnine Amellou,Sidi Ifni,Guelmim-Oued Noun,29.293697,-10.056633,2886001
1447,Toualet,Settat,Casablanca-Settat,32.757735,-7.658203,2879995
1448,Touama,Marrakech,Marrakech-Safi,31.547001,-7.493374,3535339
1449,Touarga,Rabat,Rabat-Salé-Kénitra,34.006105,-6.834421,2799195
1450,Toubkal,Al Haouz,Marrakech-Safi,31.013804,-7.815393,2888816
1451,Toudgha El Oulia,Tinghir,Drâa-Tafilalet,31.575392,-5.553993,2887567
1452,Toudgha Essoufla,Tinghir,Drâa-Tafilalet,31.461913,-5.485638,2887581
1453,Toufelaazt,Chtouka-Aït Baha,Souss-Massa,30.051393,-8.818912,2875683
1454,Toughmart,Taroudant,Souss-Massa,30.417181,-8.407248,2888929
1455,Touissit,Oujda-Angad,Oriental,34.477764,-1.765645,2528006
1456,Touizgui,Assa-Zag,Guelmim-Oued Noun,28.546916,-9.147151,2891016
1457,Toulal,Meknès,Fès-Meknès,33.893818,-5.606957,2561217
1458,Toumliline,Chtouka-Aït Baha,Souss-Massa,29.949513,-8.752979,2875704
1459,Toundoute,Ouarzazate,Drâa-Tafilalet,31.321817,-6.50693,2887620
1460,Tounfit,Midelt,Drâa-Tafilalet,32.477539,-5.13702,2826603
1461,Traiba,Taza,Fès-Meknès,34.409008,-4.004091,3551406
1462,Trougout,Al Hoceïma,Tanger-Tétouan-Al Hoceïma,35.185584,-3.768551,2428501
1463,Tsaft,Al Hoceïma,Tanger-Tétouan-Al Hoceïma,34.95844,-3.76001,2425000
1464,Télouet,Ouarzazate,Drâa-Tafilalet,31.287027,-7.177579,2887630
1465,Témara,Skhirate-Témara,Rabat-Salé-Kénitra,33.907516,-6.900994,2498868
1466,Tétouan,Tétouan,Tanger-Tétouan-Al Hoceïma,35.575885,-5.345734,2464649
1467,Youssoufia,Youssoufia,Marrakech-Safi,32.251629,-8.532816,2827881
1468,Zaaroura,Larache,Tanger-Tétouan-Al Hoceïma,35.228267,-5.738012,2806007
1469,Zag,Assa-Zag,Guelmim-Oued Noun,28.151409,-9.046057,2891021
1470,Zaggota,Sidi Kacem,Rabat-Salé-Kénitra,34.182375,-5.565047,2813777
1471,Zagmouzen,Al Haouz,Marrakech-Safi,30.610661,-7.821127,2888845
1472,Zagora,Zagora,Drâa-Tafilalet,30.351377,-5.842843,2884979
1473,Zaouia Annahlia,Chichaoua,Marrakech-Safi,31.220635,-8.648453,2830943
1474,Zaouia Sidi Tahar,Taroudant,Souss-Massa,30.505024,-9.091936,2882899
1475,Zaouiat Ahansal,Azilal,Béni Mellal-Khénifra,31.846968,-6.069479,2887231
1476,Zaouiat Ben Hmida,Essaouira,Marrakech-Safi,31.733624,-9.364664,2821100
1477,Zaouiat Cheikh,Khénifra,Béni Mellal-Khénifra,32.641093,-5.920407,2882844
1478,Zaouiat Lakouacem,Sidi Bennour,Casablanca-Settat,32.912464,-8.316609,2822973
1479,Zaouiat Saiss,Sidi Bennour,Casablanca-Settat,32.845719,-8.636333,2823029
1480,Zaouiat Sidi Ben Hamdoun,Settat,Casablanca-Settat,33.095921,-7.849003,2866431
1481,Zaouiat Sidi Hamza,Midelt,Drâa-Tafilalet,32.442134,-4.747894,2827131
1482,Zaouiat Sidi Kacem,Tétouan,Tanger-Tétouan-Al Hoceïma,35.475108,-5.220245,2480067
1483,Zarkat,Taounate,Fès-Meknès,34.898772,-4.32709,2470158
1484,Zaïda,Midelt,Drâa-Tafilalet,32.801918,-4.876291,2826588
1485,Zaïo,Nador,Oriental,34.939495,-2.735821,2443012
1486,Zaïtoune,Tétouan,Tanger-Tétouan-Al Hoceïma,35.504272,-5.350192,2480068
1487,Zeghanghane,Nador,Oriental,35.153572,-3.005683,2443013
1488,Zegzel,Berkane,Oriental,34.91616,-2.34871,2457838
1489,Zemamra,Sidi Bennour,Casablanca-Settat,32.616758,-8.699781,2823082
1490,Zemrane,El Kelâa des Sraghna,Marrakech-Safi,31.705027,-7.514554,2881878
1491,Zemrane Charqia,El Kelâa des Sraghna,Marrakech-Safi,31.762141,-7.402251,2881879
1492,Zerkten,Al Haouz,Marrakech-Safi,31.399581,-7.353173,3535352
1493,Zghira,Ouezzane,Tanger-Tétouan-Al Hoceïma,34.652123,-5.221292,2810053
1494,Ziaida,Benslimane,Casablanca-Settat,33.489478,-7.054129,2522583
1495,Zinat,Tétouan,Tanger-Tétouan-Al Hoceïma,35.426827,-5.391631,2480070
1496,Zirara,Sidi Kacem,Rabat-Salé-Kénitra,34.218954,-5.751009,2813780
1497,Znada,El Kelâa des Sraghna,Marrakech-Safi,32.046551,-7.378051,2881949
1498,Zouada,Larache,Tanger-Tétouan-Al Hoceïma,35.046945,-6.021979,2754181
1499,Zouaiat sidi Abdelkader,Al Hoceïma,Tanger-Tétouan-Al Hoceïma,34.923623,-4.124427,2470159
1500,Zoug,Aousserd,Dakhla-Oued Ed-Dahab,21.777419,-13.8626,6054231
1501,Zoumi,Ouezzane,Tanger-Tétouan-Al Hoceïma,34.791036,-5.361766,2563388
1502,Zrarda,Taza,Fès-Meknès,33.928597,-4.353851,2810074
1503,Zrizer,Taounate,Fès-Meknès,34.595445,-4.635476,2754984
